sample_index,magnitude_squared_0,magnitude_squared_1,magnitude_squared_2,magnitude_fourth_0,magnitude_fourth_1,magnitude_fourth_2,basis_i_0,basis_i_1,basis_i_2,basis_i_3,basis_i_4,basis_i_5,basis_i_6,basis_i_7,basis_i_8,basis_q_0,basis_q_1,basis_q_2,basis_q_3,basis_q_4,basis_q_5,basis_q_6,basis_q_7,basis_q_8,term_i_0,term_i_1,term_i_2,term_i_3,term_i_4,term_i_5,term_i_6,term_i_7,term_i_8,term_q_0,term_q_1,term_q_2,term_q_3,term_q_4,term_q_5,term_q_6,term_q_7,term_q_8,accumulator_i,accumulator_q
0,6672500,0,0,44522256250000,0,0,70976,441,3,0,0,0,0,0,0,42368,263,2,0,0,0,0,0,0,3970613248,-103186796,7335210,0,0,0,0,0,0,2151668864,-49749978,2365449,0,0,0,0,0,0,3874761662,2104284335
1,8524125,6672500,0,72660707015625,44522256250000,0,89760,713,6,70976,441,3,0,0,0,25920,206,2,42368,263,2,0,0,0,4958657280,-162508127,13505178,-353529792,-15436562,438991,0,0,0,1211165760,-31720129,617586,-40737856,-4187016,293848,0,0,0,4441126968,1135432193
2,13123997,8524125,6672500,172239297256009,72660707015625,44522256250000,115648,1414,17,89760,713,6,70976,441,3,-8032,-98,-1,25920,206,2,42368,263,2,6294760384,-312293884,34380531,-398160480,-23117231,878530,198430080,-7037729,441565,-700971776,49657888,-11961213,57049440,-193747,294670,15925440,-2214647,90697,5788281766,-592323248
3,21937777,13123997,8524125,481266059701729,172239297256009,72660707015625,141312,2887,59,115648,1414,17,89760,713,6,-49952,-1021,-21,-8032,-98,-1,25920,206,2,7600548416,-621432518,109107663,-439709792,-41593048,2490995,221486400,-10651549,789124,-3047558016,283814704,-77564415,236106912,14810236,-141855,-39607200,-515778,-50312,6821035691,-2630705724
4,32118965,21937777,13123997,1031627912671225,481266059701729,172239297256009,158432,4739,142,141312,2887,59,115648,1414,17,-88256,-2640,-79,-49952,-1021,-21,-8032,-98,-1,8448144896,-1001071395,246018093,-466284512,-78030044,8650021,241245600,-19444166,1922498,-5177359168,680112863,-245208006,446042528,54863302,-3060607,-140514240,6058962,-914904,7381150991,-4379979270
5,37382117,32118965,21937777,1397422671401689,1031627912671225,481266059701729,160288,5580,194,158432,4739,142,141312,2887,59,-112192,-3906,-136,-88256,-2640,-79,-49952,-1021,-21,8495125504,-1163000898,319754808,-465720736,-119992983,20826492,252035040,-36977511,5848264,-6488190656,978031710,-392733690,626671008,118975985,-11535619,-258393600,23847893,-5206090,7307897980,-5408533059
6,33184840,37382117,32118965,1101233605825600,1397422671401689,1031627912671225,144064,4452,138,160288,5580,194,158432,4739,142,-115008,-3554,-110,-112192,-3906,-136,-88256,-2640,-79,7603097472,-919271482,219730218,-430662752,-134592390,28460786,248220480,-57501719,12737889,-6605081984,877567734,-306633858,723903072,164012382,-19872612,-359363040,52624364,-15826813,6570218502,-5488670755
7,21146128,33184840,37382117,447158729392384,1101233605825600,1397422671401689,111744,2201,43,144064,4452,138,160288,5580,194,-95744,-1886,-37,-115008,-3554,-110,-112192,-3906,-136,5882542592,-451930963,66879231,-362002048,-103710814,20248934,226737600,-65061684,16083074,-5480132352,462513467,-101148975,706255616,143983878,-16078618,-413041440,73113066,-24874590,5229785922,-4649409948
8,8236229,21146128,33184840,67835468140441,447158729392384,1101233605825600,69664,534,4,111744,2201,43,144064,4452,138,-59840,-459,-4,-95744,-1886,-37,-115008,-3554,-110,3666981632,-109618047,5896140,-269224064,-50190427,6310197,188694720,-50458348,10817384,-3424683200,112530153,-10557108,573470336,75051737,-5409199,-401845440,64451306,-19230244,3399209187,-3036221659
9,999698,8236229,21146128,999396091204,67835468140441,447158729392384,26656,25,0,69664,534,4,111744,2201,43,-17696,-16,0,-59840,-459,-4,-95744,-1886,-37,1414927808,-5240153,0,-167574240,-12165093,587148,139399680,-24518205,3242568,-1026498368,4048525,0,358107616,18251553,-584956,-325814400,33666682,-6307690,1348659513,-945131038
10,392125,999698,8236229,153762015625,999396091204,67835468140441,-8640,-3,0,26656,25,0,69664,534,4,18080,7,0,-17696,-16,0,-59840,-459,-4,-430598720,528656,0,-73320576,-615605,0,86744640,-5943810,275400,1006563840,-1614726,0,116611264,689827,0,-203446560,8188023,-651424,-422930015,926340244
11,2156401,392125,999698,4650065272801,153762015625,999396091204,-30240,-61,0,-8640,-3,0,26656,25,0,35968,72,0,18080,7,0,-17696,-16,0,-1569093760,12136101,0,1928480,31226,0,38730720,-296469,0,2032065984,-17202937,0,-86248160,-235164,0,-66612000,306596,0,-1516563702,1862074319
12,2126434,2156401,392125,4521721556356,4650065272801,153762015625,-36640,-73,0,-30240,-61,0,-8640,-3,0,28896,57,0,35968,72,0,18080,7,0,-1934510400,15098556,0,55064608,1225377,0,592800,18731,0,1660547648,-14106166,0,-194668960,-2671879,0,48254400,-107815,0,-1862510328,1497247228
13,962837,2126434,2156401,927055088569,4521721556356,4650065272801,-31168,-28,0,-36640,-73,0,-30240,-61,0,-3808,-3,0,28896,57,0,35968,72,0,-1710042944,6281451,0,92694976,1711266,0,-27012480,614089,0,-137119744,114599,0,-178232960,-2322664,0,109896480,-1208908,0,-1635753642,-208873197
14,3510850,962837,2126434,12326067722500,927055088569,4521721556356,-20832,-68,0,-31168,-28,0,-36640,-73,0,-56224,-184,-1,-3808,-3,0,28896,57,0,-1264805696,18739228,-582621,129070752,865101,0,-48368160,831601,0,-3021867072,39548644,-2056656,-40189792,-145069,0,101436960,-1038985,0,-1164249795,-2924311970
15,13666036,3510850,962837,186760539953296,12326067722500,927055088569,-14208,-181,-2,-20832,-68,0,-31168,-28,0,-117440,-1495,-19,-56224,-184,-1,-3808,-3,0,-1042175104,69699640,-15183111,181225856,3584476,274,-71378400,401416,0,-6378562560,328657598,-37911222,183827392,4948588,-146513,24968640,-50905,0,-873824953,-5874268982
16,30038900,13666036,3510850,902335513210000,186760539953296,12326067722500,-18560,-519,-15,-14208,-181,-2,-20832,-68,0,-174400,-4879,-136,-117440,-1495,-19,-56224,-184,-1,-1409041280,211534018,-110086296,263517760,17979982,-287820,-104875680,1560852,-47003,-9478016000,1074002652,-270965901,435818048,43326020,-2784295,-99257760,2347016,-115853,-1129745467,-8295646073
17,46793044,30038900,13666036,2189588966785936,902335513210000,186760539953296,-37760,-1646,-72,-18560,-519,-15,-14208,-181,-2,-215616,-9396,-409,-174400,-4879,-136,-117440,-1495,-19,-2550691200,551043282,-386371221,381361600,56527648,-2160431,-155762880,7487981,-1124763,-11684331008,2055571918,-799223592,651687360,141998358,-19929878,-238538880,20301399,-2107201,-2099689984,-9874571524
18,58332137,46793044,30038900,3402638206986769,2189588966785936,902335513210000,-70912,-3852,-209,-37760,-1646,-72,-18560,-519,-15,-233888,-12706,-690,-215616,-9396,-409,-174400,-4879,-136,-4401870016,1106534902,-831849594,529632704,128254482,-10436870,-225825600,23434903,-8130203,-12606507904,2747640966,-1297324851,779495360,268033642,-59943545,-356937600,66492295,-15050963,-3690255292,-10474102600
19,63198965,58332137,46793044,3994109177071225,3402638206986769,2189588966785936,-112576,-6626,-390,-70912,-3852,-209,-37760,-1646,-72,-228128,-13427,-790,-233888,-12706,-690,-215616,-9396,-409,-6663149248,1737203009,-1262366430,692077472,222215314,-30432157,-311192640,54169862,-27565643,-12197503744,2853170233,-1397536050,792567072,348804342,-101151236,-425516160,125907340,-43999661,-5589040461,-10045257864
20,63431042,63198965,58332137,4023497089205764,3994109177071225,3402638206986769,-154208,-9110,-538,-112576,-6626,-390,-70912,-3852,-209,-202912,-11987,-708,-228128,-13427,-790,-233888,-12706,-690,-8878516544,2260817429,-1518976596,845419232,311479787,-56923610,-402260640,95987908,-56645347,-10726508096,2484189205,-1142662350,696255456,347144449,-115852130,-429676800,164869354,-70114943,-7399618381,-8792355855
21,61087610,63431042,63198965,3731696095512100,4023497089205764,3994109177071225,-186464,-10608,-604,-154208,-9110,-538,-112576,-6626,-390,-166688,-9483,-540,-202912,-11987,-708,-228128,-13427,-790,-10557078592,2544339111,-1556835564,964217728,373903535,-78630002,-486120480,137162038,-82315040,-8675891264,1898201739,-758691156,523635648,283095589,-103878616,-372863040,165751071,-73192700,-8741357266,-7113832729
22,55863001,61087610,63431042,3120674880726001,3731696095512100,4023497089205764,-201632,-10490,-546,-186464,-10608,-604,-154208,-9110,-538,-128640,-6693,-348,-166688,-9483,-540,-202912,-11987,-708,-11298700416,2463106131,-1325686284,1026742272,397817961,-88345892,-549190560,167115802,-95607038,-6564495680,1280520595,-397605222,324395584,195407391,-79282516,-274058400,137381487,-56736310,-9302748024,-5434473071
23,46314850,55863001,61087610,2145065330522500,3120674880726001,3731696095512100,-195616,-8438,-364,-201632,-10490,-546,-186464,-10608,-604,-95712,-4128,-178,-128640,-6693,-348,-166688,-9483,-540,-10895552448,1956526326,-852329322,1018969760,370856265,-79900746,-580284960,179756076,-95356832,-4780678336,750972754,-154010724,148224992,112706371,-51136128,-161461920,97405695,-34170808,-8977315881,-4072148104
24,32591824,46314850,55863001,1062226991646976,2145065330522500,3120674880726001,-168576,-5117,-155,-195616,-8438,-364,-201632,-10490,-546,-70400,-2137,-65,-95712,-4128,-178,-128640,-6693,-348,-9362034688,1179260554,-356652045,937107328,287769246,-53281960,-572526720,168854678,-79612782,-3460327680,374002936,-43376385,29624896,52990606,-26179050,-63124320,58789993,-14653206,-7851116389,-3092252210
25,17640577,32591824,46314850,311189956892929,1062226991646976,2145065330522500,-124672,-2048,-34,-168576,-5117,-155,-195616,-8438,-364,-50208,-825,-14,-70400,-2137,-65,-95712,-4128,-178,-6919567296,471383325,-78082998,786198400,171434764,-22691705,-524463840,131660126,-50537026,-2457748864,142955209,-8984070,-21890944,21146374,-9565815,1593120,29733160,-3512742,-6034666250,-2306274572
26,5708564,17640577,32591824,32587702942096,311189956892929,1062226991646976,-70720,-376,-2,-124672,-2048,-34,-168576,-5117,-155,-29056,-154,-1,-50208,-825,-14,-70400,-2137,-65,-3926420480,86593018,-4695933,578155552,68359731,-4977606,-439100160,78627069,-21012410,-1425574528,26809058,-891414,-23478368,7554565,-2060498,27469440,12909425,-244980,-3584471219,-1377507300
27,192730,5708564,17640577,37144852900,32587702942096,311189956892929,-14048,-3,0,-70720,-376,-2,-124672,-2048,-34,96,0,0,-29056,-154,-1,-50208,-825,-14,-766634304,666675,0,328976064,12571702,-292752,-322763040,31368788,-4597044,37129408,-59151,0,-11058880,1463018,-147061,24326400,4743157,-23840,-720703911,56373051
28,3212185,192730,5708564,10318132474225,37144852900,32587702942096,39072,117,0,-14048,-3,0,-70720,-376,-2,41984,126,0,96,0,0,-29056,-154,-1,2228166016,-28484667,0,54968576,89991,0,-183699840,5767520,-278709,2203129152,-25693461,0,-25227712,-25185,0,12555840,906258,-21847,2076528887,2165623045
29,16130090,3212185,192730,260179803408100,10318132474225,37144852900,84832,1274,19,39072,117,0,-14048,-3,0,96544,1450,22,41984,126,0,96,0,0,4849964096,-311704300,51894126,-227627296,-4567419,0,-30241440,41943,0,5077575232,-297106792,34176633,-95668832,-2797407,0,15168480,-9948,0,4327759710,4731337366
30,38832749,16130090,3212185,1507982394897001,260179803408100,10318132474225,122176,4419,160,84832,1274,19,39072,117,0,157600,5700,206,96544,1450,22,41984,126,0,7027095488,-1094399175,449084886,-503751936,-50388928,2777719,129108480,-2053593,0,8325729280,-1179553077,330451776,-228867392,-32800420,3228492,49073760,-1373634,0,5957472941,7265888785
31,67432744,38832749,16130090,4547174963369536,1507982394897001,260179803408100,152384,9570,601,122176,4419,160,84832,1274,19,214080,13445,844,157600,5700,206,96544,1450,22,8804299392,-2391788315,1727782380,-758335200,-180408243,23385636,286056480,-22619994,3235273,11340287360,-2799123435,1385662443,-402450656,-133885395,30225518,118188960,-16047866,1655709,7491607409,9524512638
32,93154581,67432744,38832749,8677775961285561,4547174963369536,1507982394897001,177888,15433,1339,152384,9570,601,122176,4419,160,252480,21904,1900,214080,13445,844,157600,5700,206,10283679744,-3861479593,3860842284,-976814720,-399942065,87823057,431744160,-80683239,28219098,13378572480,-4563323939,3127516881,-570696704,-322969515,123821646,210298560,-65038296,16345238,9373388726,11334526351
33,106012738,93154581,67432744,11238700618256644,8677775961285561,4547174963369536,201056,19851,1960,177888,15433,1339,152384,9570,601,261024,25771,2544,252480,21904,1900,214080,13445,844,11567769408,-4919515282,5513233584,-1144847520,-646827781,195660307,557144640,-178381790,109298185,13792380992,-5335558308,4090195704,-676300128,-527494253,278741586,300123840,-156240425,69531129,11053533751,11835380137
34,101738305,106012738,93154581,10350682704273025,11238700618256644,8677775961285561,223104,21139,2003,201056,19851,1960,177888,15433,1339,233248,22101,2094,261024,25771,2544,252480,21904,1900,12708274112,-5133379692,5339490342,-1250896256,-811817992,286468424,653129280,-288402437,244432867,12226095744,-4494597062,3139647801,-668851136,-606403542,373266112,355906080,-255063996,157183683,11747298648,10227183684
35,86465681,101738305,106012738,7476313990793761,10350682704273025,11238700618256644,243712,19626,1580,223104,21139,2003,201056,19851,1960,170720,13748,1107,233248,22101,2094,261024,25771,2544,13691285056,-4632457166,3894477927,-1288298912,-819644478,292891783,712271520,-362993467,346647512,8766037120,-2668183458,1356177012,-520827424,-485501792,307347044,349687200,-294478435,202604152,11834179775,7012861419
36,73213736,86465681,101738305,5360251139077696,7476313990793761,10350682704273025,260800,17783,1213,243712,19626,1580,223104,21139,2003,83392,5686,388,170720,13748,1107,233248,22101,2094,14425850240,-4063938037,2720780676,-1258573280,-704135582,231187222,730313760,-368831275,330477841,3960186496,-912943939,91263255,-238949472,-247638486,162622811,266209920,-238897157,148449173,12043131565,2990302601
37,72107213,73213736,86465681,5199450166627369,5360251139077696,7476313990793761,271456,18230,1224,260800,17783,1213,243712,19626,1580,-12224,-821,-55,83392,5686,388,170720,13748,1107,14790491648,-4034974093,2485302789,-1171160448,-581170621,177613957,708234720,-319979474,235080061,-1283488832,541887635,-826244184,134041600,-21274657,57179406,109201920,-127130972,53984531,12289438539,-1361843553
38,81628985,72107213,73213736,6663291192130225,5199450166627369,5360251139077696,272384,20707,1574,271456,18230,1224,260800,17783,1213,-96928,-7369,-560,-12224,-821,-55,83392,5686,388,14648871232,-4456318502,2910908784,-1043840544,-539953015,179346982,652140480,-267478899,158766853,-5909417344,2045855944,-2068772814,528184864,177668387,-7722839,-97625280,-20527538,-12063675,12242443371,-5364420295
39,89544025,81628985,72107213,8018132413200625,6663291192130225,5199450166627369,260960,21763,1815,272384,20707,1574,271456,18230,1224,-153600,-12809,-1068,-96928,-7369,-560,-12224,-821,-55,13896612480,-4583727622,3110591412,-897641568,-559285124,230764902,573326400,-252151194,139218907,-8977096000,3275581096,-3253965723,862289696,394883158,-81616004,-315504480,71929081,-63903587,11657708593,-8087402763
40,82846970,89544025,81628985,6863620438180900,8018132413200625,6663291192130225,235616,18179,1403,260960,21763,1815,272384,20707,1574,-171232,-13212,-1019,-153600,-12809,-1068,-96928,-7369,-560,12473109568,-3779327271,2291797569,-752549600,-545293156,266213727,485121120,-265068963,156030942,-9882060736,3294472043,-2913149727,1064518240,566931958,-155978574,-499453440,171690401,-138860402,10330033936,-8491890237
41,58973553,82846970,89544025,3477879953443809,6863620438180900,8018132413200625,196224,10777,592,235616,18179,1403,260960,21763,1815,-147936,-8125,-446,-171232,-13212,-1019,-153600,-12809,-1068,10375660992,-2234718200,957691386,-621883392,-434400723,205836945,400089600,-261793859,160073991,-8520958848,2018068234,-1262180208,1088890304,548933069,-148912325,-609698400,251248737,-209041449,8546556740,-6843650886
42,28340260,58973553,82846970,803170336867600,3477879953443809,6863620438180900,144128,3804,100,196224,10777,592,235616,18179,1403,-90816,-2397,-63,-147936,-8125,-446,-171232,-13212,-1019,7661506944,-798082251,168960477,-508480416,-255068294,86857900,326568480,-210349607,114645702,-5284634368,607676793,-187831428,927769056,334198540,-65182590,-620792160,244998536,-183999416,6586558935,-4227797037
43,6756565,28340260,58973553,45651170599225,803170336867600,3477879953443809,81984,516,3,144128,3804,100,196224,10777,592,-14048,-88,-1,-90816,-2397,-63,-147936,-8125,-446,4443453632,-112933004,5587347,-405048896,-93985773,14668562,266292000,-123730737,47621638,-952955904,29729772,-3804519,611415232,103837389,-9202919,-528520320,149332157,-79496214,4041924769,-679665326
44,4337297,6756565,28340260,18812145266209,45651170599225,803170336867600,13568,55,0,81984,516,3,144128,3804,100,65248,264,1,-14048,-88,-1,-90816,-2397,-63,888762944,-17427663,582621,-296936288,-14739692,439813,214597440,-45235272,8624111,3530958464,-57582965,2056656,200168096,6971556,-145691,-349658880,46126521,-11999039,738668014,3366894718
45,19974445,4337297,6756565,398978453058025,18812145266209,45651170599225,-56256,-1047,-19,13568,55,0,81984,516,3,131488,2446,46,65248,264,1,-14048,-88,-1,-2772424768,184441793,-12275898,-168678112,-3866115,-274,162124320,-6922388,300556,7305368064,-564206049,105675975,-232096608,-7457483,146513,-117656640,2941384,-256862,-2617300886,6492458294
46,44325445,19974445,4337297,1964745074448025,398978453058025,18812145266209,-122048,-5038,-208,-56256,-1047,-19,13568,55,0,174624,7209,298,131488,2446,46,65248,264,1,-6265959744,977429697,-254163390,-11797472,10872689,-2796351,98796000,-1644379,47003,9809423872,-1701354271,734068656,-615607264,-82162227,6734392,126485760,-3508604,115853,-5449215947,8274196167
47,67085797,44325445,19974445,4500504159125209,1964745074448025,398978453058025,-178208,-11134,-696,-122048,-5038,-208,-56256,-1047,-19,192192,12008,750,174624,7209,298,131488,2446,46,-9291742464,2237491414,-994466826,170128544,90605331,-30556356,18521760,6527171,-39069,10895909056,-2888006878,1947996216,-901302112,-258542383,43603882,343926720,-37669378,6222295,-7793530495,9152137418
48,82044506,67085797,44325445,6731300964784036,4500504159125209,1964745074448025,-219680,-16786,-1283,-178208,-11134,-696,-122048,-5038,-208,189088,14448,1104,192192,12008,750,174624,7209,298,-11562662080,3445397634,-1995476064,359478752,233179438,-102178548,-77649120,46531234,-10090530,10820609344,-3541676362,3018050967,-1069603552,-453673906,109694046,507168960,-117495037,44300818,-9663469284,9317375278
49,87699236,82044506,67085797,7691155994983696,6731300964784036,4500504159125209,-243008,-19848,-1621,-219680,-16786,-1283,-178208,-11134,-696,175360,14323,1170,189088,14448,1104,192192,12008,750,-12867253504,4128315209,-2652172806,527747328,382238682,-188278675,-180244800,115845926,-45381438,10124179840,-3574271691,3350716161,-1130784320,-574315126,161398810,604926240,-204804192,119603838,-10779184078,8876649560
50,85451554,87699236,82044506,7301968081014916,7691155994983696,6731300964784036,-247200,-19673,-1566,-243008,-19848,-1621,-219680,-16786,-1283,162464,12929,1029,175360,14323,1170,189088,14448,1104,-13125360320,4116911332,-2621206287,643594560,475138871,-237818153,-273130080,186775498,-96748087,9429728832,-3261039566,3028683510,-1118169152,-596270991,170976056,642389280,-257659864,188206561,-10931842666,8226844666
51,78589096,85451554,87699236,6176246010097216,7301968081014916,7691155994983696,-234560,-17168,-1257,-247200,-19673,-1566,-243008,-19848,-1621,159552,11678,855,162464,12929,1029,175360,14323,1170,-12441978240,3584903674,-2087075637,682861184,481592026,-229721304,-338138880,229999820,-132804203,9242075776,-2933645006,2490795477,-1074968000,-552986048,150332793,637581120,-266065831,211739873,-10250361560,7904860154
52,71705300,78589096,85451554,5141650048090000,6176246010097216,7301968081014916,-210560,-14061,-939,-234560,-17168,-1257,-247200,-19673,-1566,170560,11390,761,159552,11678,855,162464,12929,1029,-11106878080,2900129095,-1487825403,638400512,416951686,-184401111,-360927840,232175649,-133059711,9788500480,-2808383487,2112196335,-1041178240,-494430326,124924197,614190240,-245996017,192819435,-9085435203,8242642617
53,69221620,71705300,78589096,4791632675424400,5141650048090000,6176246010097216,-183168,-11808,-761,-210560,-14061,-939,-234560,-17168,-1257,193216,12456,803,170560,11390,761,159552,11678,855,-9560174464,2378437848,-1097270553,524727360,326168767,-137784221,-336726720,201301560,-105439656,10963066368,-3000852936,2094869349,-1041928640,-459707925,111239107,594438720,-220199206,158137086,-7806760079,9199061923
54,72660820,69221620,71705300,5279594763072400,4791632675424400,5141650048090000,-161216,-10910,-738,-183168,-11808,-761,-210560,-14061,-939,220032,14890,1008,193216,12456,803,170560,11390,761,-8300986368,2130888620,-930530160,377135296,249636456,-111716415,-273163200,158817601,-73016684,12377067136,-3524042720,2503083546,-1082396992,-472770792,117441425,592656000,-205869866,132299950,-6772934854,10437467687
55,79313329,72660820,69221620,6290604157062241,5279594763072400,4791632675424400,-152320,-11251,-831,-161216,-10910,-738,-183168,-11808,-761,240864,17792,1314,220032,14890,1008,193216,12456,803,-7768082880,2149448611,-943517142,243536192,202265720,-108402786,-189867840,123783552,-50420724,13494050432,-4175663167,3186604035,-1148816704,-538244780,147482892,612420480,-213302664,128799242,-6341257297,11493329766
56,84409429,79313329,72660820,7124951704106041,6290604157062241,5279594763072400,-160480,-12616,-992,-152320,-11251,-831,-161216,-10910,-738,246336,19365,1522,240864,17792,1314,220032,14890,1008,-8201099520,2421770895,-1153453590,171767584,188132407,-122112339,-113892480,103157470,-38120490,13811279168,-4552136797,3708190464,-1214845280,-628158769,192290388,646964160,-244354650,151468038,-6743850063,11870696722
57,85349146,84409429,79313329,7284476722929316,7124951704106041,6290604157062241,-184800,-14689,-1168,-160480,-12616,-992,-152320,-11251,-831,230752,18342,1458,246336,19365,1522,240864,17792,1314,-9564055360,2902613811,-1552712790,194115616,215872977,-145757924,-72491040,98301959,-34511901,13015786176,-4365673963,3679105776,-1250757920,-686803225,222720978,682487040,-286058268,191290335,-7958624652,11202096929
58,83554965,85349146,84409429,6981432176151225,7284476722929316,7124951704106041,-219072,-17047,-1327,-184800,-14689,-1168,-160480,-12616,-992,193824,15083,1174,230752,18342,1458,246336,19365,1522,-11518721856,3490878064,-2045185458,317139712,286644843,-171526676,-84288960,112169956,-43387610,11077757952,-3687935374,3187652211,-1232612800,-673519129,213295922,702996960,-312576721,222955242,-9656277985,9498014263
59,81864836,83554965,85349146,6701851373306896,6981432176151225,7284476722929316,-252992,-19289,-1471,-219072,-17047,-1327,-184800,-14689,-1168,140800,10735,818,193824,15083,1174,230752,18342,1458,-13490711296,4074836030,-2548756998,516982944,384737074,-194744427,-153417120,144544837,-66785930,8260282240,-2765906588,2539380099,-1148297568,-595554316,171642664,695236320,-305148226,223813178,-11333314886,7075447803
60,80134420,81864836,83554965,6421525268736400,6701851373306896,6981432176151225,-274816,-20510,-1531,-252992,-19289,-1471,-219072,-17047,-1327,80832,6033,450,140800,10735,818,193824,15083,1174,-14818167168,4438882089,-2886560886,743918400,488491808,-215744755,-266772960,188318879,-98555409,5036289536,-1745079095,1817487951,-1000182848,-483948950,119444580,651971520,-267403275,198384403,-12426190002,4326963822
61,74144050,80134420,81864836,5497340150402500,6421525268736400,6701851373306896,-274464,-18952,-1309,-274816,-20510,-1531,-252992,-19289,-1471,24352,1682,116,80832,6033,450,140800,10735,818,-14927161792,4178444206,-2624578668,935660992,564591435,-224434703,-396510720,234082249,-131971309,1952360256,-747459034,1001222985,-803415104,-353153351,65511356,573564480,-214048359,163909167,-12391878310,1638492396
62,59880340,74144050,80134420,3585655118515600,5497340150402500,6421525268736400,-246848,-13766,-768,-274464,-18952,-1309,-274816,-20510,-1531,-19584,-1092,-61,24352,1682,116,80832,6033,450,-13519394304,3080680314,-1615051689,1034192512,554382754,-191817301,-507516480,266744882,-156219593,-508706432,-28754522,321996912,-581108416,-209556994,16636842,467276160,-152358533,124095443,-11053998905,-550479540
63,38712178,59880340,74144050,1498632725503684,3585655118515600,5497340150402500,-193824,-6988,-252,-246848,-13766,-768,-274464,-18952,-1309,-45536,-1642,-59,-19584,-1092,-61,24352,1682,116,-10683831232,1585283614,-552651951,1003522496,422106042,-112505270,-566907360,259390400,-146199229,-2045738688,227111054,25477788,-359806912,-82808846,-9147725,344904480,-86360874,74965875,-8791792490,-1911403848
64,17776269,38712178,59880340,315995739560361,1498632725503684,3585655118515600,-124320,-2058,-34,-193824,-6988,-252,-246848,-13766,-768,-52416,-868,-14,-45536,-1642,-59,-19584,-1092,-61,-6905364480,474453406,-78082998,841312384,223403626,-36905110,-554048640,196083518,-91842287,-2579078208,152313714,-8984070,-164145856,-9409186,-8713315,220591680,-30380804,29031271,-5930990581,-2398774774
65,4496530,17776269,38712178,20218782040900,315995739560361,1498632725503684,-52512,-220,-1,-124320,-2058,-34,-193824,-6988,-252,-42976,-180,-1,-52416,-868,-14,-45536,-1642,-59,-2964080576,52438560,-2639277,580679904,69020686,-4977606,-467155680,103144100,-31968133,-2226771648,35662760,-1474035,-14189280,8760486,-2060498,108064800,-215406,5009429,-2665538022,-2087213392
66,525928,4496530,17776269,276600261184,20218782040900,315995739560361,5824,3,0,-52512,-220,-1,-124320,-2058,-34,-22464,-11,0,-42976,-180,-1,-52416,-868,-14,266927232,-449788,0,282134144,8110440,-146239,-324354240,31651186,-4597044,-1239485312,2503626,0,75787072,3552560,-146787,19182240,5311180,-23840,259275691,-1133319261
67,1404281,525928,4496530,1972005126961,276600261184,20218782040900,37760,49,0,5824,3,0,-52512,-220,-1,3488,5,0,-22464,-11,0,-42976,-180,-1,2069160640,-10987610,0,16879616,2354,0,-159195360,3672700,-162856,104687744,-144992,0,98473856,355152,0,-36902880,1787060,-68850,1919369484,168187090
68,2220965,1404281,525928,4932685531225,1972005126961,276600261184,36928,76,0,37760,49,0,5824,3,0,30176,62,0,3488,5,0,-22464,-11,0,2084325184,-18111554,0,-154378272,-1511828,0,-11344320,-5467,0,1563420928,-12279458,0,53107040,261370,0,-54724800,163739,0,1898973743,1549948819
69,2945405,2220965,1404281,8675410614025,4932685531225,1972005126961,5984,16,0,36928,76,0,37760,49,0,54592,150,0,30176,62,0,3488,5,0,450578432,-6513150,0,-198323744,-2800262,0,85276320,-701649,0,2966484416,-33018278,0,-53115168,-1221794,0,-32680320,92579,0,327515947,2846541435
70,7406065,2945405,2220965,54849798784225,8675410614025,4932685531225,-43808,-302,-2,5984,16,0,36928,76,0,75264,519,4,54592,150,0,30176,62,0,-2220541824,56878827,-1782828,-120060448,-1739202,0,111901920,-1268148,0,4207955392,-121289309,9391866,-203687904,-4365230,0,25851840,-614806,0,-2176611703,3913241849
71,16967938,7406065,2945405,287910919971844,54849798784225,8675410614025,-95264,-1505,-24,-43808,-302,-2,5984,16,0,91104,1440,23,75264,519,4,54592,150,0,-4993465152,306056145,-35959461,38804384,4702089,-294122,71065920,-721096,0,5189434432,-349678085,61285992,-372907552,-18103733,585504,111545760,-2044094,0,-4609811293,4620118224
72,26329585,16967938,7406065,693247046272225,287910919971844,54849798784225,-129792,-3183,-78,-95264,-1505,-24,-43808,-302,-2,100576,2466,60,91104,1440,23,75264,519,4,-6856778176,658720053,-125461908,212748224,33056685,-3522614,-14469120,2501258,-43694,5784870528,-610766061,168843798,-526105216,-55830155,3363223,209225760,-8257571,557418,-6093249292,4965901724
73,27166625,26329585,16967938,738025513890625,693247046272225,287910919971844,-132640,-3356,-85,-129792,-3183,-78,-95264,-1505,-24,101120,2558,65,100576,2466,60,91104,1440,23,-7011009920,695351014,-136945395,331514656,74778381,-11444454,-108744480,16266365,-1699403,5821031360,-634621802,183205425,-624362848,-100693887,8769408,298240800,-25123220,3792691,-6151933236,4930237927
74,17035880,27166625,26329585,290221207374400,738025513890625,693247046272225,-97216,-1542,-24,-132640,-3356,-85,-129792,-3183,-78,89408,1419,23,101120,2558,65,100576,2466,60,-5103870848,314692527,-35959461,341730720,79195522,-12471415,-173237280,36324267,-6216354,5101284224,-345740889,61285992,-631536160,-104905946,9500055,355472640,-45031974,10617414,-4559812322,4410945356
75,4565160,17035880,27166625,20840685825600,290221207374400,738025513890625,-27072,-115,0,-97216,-1542,-24,-132640,-3356,-85,62784,267,1,89408,1419,23,101120,2558,65,-1335286656,20291436,582621,223410048,34342869,-3522614,-178809600,38437908,-6792310,3488706432,-61601530,2056656,-522901504,-55510833,3363223,359680800,-46891894,11525700,-1207346298,3178427050
76,4533833,4565160,17035880,20555641671889,20840685825600,290221207374400,64864,274,1,-27072,-115,0,-97216,-1542,-24,20864,88,0,62784,267,1,89408,1419,23,3588157312,-62624746,2056656,-4807296,1208190,-274,-114767040,16853298,-1699403,991682752,-14153342,-582621,-294317568,-8974624,146513,296656320,-24952311,3792691,3424376697,949297810
77,25964548,4533833,4565160,674157752844304,20555641671889,20840685825600,159744,3863,93,64864,274,1,-27072,-115,0,-32704,-791,-19,20864,88,0,62784,267,1,8645867392,-842859028,180199209,-291499616,-8957938,146513,8389440,722443,47003,-2147864832,251946746,-93260217,32853216,-339506,274,164445120,-4114267,115853,7692055418,-1796217613
78,63232849,25964548,4533833,3998393192656801,674157752844304,20555641671889,238080,14021,826,159744,3863,93,64864,274,1,-89824,-5290,-312,-32704,-791,-19,20864,88,0,12792410560,-3011513795,1517020104,-569141824,-109237966,13630915,162326400,-4122602,115853,-5443754112,1452022307,-1122921618,410950336,56157512,-2758265,-24013920,-321744,-47003,10791487645,-4674686507
79,98287778,63232849,25964548,9660487304177284,3998393192656801,674157752844304,285344,26120,2391,238080,14021,826,159744,3863,93,-138656,-12692,-1162,-89824,-5290,-312,-32704,-791,-19,15261609152,-5554268836,4240458894,-775565344,-376178387,121105226,310217280,-51385647,9881272,-8216684608,3335487740,-3782881083,773722720,276390425,-45485732,-240768000,23868679,-6572486,13185873610,-7882922345
80,112264090,98287778,63232849,12603225903528100,9660487304177284,3998393192656801,295648,30911,3232,285344,26120,2391,238080,14021,826,-165984,-17354,-1814,-138656,-12692,-1162,-89824,-5290,-312,15762049344,-6527028157,5590237698,-874692736,-676972300,350630971,418590240,-178485961,81029642,-9731855552,4465964837,-5613805056,1048998336,599999324,-169592972,-447575040,120453126,-74970614,13945358741,-9802383611
81,98278745,112264090,98287778,9658711718775025,12603225903528100,9660487304177284,273536,25037,2292,295648,30911,3232,285344,26120,2391,-160672,-14706,-1346,-165984,-17354,-1814,-138656,-12692,-1162,14567057728,-5273889123,3929647686,-866792704,-781550437,474027052,468674400,-323097048,222387037,-9391689856,3761695379,-4103626308,1174488512,780065783,-264889014,-603388320,264060772,-247005359,12416464591,-8630288411
82,65950922,98278745,112264090,4349524112650084,9658711718775025,12603225903528100,231968,14248,875,273536,25037,2292,295648,30911,3232,-117152,-7196,-442,-160672,-14706,-1346,-165984,-17354,-1814,12396734144,-3024378268,1542055518,-789400032,-627578019,336176600,461826720,-374620827,289173454,-6921660736,1880058916,-1418835327,1114522784,651321497,-196578490,-673390560,345127150,-362071038,10209989290,-5581505804
83,36009268,65950922,98278745,1296667381895824,4349524112650084,9658711718775025,188224,6312,212,231968,14248,875,273536,25037,2292,-38016,-1275,-43,-117152,-7196,-442,-160672,-14706,-1346,10188475392,-1377545025,410958369,-703232512,-366986836,128319983,419722080,-301277201,202269038,-2502485888,407790579,-211951860,870172992,335470372,-64518996,-638367360,288627278,-263669014,8600703288,-1778931897
84,28636765,36009268,65950922,820064309665225,1296667381895824,4349524112650084,158272,4221,113,188224,6312,212,231968,14248,875,65376,1744,47,-38016,-1275,-43,-117152,-7196,-442,8788155456,-972398173,259785315,-671528896,-178637439,31072538,376284000,-175339352,80596049,3209467648,-304334943,30826659,482181056,91235415,-6241971,-500094240,147853644,-92334651,7537989498,3058558617
85,52235536,28636765,36009268,2728551221207296,820064309665225,1296667381895824,151680,7379,359,158272,4221,113,188224,6312,212,174592,8494,413,65376,1744,47,-38016,-1275,-43,8676231680,-1807274473,978961977,-736867744,-141258217,16543091,366076800,-84020172,22539707,9186314496,-1742087407,640237989,23382368,-16879473,6917073,-282573120,38756367,-14946315,7290932649,7839121978
86,97808724,52235536,28636765,9566546490508176,2728551221207296,820064309665225,168576,15356,1399,151680,7379,359,158272,4221,113,267840,24398,2222,174592,8494,413,65376,1744,47,9810223488,-3893542466,4171845606,-904197248,-292654993,52485005,411492960,-64796905,15300530,14238182400,-5119071298,3754802853,-416951680,-192847813,60608235,-27347520,-10386028,133752,9306155977,12287122901
87,142032032,97808724,52235536,20173098114049024,9566546490508176,2728551221207296,199552,26396,3492,168576,15356,1399,151680,7379,359,324992,42989,5687,267840,24398,2222,174592,8494,413,11630876416,-6713465213,10495208379,-1135469760,-665455142,204362859,513569280,-131331903,61003466,17287680256,-9032780593,9661690140,-753061056,-602953186,325935212,215579520,-94285850,30973212,14259298382,17038777655
88,159136949,142032032,97808724,25324568537028601,20173098114049024,9566546490508176,228800,33910,5026,199552,26396,3492,168576,15356,1399,332576,49290,7305,324992,42989,5687,267840,24398,2222,13244681920,-8507500680,14592799461,-1358152448,-1152693467,510065158,649373760,-295596004,266519013,17635282688,-10284866780,12095618934,-922586112,-1067946613,834176239,399000960,-290187942,191668169,17949496713,18590159543
89,136581818,159136949,142032032,18654593008185124,25324568537028601,20173098114049024,239456,30459,3874,228800,33910,5026,199552,26396,3492,287264,36540,4648,332576,49290,7305,324992,42989,5687,13723513408,-7489210455,10675507752,-1486366944,-1430987820,734372768,777148800,-511594000,671864737,15137602112,-7519541397,7302263334,-900613600,-1193877680,1071654589,489459840,-513500073,494721535,15664248246,14368168660
90,84798410,136581818,159136949,7190770338528100,18654593008185124,25324568537028601,219296,17319,1368,239456,30459,3874,228800,33910,5026,196832,15545,1228,287264,36540,4648,332576,49290,7305,12417738688,-4155215540,3528963996,-1448034816,-1220431923,566317810,848401440,-637541350,925634093,10246863296,-3113008902,1728548040,-703913536,-840387075,682053900,474692160,-576677930,610069087,10825832398,8508239040
91,32775082,84798410,136581818,1074206000106724,7190770338528100,18654593008185124,165408,5049,154,219296,17319,1368,239456,30459,3874,78752,2404,73,196832,15545,1228,287264,36540,4648,9208058944,-1169413693,359256357,-1208932608,-650018318,200093312,823161120,-547013919,667284466,3923438016,-434677767,60412254,-384630976,-320910360,180292796,365469600,-409863696,356395122,7682475661,3335924989
92,9100130,32775082,84798410,82812366016900,1074206000106724,7190770338528100,85856,728,6,165408,5049,154,219296,17319,1368,-44128,-374,-3,78752,2404,73,196832,15545,1228,4586536768,-154405642,10592073,-788538688,-171636433,22543000,683305440,-293684159,216206588,-2603752384,97466126,-9665694,-16494848,-29726433,10737645,191606880,-159904841,77967380,4110918947,-2441766169
93,21616226,9100130,32775082,467261226483076,82812366016900,1074206000106724,-1760,-35,-1,85856,728,6,165408,5049,154,-148768,-2995,-60,-44128,-374,-3,78752,2404,73,-433778240,66830290,-37013916,-258922368,-18698086,879900,441152160,-78561733,21272581,-8116952384,664873780,-122816739,325081664,17330438,-437895,-6055200,-16867840,1218807,-296839412,-7254625369
94,51622425,21616226,9100130,2664874762880625,467261226483076,82812366016900,-75264,-3618,-174,-1760,-35,-1,85856,728,6,-217248,-10445,-502,-148768,-2995,-60,-44128,-374,-3,-4601664192,1009954115,-650333886,270078592,26192920,-130073,138452640,-8937984,554109,-11688284544,2249804019,-931065258,580800960,89547190,-8791054,-186753120,7642942,-629577,-3815833759,-9887728442
95,69251717,51622425,21616226,4795800307448089,2664874762880625,467261226483076,-114112,-7360,-475,-75264,-3618,-174,-1760,-35,-1,-240608,-15518,-1001,-217248,-10445,-502,-148768,-2995,-60,-6775326016,1941544406,-1560115221,679722912,196214921,-25355714,-162239520,10420755,-2936033,-12875275264,3303370430,-1781967681,719556384,282945555,-73597202,-319464480,41757035,-6904177,-5698069510,-10709579400
96,58243133,69251717,51622425,3392262541655689,4795800307448089,2664874762880625,-105824,-5740,-311,-114112,-7360,-475,-75264,-3618,-174,-220096,-11939,-648,-240608,-15518,-1001,-217248,-10445,-502,-6276338432,1510972763,-1017158424,873525152,351051530,-69319401,-393939360,85218878,-43753928,-11774379968,2539968695,-1151517957,742522272,403706246,-146789663,-389099520,134034257,-49979684,-4979741222,-9691535322
97,29382196,58243133,69251717,863313441782416,3392262541655689,4795800307448089,-50048,-1370,-37,-105824,-5740,-311,-114112,-7360,-475,-166080,-4545,-124,-220096,-11939,-648,-240608,-15518,-1001,-3109021824,394062015,-148341276,804709024,272410685,-45387991,-502729440,154357848,-102080178,-8952366080,983000335,-233468367,676674144,309946883,-95025638,-398184000,192551398,-93642428,-2282021137,-7610513753
98,10369424,29382196,58243133,107524954091776,863313441782416,3392262541655689,40576,392,4,-50048,-1370,-37,-105824,-5740,-311,-94720,-915,-9,-166080,-4545,-124,-220096,-11939,-648,1999948288,-69071145,2983035,490233920,79251165,-5387005,-462982080,119840664,-66488227,-5262682880,211064939,-20840388,563329088,124835215,-18177750,-362704800,147885319,-60454811,2088328615,-4677746068
99,20610625,10369424,29382196,424797862890625,107524954091776,863313441782416,143360,2752,53,40576,392,4,-50048,-1370,-37,-23520,-451,-9,-94720,-915,-9,-166080,-4545,-124,7772345280,-602670833,103759179,8298880,-4077399,588518,-284978880,34225190,-10114933,-1609336960,154484659,-49388817,443554944,30738095,-1317521,-305431680,59000725,-12626661,7017375002,-1290323216
100,53307017,20610625,10369424,2841638061438289,424797862890625,107524954091776,231328,11485,570,143360,2752,53,40576,392,4,32768,1627,81,-23520,-451,-9,-94720,-915,-9,12702116224,-2584333684,1219486221,-521081120,-78765599,7767655,-13232640,-2446412,40385,1263625024,-135110330,-165504834,345919840,36631687,-1304095,-247808640,14092487,-1230689,10729551030,1109310450
101,80997445,53307017,20610625,6560586096528025,2841638061438289,424797862890625,280544,21163,1596,231328,11485,570,143360,2752,53,65088,4910,370,32768,1627,81,-23520,-451,-9,15462085632,-4799758145,3497992746,-965928992,-358174210,83490216,284608800,-36980196,5717182,2916188864,-673853879,-168900396,280604832,47611456,12023733,-203481600,15431063,-3533836,13173053033,2222090237
102,79573561,80997445,53307017,6331951610220721,6560586096528025,2841638061438289,276480,20490,1518,280544,21163,1596,231328,11485,570,71008,5262,390,65088,4910,370,32768,1627,81,15253678400,-4657141104,3349225998,-1216275872,-676045961,233733368,534566400,-165966917,69843453,3248575104,-765346620,-82322838,240811936,30378115,54647114,-175585440,15337173,-17407617,12725617765,2549086927
103,49235690,79573561,80997445,2424153169776100,6331951610220721,6560586096528025,217952,9994,458,276480,20490,1518,280544,21163,1596,53984,2475,114,71008,5262,390,65088,4910,370,12020107456,-2269716225,1008367242,-1210797152,-658813020,222299874,675293760,-312161463,202292498,2452127552,-352955177,-32381634,210386720,14169336,57556002,-158189280,1529798,-32151178,9676872970,2160092139
104,13885133,49235690,79573561,192796918427689,2424153169776100,6331951610220721,117344,1517,20,217952,9994,458,276480,20490,1518,21184,274,4,53984,2475,114,71008,5262,390,6453661952,-342517783,43463604,-950959296,-320567643,67071718,672820320,-303919482,194196024,890021312,-30978961,-3425796,173669888,9657055,16827974,-141073920,-5623182,-26167884,5513249414,882906486
105,362970,13885133,49235690,131747220900,192796918427689,2424153169776100,-2592,-1,0,117344,1517,20,217952,9994,458,-19104,-6,0,21184,274,4,53984,2475,114,-184858176,340527,0,-498049696,-47805679,2929164,528269280,-147933214,58419016,-1036965312,1313633,0,124434336,4516037,591532,-115513440,-1462871,-8320132,-288688778,-1031406217
106,16369777,362970,13885133,267969599029729,131747220900,192796918427689,-114912,-1752,-27,-2592,-1,0,117344,1517,20,-59648,-909,-14,-19104,-6,0,21184,274,4,-6408217216,407260953,-63686406,43968576,80367,0,276024000,-22117761,2505072,-2995214784,167458341,-13062417,70397952,171587,0,-79213920,1199578,-476648,-5764182415,-2848740311
107,46097234,16369777,362970,2124954982450756,267969599029729,131747220900,-195296,-8384,-360,-114912,-1752,-27,-2592,-1,0,-95200,-4087,-175,-59648,-909,-14,-19104,-6,0,-10876922048,1943717779,-842354835,556546912,60185799,-3952015,-25944480,33877,0,-4753455680,742926247,-150171240,30839072,12559233,-2058580,-38504160,80570,0,-9188689011,-4157784538
108,65419209,46097234,16369777,4279672906185681,2124954982450756,267969599029729,-228000,-13891,-846,-195296,-8384,-360,-114912,-1752,-27,-122496,-7463,-455,-95200,-4087,-175,-59648,-909,-14,-12724129920,3234075446,-2005023531,934945600,285805213,-52696730,-311735040,27508956,-3786073,-6169251648,1384576328,-442881114,28181376,52214059,-25738415,-6458400,6899097,-352861,-10615036079,-5172811578
109,61702756,65419209,46097234,3807230097995536,4279672906185681,2124954982450756,-209088,-12015,-690,-228000,-13891,-846,-195296,-8384,-360,-139520,-8018,-461,-122496,-7463,-455,-95200,-4087,-175,-11730406144,2828124281,-1687680921,1111595424,479340212,-123825328,-523227360,130769196,-49932605,-7141488000,1544900295,-546109926,77464800,107252666,-66895219,2358240,29339003,-3353195,-9565243245,-5996531336
110,41343569,61702756,65419209,1709290697657761,3807230097995536,4279672906185681,-146560,-5643,-217,-209088,-12015,-690,-228000,-13891,-846,-144416,-5561,-214,-139520,-8018,-461,-122496,-7463,-455,-8328241600,1363661912,-570975246,1067481280,427725065,-100967656,-622938240,218957379,-119398003,-7550689408,1124530194,-313695627,177739328,139650021,-67731553,-21771360,58277647,-12948577,-6664695109,-6466639335
111,21022228,41343569,61702756,441934070083984,1709290697657761,3807230097995536,-57216,-1120,-22,-146560,-5643,-217,-209088,-12015,-690,-135104,-2645,-52,-144416,-5561,-214,-139520,-8018,-461,-3429993088,301043465,-75542724,830719904,215957666,-31734685,-600218880,194569403,-101606953,-7245176832,565702085,-94128450,307568160,119440332,-31413240,-78684480,72257918,-20976163,-2696805892,-6405410670
112,13198393,21022228,41343569,174197577782449,441934070083984,1709290697657761,38496,473,6,-57216,-1120,-22,-146560,-5643,-217,-109696,-1348,-17,-135104,-2645,-52,-144416,-5561,-214,1852409728,-78533909,2435379,463571776,55801415,-3209038,-470372640,97335059,-35198743,-6075471168,308885441,-38458878,429068096,69939665,-7624704,-155852160,59036153,-14592891,1884239027,-5425070446
113,18947021,13198393,21022228,358989604774441,174197577782449,441934070083984,121760,2149,38,38496,473,6,-57216,-1120,-22,-67648,-1194,-21,-109696,-1348,-17,-135104,-2645,-52,6493073920,-454019427,65917887,42955424,-2872121,883736,-267472320,24429540,-4992922,-3969164224,307708483,-65329374,498656224,44406791,-2489077,-230889600,33265825,-4990290,5897903717,-3388825242
114,31664772,18947021,13198393,1002657785811984,358989604774441,174197577782449,179712,5300,156,121760,2149,38,38496,473,6,-11328,-334,-10,-67648,-1194,-21,-109696,-1348,-17,9784404096,-1171207022,315012126,-358238688,-54439923,5573248,-33674880,-2143045,-103933,-1026319104,178723250,-111455436,480911840,53857273,-3066361,-277941600,20414856,-2251519,8485181979,-687126801
115,44777972,31664772,18947021,2005066776432784,1002657785811984,358989604774441,207488,8653,361,179712,5300,156,121760,2149,38,52928,2207,92,-11328,-334,-10,-67648,-1194,-21,11446501504,-1966428344,796053948,-685330368,-156180170,22858768,190956480,-26085865,3415351,2418235904,-319839374,-21113829,362372928,54512498,-1422386,-275794080,23819398,-4219027,9625761304,2236552032
116,54998005,44777972,31664772,3024780553980025,2005066776432784,1002657785811984,207584,10633,545,207488,8653,361,179712,5300,156,115008,5891,302,52928,2207,92,-11328,-334,-10,11592663552,-2479071272,1296829062,-908020032,-278091806,52865985,376113600,-72991756,17603038,5806841024,-1099476614,303581667,159303872,6438556,13578110,-215861760,22244454,-8490998,9597900371,4988158311
117,60048361,54998005,44777972,3605805658786321,3024780553980025,2005066776432784,187392,10480,586,207584,10633,545,207488,8653,361,162400,9082,508,115008,5891,302,52928,2207,92,10598002496,-2507987794,1501171884,-1018216352,-368413046,79766837,504542400,-128296005,46147209,8439711360,-1811613290,703365342,-84190304,-87448292,44396256,-106650240,-2162719,-6309607,8706717629,7089098506
118,56447298,60048361,54998005,3186297451500804,3605805658786321,3024780553980025,155616,8181,430,187392,10480,586,207584,10633,545,183264,9634,506,162400,9082,508,115008,5891,302,8910775488,-2007976303,1179168306,-1022799200,-390611950,85717426,570864960,-168194529,77334791,9650766912,-1979610873,790140906,-305923552,-184453154,74589168,27340320,-47103043,9370971,7234278989,8035117655
119,42084610,56447298,60048361,1771114398852100,3186297451500804,3605805658786321,119392,4679,183,155616,8181,430,187392,10480,586,169824,6656,261,183264,9634,506,162400,9082,508,6902870976,-1171027127,528432129,-934986816,-326282887,62861946,577722720,-176636792,91767382,8999332672,-1386873757,430167573,-444026496,-220311603,74253398,151211520,-92223762,31309566,5554721531,7542839111
120,21015040,42084610,56447298,441631906201600,1771114398852100,3186297451500804,82432,1613,32,119392,4679,183,155616,8181,430,121344,2375,46,169824,6656,261,183264,9634,506,4775248896,-405276800,92613558,-769032256,-196233083,26740365,531306720,-146324905,73600308,6436805632,-495980854,75962304,-455354752,-160379827,38290035,230119200,-107564758,38410328,3982642803,5600307308
121,4024325,21015040,42084610,16195191705625,441631906201600,1771114398852100,45248,170,1,82432,1613,32,119392,4679,183,45536,171,1,121344,2375,46,169824,6656,261,2573364544,-41149857,2639277,-538203136,-68323286,4675812,438749280,-87488395,33468882,2383006208,-34648585,1474035,-330452992,-57701740,6748366,239667360,-77541972,21636084,2317733121,2152186764
122,1794429,4024325,21015040,3219975436041,16195191705625,441631906201600,6720,11,0,45248,170,1,82432,1613,32,-42336,-71,0,45536,171,1,121344,2375,46,270728640,-1044568,0,-258151584,-6535035,146239,307284480,-30426853,5869434,-2326291968,15994862,0,-98685088,-3702337,146787,174312960,-27856167,3825142,287870753,-2262255809
123,15783914,1794429,4024325,249131941159396,3219975436041,16195191705625,-33440,-492,-7,6720,11,0,45248,170,1,-122656,-1803,-27,-42336,-71,0,45536,171,1,-2103851840,144884451,-30127359,48516384,266078,0,146231520,-2943806,162856,-6619636928,390970911,-51451365,178056480,2222132,0,50168640,-1827031,68850,-1796861716,-6051428311
124,35649378,15783914,1794429,1270878151786884,249131941159396,3219975436041,-73056,-2426,-81,-33440,-492,-7,6720,11,0,-176544,-5861,-195,-122656,-1803,-27,-42336,-71,0,-4388735808,654679187,-280200231,348230464,29894709,-1018193,-30572640,81645,0,-9471346752,1254627283,-353855619,422269440,49954251,-3957769,-98602560,1029127,0,-3667640867,-8199882599
125,46671520,35649378,15783914,2178230779110400,1270878151786884,249131941159396,-106624,-4635,-201,-73056,-2426,-81,-33440,-492,-7,-190848,-8295,-361,-176544,-5861,-195,-122656,-1803,-27,-6253615872,1193565390,-623714037,599051136,121975817,-11814123,-202859040,12857400,-2080052,-10175974144,1751968080,-625345995,563699136,155446147,-28592229,-229323360,23576271,-2799010,-5166633381,-8567345104
126,41343488,46671520,35649378,1709284000006144,2178230779110400,1270878151786884,-126464,-4869,-187,-106624,-4635,-201,-73056,-2426,-81,-162304,-6249,-241,-190848,-8295,-361,-176544,-5861,-195,-7271846912,1205225058,-525006333,756109312,208672620,-29350199,-345820320,53352982,-18549678,-8572777472,1292681952,-386703969,560460544,209914290,-52946267,-303530400,73898025,-18784092,-5967213470,-7197787389
127,24890594,41343488,46671520,619541669672836,1709284000006144,2178230779110400,-125216,-2903,-67,-126464,-4869,-187,-106624,-4635,-201,-99040,-2296,-53,-162304,-6249,-241,-190848,-8295,-361,-7060111808,690389407,-168674865,783486976,198515748,-27331897,-433560960,92308155,-40254536,-5122155200,452990149,-69967161,413328384,146575998,-35360871,-298677120,100602735,-32375330,-5965233780,-4445038416
128,9895021,24890594,41343488,97911440590441,619541669672836,1709284000006144,-98880,-911,-8,-125216,-2903,-67,-126464,-4869,-187,-18848,-174,-2,-99040,-2296,-53,-162304,-6249,-241,-5440446400,205877733,-17618490,666674560,106356211,-9801849,-446016000,88795173,-32992234,-804417024,20704963,547656,167224896,44502427,-7783547,-215892480,71221665,-19131012,-4879171296,-743022456
129,5340322,9895021,24890594,28519039063684,97911440590441,619541669672836,-48992,-244,-1,-98880,-911,-8,-125216,-2903,-67,55392,275,1,-18848,-174,-2,-99040,-2296,-53,-2548635456,48800725,-1474035,421446112,28787997,-1171556,-375944160,48200379,-10253310,3134950336,-65922823,2639277,-100940320,-2428367,-295218,-80571360,22474028,-2991008,-2390243304,2906914545
130,10407394,5340322,9895021,108313849871236,28519039063684,97911440590441,16416,159,2,-48992,-244,-1,-98880,-911,-8,101920,988,10,55392,275,1,-18848,-174,-2,1127475008,-54814171,9939522,94305152,5010643,-146787,-233653920,13313675,-1020830,5526344640,-216423297,19401318,-304080448,-10297555,146239,64595520,-588182,144318,960408292,5079242553
131,18037396,10407394,5340322,325347654460816,108313849871236,28519039063684,84352,1417,24,16416,159,2,-48992,-244,-1,106560,1790,30,101920,988,10,55392,275,1,4846498176,-350186255,66838374,-244729280,-13063783,290286,-46830240,2499464,-68850,5625418240,-369843761,47716776,-370996096,-28302231,1465678,171823200,-4653879,162856,4261247892,5072790783
132,23517476,18037396,10407394,553071677410576,325347654460816,108313849871236,140032,3067,67,84352,1417,24,16416,159,2,66880,1465,32,106560,1790,30,101920,988,10,7795884416,-710449480,156439824,-519586240,-57532799,3508092,144003360,-5499187,701736,3332972800,-265087586,26777385,-269029312,-41798915,4401966,202664160,-13285984,1064524,6807469722,2978679038
133,28618525,23517476,18037396,819019973175625,553071677410576,325347654460816,171072,4560,122,140032,3067,67,84352,1417,24,-6304,-168,-4,66880,1465,32,106560,1790,30,9324168256,-1010033544,248581548,-667936320,-104299474,9807603,295686720,-25746717,4190562,-732456192,127243320,-79306386,-14787392,-18198140,4706774,140334720,-20327218,2347518,8074418634,-590442996
134,36976468,28618525,23517476,1367259185755024,819019973175625,553071677410576,171584,5909,203,171072,4560,122,140032,3067,67,-91776,-3160,-109,-6304,-168,-4,66880,1465,32,9158095872,-1250821805,353995479,-660305824,-135375960,17875682,373696320,-47737667,9266247,-5399363968,818738753,-342447567,327369568,43320696,-552624,-4673280,-10311993,558095,7818688344,-4567362320
135,46480465,36976468,28618525,2160433626616225,1367259185755024,819019973175625,144384,6250,271,171584,5909,203,171072,4560,122,-163552,-7080,-306,-91776,-3160,-109,-6304,-168,-4,7510370752,-1249309890,379071750,-511115456,-150724073,29772005,362801760,-63196272,13946054,-9255728256,1696584250,-787227027,663752896,144396575,-15914295,-195808320,17469768,-6197778,6321616630,-7738672187
136,48194746,46480465,36976468,2322733542004516,2160433626616225,1367259185755024,100640,4517,203,144384,6250,271,171584,5909,203,-198048,-8889,-399,-163552,-7080,-306,-91776,-3160,-109,5044167360,-828525912,185035389,-277383712,-128044650,39788867,272880000,-72135169,18394832,-11039497024,2064419714,-938877807,897356896,264847510,-44758724,-380973120,63774204,-22169586,4254177005,-9135877937
137,35150372,48194746,46480465,1235548651738384,2322733542004516,2160433626616225,57088,1869,61,100640,4517,203,144384,6250,271,-180928,-5923,-194,-198048,-8889,-399,-163552,-7080,-306,2705613184,-298554734,12427542,-44665088,-60873294,29851465,137686560,-63903970,17013245,-10006087424,1353089748,-434531145,955370560,304563548,-58403065,-507041280,119710480,-48188831,2434594910,-8321517409
138,13108985,35150372,48194746,171845487730225,1235548651738384,2322733542004516,31072,379,5,57088,1869,61,100640,4517,203,-111616,-1363,-17,-180928,-5923,-194,-198048,-8889,-399,1442790016,-57349004,378723,95991232,-6340808,8990449,6461280,-33676253,4763962,-6163427648,310365418,-37876257,811131072,193362486,-28406808,-534965280,139255481,-55766956,1462009597,-5366328492
139,1225197,13108985,35150372,1501107688809,171845487730225,1235548651738384,35232,40,0,31072,379,5,57088,1869,61,-3648,-4,0,-111616,-1363,-17,-180928,-5923,-194,1914963456,-8810132,0,75491104,73522,737223,-69378240,-6489821,-2051549,-279113664,1677580,0,493059168,44067616,-2489351,-451603200,89007067,-25342665,1904535563,-130737449
140,18935173,1225197,13108985,358540776539929,1501107688809,171845487730225,73184,1291,23,35232,40,0,31072,379,5,118464,2089,37,-3648,-4,0,-111616,-1363,-17,4263881472,-328081288,68860065,-131832288,-1166300,0,-51755520,-779091,-219786,6300585152,-438773378,62695989,76643808,455788,0,-274182240,20312867,-2204516,3818907264,5745533470
141,68382137,18935173,1225197,4676116660686769,358540776539929,1501107688809,137728,8771,559,73184,1291,23,35232,40,0,225952,14390,916,118464,2089,37,-3648,-4,0,8031207104,-2232863105,1683351540,-496810016,-56263282,3359661,72216000,-545976,0,12021625216,-3024879943,1558211757,-335508704,-51825788,5427283,-45401760,188564,0,7003651926,10127836625
142,127846120,68382137,18935173,16344630399054400,4676116660686769,358540776539929,212032,25246,3006,137728,8771,559,73184,1291,23,293184,34908,4156,225952,14390,916,118464,2089,37,12239930496,-6298573386,8603680812,-940291488,-383907737,81649783,284241600,-24976595,4403730,15523015552,-7259654918,6796103610,-643220768,-358024285,134359074,177941280,-24925353,3205492,13566157215,14348799684
143,163995373,127846120,68382137,26894482365409129,16344630399054400,4676116660686769,273984,41846,6391,212032,25246,3006,137728,8771,559,304736,46543,7109,293184,34908,4156,225952,14390,916,15647989312,-10216915681,17285941185,-1350868096,-1050356922,439279334,538131360,-170344591,107816575,16012985088,-9517940593,10897236693,-775662592,-835195106,609731672,341376000,-172101954,79846671,21230672476,16640275879
144,154812653,163995373,127846120,23966957528898409,26894482365409129,16344630399054400,302176,43568,6282,273984,41846,6391,212032,25246,3006,259264,37381,5390,304736,46543,7109,293184,34908,4156,17083712768,-10418939977,16060240182,-1614465184,-1645982947,934416717,770230080,-468719254,543598586,13466763712,-7447962469,7425350718,-711411104,-1044853201,1043312051,407463360,-404333012,340194050,21244090971,13074524105
145,105702525,154812653,163995373,11173023791375625,23966957528898409,26894482365409129,281952,27756,2732,302176,43568,6282,273984,41846,6391,169536,16690,1643,259264,37381,5390,304736,46543,7109,15776042496,-6497153830,6576030495,-1644678816,-1620722791,918917806,916349280,-739385514,1074560850,8614600128,-3161670198,1787365236,-483061856,-755564497,791426338,366436800,-511956347,523202804,14759959976,7170778408
146,46438657,105702525,154812653,2156548863963649,11173023791375625,23966957528898409,210048,9084,393,281952,27756,2732,302176,43568,6282,58592,2534,110,169536,16690,1643,259264,37381,5390,11599104064,-2068654778,872354118,-1406570784,-972709282,399823334,928816320,-733079604,981134716,2721611136,-384008922,-2737893,-166655712,-267638310,241469427,238192800,-378152273,329174824,9600218104,2331255077
147,11131600,46438657,105702525,123912518560000,2156548863963649,11173023791375625,96000,995,10,210048,9084,393,281952,27756,2732,-46720,-484,-5,58592,2534,110,169536,16690,1643,5134393600,-211570847,17653455,-928087648,-293765678,57549469,789572160,-443400676,393736325,-2768271360,127175315,-16109490,141601312,247782,16224112,65918880,-141303994,61934283,4516080160,-2512583160
148,16382953,11131600,46438657,268401149000209,123912518560000,2156548863963649,-39776,-607,-9,96000,995,10,210048,9084,393,-123264,-1881,-29,-46720,-484,-5,58592,2534,110,-2451101568,171978252,-35405913,-294152320,-25783835,1466500,516104160,-135406148,50700559,-6638443712,406037006,-54399435,353200000,22871573,-729825,-97142400,-5305310,-5728349,-2201600313,-6019640452
149,52741684,16382953,11131600,2781685231155856,268401149000209,123912518560000,-170880,-8394,-412,-39776,-607,-9,96000,995,10,-157504,-7737,-380,-123264,-1881,-29,-46720,-484,-5,-9685531520,2017907079,-1068738252,374174816,33999174,-1310671,157603200,-12306151,923515,-8209930752,1553850327,-541489428,413447456,51328592,-4251343,-203155200,10066224,-1049295,-8183278810,-6931183419
150,93469466,52741684,16382953,8736541074325156,2781685231155856,268401149000209,-271328,-23619,-2056,-170880,-8394,-412,-39776,-607,-9,-148640,-12939,-1126,-157504,-7737,-380,-123264,-1881,-29,-15148665664,5503850538,-4884515982,949328576,316746933,-60259236,-217192320,14723863,-2405764,-7498045760,2409673452,-1117925880,315916480,161619159,-55787828,-223888800,24285449,-2936710,-13528389056,-5987090438
151,112701389,93469466,52741684,12701603082529321,8736541074325156,2781685231155856,-322144,-33813,-3549,-271328,-23619,-2056,-170880,-8394,-412,-107840,-11319,-1188,-148640,-12939,-1126,-157504,-7737,-380,-17829993472,7737270648,-7991225892,1327906560,817122048,-300922204,-536842560,143012406,-65592576,-5155503040,1848673854,-375585399,103432768,189849678,-165536982,-158221440,80336493,-24658904,-16699265042,-3657212972
152,100184474,112701389,93469466,10036928830656676,12701603082529321,8736541074325156,-315680,-29454,-2748,-322144,-33813,-3549,-271328,-23619,-2056,-54176,-5055,-472,-107840,-11319,-1188,-148640,-12939,-1126,-17355319360,6645084585,-5926687800,1455184160,1109311566,-519649125,-744370080,373122963,-291119146,-2240765888,542602857,630300876,-146600736,55675908,-175029870,-32098080,102579555,-33812310,-15254442237,-1297147688
153,64659933,100184474,112701389,4180906935564489,10036928830656676,12701603082529321,-257184,-15487,-933,-315680,-29454,-2748,-322144,-33813,-3549,-8256,-497,-30,-54176,-5055,-472,-107840,-11319,-1188,-14057901312,3451397924,-1936338678,1334881344,925968363,-402488396,-810680640,510273357,-467001861,133129152,-194911354,481885713,-345797120,-95631495,-69907088,110148960,46127031,29180283,-11451889899,94224082
154,26172130,64659933,100184474,684980388736900,4180906935564489,10036928830656676,-163104,-3976,-97,-257184,-15487,-933,-315680,-29454,-2748,14048,342,8,-8256,-497,-30,-54176,-5055,-472,-8871632192,876823386,-194834664,1024052064,468735854,-136688409,-739566240,428558754,-340549460,1137098304,-154395742,72967485,-422553696,-115104856,-4651032,219179040,-26995509,74481628,-7485100907,780025622
155,3174077,26172130,64659933,10074764801929,684980388736900,4180906935564489,-56672,-168,0,-163104,-3976,-97,-257184,-15487,-933,6208,18,0,14048,342,8,-8256,-497,-30,-3079518976,36978894,0,615332288,116396982,-14213953,-564310080,218171799,-109500939,467527744,-7312506,0,-343669376,-43637494,1145526,256068000,-44406335,40378209,-2780663985,326093768
156,2147450,3174077,26172130,4611541502500,10074764801929,684980388736900,38176,76,0,-56672,-168,0,-163104,-3976,-97,-27232,-54,0,6208,18,0,14048,342,8,2022134848,-15824382,0,211455648,4888386,0,-337343520,54454384,-10861717,-1573199936,13498642,0,-124619168,-1950306,0,204049440,-17965918,5486115,1928903647,-1494701131
157,15323620,2147450,3174077,234813329904400,4611541502500,10074764801929,102144,1458,21,38176,76,0,-56672,-168,0,-72512,-1035,-15,-27232,-54,0,6208,18,0,5411234432,-303596955,34450461,-101667392,-1826442,0,-115800000,2289120,0,-4190151936,258750261,-43084881,174418944,2257858,0,73764960,-808746,0,4925083224,-3724853540
158,27299529,15323620,2147450,745264283621841,234813329904400,4611541502500,124800,3173,81,102144,1458,21,38176,76,0,-111264,-2829,-72,-72512,-1035,-15,-27232,-54,0,6560013120,-649340532,124640424,-272641472,-35046801,3080883,53458080,-883492,0,-6356975232,691236566,-195271533,465302336,43286805,-2191941,-99478560,1006990,0,5783280210,-5453084569
159,26575690,27299529,15323620,706267298976100,745264283621841,234813329904400,105888,2621,65,124800,3173,81,102144,1458,21,-126496,-3131,-77,-111264,-2829,-72,-72512,-1035,-15,5493068224,-520717798,88820823,-293013984,-71431026,11887281,143405760,-16952238,1727868,-7145529408,747464732,-196232877,657482400,111498848,-10526742,-265409280,19305063,-2724858,4836794910,-6084672122
160,14229925,26575690,27299529,202490765505625,706267298976100,745264283621841,54240,719,10,105888,2621,65,124800,3173,81,-107840,-1429,-19,-126496,-3131,-77,-111264,-2829,-72,2716056320,-131604182,9496761,-191838976,-52337392,9544443,151071840,-34980749,5999877,-6009894720,331736048,-44902674,683812672,115923902,-11263691,-373242240,50073917,-12148659,2481407942,-5269905445
161,3186322,14229925,26575690,10152647887684,202490765505625,706267298976100,-15392,-46,0,54240,719,10,105888,2621,65,-55008,-163,0,-107840,-1429,-19,-126496,-3131,-77,-965086656,13436221,0,-22123040,-9571388,1470336,93999840,-26261805,3911214,-2967836864,35315693,0,519222560,48901718,-2781007,-386002080,52465747,-11975876,-910225278,-2712690109
162,7776904,3186322,14229925,60480235825216,10152647887684,202490765505625,-86464,-626,-5,-15392,-46,0,54240,719,10,22080,160,1,-55008,-163,0,-107840,-1429,-19,-4669775232,135958130,-9700659,157722752,2748247,0,2308800,-5313775,265473,1401576320,-47898842,4969761,188677952,4503341,0,-290700000,22363053,-2671237,-4385786264,1280820348
163,31403957,7776904,3186322,986208515257849,60480235825216,10152647887684,-144608,-4229,-124,-86464,-626,-5,-15392,-46,0,106048,3102,91,22080,160,1,-55008,-163,0,-7653132544,878627391,-202006833,300311680,17434922,-732839,-91830240,1183634,0,6117208384,-772725143,259400700,-239618816,-10054790,145143,-102424800,2126367,0,-6750144829,5254057045
164,62299730,31403957,7776904,3881256358072900,986208515257849,60480235825216,-180128,-10451,-606,-144608,-4229,-124,-86464,-626,-5,177056,10273,596,106048,3102,91,22080,160,1,-9430910144,2119920734,-899091420,379987488,100816023,-18192546,-163247040,8221546,-532262,10074023488,-2488979792,1578835302,-672049952,-128553149,13298707,139776960,-4312776,350868,-7903027621,8512389656
165,81454141,62299730,31403957,6634777086047881,3881256358072900,986208515257849,-189120,-14347,-1088,-180128,-10451,-606,-144608,-4229,-124,218272,16558,1256,177056,10273,596,106048,3102,91,-9828205120,2861787989,-1505869752,393790336,227256812,-88950182,-199412160,48839417,-10088499,12344334336,-3962481349,3217051584,-1013591232,-395895326,87155704,383071200,-57392426,16370995,-8100851159,10618623486
166,76736420,81454141,62299730,5888478154416400,6634777086047881,3881256358072900,-172864,-12354,-883,-189120,-14347,-1088,-180128,-10451,-606,220672,15771,1127,218272,16558,1256,177056,10273,596,-8935374592,2434410843,-1159413381,356172832,291362549,-159750288,-200511840,112050163,-42193130,12438444416,-3748294293,2832305655,-1191270880,-617133391,183722216,574277280,-178282329,97532206,-7303246844,10391300880
167,51674762,76736420,81454141,2670281027756644,5888478154416400,6634777086047881,-136288,-6559,-316,-172864,-12354,-883,-189120,-14347,-1088,185312,8918,429,220672,15771,1127,218272,16558,1256,-7019031104,1281737569,-399958887,288122432,238185393,-129679777,-176039520,145679079,-67012296,10425185216,-2111126353,1066413660,-1171934016,-576794517,164878209,672880320,-279072050,196650632,-5837997111,8387081101
168,21892680,51674762,76736420,479289437582400,2670281027756644,5888478154416400,-85824,-1750,-36,-136288,-6559,-316,-172864,-12354,-883,122688,2502,51,185312,8918,429,220672,15771,1127,-4406458752,339561816,-44325945,207113472,121883713,-46415654,-138370560,120424638,-49325818,6892113024,-590511700,125863812,-968443072,-322576051,62767493,660751680,-261460215,172069980,-3895913090,5770574951
169,3184045,21892680,51674762,10138142562025,479289437582400,2670281027756644,-28064,-83,0,-85824,-1750,-36,-136288,-6559,-316,49728,147,0,122688,2502,51,185312,8918,429,-1419075072,15546276,0,119824128,31490460,-5288442,-97024800,62129291,-16445261,2778257344,-34303586,0,-633373056,-89743744,7462299,545420640,-146432202,64553885,-1308843420,2491841580
170,1171405,3184045,21892680,1372189674025,10138142562025,479289437582400,31136,34,0,-28064,-83,0,-85824,-1750,-36,-15168,-17,0,49728,147,0,122688,2502,51,1665220608,-7220461,0,22182368,1255686,0,-54717120,16170118,-1773555,-898669504,4448203,0,-244827616,-5106344,0,356408640,-40783462,7600611,1641117644,-820929472
171,10508788,1171405,3184045,110434625228944,1372189674025,10138142562025,86656,848,8,31136,34,0,-28064,-83,0,-57024,-558,-5,-15168,-17,0,49728,147,0,4600933248,-177444714,13540143,-95376608,-877183,0,-7657920,672971,0,-3309535232,140721566,-14944248,114613984,795379,0,137300640,-2330435,0,4333789937,-2933378346
172,22059496,10508788,1171405,486621363774016,110434625228944,1372189674025,133952,2752,57,86656,848,8,31136,34,0,-68160,-1400,-29,-57024,-558,-5,-15168,-17,0,7157448576,-583959400,100333383,-239249344,-20753046,1173474,51099840,-418982,0,-4024789120,365376184,-92852421,377113664,23857286,-730373,-65922720,350421,0,6465674501,-3417597079
173,30147589,22059496,10508788,908877122512921,486621363774016,110434625228944,168480,4730,133,133952,2752,57,86656,848,8,-49856,-1400,-39,-68160,-1400,-29,-57024,-558,-5,9083813120,-1023520450,250813029,-405186560,-70798744,8359187,126446400,-10005560,691809,-3103988928,404376410,-157698177,504489088,65098840,-4233259,-215460480,10613366,-955289,7960612231,-2497758429
174,33921290,30147589,22059496,1150653915264100,908877122512921,486621363774016,186016,5877,186,168480,4730,133,133952,2752,57,-11552,-365,-12,-49856,-1400,-39,-68160,-1400,-29,10128018368,-1298819620,375546564,-573088736,-130132810,19496915,216745920,-33833312,5240534,-1052856896,196988934,-133047378,493725920,81704150,-5677565,-289884480,28699032,-6038908,8709173823,-686387191
175,33766778,33921290,30147589,1140195296501284,1150653915264100,908877122512921,183136,5759,181,186016,5877,186,168480,4730,133,32224,1013,32,-11552,-365,-12,-49856,-1400,-39,10070176448,-1299767096,390898608,-709677312,-173228194,27254706,310820160,-61487730,13575332,1343324992,-111563722,-39641409,374403904,60286320,-1707192,-287120160,35258080,-10769666,8568564922,1362471147
176,28778273,33766778,33921290,828188996862529,1140195296501284,1150653915264100,158464,4247,114,183136,5759,181,186016,5877,186,66016,1769,47,32224,1013,32,-11552,-365,-12,8800089152,-978668948,261841971,-775813056,-181256858,26510085,389491680,-80955997,20984622,3243968128,-309377926,30244038,197488384,17959844,4738010,-223059360,24591197,-10132794,7482222651,2976419521
177,18490226,28778273,33766778,341888457531076,828188996862529,1140195296501284,113632,1957,34,158464,4247,114,183136,5759,181,77600,1336,23,66016,1769,47,32224,1013,32,6379095616,-461236237,83326587,-738753504,-142248014,16689604,429892320,-83875687,22473489,3978084160,-258306431,27493974,21210016,-17411128,6917347,-125436000,4934091,-4800247,5505364174,3632685782
178,6455690,18490226,28778273,41675933376100,341888457531076,828188996862529,53728,323,2,113632,1957,34,158464,4247,114,61024,367,2,77600,1336,23,66016,1769,47,3071428544,-79014814,5278554,-583280000,-69919849,4975140,412589280,-65243311,15416383,3209215552,-75187984,2948070,-103564992,-23646977,3379115,-26169600,-10649337,86749,2712229927,2976410596
179,476816,6455690,18490226,227353497856,41675933376100,341888457531076,-12928,-6,0,53728,323,2,113632,1957,34,17920,8,0,61024,367,2,77600,1336,23,-665035264,1175614,0,-318833856,-12769996,292478,328089120,-31790993,5020071,1007563520,-1896102,0,-144474368,-8297314,293574,46597920,-12189204,1066517,-693852826,888664543
180,7526312,476816,6455690,56645372321344,227353497856,41675933376100,-76352,-535,-4,-12928,-6,0,53728,323,2,-43328,-304,-2,17920,8,0,61024,367,2,-4266257536,124884343,-9391866,19041920,112822,0,181043040,-5732835,325712,-2191869824,57007805,-1782828,-93205632,-290346,0,74591520,-4059959,137700,-3955974400,-2159471564
181,27494569,7526312,476816,755951324495761,56645372321344,227353497856,-126720,-3245,-83,-76352,-535,-4,-12928,-6,0,-109984,-2816,-72,-43328,-304,-2,17920,8,0,-7167055040,776643197,-212651160,376328832,18600475,-585504,-8839680,57358,0,-5716152192,561803935,-99721689,34995712,4627763,-294122,52475520,-131744,0,-6217501522,-5162396817
182,51645337,27494569,7526312,2667240833843569,755951324495761,56645372321344,-156832,-7543,-363,-126720,-3245,-83,-76352,-535,-4,-168192,-8090,-389,-109984,-2816,-72,-43328,-304,-2,-8942941056,1835753705,-973205697,691937696,120980585,-12140851,-211064640,8487899,-557418,-8825256256,1649074919,-588547761,207519520,57229777,-10571678,-12273600,2476164,-43694,-7482749777,-7520392609
183,67763057,51645337,27494569,4591831893985249,2667240833843569,755951324495761,-163712,-10332,-652,-156832,-7543,-363,-126720,-3245,-83,-206368,-13024,-822,-168192,-8090,-389,-109984,-2816,-72,-9405166016,2552822908,-1819854174,913097248,294182921,-53077633,-390848160,54706201,-13000015,-10893590144,2690542356,-1310702340,382717792,179352245,-57093019,-102608640,28610076,-4440167,-7867136720,-9087211841
184,68020889,67763057,51645337,4626841340350321,4591831893985249,2667240833843569,-149344,-9461,-599,-163712,-10332,-652,-156832,-7543,-363,-217600,-13785,-873,-206368,-13024,-822,-168192,-8090,-389,-8646342272,2374269570,-1740565077,1007634592,419265484,-95301248,-517881600,132285123,-60338806,-11539337920,2876829088,-1446470709,520387872,303943788,-120612334,-196268640,88093702,-28004728,-7126974234,-9541439881
185,53453293,68020889,67763057,2857254532543849,4626841340350321,4591831893985249,-119904,-5969,-297,-149344,-9461,-599,-163712,-10332,-652,-200896,-10001,-498,-217600,-13785,-873,-206368,-13024,-822,-7001353472,1523650742,-900972090,971109600,399526692,-87522085,-573399840,187639276,-114172622,-10694328768,2104781452,-851176251,589890464,334083550,-128069975,-271401600,147827632,-64585210,-5595493799,-8832978706
186,32197225,53453293,68020889,1036661297700625,2857254532543849,4626841340350321,-84096,-2522,-76,-119904,-5969,-297,-149344,-9461,-599,-160928,-4826,-145,-200896,-10001,-498,-217600,-13785,-873,-4955939008,655605692,-240785901,826008224,263010488,-43377909,-554327040,177985301,-110429566,-8593839744,1022731576,-253935924,576406624,249890242,-73044852,-310964640,161355409,-72984872,-3982249719,-7294386181
187,13588130,32197225,53453293,184637276896900,1036661297700625,2857254532543849,-50656,-641,-8,-84096,-2522,-76,-119904,-5969,-297,-106528,-1348,-17,-160928,-4826,-145,-200896,-10001,-498,-3007028288,169024741,-26357805,614758432,116166704,-11095258,-472946880,116615905,-57815835,-5700161344,286920703,-30302184,482876576,123593332,-21265209,-306237600,120030777,-43734903,-2558678284,-5088279852
188,2978365,13588130,32197225,8870658073225,184637276896900,1036661297700625,-26272,-73,0,-50656,-641,-8,-84096,-2522,-76,-48576,-135,0,-106528,-1348,-17,-160928,-4826,-145,-1544403456,18884220,0,387272832,30544537,-1167446,-353035680,51263098,-15620263,-2592029248,28561034,0,328511936,35054761,-2492913,-258042240,59109354,-13226457,-1426262158,-2414553773
189,197928,2978365,13588130,39175493184,8870658073225,184637276896900,-14016,-3,0,-26272,-73,0,-50656,-641,-8,2496,0,0,-48576,-135,0,-106528,-1348,-17,-759439488,666675,0,189048544,3323106,0,-222869280,13431789,-1725875,168067968,-59151,0,144185632,3436760,0,-176151840,16720832,-1593477,-777564529,154606724
190,1622594,197928,2978365,2632811288836,39175493184,8870658073225,-13216,-20,0,-14016,-3,0,-26272,-73,0,38560,58,0,2496,0,0,-48576,-135,0,-633903808,3300914,0,50597376,89991,0,-108480960,1468273,0,2134913600,-13283390,0,-34591104,-25185,0,-76944480,1645367,0,-686928214,2011714808
191,3396865,1622594,197928,11538691828225,2632811288836,39175493184,-20512,-65,0,-13216,-20,0,-14016,-3,0,55296,175,1,38560,58,0,2496,0,0,-994187136,10994150,582621,-16339840,113030,0,-27616320,41943,0,3065060288,-40170980,2056656,-174727104,-1907726,0,20318400,-9948,0,-1026411552,2870619586
192,3688106,3396865,1622594,13602125867236,11538691828225,2632811288836,-31712,-109,0,-20512,-65,0,-13216,-20,0,52640,181,1,55296,175,1,38560,58,0,-1611601856,20653748,582621,-17309024,480680,-274,12519840,87292,0,2945498560,-42371878,2056656,-253322528,-5795150,146513,97364640,-877218,0,-1594586973,2742699595
193,3015730,3688106,3396865,9094627432900,13602125867236,11538691828225,-43744,-123,0,-31712,-109,0,-20512,-65,0,34272,96,0,52640,181,1,55296,175,1,-2310100032,25440843,0,31349440,1750178,-274,14584320,328465,47003,1970138816,-23758791,0,-262710528,-6344512,146513,141284640,-2662215,115853,-2236600057,1816209776
194,3099185,3015730,3688106,9604947664225,9094627432900,13602125867236,-55936,-161,0,-43744,-123,0,-31712,-109,0,6688,19,0,34272,96,0,52640,181,1,-3038252608,35403602,0,111068032,2883711,0,-12436320,923733,47003,492059264,-7396712,0,-211900736,-3912297,0,147475680,-2892005,115853,-2900362847,413549047
195,5310513,3099185,3015730,28201548323169,9604947664225,9094627432900,-70176,-347,-2,-55936,-161,0,-43744,-123,0,-22656,-112,-1,6688,19,0,34272,96,0,-3882196608,79320379,-4695933,207717728,4670012,0,-57987360,1401327,0,-1077446208,18047401,-891414,-125201184,-1921538,0,120614880,-1750044,0,-3651770455,-1068548107
196,10039396,5310513,3099185,100789472044816,28201548323169,9604947664225,-89920,-841,-8,-70176,-347,-2,-55936,-161,0,-46848,-438,-4,-22656,-112,-1,6688,19,0,-5014897920,195527271,-18783732,315519264,11349199,-292752,-113699040,2187937,0,-2353220224,80752553,-3565656,-35216544,446599,-147061,74017920,-799515,0,-4623089773,-2237731928
197,17305474,10039396,5310513,299479430364676,100789472044816,28201548323169,-118176,-1905,-31,-89920,-841,-8,-70176,-347,-2,-61280,-988,-16,-46848,-438,-4,-22656,-112,-1,-6590097088,442819021,-73078272,435810112,28904487,-1171008,-175708800,5222799,-278709,-3076893120,181997415,-14845245,24809920,6078491,-588244,25800480,415220,-21847,-5927577458,-2853246930
198,27649800,17305474,10039396,764511440040000,299479430364676,100789472044816,-155328,-4000,-103,-118176,-1905,-31,-89920,-841,-8,-64704,-1666,-43,-61280,-988,-16,-46848,-438,-4,-8625922944,921748522,-236888271,572245120,65438545,-4537519,-244120320,13210429,-1114836,-3179467392,291358850,-28426245,31470656,13644561,-2352702,-5426880,3334922,-87388,-7539941274,-2875951618
199,41689089,27649800,17305474,1737980141649921,764511440040000,299479430364676,-197856,-7682,-298,-155328,-4000,-103,-118176,-1905,-31,-59520,-2311,-90,-64704,-1666,-43,-61280,-988,-16,-10935673728,1752698437,-665319378,724123776,133974070,-15079057,-320523360,29910013,-4343491,-2799944640,362095981,-11477982,-20812032,16395002,-6328281,-6507360,7496248,-396555,-9300232718,-2459479619
200,57896660,41689089,27649800,3352023239155600,1737980141649921,764511440040000,-238016,-12834,-692,-197856,-7682,-298,-155328,-4000,-103,-51328,-2768,-149,-59520,-2311,-90,-64704,-1666,-43,-13109331968,2906612306,-1510016481,881875680,249837799,-43636214,-404418240,61448456,-13953988,-2261596544,362070822,96731988,-116391264,4832677,-13267822,25663680,10028346,-140370,-10981582650,-1892068487
201,71047204,57896660,41689089,5047705196217616,3352023239155600,1737980141649921,-265536,-17570,-1163,-238016,-12834,-692,-197856,-7682,-298,-47360,-3134,-207,-51328,-2768,-149,-59520,-2311,-90,-14602586368,3966286328,-2512493475,1025012032,408218858,-101346170,-490757760,115065318,-38754464,-1982520960,350025460,251860431,-219587904,-24709734,-22020045,82153440,6836579,3580124,-12231355701,-1554382609
202,74167745,71047204,57896660,5500854398385025,5047705196217616,3352023239155600,-270112,-18658,-1289,-265536,-17570,-1163,-238016,-12834,-692,-54656,-3775,-261,-47360,-3134,-207,-51328,-2768,-149,-14868942976,4220705725,-2803093665,1126008640,553357220,-170337901,-568778880,188610842,-87173723,-2370407488,471019589,214211253,-283845184,-53489552,-30646853,142618560,-3858136,15263979,-12409644718,-1899133832
203,64371793,74167745,71047204,4143727734034849,5500854398385025,5047705196217616,-244704,-14670,-879,-270112,-18658,-1289,-265536,-17570,-1163,-77696,-4658,-279,-54656,-3775,-261,-47360,-3134,-207,-13534271872,3351882536,-1970351883,1156876064,591375151,-188783743,-623996160,256038514,-144466660,-3685791168,745875660,-61683165,-263303328,-43395235,-38593079,180498240,-14445666,30682918,-11105698053,-3150154823
204,47980930,64371793,74167745,2302169643664900,4143727734034849,5500854398385025,-188448,-8421,-376,-244704,-14670,-879,-270112,-18658,-1289,-116704,-5215,-233,-77696,-4658,-279,-54656,-3775,-261,-10551917504,1974180880,-909053349,1097907424,479159900,-128708481,-641650560,273375398,-161602300,-5942860992,992866518,-260135352,-127924576,16571376,-41117973,169612320,-9091653,30349234,-8568308592,-5171731098
205,38580101,47980930,64371793,1488424193170201,2302169643664900,4143727734034849,-107968,-3879,-139,-188448,-8421,-376,-244704,-14670,-879,-166880,-5996,-215,-116704,-5215,-233,-77696,-4658,-279,-6272574784,980233907,-411138699,946107776,296384662,-55025046,-611306880,220547198,-114948624,-8864558080,1255978857,-361196721,124698688,85740060,-34240553,92786400,16477778,8992650,-5021720490,-7675320921
206,47013930,38580101,47980930,2210309614044900,1488424193170201,2302169643664900,-16608,-727,-32,-107968,-3879,-139,-188448,-8421,-376,-218784,-9579,-419,-166880,-5996,-215,-116704,-5215,-233,-1403237184,350426718,-309931191,718985120,166694783,-20306397,-531337440,135026941,-54512427,-11905280832,2114359016,-843094992,464008608,147297807,-31538381,-51383520,44986879,-9320621,-948191077,-10069966036
207,70652818,47013930,38580101,4991820691341124,2210309614044900,1488424193170201,67936,4470,294,-16608,-727,-32,-107968,-3879,-139,-260256,-17125,-1127,-218784,-9579,-419,-166880,-5996,-215,3117709248,-655692125,-51957003,452215296,102223524,-4573610,-410938080,74115035,-26209212,-14361069248,3893738115,-2489141886,829347648,281238098,-61397715,-245474880,70967312,-18374978,2596893073,-12100167534
208,92175905,70652818,47013930,8496397462569025,4991820691341124,2210309614044900,127712,10964,941,67936,4470,294,-16608,-727,-32,-279424,-23987,-2059,-260256,-17125,-1127,-218784,-9579,-419,6337250176,-1963523221,735696657,193744064,9677785,43383620,-268878240,41928151,-23401553,-15543103552,5546688263,-4782901065,1141683584,551224275,-165039595,-454885920,131513267,-47038311,5105877439,-13621859054
209,91699877,92175905,70652818,8408867441815129,8496397462569025,4991820691341124,148928,12719,1086,127712,10964,941,67936,4470,294,-267808,-22871,-1953,-279424,-23987,-2059,-260256,-17125,-1127,7521757504,-2375532268,1095669603,-6968544,-127516243,138432899,-130430880,-5708570,-18911599,-14957169664,5333288498,-4649375574,1322661728,811580819,-301412433,-634504800,254247145,-144385213,6090791902,-12965069494
210,64052770,91699877,92175905,4102757344672900,8408867441815129,8496397462569025,125472,7485,447,148928,12719,1086,127712,10964,941,-223264,-13319,-795,-267808,-22871,-1953,-279424,-23987,-2059,6342456256,-1400743402,456141537,-110790048,-189529798,159648240,-21728640,-73746792,12238496,-12472356672,3107396520,-1895473107,1314600032,792837392,-285842325,-739569120,371718871,-282771150,5173945849,-10089459559
211,25922305,64052770,91699877,671965896513025,4102757344672900,8408867441815129,60448,1459,35,125472,7485,447,148928,12719,1086,-151296,-3653,-88,-223264,-13319,-795,-267808,-22871,-1953,2956293504,-252200074,20712312,-97523584,-112714540,65709141,36468960,-101984103,34019499,-8396163008,840555028,-201377463,1098271168,462366618,-116355357,-737073600,361935655,-277306167,2548781115,-6965147126
212,5192552,25922305,64052770,26962596272704,671965896513025,4102757344672900,-34112,-165,-1,60448,1459,35,125472,7485,447,-64448,-312,-2,-151296,-3653,-88,-223264,-13319,-795,-2008402816,42818829,-3221898,30384224,-13098688,5152067,33243360,-60481981,14418906,-3440653184,66080895,-3530691,700769312,121827346,-12883554,-615877920,211033199,-113113476,-1959187997,-3086348073
213,19630125,5192552,25922305,385341807515625,26962596272704,671965896513025,-140352,-2566,-47,-34112,-165,-1,60448,1459,35,20064,367,7,-64448,-312,-2,-151296,-3653,-88,-7615989696,562993211,-92584485,247898112,7568745,-145965,-30562560,-8284931,-81409,1413852672,-132150397,41779779,192614272,7973889,-293300,-391176480,55910637,-11840169,-6929188978,1176670903
214,62531716,19630125,5192552,3910215505904656,385341807515625,26962596272704,-238528,-13891,-809,-140352,-2566,-47,-34112,-165,-1,84480,4920,287,20064,367,7,-64448,-312,-2,-12828996864,2989919835,-1496622477,515388384,73891337,-6888029,-142319040,3341457,-209859,5153052800,-1367235847,1061600661,-327033888,-32550469,1012713,-102878400,3814932,-184703,-10892495256,4389597799
215,107757770,62531716,19630125,11611736995372900,3910215505904656,385341807515625,-311648,-31276,-3139,-238528,-13891,-809,-140352,-2566,-47,114976,11539,1158,84480,4920,287,20064,367,7,-16751245504,6722794637,-5781168066,786777280,375384927,-118607655,-281792160,34658274,-5116070,6983750848,-3180923167,4210454967,-753540032,-264200185,41827565,192813120,-13639883,3020112,-15018314337,7219563345
216,129762874,107757770,62531716,16838403468739876,11611736995372900,3910215505904656,-348960,-42172,-5097,-311648,-31276,-3139,-238528,-13891,-809,105376,12735,1539,114976,11539,1158,84480,4920,287,-18809824960,9120576705,-9586121913,1019825856,841316267,-460221599,-425249280,177895351,-80235216,6544404288,-3661540699,6134812821,-1002586112,-608697403,168801968,436509120,-114849076,71275238,-18202038789,7968130145
217,121673341,129762874,107757770,14804401910102281,16838403468739876,11611736995372900,-348000,-39434,-4469,-348960,-42172,-5097,-311648,-31276,-3139,59072,6694,759,105376,12735,1539,114976,11539,1158,-18862530560,8631235052,-8748986325,1183257856,1158123159,-747198447,-550710240,399006432,-309233093,4014582336,-2265094328,4164735153,-1030911040,-736045735,224086929,580253280,-265037975,281700191,-17847036166,4968268811
218,96381746,121673341,129762874,9289440962008516,14804401910102281,16838403468739876,-313952,-28181,-2530,-348000,-39434,-4469,-348960,-42172,-5097,-11360,-1020,-92,59072,6694,759,105376,12735,1539,-17163798976,6282634065,-5256940812,1261401632,1126705568,-654974563,-641528160,547377472,-518165124,92551360,-328975277,1284818778,-847469600,-531848348,109978861,599254560,-317890387,417872058,-15017288898,478292005
219,72308900,96381746,121673341,5228577019210000,9289440962008516,14804401910102281,-257728,-17356,-1169,-313952,-28181,-2530,-348000,-39434,-4469,-87296,-5879,-396,-11360,-1020,-92,59072,6694,759,-14267017984,3972853343,-2634948780,1252357440,853908357,-370652682,-688768320,529129450,-482071780,-4180271488,964252523,-133351827,-510793088,-205982555,-14172416,498215520,-224351958,297988834,-11835210956,-3508466455
220,57753512,72308900,96381746,3335468148334144,5228577019210000,9289440962008516,-192448,-10351,-557,-257728,-17356,-1169,-313952,-28181,-2530,-148672,-7997,-430,-87296,-5879,-396,-11360,-1020,-92,-10842836864,2457927824,-1396084422,1166009024,569982137,-171165193,-690234720,397380881,-297432366,-7678850176,1573042658,-559842183,-113284032,30648743,-58339454,309821280,-79187576,108259114,-8806453699,-6467731626
221,47864897,57753512,72308900,2291048364820609,3335468148334144,5228577019210000,-130048,-5797,-258,-192448,-10351,-557,-257728,-17356,-1169,-179168,-7987,-356,-148672,-7997,-430,-87296,-5879,-396,-7505771584,1445718004,-738030324,1018359168,377633762,-81489921,-649662720,262149000,-154045345,-9485213824,1660611626,-581853318,243097088,152989364,-63153208,85920960,24641803,9068719,-6025139960,-7953890790
222,34372001,47864897,57753512,1181434452744001,2291048364820609,3335468148334144,-78560,-2515,-81,-130048,-5797,-258,-192448,-10351,-557,-170368,-5454,-175,-179168,-7987,-356,-148672,-7997,-430,-4675168640,666432393,-268547811,827386592,240943474,-37702810,-574023360,171235383,-84741411,-9121717184,1162426895,-312722499,473179488,190920224,-52229320,-116174400,77482141,-23636119,-3734186190,-7722470774
223,16666850,34372001,47864897,277783888922500,1181434452744001,2291048364820609,-41120,-638,-10,-78560,-2515,-81,-130048,-5797,-258,-124000,-1925,-30,-170368,-5454,-175,-179168,-7987,-356,-2526138560,179734775,-38045190,609728992,121228785,-11819603,-471717600,107532749,-46623142,-6675569600,415203679,-55873470,529721760,142490213,-25661969,-248501760,92443395,-29116894,-2076118794,-5854864646
224,2809360,16666850,34372001,7892503609600,277783888922500,1181434452744001,-16384,-43,0,-41120,-638,-10,-78560,-2515,-81,-51072,-134,0,-124000,-1925,-30,-170368,-5454,-175,-1010303232,12197753,0,380752000,35298461,-1456910,-351131520,53247679,-17609618,-2750726656,28930319,0,413958720,52388215,-4398130,-284328480,67912634,-16467032,-899005387,-2492730410
225,954629,2809360,16666850,911316527641,7892503609600,277783888922500,-320,0,0,-16384,-43,0,-41120,-638,-10,31264,28,0,-51072,-134,0,-124000,-1925,-30,53501120,-552076,0,154653568,2414801,0,-220879200,15303178,-2568620,1707365632,-6222300,0,171474304,3658613,0,-224047200,24797817,-3005560,1872771,1674021306
226,10834865,954629,2809360,117394299568225,911316527641,7892503609600,11488,116,1,-320,0,0,-16384,-43,0,104704,1057,11,31264,28,0,-51072,-134,0,864785024,-46618969,8465487,-54050016,-235060,0,-89781120,1045527,0,5689504192,-232604653,22040595,-123277280,-839916,0,-92866560,1730866,0,683610873,5263687244
227,23852020,10834865,954629,568918858080400,117394299568225,911316527641,21824,485,11,11488,116,1,-320,0,0,154752,3438,76,104704,1057,11,31264,28,0,1542615552,-175566171,66902412,-230311776,-12353167,143499,32604960,-92848,0,8398061696,-754446805,149897025,-390640928,-30733009,1611917,67871040,-391468,0,1223942461,7441229468
228,30635001,23852020,10834865,938503286270001,568918858080400,117394299568225,30720,876,25,21824,485,11,11488,116,1,174432,4977,142,154752,3438,76,104704,1057,11,2072904000,-292800609,134148582,-359415488,-43410555,1590819,136323840,-5126808,632886,9452159616,-1088741733,277479627,-568794944,-99058111,11138002,213925920,-14393261,1227380,1644846667,8184942496
229,28095589,30635001,23852020,789362121256921,938503286270001,568918858080400,35520,929,24,30720,876,25,21824,485,11,165856,4340,114,174432,4977,142,154752,3438,76,2315458880,-292018805,115778538,-429146208,-68059287,3623917,211950720,-18181193,4846611,8973116928,-946139407,220475880,-630301920,-141941049,20811696,311021760,-46458418,8287795,1844253173,7768873265
230,19777661,28095589,30635001,391155874630921,789362121256921,938503286270001,32320,595,11,35520,929,24,30720,876,25,138592,2553,47,165856,4340,114,174432,4977,142,2078888000,-182561376,50006403,-432815264,-64301513,3485076,252125280,-28751088,9570751,7492093696,-555608810,90254001,-588149920,-122388025,16709058,344056320,-66678621,15276051,1685646269,6625563750
231,11299457,19777661,28095589,127677728494849,391155874630921,789362121256921,17632,186,2,32320,595,11,35520,929,24,106112,1117,12,138592,2553,47,165856,4340,114,1203369856,-63357739,11104764,-372025248,-39280650,1598765,253359840,-27379789,8138814,5752417216,-244557963,23514630,-486799520,-71587316,6889125,320420160,-57596976,12079170,975528613,5254778526
232,6523712,11299457,19777661,42558818258944,127677728494849,391155874630921,-9728,-59,0,17632,186,2,32320,595,11,81152,493,3,106112,1117,12,138592,2553,47,-346817024,3390794,1747863,-256917728,-14956657,289738,217411680,-16784443,3483524,4452007936,-110720228,6169968,-385298592,-31945179,1758704,264937920,-33720473,4928058,-409152253,4168118114
233,7176650,6523712,11299457,51504305222500,42558818258944,127677728494849,-47648,-318,-2,-9728,-59,0,17632,186,2,71264,476,3,81152,493,3,106112,1117,12,-2439239744,61282258,-2365449,-105375488,-2368912,-822,151094400,-6304438,795742,3998320192,-112049106,7335210,-335730432,-15283826,439539,210423840,-15000001,1296230,-2342482453,3739751646
234,13737105,7176650,6523712,188708053781025,51504305222500,42558818258944,-90624,-1159,-15,-47648,-318,-2,-9728,-59,0,76512,979,13,71264,476,3,81152,493,3,-4773300672,238255832,-23275767,60952384,5543026,-293848,65414400,-809909,141009,4382353536,-240410278,35475843,-364000512,-16948182,438991,185648640,-7088277,347559,-4427373545,3975817320
235,24631441,13737105,7176650,606707885736481,188708053781025,51504305222500,-131040,-3006,-69,-90624,-1159,-15,-47648,-318,-2,89728,2058,47,76512,979,13,71264,476,3,-6949528960,627430764,-114526077,220349472,26547818,-2201257,-27023520,2867542,-90697,5195532864,-516608352,136863681,-460623456,-39096868,1900559,204675360,-7709444,441565,-6216174915,4515375909
236,34905545,24631441,13737105,1218397071747025,606707885736481,188708053781025,-160864,-5229,-170,-131040,-3006,-69,-90624,-1159,-15,99328,3229,105,89728,2058,47,76512,979,13,-8555769472,1098348332,-288456315,355603168,72894072,-10122275,-114262560,12957615,-1126756,5787278144,-820664718,314994450,-583992160,-86969196,6867205,261780480,-17530643,2211134,-7429934191,4863974696
237,38090673,34905545,24631441,1450899369592929,1218397071747025,606707885736481,-173856,-6167,-219,-160864,-5229,-170,-131040,-3006,-69,93696,3324,118,99328,3229,105,89728,2058,47,-9277761408,1304922267,-381658386,455679968,129746858,-24935980,-187486080,35202558,-5784716,5509330368,-860270639,370279407,-674430816,-140757768,15337285,333370080,-38740794,8688298,-7952074919,4522805421
238,31504369,38090673,34905545,992525266088161,1450899369592929,1218397071747025,-167040,-4901,-144,-173856,-6167,-219,-160864,-5229,-170,66016,1937,57,93696,3324,118,99328,3229,105,-8968523200,1050932896,-262949067,516636576,157086519,-32118679,-241681920,62399285,-14759695,3982862208,-527082842,201126816,-675308064,-151481993,17228528,385868640,-62484013,20155075,-7732977285,3190884355
239,19815749,31504369,38090673,392663908431001,992525266088161,1450899369592929,-141376,-2609,-48,-167040,-4901,-144,-173856,-6167,-219,17440,322,6,66016,1937,57,93696,3324,118,-7677844288,573436151,-95223762,538849696,130754182,-21113490,-275742720,75198443,-19825453,1272938240,-122998103,40305744,-554606560,-99248084,8311785,387540000,-66922616,23964311,-6771511241,889284717
240,11807690,19815749,31504369,139421543136100,392663908431001,992525266088161,-101536,-1117,-12,-141376,-2609,-48,-167040,-4901,-144,-42208,-464,-5,17440,322,6,66016,1937,57,-5638459328,257374013,-27592977,524049440,75558983,-7034268,-290499360,62097789,-14003661,-2073563584,81088511,-3291828,-318546144,-31561589,865926,320492160,-43332913,13372053,-5058509369,-2054477408
241,12019085,11807690,19815749,144458404237225,139421543136100,392663908431001,-54368,-609,-7,-101536,-1117,-12,-141376,-2609,-48,-96704,-1082,-12,-42208,-464,-5,17440,322,6,-3187358464,156668819,-21388044,473194752,37401929,-1756786,-286798560,35408677,-5278926,-5155462592,228439797,-20601525,-13950784,4541393,-735853,188235840,-13153326,2951262,-2799906603,-4779735788
242,16068904,12019085,11807690,258209675761216,144458404237225,139421543136100,-7360,-110,-2,-54368,-609,-7,-101536,-1117,-12,-128064,-1917,-29,-96704,-1082,-12,-42208,-464,-5,-692472960,62242239,-21009321,384463776,27351563,-1022303,-264269280,17155401,-1625251,-6974050432,423836455,-58477782,283386208,27344199,-1760074,16966560,2783212,-15229,-489186136,-6279986883
243,15677485,16068904,12019085,245783535925225,258209675761216,144458404237225,33216,485,7,-7360,-110,-2,-54368,-609,-7,-122272,-1785,-26,-128064,-1917,-29,-96704,-1082,-12,1535637568,-72584280,-751554,255433216,19392885,-285080,-220424640,12102341,-1375007,-6749984256,406234370,-57551403,489631360,56580799,-4249425,-150978720,13107998,-1061215,1527145449,-5998270492
244,9312685,15677485,16068904,86726101909225,245783535925225,258209675761216,63552,551,5,33216,485,7,-7360,-110,-2,-74144,-643,-6,-122272,-1785,-26,-128064,-1917,-29,3300869696,-109767944,6787554,85926368,436530,1032715,-152285760,7894682,-1594793,-4191635712,153754742,-15253041,538676704,57616220,-3807420,-268779840,26436817,-3265731,3139299048,-3706257261
245,6760157,9312685,15677485,45699722664649,86726101909225,245783535925225,82592,520,3,63552,551,5,33216,485,7,10048,63,0,-74144,-643,-6,-122272,-1785,-26,4531341056,-116799171,6169968,-118280864,-11130362,734209,-58473120,-861725,-411107,361016384,-3747335,-1747863,403438688,23913716,-877708,-299482560,26564345,-3341199,4232288884,505736468
246,20749618,6760157,9312685,430546647145924,45699722664649,86726101909225,91616,1770,34,82592,520,3,63552,551,5,113376,2191,42,10048,63,0,-74144,-643,-6,5258497728,-436538197,94396386,-341948512,-16127325,439539,58308960,-5571343,297247,5981000768,-451995885,66570438,106666848,2475589,822,-227833920,10816899,-930133,4611754483,5486771426
247,52420185,20749618,6760157,2747875795434225,430546647145924,45699722664649,93312,4556,222,91616,1770,34,82592,520,3,212064,10353,505,113376,2191,42,10048,63,0,5575100736,-1216587201,750801237,-560154944,-71488135,4969934,189099840,-7479028,347559,11364331392,-2210864773,909269418,-282932096,-50864277,6162862,-66256800,843517,-141009,4664609998,9669548234
248,85496050,52420185,20749618,7309574565602500,2747875795434225,430546647145924,90528,7208,574,93312,4556,222,91616,1770,34,281696,22430,1786,212064,10353,505,113376,2191,42,5581192384,-2044050110,2221081650,-741390816,-223579767,32387516,318636000,-32011726,5913128,15171722688,-4842386614,3338763162,-667282272,-272311321,74049893,147321120,-24763051,3267724,5118178259,12928381329
249,97251921,85496050,52420185,9457936138190241,7309574565602500,2747875795434225,85248,7721,699,90528,7208,574,93312,4556,222,303840,27520,2493,281696,22430,1786,212064,10353,505,5343234624,-2258411065,2890076697,-853642624,-404518226,83609098,427402080,-98027984,49455881,16392504960,-5963397043,4719991329,-945512768,-612321550,261829494,358680960,-129637597,48071099,5179178481,14130208884
250,77714036,97251921,85496050,6039471391409296,9457936138190241,7309574565602500,78208,5660,410,85248,7721,699,90528,7208,574,271040,19617,1420,303840,27520,2493,281696,22430,1786,4884479104,-1644581889,1670550780,-872091360,-462637237,101729505,495546720,-175152928,150446980,14617999360,-4247789605,2681576910,-1041768288,-760699645,365448435,512051040,-289692102,179933736,4148289675,12017059841
251,39656020,77714036,97251921,1572599922240400,6039471391409296,9457936138190241,69056,2550,94,78208,5660,410,85248,7721,699,189312,6992,258,271040,19617,1420,303840,27520,2493,4199367168,-704535014,343641882,-786436160,-334467735,59681250,507725280,-199203621,198159726,10177406336,-1503518850,475850874,-925482048,-540935449,208160800,565505280,-359154284,255966432,3283932776,8353799091
252,8860273,39656020,77714036,78504437634529,1572599922240400,6039471391409296,56864,469,4,69056,2550,94,78208,5660,410,76416,631,5,189312,6992,258,271040,19617,1420,3277556352,-116664952,11139729,-605937728,-135190190,13701530,457586880,-144182432,114243990,4042315328,-130976702,7952796,-620889536,-188331774,37826110,502154880,-255496717,145240030,2872253179,3539794415
253,3420217,8860273,39656020,11697884327089,78504437634529,1572599922240400,41088,131,0,56864,469,4,69056,2550,94,-42592,-136,0,76416,631,5,189312,6992,258,2146227904,-26429963,0,-358371104,-19365838,584682,350778240,-58837022,23016956,-2418281856,32805527,0,-199340384,-14990852,733661,335369280,-89299352,25471792,2057603855,-2327532184
254,20137837,3420217,8860273,405532479038569,11697884327089,78504437634529,22112,415,8,41088,131,0,56864,469,4,-141888,-2661,-50,-42592,-136,0,76416,631,5,884964096,-39756438,-12677802,-85925152,-2787887,0,204209280,-8649485,698427,-7795576384,599523280,-107493768,239858272,5179337,0,104498400,-7266807,391253,940075039,-6960886417
255,39617917,20137837,3420217,1569579347418889,405532479038569,11697884327089,1888,70,3,22112,415,8,41088,131,0,-201408,-7431,-274,-141888,-2661,-50,-42592,-136,0,-354134016,130961277,-153468186,164210272,9890340,1185804,43389600,-1380535,0,-10998745664,1652734165,-565271607,596026528,83305942,-7323458,-135757440,2335812,0,-159345444,-9372695722
256,43919738,39617917,20137837,1928943385988644,1569579347418889,405532479038569,-16544,-677,-28,1888,70,3,22112,415,8,-211424,-8648,-354,-201408,-7431,-274,-141888,-2661,-50,-1383036352,320958941,-263834202,348880352,60283455,514615,-103348800,3021761,-1423326,-11503658432,1908453391,-711742836,793866272,223495357,-40143740,-330027360,38579581,-6168674,-1017983556,-9627346441
257,30510845,43919738,39617917,930911662614025,1928943385988644,1569579347418889,-29536,-839,-24,-16544,-677,-28,1888,70,3,-174272,-4952,-141,-211424,-8648,-354,-201408,-7431,-274,-2007908608,284085359,-131509305,438944256,92907929,-4005368,-210421440,23662526,-12531263,-9446113216,1083915637,-276005592,800572864,253730641,-51873274,-437052000,104124931,-31884731,-1526775914,-8000584740
258,11378641,30510845,43919738,129473471006881,930911662614025,1928943385988644,-33760,-358,-4,-29536,-839,-24,-16544,-677,-28,-102528,-1087,-12,-174272,-4952,-141,-211424,-8648,-354,-2075629440,100988929,-15218076,424215968,66739523,-3477678,-260901600,38141905,-19882946,-5520163264,234499889,-22349388,631768416,141501739,-20664909,-439056480,118662756,-39695878,-1745023415,-4915497119
259,929650,11378641,30510845,864249122500,129473471006881,930911662614025,-27168,-24,0,-33760,-358,-4,-29536,-839,-24,-14624,-13,0,-102528,-1087,-12,-174272,-4952,-141,-1516243264,5589721,0,313880032,19864291,-582764,-249397440,28150891,-9407895,-736623552,2415717,0,342700960,29601329,-1759252,-344971680,66451788,-15207201,-1408146428,-657391891
260,4947458,929650,11378641,24477340661764,864249122500,129473471006881,-9824,-45,0,-27168,-24,0,-33760,-358,-4,70496,325,1,-14624,-13,0,-102528,-1087,-12,-376246592,3592100,582621,132504256,829063,0,-182113920,8609690,-1027448,3870536128,-73110390,2056656,9339008,188481,0,-185506080,14010219,-1202224,-413270230,3636311798
261,19015225,4947458,929650,361578781800625,24477340661764,864249122500,15968,283,5,-9824,-45,0,-27168,-24,0,138624,2455,43,70496,325,1,-14624,-13,0,1186337664,-111294910,35335983,-86148224,-1378510,-274,-74257440,378652,0,7530959552,-539982464,85523103,-294075456,-10126800,146513,-2653920,102169,0,948972941,6769892697
262,34728989,19015225,4947458,1206102676962121,361578781800625,24477340661764,45760,1480,48,15968,283,5,-9824,-45,0,182944,5917,191,138624,2455,43,70496,325,1,2913229760,-445558489,210000099,-307900256,-29098876,720783,53858400,-448555,47003,9882671872,-1285724165,364855488,-515851808,-71266850,6301429,162733920,-4693045,115853,2394849869,8539142694
263,46088370,34728989,19015225,2124137849256900,1206102676962121,361578781800625,73632,3161,136,45760,1480,48,15968,283,5,204384,8773,377,182944,5917,191,138624,2455,43,4483375296,-875430466,499353333,-503235936,-94068775,6980290,182125440,-12097403,2600394,10989769152,-1887254488,696122856,-637105760,-165067649,27997135,282421920,-33384927,4746664,3689602173,9278244903
264,51251344,46088370,34728989,2626700261806336,2124137849256900,1206102676962121,93184,4448,212,73632,3161,136,45760,1480,48,209280,9989,477,204384,8773,377,182944,5917,191,5561793792,-1185409913,713921289,-650560896,-168469852,19822470,293676960,-40312652,14538517,11212648960,-2132104309,857509260,-671952192,-236627086,55272665,346424640,-77817897,19871779,4558999715,9373225820
265,50745969,51251344,46088370,2575153369748961,2626700261806336,2124137849256900,98784,4669,221,93184,4448,212,73632,3161,136,205440,9709,459,209280,9989,477,204384,8773,377,5858769792,-1229000878,721944015,-735963520,-217284311,30930058,376714080,-73285209,33476139,10990319040,-2065523852,815245863,-656581504,-262299073,69944789,363051360,-112173437,37284173,4766300166,9179267359
266,45750037,50745969,51251344,2093065885501369,2575153369748961,2626700261806336,86592,3690,157,98784,4669,221,93184,4448,212,198368,8452,360,205440,9709,459,209280,9989,477,5177179456,-986658334,532638552,-751150560,-221563048,32253607,424160640,-95311012,46981267,10631948544,-1805489970,648924663,-631603104,-252044618,67310021,352803840,-124906641,45297245,4158530568,8932239980
267,37784834,45750037,50745969,1427693680407556,2093065885501369,2575153369748961,55520,1954,69,86592,3690,157,98784,4669,221,188704,6640,234,198368,8452,360,205440,9709,459,3459083840,-565148530,278242578,-690786592,-181643470,22903901,432167040,-97472333,47177890,10174943552,-1437046982,441056655,-625413152,-222557094,52787698,338545440,-120259125,42788864,2704524324,8644845856
268,28936997,37784834,45750037,837349795378009,1427693680407556,2093065885501369,7648,206,6,55520,1954,69,86592,3690,157,171968,4634,125,188704,6640,234,198368,8452,360,807856384,-137146928,85167561,-551733376,-114356938,10045281,398300640,-79616722,35110001,9370028224,-1025728948,253586274,-642448320,-182776250,34302948,336254400,-105931372,34327609,453625903,8071614565
269,21940948,28936997,37784834,481405199138704,837349795378009,1427693680407556,-51584,-1054,-22,7648,206,6,55520,1954,69,140736,2876,59,171968,4634,125,188704,6640,234,-2496396672,177519058,-10871793,-334229792,-45081812,844828,320892960,-49337114,18992559,7799592448,-659900818,134160366,-661445088,-137276728,18315769,348471840,-86354376,23866395,-2417667778,6779429808
270,20286612,21940948,28936997,411546626438544,481405199138704,837349795378009,-114048,-2155,-41,-51584,-1054,-22,7648,206,6,88128,1665,31,140736,2876,59,171968,4634,125,-6025601664,446066070,-66261645,-46494784,7472818,-3239452,199665600,-18246430,6570493,5069620224,-412494760,87643797,-643640896,-95119702,8638239,363305760,-64104858,14199607,-5500068994,4328047411
271,28345508,20286612,21940948,803467823778064,411546626438544,481405199138704,-169984,-4487,-118,-114048,-2155,-41,-51584,-1054,-22,11456,302,8,88128,1665,31,140736,2876,59,-9253081472,991169041,-238024440,291739968,50665860,-6015527,38462400,5199158,224411,1011223808,-155582129,85202526,-547653312,-68036230,4530669,358926720,-43704420,7869393,-8119660601,652777025
272,49951904,28345508,20286612,2495192713225216,803467823778064,411546626438544,-209536,-9748,-453,-169984,-4487,-118,-114048,-2155,-41,-85120,-3960,-184,11456,302,8,88128,1665,31,-11631373568,2244328620,-1038867432,646921536,132061249,-17290726,-152487360,24607915,-3292880,-4170883840,687809684,-114497391,-345666496,-46727459,1139772,311817600,-30424345,5518566,-9795392646,-3701913909
273,84690533,49951904,28345508,7172486379824089,2495192713225216,803467823778064,-224576,-17713,-1397,-209536,-9748,-453,-169984,-4487,-118,-190496,-15025,-1185,-85120,-3960,-184,11456,302,8,-12691580608,4232519350,-3563554317,973006080,325654956,-66319973,-354964800,61731315,-13294630,-9889008128,2989683404,-1623215823,-36573184,36953660,-27082514,205777920,-19101154,6473178,-11096802627,-8356092641
274,124641809,84690533,49951904,15535580550792481,7172486379824089,2495192713225216,-210304,-24412,-2834,-224576,-17713,-1397,-209536,-9748,-453,-288800,-33524,-3892,-190496,-15025,-1185,-85120,-3960,-184,-12135650752,6085949408,-8096124036,1218448224,657471736,-204353971,-543250560,149418148,-61129961,-15287624320,6968539496,-6353357238,350421856,302004290,-174000683,39296640,23040392,-24593,-12929221764,-14131704160
275,156286489,124641809,84690533,24425466643947121,15535580550792481,7172486379824089,-166656,-24257,-3531,-210304,-24412,-2834,-224576,-17713,-1397,-363680,-52935,-7705,-288800,-33524,-3892,-190496,-15025,-1185,-9922971328,6434231220,-11751147141,1336330400,1013720744,-414151434,-687962400,297468353,-217545196,-19474254720,11285205106,-13789299729,761512224,800680688,-571005112,-172297920,151328217,-71622614,-13912026782,-21079753860
276,167893796,156286489,124641809,28188326735289616,24425466643947121,15535580550792481,-98560,-15411,-2410,-166656,-24257,-3531,-210304,-24412,-2834,-402752,-62976,-9847,-363680,-52935,-7705,-288800,-33524,-3892,-6294440320,4666407267,-10693609947,1297474720,1172026554,-515226233,-761828640,452469756,-511263078,-21761694976,13690982913,-18847775022,1132629536,1384253680,-1129850159,-399834240,387748852,-317693374,-11187989921,-25861232790
277,157666330,167893796,156286489,24858671615668900,28188326735289616,24425466643947121,-15648,-2298,-337,-98560,-15411,-2410,-166656,-24257,-3531,-401504,-58956,-8657,-402752,-62976,-9847,-363680,-52935,-7705,-1765607104,1673108502,-5736843069,1099316288,990967287,-350398252,-747296160,514669577,-771235058,-21881779392,13056187434,-17608127715,1406448960,1759715727,-1443373851,-608060160,659648023,-726679772,-5093317989,-25386020746
278,134471429,157666330,167893796,18082565217302041,24858671615668900,28188326735289616,69664,8724,1093,-15648,-2298,-337,-98560,-15411,-2410,-364480,-45646,-5717,-401504,-58956,-8657,-402752,-62976,-9847,2975448832,-1038688718,-1082919249,771678976,563868726,-47002863,-641820480,424289607,-742044271,-20054371520,10315693458,-12394707105,1548221888,1749211422,-1268455379,-764977920,829364580,-1027527261,1182810560,-21067547837
279,110563049,134471429,157666330,12224187804176401,18082565217302041,24858671615668900,144224,14851,1529,69664,8724,1093,-15648,-2298,-337,-304000,-31303,-3223,-364480,-45646,-5717,-401504,-58956,-8657,7182819712,-2683062224,1266839541,371333920,121504342,161705167,-461401440,227626434,-445947432,-16922140480,7249126342,-7519429797,1553819616,1442481042,-837315339,-850583520,816643668,-987099410,5741418020,-16054497878
280,92471506,110563049,134471429,8550979421908036,12224187804176401,18082565217302041,197088,16973,1462,144224,14851,1529,69664,8724,1093,-236320,-20352,-1753,-304000,-31303,-3223,-364480,-45646,-5717,10222193344,-3370544541,1985496459,-28303200,-182696762,224901479,-237696960,29391892,-142088822,-13347625920,4857379841,-4457109870,1448332256,1063670236,-471792453,-861468960,667105510,-713705880,8500652889,-11815215240
281,78434473,92471506,110563049,6151966554787729,8550979421908036,12224187804176401,221696,16194,1183,197088,16973,1462,144224,14851,1529,-176544,-12896,-942,-236320,-20352,-1753,-304000,-31303,-3223,11701186368,-3344441218,1884195066,-355520320,-338284041,214682328,-12236160,-103831083,25648568,-10140433792,3185110698,-2626610595,1276204672,752987279,-256436701,-810238560,486893159,-445261806,9671399508,-8577785646
282,63700949,78434473,92471506,4057810903500601,6151966554787729,8550979421908036,217376,12896,765,221696,16194,1183,197088,16973,1462,-134080,-7954,-472,-176544,-12896,-942,-236320,-20352,-1753,11561759488,-2708984582,1298344728,-557850464,-377509498,173582987,174029280,-169812281,86980827,-7812602560,2021848082,-1416446697,1085115424,522789942,-137691104,-720349920,340823780,-271808695,9480540485,-6388321748
283,46812025,63700949,78434473,2191365684600625,4057810903500601,6151966554787729,189312,8253,360,217376,12896,765,221696,16194,1183,-109984,-4795,-209,-134080,-7954,-472,-176544,-12896,-942,10084499776,-1739479910,618628371,-616013280,-320067482,112211773,290844000,-183645178,92777273,-6433544832,1228293276,-639584664,910802144,346858058,-68944526,-617441280,233998280,-164738075,8339755343,-5204301619
284,30407681,46812025,63700949,924627063797761,2191365684600625,4057810903500601,147200,4169,118,189312,8253,360,217376,12896,765,-97312,-2756,-78,-109984,-4795,-209,-134080,-7954,-472,7814455360,-872115973,197240970,-548487904,-207311216,52801946,326736960,-153923512,66442129,-5646211456,694652273,-229168446,766580128,213119550,-30522577,-521118240,153968010,-90639911,6675838760,-4689340669
285,17180725,30407681,46812025,295177311525625,924627063797761,2191365684600625,102624,1642,26,147200,4169,118,189312,8253,360,-84032,-1345,-22,-97312,-2756,-78,-109984,-4795,-209,5411286272,-338374085,40655394,-405615072,-101920873,17309906,291780960,-99484973,31883453,-4820095296,331267939,-60394578,642346400,117670487,-11395682,-439182720,94405843,-41134357,4847520982,-4186511964
286,7553825,17180725,30407681,57060272130625,295177311525625,924627063797761,66016,464,3,102624,1642,26,147200,4169,118,-58112,-409,-3,-84032,-1345,-22,-97312,-2756,-78,3471767168,-95048147,4422105,-254146592,-37963799,3815366,214314720,-49147893,10004420,-3322074176,100038713,-7917831,511367456,54130555,-3216162,-366961920,52356040,-14582888,3268017348,-2996860213
287,2037620,7553825,17180725,4151895264400,57060272130625,295177311525625,43904,83,0,66016,464,3,102624,1642,26,-12608,-24,0,-58112,-409,-3,-84032,-1345,-22,2368011392,-17971467,0,-156312672,-10485053,440361,132173760,-18496782,1978112,-787907584,6969911,0,344871904,16164053,-438717,-290803680,24249317,-3770844,2299337651,-690665640
288,3903581,2037620,7553825,15237944623561,4151895264400,57060272130625,37312,136,0,43904,83,0,66016,464,3,51040,186,1,-12608,-24,0,-58112,-409,-3,2152648256,-33889962,582621,-150019648,-2288271,0,80705280,-5130940,206550,2701473280,-38652338,2056656,127152576,1416713,0,-195828960,7256853,-488568,2042813886,2604386212
289,16282760,3903581,2037620,265128273217600,15237944623561,4151895264400,41792,634,10,37312,136,0,43904,83,0,122176,1853,28,51040,186,1,-12608,-24,0,2558681216,-177426251,36879948,-236739360,-5641062,-274,81405120,-1080839,0,6574475648,-399282347,51760158,-134327072,-4437722,146513,-73991040,610772,0,2256078498,6014954910
290,35311464,16282760,3903581,1246899489823296,265128273217600,15237944623561,48960,1610,53,41792,634,10,37312,136,0,183744,6043,199,122176,1853,28,51040,186,1,3089727360,-476932081,224944347,-380162944,-34574033,1457458,134951520,-2518192,47003,9919078272,-1311161305,378395631,-405610752,-50262011,4105104,70509120,-2149490,115853,2556940438,8603020422
291,48625802,35311464,16282760,2364468620143204,1246899489823296,265128273217600,49568,2245,102,48960,1610,53,41792,634,10,217568,9853,446,183744,6043,199,122176,1853,28,3199697344,-693166726,469627878,-517211136,-99026155,7710663,220388160,-15008502,2474614,11764082624,-2145318260,857841234,-634584960,-167755921,29170609,219391680,-23804449,2773854,2575486140,9901796411
292,44541097,48625802,35311464,1983909321963409,2364468620143204,1246899489823296,36448,1512,63,49568,2245,102,48960,1610,53,210432,8729,362,217568,9853,446,183744,6043,199,2467304064,-508113893,340478130,-579432192,-150059200,14822122,301440960,-42547998,15493806,11404325056,-1909989921,707804349,-766268608,-276713666,65372746,344744640,-79148423,20563588,1859385799,9510689761
293,24804449,44541097,48625802,615260690193601,1983909321963409,2364468620143204,7424,172,4,36448,1512,63,49568,2245,102,159200,3678,85,210432,8729,362,217568,9853,446,766645312,-110741826,57749409,-515312608,-118635419,9131131,338776800,-64059893,32780344,8673557120,-813952226,172485276,-761469088,-249150573,53054968,417156960,-130310373,46876132,396333250,7408248196
294,6320898,24804449,44541097,39953751526404,615260690193601,1983909321963409,-33696,-198,-1,7424,172,4,36448,1512,63,73056,430,3,159200,3678,85,210432,8729,362,-1673560128,35522240,-308793,-310764000,-36036294,562762,302837760,-50084636,24313825,4064470848,-99460716,6752589,-611726944,-108885026,12454701,415716000,-117026357,38977597,-1707517264,3601272692
295,6692130,6320898,24804449,44784603936900,39953751526404,615260690193601,-77856,-485,-3,-33696,-198,-1,7424,172,4,-28128,-175,-1,73056,430,3,159200,3678,85,-4313853888,111229600,-6752589,3020736,2329556,-147335,185583840,-14600980,4458667,-1358718144,29326630,-308793,-346353024,-14560920,439265,335965440,-50851766,9659493,-4028732393,-1395401819
296,26259977,6692130,6320898,689586392040529,44784603936900,39953751526404,-113152,-2767,-68,-77856,-485,-3,-33696,-198,-1,-118688,-2903,-71,-28128,-175,-1,73056,430,3,-6446163136,672135026,-181218699,355343232,16017670,-439265,5021280,1342358,25156,-6222085504,590562236,-106404348,-27324864,1177900,-147335,193687200,-6668398,394562,-5577936378,-5576808551
297,45883018,26259977,6692130,2105251340788324,689586392040529,44784603936900,-128416,-5487,-234,-113152,-2767,-68,-77856,-485,-3,-174624,-7462,-319,-118688,-2903,-71,-28128,-175,-1,-7406369088,1366476829,-667113603,654080672,107372384,-9943430,-198125280,7361085,-394562,-9240870592,1550055771,-519739950,265684512,63852326,-10421055,22160160,838415,25156,-6146654993,-7868415257
298,45158650,45883018,26259977,2039303669822500,2105251340788324,689586392040529,-116768,-4911,-207,-128416,-5487,-234,-113152,-2767,-68,-180576,-7595,-319,-174624,-7462,-319,-118688,-2903,-71,-6784039104,1241097590,-611583891,812942656,227237029,-34196636,-370811040,48311775,-11215217,-9592219328,1590968688,-535470717,458231296,177774249,-46801763,-135859200,31411471,-5029359,-5482256838,-8056994663
299,23695885,45158650,45883018,561494965933225,2039303669822500,2105251340788324,-78144,-1725,-38,-116768,-4911,-207,-128416,-5487,-234,-134752,-2974,-66,-180576,-7595,-319,-174624,-7462,-319,-4571611712,441976483,-116605914,777753344,211075292,-30240785,-463353120,101457739,-42103559,-7178455296,626885325,-113599698,502198208,186599370,-46794365,-240424800,86131330,-25958405,-3691652232,-6203418331
300,2820533,23695885,45158650,7955406404089,561494965933225,2039303669822500,-19744,-52,0,-78144,-1725,-38,-116768,-4911,-207,-49984,-131,0,-134752,-2974,-66,-180576,-7595,-319,-1191249152,14138627,0,545091488,76711555,-5549410,-444532320,93845711,-38975528,-2683707712,28086191,0,390664864,74729703,-9680270,-265686240,89900819,-27227486,-950519029,-2402920131
301,4422001,2820533,23695885,19554092844001,7955406404089,561494965933225,45440,187,1,-19744,-52,0,-78144,-1725,-38,49632,204,1,-49984,-131,0,-134752,-2974,-66,2593143360,-45578343,2639277,165916896,2659589,0,-312301920,33979009,-7504612,2606162816,-41646821,1474035,161260064,3493067,0,-207840960,35859394,-5860184,2432953256,2552901411
302,28172849,4422001,2820533,793709420776801,19554092844001,7955406404089,102176,2681,70,45440,187,1,-19744,-52,0,135680,3560,93,49632,204,1,-49984,-131,0,5885577088,-665977745,198149673,-266151008,-7322019,146239,-95880000,1161408,0,7174560320,-738259723,150485538,-114422240,-4549523,146787,-86938080,1659079,0,5049703636,6382682158
303,51314490,28172849,4422001,2633176883960100,793709420776801,19554092844001,137184,6556,313,102176,2681,70,45440,187,1,183648,8777,419,135680,3560,93,49632,204,1,7905481152,-1629963209,887851527,-641058720,-110308157,10230428,151008480,-3290911,162856,9713569344,-1821204173,679378491,-351794656,-84282325,13644889,58811520,-2232032,68850,6570113446,8205959908
304,51716249,51314490,28172849,2674570410630001,2633176883960100,793709420776801,142976,6886,332,137184,6556,313,102176,2681,70,180320,8685,418,183648,8777,419,135680,3560,93,8214100288,-1701483495,926345370,-863320512,-270343247,45743763,365199360,-49288021,12480989,9518752640,-1794252863,666252036,-478139904,-208246049,61474709,184251360,-40882164,7484119,6679434495,7916693884
305,30099537,51716249,51314490,905982127614369,2674570410630001,2633176883960100,120192,3369,94,142976,6886,332,137184,6556,313,127968,3587,101,180320,8685,418,183648,8777,419,6851528256,-819400904,252170385,-880166880,-279469917,48527784,491902560,-120763968,55956246,6712681344,-730694502,152955882,-454831456,-202715975,61333402,250578720,-100971541,33830468,5600283562,5722166342
306,7718148,30099537,51716249,59569808549904,905982127614369,2674570410630001,77376,556,4,120192,3369,94,142976,6886,332,43776,315,2,127968,3587,101,180320,8685,418,4323172608,-129767955,9391866,-698128992,-131172758,13744548,500868960,-125072626,58110450,2214000768,-59038223,1782828,-289654752,-79316484,14823569,237221760,-98591009,32821558,3821146101,1974050015
307,2787336,7718148,30099537,7769241976896,59569808549904,905982127614369,28608,74,0,77376,556,4,120192,3369,94,-45120,-117,0,43776,315,2,127968,3587,101,1459231104,-14137761,0,-381140544,-19322757,585504,395900640,-58996481,15637485,-2527950720,27459383,0,-34942656,-4781435,294122,148406400,-38978243,7282871,1397757190,-2423210278
308,11864080,2787336,7718148,140756394246400,7769241976896,59569808549904,-10752,-119,-1,28608,74,0,77376,556,4,-109696,-1212,-13,-45120,-117,0,43776,315,2,-835940096,50341779,-9630729,-32469120,-1237563,0,213753600,-8817976,557418,-5963678208,266990377,-26153907,227703552,4130879,0,12150720,-2560319,43694,-623442687,-5481373212
309,16784210,11864080,2787336,281709705324100,140756394246400,7769241976896,-28768,-450,-7,-10752,-119,-1,28608,74,0,-127904,-1999,-31,-109696,-1212,-13,-45120,-117,0,-1860729664,139415533,-32457843,236253824,13744383,-142951,13740480,-646622,0,-6916720192,435355125,-59677989,411536512,35357359,-1904943,-127926720,1881161,0,-1490822860,-6222099687
310,8579045,16784210,11864080,73600013112025,281709705324100,140756394246400,-20512,-164,-1,-28768,-450,-7,-10752,-119,-1,-91456,-731,-6,-127904,-1999,-31,-109696,-1212,-13,-1327314176,50858027,-5552382,339176576,30280255,-1017097,-140050560,5682731,-726892,-4945837888,159212887,-11757315,451132608,56186253,-4543821,-225492480,16550368,-1459086,-1048663518,-4506008474
311,166153,8579045,16784210,27606819409,73600013112025,281709705324100,9856,2,0,-20512,-164,-1,-28768,-450,-7,-8544,-1,0,-91456,-731,-6,-127904,-1999,-31,518624448,-424733,0,242295264,11056253,-144869,-198356640,12920134,-2268064,-488772992,261659,0,322679072,20551027,-879352,-245634720,26455819,-3262422,583701793,-368601909
312,11917809,166153,8579045,142034171360481,27606819409,73600013112025,50400,559,6,9856,2,0,-20512,-164,-1,98304,1091,12,-8544,-1,0,-91456,-731,-6,2974385280,-145735022,19331388,-23570464,-51599,0,-141706560,4716880,-397871,5251810752,-231425672,21184146,50970464,46787,0,-175699680,9676287,-648115,2686972032,4925914969
313,45496449,11917809,166153,2069926871609601,142034171360481,27606819409,84480,3580,152,50400,559,6,9856,2,0,198624,8416,357,98304,1091,12,-8544,-1,0,5062470720,-961503772,520607409,-371719776,-25927268,875790,12189600,-24646,0,10650717312,-1799658740,645667800,-296685600,-28033922,1759800,-28951680,20613,0,4236968057,9144835583
314,76587754,45496449,11917809,5865684062764516,2069926871609601,142034171360481,95840,6836,488,84480,3580,152,50400,559,6,263136,18769,1339,198624,8416,357,98304,1091,12,5829032640,-1889198473,1783777647,-682949856,-178041580,22172158,213557760,-11433135,1259154,14146511168,-4036155613,2469543336,-630154080,-222400652,52346789,158660640,-13399627,1108218,5088176315,11926060179
315,77700904,76587754,45496449,6037430482417216,5865684062764516,2069926871609601,73536,5321,385,95840,6836,488,84480,3580,152,272320,19706,1426,263136,18769,1339,198624,8416,357,4632349568,-1571002427,1622630106,-841659584,-362625247,71131458,394011360,-77959436,34389727,14698477440,-4274251693,2708482371,-863267840,-505625473,196314619,339056640,-105792816,34215065,3901265525,12227608313
316,48509929,77700904,76587754,2353213211585041,6037430482417216,5865684062764516,15520,701,32,73536,5321,385,95840,6836,488,222336,10045,454,272320,19706,1426,263136,18769,1339,1351908480,-353836990,330322926,-770362880,-325045907,56016781,487254240,-157812120,119473281,12101647168,-2218428508,915077952,-938770816,-546451087,209033028,466304160,-239741213,132189703,737917811,9880860387
317,20355617,48509929,77700904,414351143450689,2353213211585041,6037430482417216,-70112,-1329,-25,15520,701,32,73536,5321,385,126208,2393,45,222336,10045,454,272320,19706,1426,-3540781696,248154244,-25198455,-454228384,-105355672,4564020,448858560,-139737997,111629683,7048596544,-557988318,107115045,-845213920,-295434970,66525670,509895360,-257865150,147110223,-3452095697,5922740484
318,27277130,20355617,48509929,744041821036900,414351143450689,2353213211585041,-166816,-4238,-108,-70112,-1329,-25,15520,701,32,10208,259,7,126208,2393,45,222336,10045,454,-9082979648,936682847,-218040501,51927648,19776778,-3675155,270311040,-43109901,25046658,935906624,-141116921,77319660,-619394528,-82939776,6586235,463716960,-138114629,51093166,-8044060234,553056791
319,71530849,27277130,20355617,5116662358660801,744041821036900,414351143450689,-253824,-16909,-1126,-166816,-4238,-108,-70112,-1329,-25,-93920,-6257,-417,10208,259,7,126208,2393,45,-14068942912,3880971794,-2558747613,636694848,124952981,-15825322,-17030400,10645561,-781190,-4550724480,1057067072,-201594306,-335163904,-43347233,995999,347278560,-37863497,6388460,-12008062253,-3756963329
320,119027410,71530849,27277130,14167524331308100,5116662358660801,744041821036900,-311328,-34512,-3826,-253824,-16909,-1126,-166816,-4238,-108,-157984,-17513,-1941,-93920,-6257,-417,10208,259,7,-17353396544,8014733021,-8999633217,1162403680,559746788,-164859380,-349451040,58392634,-12183103,-7917316032,3211353321,-1762861350,-80378656,45740174,-61404445,199708320,-17674287,5887295,-17084247161,-6376945660
321,130464100,119027410,71530849,17020881388810000,14167524331308100,5116662358660801,-325824,-39589,-4810,-311328,-34512,-3826,-253824,-16909,-1126,-165632,-20125,-2445,-157984,-17513,-1941,-93920,-6257,-417,-18162065152,9194470150,-11317023705,1501436096,1182278099,-560026904,-648284640,257152941,-150050729,-8301899136,3691701812,-2226116910,69347968,235609221,-285430057,67455360,31408873,4614677,-18702113844,-6713308192
322,97499585,130464100,119027410,9506169075172225,17020881388810000,14167524331308100,-293632,-26663,-2421,-325824,-39589,-4810,-311328,-34512,-3826,-116704,-10597,-962,-165632,-20125,-2445,-157984,-17513,-1941,-16293701696,6134126224,-5539645578,1571862208,1356500608,-704057600,-840721440,540585380,-534486401,-5704093312,1829203954,-567977631,73722944,271339970,-359542225,-9681120,130407461,-45037195,-14309538295,-4381657154
323,48778528,97499585,130464100,2379344793846784,9506169075172225,17020881388810000,-221824,-10077,-458,-293632,-26663,-2421,-325824,-39589,-4810,-27264,-1239,-56,-116704,-10597,-962,-165632,-20125,-2445,-12170817792,2263790688,-974575224,1358954976,888771826,-354444385,-880177920,620228309,-672175265,-984746752,76648566,151667682,-61371808,94042324,-141608860,-10762560,150090501,-57176155,-9920444787,-783217062
324,21167381,48778528,97499585,448058018399161,2379344793846784,9506169075172225,-126400,-2492,-49,-221824,-10077,-458,-293632,-26663,-2421,75488,1488,29,-27264,-1239,-56,-116704,-10597,-962,-6728565440,524445804,-83880135,918889216,312681174,-67087610,-758534880,407915055,-325696999,4407666944,-379805564,88191453,-285395456,-47430132,-8330220,60637440,59742149,2343677,-5799833815,3897620291
325,26130914,21167381,48778528,682824666475396,448058018399161,2379344793846784,-28256,-688,-17,-126400,-2492,-49,-221824,-10077,-458,161120,3921,95,75488,1488,29,-27264,-1239,-56,-1176696128,75580443,20385843,362581728,62260764,-7187083,-508176000,144995061,-55692842,8859359680,-884909521,205286877,-519892000,-65555876,4235451,177352320,-16092873,15039606,-1081948214,7774823664
326,43623424,26130914,21167381,1903003121483776,682824666475396,448058018399161,52224,2122,86,-28256,-688,-17,-126400,-2492,-49,204800,8321,338,161120,3921,95,75488,1488,29,3315699712,-635626607,373798314,-174116480,-12278859,-2516751,-192629280,29906444,-4313710,11061073920,-1807294751,645044322,-682380864,-123393997,13914077,297670080,-29067200,5662884,2697922783,9381228471
327,46560922,43623424,26130914,2167919457490084,1903003121483776,682824666475396,99808,4328,188,52224,2122,86,-28256,-688,-17,194208,8421,365,204800,8321,338,161120,3921,95,5889171264,-1127826657,599307993,-567270400,-133508429,12507506,110559840,-3383108,2495784,10374862144,-1786021549,641146692,-711455744,-231790847,49544958,378111840,-57100909,11805086,4782053793,8669101671
328,28468609,46560922,43623424,810461698394881,2167919457490084,1903003121483776,107904,2861,76,99808,4328,188,52224,2122,86,132320,3508,93,194208,8421,365,204800,8321,338,6190629952,-704952961,210489609,-735300352,-200521311,27444434,330915840,-57260118,25850372,6978142080,-723154963,146989812,-585706048,-216271177,53528757,386749440,-109299349,35116056,5087295465,5966094608
329,7430914,28468609,46560922,55218482875396,810461698394881,2167919457490084,79456,550,4,107904,2861,76,99808,4328,188,36000,249,2,132320,3508,93,194208,8421,365,4419064128,-127133283,9391866,-657597280,-115271077,11109506,422416800,-88433804,38936459,1784802880,-44489675,1782828,-328473824,-81211381,13646533,313193760,-103382353,33449781,3912483315,1589318549
330,5373377,7430914,28468609,28873180384129,55218482875396,810461698394881,25568,128,1,79456,550,4,107904,2861,76,-69632,-348,-2,36000,249,2,132320,3508,93,1237641344,-21583284,891414,-375548800,-18588705,585504,373993440,-51632169,13176107,-3859110976,79858076,-4695933,-742336,-2852003,294122,170893440,-39558272,7202101,1158934851,-3648711781
331,26127853,5373377,7430914,682664702389609,28873180384129,55218482875396,-37824,-920,-22,25568,128,1,79456,550,4,-159136,-3872,-94,-69632,-348,-2,36000,249,2,-2425975232,280791224,-100012806,22824608,-918156,147061,209964960,-8515234,557418,-8601055488,842315560,-180508002,318535392,11513516,-292752,-6860640,-1657469,43694,-2021136157,-7617966189
332,53412125,26127853,5373377,2852855097015625,682664702389609,28873180384129,-93856,-4669,-232,-37824,-920,-22,25568,128,1,-214208,-10656,-530,-159136,-3872,-94,-69632,-348,-2,-5609663488,1247672877,-785933322,429970784,60102680,-3197530,-18931200,-635600,21847,-11480133184,2275970927,-954859608,557698144,108424984,-13778250,-177635040,5289836,-278709,-4680592952,-9679300900
333,67219466,53412125,26127853,4518456609325156,2852855097015625,682664702389609,-128672,-8055,-504,-93856,-4669,-232,-37824,-920,-22,-228640,-14314,-896,-214208,-10656,-530,-159136,-3872,-94,-7542959936,2072251513,-1558583040,747318752,229513113,-33845796,-251179680,25702072,-6967048,-12188914880,3022108215,-1549122792,674735136,280451777,-77715458,-303451200,51083712,-9856116,-6318750050,-10100681606
334,60334514,67219466,53412125,3640253579616196,4518456609325156,2852855097015625,-133856,-7521,-423,-128672,-8055,-504,-93856,-4669,-232,-209440,-11769,-661,-228640,-14314,-896,-214208,-10656,-530,-7782360128,1903403598,-1255077969,909501760,361791865,-73597048,-430860480,100612585,-51789486,-11129057600,2467074468,-1113000933,669791232,361755333,-131413744,-362732640,133499132,-50497394,-6318375303,-9154582146
335,40702657,60334514,67219466,1656706286859649,3640253579616196,4518456609325156,-107488,-4075,-154,-133856,-7521,-423,-128672,-8055,-504,-173568,-6579,-249,-209440,-11769,-661,-228640,-14314,-896,-6261554304,1035285018,-461797653,895884160,324408192,-61793885,-521433120,160082179,-100504600,-9230732224,1381671500,-422383710,585260736,289895898,-96960995,-356826720,173413654,-80114776,-4991424013,-7756776637
336,22412650,40702657,60334514,502326880022500,1656706286859649,3640253579616196,-53344,-1113,-23,-107488,-4075,-154,-133856,-7521,-423,-141792,-2960,-62,-173568,-6579,-249,-209440,-11769,-661,-3233810112,305698745,-83425590,728932192,177468480,-22494776,-512182560,144177105,-80074802,-7619050816,635840979,-114112389,491108128,163140638,-36523933,-309833760,139602753,-56696564,-2575711318,-6706524964
337,17291689,22412650,40702657,299002508472721,502326880022500,1656706286859649,20640,332,5,-53344,-1113,-23,-107488,-4075,-154,-131456,-2117,-34,-141792,-2960,-62,-173568,-6579,-249,828291200,-32037811,-9525834,460205248,58235861,-3352811,-417024000,78788539,-29545109,-7222772928,476996369,-72839409,462168064,79447485,-9090108,-260432160,78468299,-21608935,934035283,-6489663323
338,32769824,17291689,22412650,1073861364990976,299002508472721,502326880022500,104576,3192,97,20640,332,5,-53344,-1113,-23,-150400,-4590,-140,-131456,-2117,-34,-141792,-2960,-62,5367186688,-618841170,117928692,151533664,7813211,741881,-266231520,25376213,-5578805,-8447422720,1082949414,-344446077,552476960,66290789,-4980072,-249459360,37693052,-6101817,4779928854,-7312999831
339,71453485,32769824,17291689,5105600518645225,1073861364990976,299002508472721,188352,12534,834,104576,3192,97,20640,332,5,-194144,-12920,-860,-150400,-4590,-140,-131456,-2117,-34,9841052096,-2530624510,1214197044,-144403200,-57217374,14250121,-95418240,2378280,-1018837,-11025491712,3118279878,-2254630074,775314944,164483070,-20485242,-305926560,30698689,-4174017,8243195380,-9521931024
340,127072180,71453485,32769824,16147338929952400,5105600518645225,1073861364990976,262976,31122,3683,188352,12534,834,104576,3192,97,-246912,-29221,-3458,-194144,-12920,-860,-150400,-4590,-140,13794843648,-6339935993,5559960630,-395840864,-267518998,122427482,65708160,-29406912,4657321,-14075387776,7107269199,-9257709591,1095209888,492784170,-125772664,-436237440,74757462,-20778711,12514894474,-15145865463
341,180719145,127072180,71453485,32659409369531025,16147338929952400,5105600518645225,320928,54015,9091,262976,31122,3683,188352,12534,834,-286464,-48214,-8115,-246912,-29221,-3458,-194144,-12920,-860,16868544384,-11052847937,13969090281,-595393472,-688256339,540554871,200076960,-132395134,56198822,-16366003392,11779369905,-21986370951,1434334144,1137811527,-505632812,-619945920,222197264,-138834082,19165572436,-25043074317
342,206796346,180719145,127072180,42764728718951716,32659409369531025,16147338929952400,356448,68650,13222,320928,54015,9091,262976,31122,3683,-291040,-56053,-10795,-286464,-48214,-8115,-246912,-29221,-3458,18797122624,-14150549249,20903711937,-752887584,-1215531425,1334173193,305066880,-338219846,264150225,-16696428480,13809949975,-29905016382,1692092832,1899731283,-1186462061,-813399360,511739353,-573731723,25147036755,-31261524563
343,189682565,206796346,180719145,35979475464979225,42764728718951716,32659409369531025,365536,64574,11407,356448,68650,13222,320928,54015,9091,-246208,-43494,-7683,-291040,-56053,-10795,-286464,-48214,-8115,19394987008,-13492385952,18983997849,-884208640,-1588729115,1940152716,388120320,-595306091,671790278,-14269769024,10938659708,-22447245795,1772888512,2257738591,-1577985007,-960550560,853193674,-1367451368,24818418373,-24800521269
344,139018730,189682565,206796346,19326207290812900,35979475464979225,42764728718951716,346208,44824,5803,365536,64574,11407,356448,68650,13222,-149984,-19419,-2514,-246208,-43494,-7683,-291040,-56053,-10795,18558338624,-9578128977,10470065574,-999186848,-1571894148,1673378933,459970080,-773923902,1024410981,-8973218752,5199182083,-8551382847,1612999584,1846788248,-1122533861,-1008263520,1011320393,-1872106801,19263030317,-11857215473
345,87637450,139018730,189682565,7680322642502500,19326207290812900,35979475464979225,299232,24423,1993,346208,44824,5803,365536,64574,11407,-14176,-1157,-94,-149984,-19419,-2514,-246208,-43494,-7683,16302296896,-5404588606,4044149034,-1093544704,-1181563023,850903775,527346240,-758582990,960411122,-1453096128,738662616,-1354489317,1201129152,958809223,-366743660,-921105120,822216998,-1426261820,14246827744,-1800878056
346,69716098,87637450,139018730,4860334320345604,7680322642502500,19326207290812900,228704,14849,964,299232,24423,1993,346208,44824,5803,138144,8969,582,-14176,-1157,-94,-149984,-19419,-2514,12798080832,-3476660798,2321701806,-1149408256,-722903716,292026165,588076320,-562290940,554129417,7021846592,-1700358292,635327148,584982208,239737614,-13226140,-692676960,420133423,-564012851,10642750830,5931752742
347,95432234,69716098,87637450,9107311286230756,4860334320345604,7680322642502500,142496,12665,1126,228704,14849,964,299232,24423,1993,278240,24729,2198,138144,8969,582,-14176,-1157,-94,8410176448,-3302061318,3596395614,-1142039936,-520720208,141079064,631243680,-337621351,226476747,14865099200,-5245686220,3864498642,-137637824,-144385738,85534702,-349302240,97162685,-104567161,7702928740,12930716046
348,142827205,95432234,69716098,20399610488112025,9107311286230756,4860334320345604,51776,6887,916,142496,12665,1126,228704,14849,964,378912,50402,6704,278240,24729,2198,138144,8969,582,3686478528,-2524239809,5789788080,-1051503360,-587511960,164371386,641124000,-237345073,139038038,20566516736,-11064793471,13254140988,-840016576,-635473138,322344098,54821280,-76156305,22115554,6020199830,21603499166
349,174330770,142827205,95432234,30391217368792900,20399610488112025,9107311286230756,-30496,-4951,-804,51776,6887,916,142496,12665,1126,421408,68419,11108,378912,50402,6704,278240,24729,2198,-708119488,-248781448,4818202644,-873516128,-629714129,132369012,604116960,-259070729,233763072,23073045824,-15302031142,23313762132,-1395637856,-1454092429,982474136,449240160,-303739009,201719516,3069249766,29564741332
350,164215769,174330770,142827205,26966818788261361,30391217368792900,20399610488112025,-92000,-14070,-2152,-30496,-4951,-804,51776,6887,916,399616,61116,9347,421408,68419,11108,378912,50402,6704,-4114967680,1921681578,1019834775,-625773952,-425862358,-120840044,515377440,-263420179,421229460,22023078208,-13858921290,20477364024,-1707973824,-2093928388,1627246108,763308480,-681833070,733623764,-1672740960,27281964012
351,115746085,164215769,174330770,13397156192827225,26966818788261361,30391217368792900,-123872,-13353,-1439,-92000,-14070,-2152,-30496,-4951,-804,321216,34626,3733,399616,61116,9347,421408,68419,11108,-6032764416,2284649583,-784603791,-345820704,-91011030,-317857054,382928160,-157657473,428963512,17815728448,-7958043951,8515888467,-1731240800,-1951414302,1368867363,942719520,-972983555,1324685536,-4633173213,17354206726
352,55974769,115746085,164215769,3133174764603361,13397156192827225,26966818788261361,-123360,-6431,-335,-123872,-13353,-1439,-92000,-14070,-2152,205184,10696,558,321216,34626,3733,399616,61116,9347,-6268208000,1218235943,-363877242,-82033504,109864671,-211855049,226871040,-5947986,190021385,11480611392,-2503718627,1342792083,-1479902368,-1150774557,546538743,961150560,-901118916,1184028447,-5186928742,9479606757
353,14547349,55974769,115746085,211625362927801,3133174764603361,13397156192827225,-95040,-1288,-17,-123360,-6431,-335,-123872,-13353,-1439,76576,1037,14,205184,10696,558,321216,34626,3733,-5014216000,265779271,-26806458,121217504,103117787,-49234747,74531520,71868477,8749732,4395871488,-255842821,38697741,-1023571040,-374836157,81662464,825750240,-528384654,500116566,-4444992914,3659463827
354,4036481,14547349,55974769,16293178863361,211625362927801,3133174764603361,-50560,-190,-1,-95040,-1288,-17,-123360,-6431,-335,-39712,-149,-1,76576,1037,14,205184,10696,558,-2850115520,45160583,-2639277,237569056,29930521,-2494557,-47936640,54443875,-12583081,-2053027456,29365295,-1474035,-468686560,-41919649,2046524,574575840,-170865972,80391979,-2548665040,-2049594034
355,15168581,4036481,14547349,230085849553561,16293178863361,211625362927801,-6112,-86,-1,-50560,-190,-1,-95040,-1288,-17,-124480,-1759,-25,-39712,-149,-1,76576,1037,14,-616211456,53793553,-16622181,268698528,6950285,-146239,-123732960,14568836,-1311459,-6781240000,389198113,-50833779,66428960,2874503,-146787,266621760,-18769305,2420993,-414013093,-6123445542
356,27998225,15168581,4036481,783900603150625,230085849553561,16293178863361,21376,557,15,-6112,-86,-1,-50560,-190,-1,-167968,-4380,-114,-124480,-1759,-25,-39712,-149,-1,785585728,-37418865,-35568954,244194720,17346547,-139663,-151502880,3150474,-162856,-9217560704,984327869,-243198099,477771872,52042753,-3663099,-31931520,1453129,-68850,825484251,-7980826649
357,28786633,27998225,15168581,828670239476689,783900603150625,230085849553561,18816,504,14,21376,557,15,-6112,-86,-1,-170656,-4575,-123,-167968,-4380,-114,-124480,-1759,-25,639738688,-21796125,-42869199,213234592,20061771,2228931,-145773120,7035210,-1290928,-9358482048,1026616743,-261125382,697088544,136062875,-16698372,-262367520,24307403,-2849322,670569820,-8017447079
358,19911266,28786633,27998225,396458513722756,828670239476689,783900603150625,-19360,-359,-7,18816,504,14,21376,557,15,-141472,-2623,-49,-170656,-4575,-123,-167968,-4380,-114,-1377965120,131496466,-42945021,228037664,23288637,2084884,-132713760,6736663,-3620547,-7678726336,575817772,-96697797,703110304,141467355,-18017263,-385576320,63083792,-13912287,-1165600134,-6709450780
359,16384420,19911266,28786633,268449218736400,396458513722756,828670239476689,-88896,-1356,-21,-19360,-359,-7,18816,504,14,-94208,-1438,-22,-141472,-2623,-49,-170656,-4575,-123,-5066507008,329690146,-56007438,326251968,32789008,-1012165,-141106080,8124276,-4159427,-4940832384,292823298,-33011391,521029760,75668326,-7181055,-388656000,65634339,-14907961,-4571936720,-4429433068
360,32229397,16384420,19911266,1038734030983609,268449218736400,396458513722756,-176448,-5296,-159,-88896,-1356,-21,-19360,-359,-7,-43232,-1298,-39,-94208,-1438,-22,-141472,-2623,-49,-9730080064,1202496266,-349730523,515570752,52747942,-3070745,-192485280,13717047,-3114118,-1959411456,184026818,12427155,212509376,31752066,-3229040,-284961120,35481719,-5347776,-8493948723,-1776752258
361,67108880,32229397,16384420,4503601774854400,1038734030983609,268449218736400,-262144,-16384,-1024,-176448,-5296,-159,-88896,-1356,-21,-128,-8,-1,-43232,-1298,-39,-94208,-1438,-22,-14310207232,3641092136,-2106598365,769035808,169760822,-23284881,-292346880,23726644,-3466979,588079616,-321265528,594547248,-142450912,-5523814,-5757573,-108815040,15608182,-1561703,-12132288927,612860476
362,103747720,67108880,32229397,10763589405198400,4503601774854400,1038734030983609,-324672,-31371,-3031,-262144,-16384,-1024,-176448,-5296,-159,28736,2777,268,-128,-8,-1,-43232,-1298,-39,-17657964416,6916666366,-6077581908,1029141632,491538008,-150029038,-427169760,78347544,-20253744,2305646208,-1235660832,2317108059,-463230336,-137303704,-427089,94536000,585802,2955210,-15817305316,2884209318
363,119014925,103747720,67108880,14164552372755625,10763589405198400,4503601774854400,-346528,-38410,-4257,-324672,-31371,-3031,-262144,-16384,-1024,42304,4689,520,28736,2777,268,-128,-8,-1,-18820240384,8443209237,-8452221672,1223503616,917722972,-444154335,-566367360,229091232,-118680475,3095909312,-1799342995,3549678717,-687133568,-346661214,38434990,278906880,-54217496,48015219,-17588137169,4123589845
364,100942612,119014925,103747720,10189410917382544,14164552372755625,10763589405198400,-318528,-29945,-2815,-346528,-38410,-4257,-324672,-31371,-3031,43648,4103,386,42304,4689,520,28736,2777,268,-17288725504,6573628774,-5564594934,1285286624,1112820615,-623848321,-670687680,429389419,-338553639,3105715584,-1502214740,2433947331,-779051232,-463107883,75020342,407845440,-142851473,173514697,-15085284646,3308818066
365,58819898,100942612,119014925,3459780400730404,10189410917382544,14164552372755625,-242464,-13282,-728,-318528,-29945,-2815,-346528,-38410,-4257,37984,2081,114,43648,4103,386,42304,4689,520,-13149401152,2910561373,-1430826774,1173009088,863815480,-412539859,-703446720,521461486,-468744661,2623863872,-724331419,658606872,-734794432,-374465966,55782708,460428960,-192924469,260335331,-10696111739,2032501457
366,17566586,58819898,100942612,308584943695396,3459780400730404,10189410917382544,-130592,-2137,-35,-242464,-13282,-728,-318528,-29945,-2815,30560,500,8,37984,2081,114,43648,4103,386,-7059384896,465036325,-67321992,884477504,380950159,-106692700,-641535360,405055497,-307983037,1964653120,-153247729,36844983,-578006016,-173926147,16503010,433512000,-156661663,177032703,-6047398500,1566704261
367,620658,17566586,58819898,385216352964,308584943695396,3459780400730404,-2784,-2,0,-130592,-2137,-35,-242464,-13282,-728,25056,14,0,30560,500,8,37984,2081,114,-95095872,168412,0,458512960,59906089,-5130147,-483269280,178795046,-78982642,1374076608,-3150584,0,-350965248,-32938615,1162514,340269600,-73137573,47425426,34904566,1302742128
368,14194885,620658,17566586,201494760163225,385216352964,308584943695396,118304,1564,21,-2784,-2,0,-130592,-2137,-35,23232,307,4,25056,14,0,30560,500,8,6510715392,-353613019,45520260,-33396864,-57536,0,-249532320,28219397,-3678831,999638336,-37385687,-4008417,-103269696,-436748,0,205090080,-14076792,2571929,5944176479,1048123005
369,44844201,14194885,620658,2011002363328401,201494760163225,385216352964,212832,8889,371,118304,1564,21,-2784,-2,0,24960,1042,44,23232,307,4,25056,14,0,11674732416,-1995903139,788654700,-505440608,-49492573,3075677,20671200,-18462,0,879387840,-56294037,-125659527,118094176,3920701,591806,57085920,-202366,0,9936279211,876924513
370,70948018,44844201,14194885,5033621258128324,2011002363328401,201494760163225,267936,17704,1170,212832,8889,371,118304,1564,21,29344,1939,128,24960,1042,44,23232,307,4,14692701248,-3972502663,2480863008,-879519840,-275390923,54344267,280278720,-22884296,2620925,993615552,-81824507,-418414602,278531808,43366281,6548226,-75812640,894057,-523651,12360510446,746380524
371,78061572,70948018,44844201,6093609023111184,5033621258128324,2011002363328401,280512,20393,1483,267936,17704,1170,212832,8889,371,35328,2568,187,29344,1939,128,24960,1042,44,15392783616,-4582467681,3158970975,-1103558336,-547344793,171385138,486299520,-127732381,45049595,1291722624,-168585019,-479432271,358803584,90460897,19074244,-172752480,14907722,-12340581,12893385653,941858720
372,66124154,78061572,70948018,4372403742215716,6093609023111184,5033621258128324,256736,15811,974,280512,20393,1483,267936,17704,1170,42400,2611,161,35328,2568,187,29344,1939,128,14110952768,-3565080562,2096984925,-1163504832,-633287181,217227541,609993120,-253949348,141564394,1731740480,-268483988,-236351238,357563328,94166939,27804273,-221968800,31597305,-40164326,11560900825,1475903973
373,45429245,66124154,78061572,2063816301270025,4372403742215716,6093609023111184,209728,8873,375,256736,15811,974,280512,20393,1483,50336,2130,90,42400,2611,161,35328,2568,187,11562894784,-2013799635,823681890,-1082694400,-496201912,142659548,643530240,-293630021,180599560,2271659008,-298390309,-33383835,287745984,54411178,23855469,-222436800,31719980,-48040938,9467040054,2067139737
374,26962657,45429245,66124154,726984872499649,2063816301270025,4372403742215716,155392,3902,98,209728,8873,375,256736,15811,974,58848,1478,37,50336,2130,90,42400,2611,161,8616123456,-896263676,223109265,-912226784,-284044731,54917715,599705760,-229711667,120408305,2859654784,-251512816,18999414,173440032,10595225,13288920,-181839840,15924885,-27128589,7292017643,2631422015
375,15777092,26962657,45429245,248916631976464,726984872499649,2063816301270025,107968,1586,23,155392,3902,98,209728,8873,375,67072,986,14,58848,1478,37,50336,2130,90,6046010624,-371889812,55459782,-714015712,-129456104,14348136,506620320,-131116493,47675145,3416238976,-187842688,15392901,43910048,-11578276,5447833,-114634560,-356662,-7199355,5323635886,3159378217
376,11008465,15777092,26962657,121186301656225,248916631976464,726984872499649,76768,787,8,107968,1586,23,155392,3902,98,73344,752,8,67072,986,14,58848,1478,37,4357102464,-189718259,21114216,-542424768,-55852712,3365963,398319840,-59454910,13092705,3829438912,-151595921,11792280,-72262208,-16262572,2057484,-38380800,-7724886,-319733,3945544539,3556742556
377,9604898,11008465,15777092,92254065590404,121186301656225,248916631976464,64544,577,5,76768,787,8,107968,1586,23,75296,674,6,73344,752,8,67072,986,14,3694249792,-141513083,13779006,-431059936,-29920679,1169912,304642560,-25443442,3322661,3963743168,-138402941,9426831,-152072608,-15950879,1174296,29889600,-8526090,540873,3389226791,3689822250
378,9390889,9604898,11008465,88188796210321,92254065590404,121186301656225,68000,595,5,64544,577,5,76768,787,8,70656,618,5,75296,674,6,73344,752,8,3872373120,-144408981,13196385,-386533824,-22966499,730921,243930240,-13496679,1302848,3702609728,-125603435,7370175,-181358464,-15374063,880448,76665120,-7904020,550800,3564127531,3457836289
379,9567401,9390889,9604898,91535161894801,88188796210321,92254065590404,80032,713,6,68000,595,5,64544,577,5,58240,519,5,70656,618,5,75296,674,6,4500991616,-168679548,15253041,-391890464,-23036325,731195,219605280,-10302021,861283,2997532480,-101276554,6787554,-157032800,-13543121,733935,93900000,-7509862,460103,4143534057,2820051735
380,9877060,9567401,9390889,97556314243600,91535161894801,88188796210321,92736,853,8,80032,713,6,68000,595,5,38912,358,3,58240,519,5,70656,618,5,5150603008,-196616611,18201111,-417152160,-25744866,877708,222128640,-10367983,814280,1913617536,-62737949,1509000,-87015392,-9582808,734209,80196960,-6667238,344250,4742743127,1830398568
381,10061077,9877060,9567401,101225270399929,97556314243600,91535161894801,100288,940,9,92736,853,8,80032,713,6,15648,147,1,38912,358,3,58240,519,5,5510042304,-211789899,19092525,-432824128,-28592851,1171282,234894720,-11689457,930133,626539264,-14133095,-3186933,11320384,-3577991,441731,40564320,-4891831,297247,5081234629,653373096
382,9916264,10061077,9877060,98332291717696,101225270399929,97556314243600,100544,929,9,100288,940,9,92736,853,8,-6720,-62,-1,15648,147,1,38912,358,3,5473241472,-205224571,17927283,-421311712,-29431245,1318343,241751040,-13112921,1067833,-595066240,32095043,-7300245,115991072,3481741,148979,-14713920,-2176650,-28465,5066225522,-467568685
383,9399268,9916264,10061077,88346238935824,98332291717696,101225270399929,95424,835,7,100544,929,9,100288,940,9,-22784,-199,-2,-6720,-62,-1,15648,147,1,5157285632,-181634192,13231350,-382747520,-27346723,1318891,233287200,-13629592,1089680,-1460345472,60686470,-8191659,204238336,9658769,-144047,-73007040,1061833,-307174,4800854726,-1266349984
384,8597305,9399268,9916264,73913653263025,88346238935824,98332291717696,89472,716,6,95424,835,7,100544,929,9,-28256,-226,-2,-22784,-199,-2,-6720,-62,-1,4819956416,-154657058,11174694,-334234304,-23376890,1026139,210018240,-12782757,995674,-1745539968,64340222,-7609038,258232256,12979228,-291108,-121594560,3947386,-538880,4518120154,-1536074462
385,7971761,8597305,9399268,63548973441121,73913653263025,88346238935824,87808,652,5,89472,716,6,95424,835,7,-21280,-158,-1,-28256,-226,-2,-22784,-199,-2,4744957504,-141775414,9700659,-301192736,-19580582,879626,181850880,-11014251,716965,-1360956800,47967034,-4969761,269180768,12790142,-291382,-150840000,5551079,-560727,4464542651,-1182129647
386,8626325,7971761,8597305,74413483005625,63548973441121,73913653263025,93920,755,6,87808,652,5,89472,716,6,-3520,-28,0,-21280,-158,-1,-28256,-226,-2,5118914560,-167227799,12339936,-307002080,-18231634,732839,163166880,-9260980,601112,-405348160,21108635,-3495726,238856352,10213066,-145143,-156320640,5533962,-513724,4794032834,-290111378
387,11838613,8626325,7971761,140152757763769,74413483005625,63548973441121,108224,1193,13,93920,755,6,87808,652,5,20256,223,2,-3520,-28,0,-21280,-158,-1,5953712832,-269511316,27901770,-362409120,-22412675,879078,167002080,-8591684,532262,860066048,-26033794,-3460761,179960480,7178141,1644,-139480320,4371030,-350868,5487103227,882251600
388,17790516,11838613,8626325,316502459546256,140152757763769,74413483005625,127872,2119,35,108224,1193,13,93920,755,6,43200,716,12,20256,223,2,-3520,-28,0,7078340736,-485012147,78974412,-460612064,-37658506,1904121,199118400,-10462807,695118,2067932160,-117332777,4288137,111943456,3325904,296588,-107628000,2895048,-282018,6365287263,1965438498
389,24614266,17790516,11838613,605862090718756,316502459546256,140152757763769,147680,3385,78,127872,2119,35,108224,1193,13,58272,1336,31,43200,716,12,20256,223,2,8193833280,-778573537,178480419,-578318400,-69574463,5124667,255336480,-17418801,1600095,2845718336,-230150555,18311898,56645568,-3688847,1767746,-71505600,838225,-379333,7190489740,2617557438
390,29184613,24614266,17790516,851741635959769,605862090718756,316502459546256,161984,4403,120,147680,3385,78,127872,2119,35,60384,1641,45,58272,1336,31,43200,716,12,8979454272,-1010812272,273016665,-682727168,-112755565,11419520,322211520,-31999995,4618891,2928538112,-277857274,22635000,32528320,-11658917,4563275,-42871680,-2983792,-254869,7752425868,2652638175
391,29371697,29184613,24614266,862696584659809,851741635959769,605862090718756,166688,4560,125,161984,4403,120,147680,3385,78,47872,1310,36,60384,1641,45,58272,1336,31,9207833984,-1039175270,278056356,-742606496,-145852986,17569230,381048480,-51755861,10493627,2234854976,-201205230,1211991,49542496,-12261892,6625965,-31411680,-7453956,-74791,7915611064,2039827879
392,25647130,29371697,29184613,657775277236900,862696584659809,851741635959769,160416,3832,92,166688,4560,125,161984,4403,120,23008,550,13,47872,1310,36,60384,1641,45,8809016768,-862410550,196786425,-738935968,-147783770,18304261,414194400,-66999899,16017495,891816384,-46668206,-26864604,106973472,-1014870,5308718,-42083520,-8342473,-426975,7638189162,878697926
393,20582597,25647130,29371697,423643299264409,657775277236900,862696584659809,144928,2778,53,160416,3832,92,166688,4560,125,-8512,-163,-3,23008,550,13,47872,1310,36,7892007424,-614127179,107254905,-670333952,-119565754,13475634,411029760,-68097320,16173733,-793639616,90996501,-37048881,193469504,15671290,1929877,-74119200,-3194150,-1704667,6967817251,-607639342
394,16564841,20582597,25647130,274393957355281,423643299264409,657775277236900,124160,1915,30,144928,2778,53,160416,3832,92,-39328,-607,-9,-8512,-163,-3,23008,550,13,6688371520,-413592656,56456091,-553784672,-81963281,7766011,371002080,-55398992,11269515,-2428680064,172648630,-35988534,289787232,28210821,-425017,-121145760,5017362,-2818187,6030125616,-2093393517
395,14069513,16564841,20582597,197951196057169,274393957355281,423643299264409,102496,1343,18,124160,1915,30,144928,2778,53,-62464,-818,-11,-39328,-607,-9,-8512,-163,-3,5453258368,-282319669,30610977,-417756768,-52348490,4397856,303979200,-38298710,5999200,-3642450752,208259981,-33110394,374001440,34284604,-1310397,-172734240,11490751,-2838718,5007521964,-3224407725
396,11924756,14069513,16564841,142199805659536,197951196057169,274393957355281,82880,920,10,102496,1343,18,124160,1915,30,-73088,-812,-9,-62464,-818,-11,-39328,-607,-9,4358343680,-188436796,15322971,-291797984,-33418861,2640248,226301280,-24760803,3052563,-4177865344,198586340,-24336114,426486624,35812031,-1606711,-217178880,14836607,-2452767,4067246298,-3747718214
397,8945434,11924756,14069513,80020789448356,142199805659536,197951196057169,65696,547,5,82880,920,10,102496,1343,18,-69600,-580,-5,-73088,-812,-9,-62464,-818,-11,3428221248,-110121215,7370175,-196011328,-20780500,1467596,154867200,-16063995,1568321,-3948454720,139675699,-13196385,433485120,32080964,-1315877,-244080480,15889846,-2120437,3250517502,-3588036270
398,5098473,8945434,11924756,25994426931729,80020789448356,142199805659536,48384,230,1,65696,547,5,82880,920,10,-53664,-255,-1,-69600,-580,-5,-73088,-812,-9,2519368512,-46083915,1474035,-134734400,-11539259,733935,101182080,-10169928,735503,-3039242112,61202285,-2639277,389396224,21990325,-731195,-246137280,14403292,-1512707,2420966563,-2803270445
399,1513522,5098473,8945434,2290748844484,25994426931729,80020789448356,26528,37,0,48384,230,1,65696,547,5,-29088,-41,0,-53664,-255,-1,-69600,-580,-5,1382080704,-7413928,0,-94975584,-4758585,146787,67779360,-5724327,344250,-1648074304,9840754,0,296222496,9580085,-146239,-220302240,9922832,-814280,1337478677,-1543770896
400,16666,1513522,5098473,277755556,2290748844484,25994426931729,-4128,0,0,26528,37,0,48384,230,1,-160,0,0,-29088,-41,0,-53664,-255,-1,-225702464,0,0,-52665728,-765694,0,47357280,-2370050,68850,636480,0,0,161098432,1540492,0,-167443200,4327835,-162856,-234077806,-2817
401,2896517,16666,1513522,8389810731289,277755556,2290748844484,-45632,-123,0,-4128,0,0,26528,37,0,29728,80,0,-160,0,0,-29088,-41,0,-2423477056,25756315,0,16485440,0,0,26321760,-381341,0,1726376704,-20203191,0,-6674432,0,0,-91082400,695913,0,-2355294882,1609112594
402,12422034,2896517,16666,154306928697156,8389810731289,277755556,-96096,-1112,-13,-45632,-123,0,-4128,0,0,59040,683,8,29728,80,0,-160,0,0,-5111667648,233647489,-22075560,126516768,3018031,0,-9086880,0,0,3441013440,-173704979,24027321,-197405408,-3432345,0,4050720,0,0,-4779647800,3094548749
403,29332393,12422034,2896517,860389279106449,154306928697156,8389810731289,-149344,-4080,-111,-96096,-1112,-13,-45632,-123,0,87936,2402,66,59040,683,8,29728,80,0,-7952775552,859317766,-189835830,272735040,27622879,-1906861,-66904800,1454383,0,5139261248,-614229810,200410227,-401725824,-29823191,1168542,112810560,-1526348,0,-7050292975,4406345404
404,50896589,29332393,12422034,2590462771834921,860389279106449,154306928697156,-196000,-9291,-440,-149344,-4080,-111,-96096,-1112,-13,117056,5549,263,87936,2402,66,59040,683,8,-10433530880,1955282842,-751699317,430616416,102222970,-16281027,-144689760,13282044,-1130065,6834772928,-1416317172,797253768,-609338336,-106304394,9639444,229868640,-13236415,1537863,-8845926777,5727876326
405,70564162,50896589,29332393,4979300958762244,2590462771834921,860389279106449,-225568,-14824,-974,-196000,-9291,-440,-149344,-4080,-111,146208,9608,631,117056,5549,263,87936,2402,66,-11981413824,3104822464,-1635549093,562227936,232118272,-64537782,-228931200,49077448,-9757485,8493241664,-2427422608,1865222790,-806168800,-244451298,38412359,348993120,-47111642,12863631,-9971943264,7233579216
406,80619029,70564162,50896589,6499427836902841,4979300958762244,2590462771834921,-229600,-17239,-1294,-225568,-14824,-974,-196000,-9291,-440,172736,12969,974,146208,9608,631,117056,5549,263,-12141294080,3575227002,-2093840010,626712448,364016368,-142876556,-298695360,111496987,-38613531,9950504768,-3221937388,2757094518,-972896192,-412658656,92182827,461580960,-108389525,51150659,-10037866732,8596631971
407,76475173,80619029,70564162,5848452085379929,6499427836902841,4979300958762244,-204096,-14536,-1035,-229600,-17239,-1294,-225568,-14824,-974,191456,13636,971,172736,12969,974,146208,9608,631,-10706587328,2961401588,-1562913969,595610016,408243528,-189854698,-331515360,175394216,-83181929,10914498048,-3316866412,2600025711,-1084151200,-533752498,142349106,556039200,-183485832,118884165,-8733403936,9213540288
408,59523426,76475173,80619029,3543038242777476,5848452085379929,6499427836902841,-151200,-8382,-465,-204096,-14536,-1035,-229600,-17239,-1294,195168,10819,600,191456,13636,971,172736,12969,974,-7810674240,1649371727,-606772440,462391136,321562172,-151907009,-311972160,198013255,-104132860,10997054784,-2569520169,1504912365,-1112510624,-531068812,141980533,617633760,-238484113,173662704,-6354120419,8983660428
409,36679249,59523426,76475173,1345367307204001,3543038242777476,5848452085379929,-78880,-2695,-92,-151200,-8382,-465,-204096,-14536,-1035,177024,6047,207,195168,10819,600,191456,13636,971,-3904056960,479667676,-68609805,248207808,160609349,-68292945,-236946720,158010840,-74267942,9842443712,-1396931890,479328924,-1033507200,-394904433,87780390,630907200,-238846292,161141368,-3305678699,8137411779
410,17297810,36679249,59523426,299214230796100,1345367307204001,3543038242777476,736,12,0,-78880,-2695,-92,-151200,-8382,-465,133088,2144,35,177024,6047,207,195168,10819,600,342286528,-44939948,20391735,-3551456,30077350,-13535914,-118738080,81312938,-25669845,7263337024,-476213796,71982960,-834357920,-204016384,30302983,582590880,-179055151,91368195,267633308,6345938791
411,9503300,17297810,36679249,90312710890000,299214230796100,1345367307204001,74240,657,6,736,12,0,-78880,-2695,-92,64960,575,5,133088,2144,35,177024,6047,207,4200072320,-157339100,15253041,-238321472,-18358844,-9590,18149760,17626943,-928855,3377511680,-114825306,6787554,-521068416,-64212828,5127955,466379040,-93479727,28305847,3836144203,3090525799
412,16965625,9503300,17297810,287832431640625,90312710890000,299214230796100,130400,2060,33,74240,657,6,736,12,0,-19200,-303,-5,64960,575,5,133088,2144,35,7074691200,-451809249,64956543,-406306240,-24535154,877708,143328480,-7277276,1645105,-1344097600,107951195,-29509773,-123637440,-11732760,734209,286686240,-29935472,4054855,6395571117,-1139486546
413,36651425,16965625,9503300,1343326954530625,287832431640625,90312710890000,162688,5553,190,130400,2060,33,74240,657,6,-105184,-3590,-123,-19200,-303,-5,64960,575,5,8642044864,-1163231395,319102257,-477855200,-59250135,4836299,229540800,-11092217,930133,-6111085952,907276251,-363666678,306037600,26382791,-723523,61248000,-5860463,297247,7485025406,-5180094727
414,58483466,36651425,16965625,3420315795373156,1343326954530625,287832431640625,170528,9288,506,162688,5553,190,130400,2060,33,-175520,-9560,-521,-105184,-3590,-123,-19200,-303,-5,8910352064,-1875531280,737122395,-452479904,-136435291,27871172,261216000,-27796112,3588134,-9968384320,2307602496,-1366324002,700642272,154306665,-17969039,-180348000,11067203,-2130364,7447907178,-8361537089
415,69236649,58483466,36651425,4793713564749201,3420315795373156,1343326954530625,158976,10251,661,170528,9288,506,162688,5553,190,-213600,-13773,-888,-175520,-9560,-521,-105184,-3590,-123,8193309888,-2006466234,842082168,-358827520,-198355936,74278332,239385120,-65732053,16230701,-12020872320,3262823892,-2211423009,990580032,364744080,-76194629,-400460160,68605538,-23180489,6735904466,-10045377065
416,60699272,69236649,58483466,3684401621329984,4793713564749201,3420315795373156,136768,7732,437,158976,10251,661,170528,9288,506,-208448,-11784,-666,-213600,-13773,-888,-175520,-9560,-521,6992714624,-1485898572,510733086,-246122400,-191874912,97088405,181411680,-98154568,34133055,-11689222784,2771151244,-1624338273,1119608544,499205826,-129922430,-560735520,164457368,-84142931,5794030398,-9533938956
417,36999001,60699272,69236649,1368926074998001,3684401621329984,4793713564749201,113568,3913,135,136768,7732,437,158976,10251,661,-158080,-5447,-188,-208448,-11784,-666,-213600,-13773,-888,5840608384,-762167926,168115812,-168069888,-133010124,64208665,115904160,-97647963,34840169,-8887070400,1287612196,-465305163,1060100992,418394788,-97457920,-630685440,226552629,-133946447,5062781289,-7221804765
418,14186146,36999001,60699272,201246738333316,1368926074998001,3684401621329984,97248,1285,17,113568,3913,135,136768,7732,437,-71200,-941,-12,-158080,-5447,-188,-208448,-11784,-666,5146949824,-267005428,27971700,-166110880,-71650696,19830767,73421760,-69025348,19323763,-4107418560,234450070,-34584429,821365792,196243294,-27507454,-595905600,190391416,-97698409,4713705462,-3420663880
419,9376061,14186146,36999001,87910519875721,201246738333316,1368926074998001,91808,802,7,97248,1285,17,113568,3913,135,34240,299,3,-71200,-941,-12,-158080,-5447,-188,5089339904,-184119833,16144455,-255745600,-30646450,2494009,76951680,-36645401,6803591,1660688960,-50632241,2091621,451491712,39014752,-1753498,-462402720,89130015,-28125769,4684576355,1699502832
420,27013556,9376061,14186146,729732207765136,87910519875721,201246738333316,97088,2443,61,91808,802,7,97248,1285,17,135040,3397,85,34240,299,3,-71200,-941,-12,5606380544,-609874324,174978801,-420916960,-26567699,1024769,134227680,-14845229,1405465,7151173760,-706729694,139275879,28016352,-2236313,441457,-257361120,17417181,-2189287,4845813047,6367808215
421,54120481,27013556,9376061,2929026463671361,729732207765136,87910519875721,109280,5508,278,97088,2443,61,91808,802,7,208512,10510,530,135040,3397,85,34240,299,3,6438698880,-1431240970,880539498,-619956160,-101800486,8914003,234770880,-12204246,951980,11134187456,-2226983514,928059042,-358283328,-81390824,12470319,-23817120,-1520887,18538,5398673379,9382739682
422,70256250,54120481,27013556,4935940664062500,2929026463671361,729732207765136,122976,8046,526,109280,5508,278,97088,2443,61,238368,15597,1021,208512,10510,530,135040,3397,85,7254109248,-2095548399,1676657097,-797781728,-253454926,40585394,353527680,-45420035,11062288,12732876864,-3307400343,1793387130,-625093280,-269028810,77728062,188287680,-39392469,6980322,6143736619,10558345156
423,64187009,70256250,54120481,4119972124366081,4935940664062500,2929026463671361,133120,7958,476,122976,8046,526,109280,5508,278,219104,13098,783,238368,15597,1021,208512,10510,530,7764120640,-2026719816,1435160499,-904353792,-372292677,76786084,458110080,-111858508,57118724,11658266752,-2753795164,1333034052,-718049856,-400317039,149733897,334002720,-128675782,48335256,6376071234,9522534836
424,42569360,64187009,70256250,1812150410809600,4119972124366081,4935940664062500,136832,5425,215,133120,7958,476,122976,8046,526,157696,6252,248,219104,13098,783,238368,15597,1021,7827355136,-1328841309,586671048,-910090976,-348673836,69525646,519490080,-164210778,108928741,8297700608,-1282385975,384787173,-624493920,-326093296,114850103,383905440,-191381121,93562335,6360153752,6850451347
425,22527937,42569360,64187009,507507945475969,1812150410809600,4119972124366081,133888,2809,59,136832,5425,215,133120,7958,476,71712,1505,32,157696,6252,248,219104,13098,783,7471464384,-653904110,139986576,-816029824,-215219265,31432343,520884960,-154693766,91949377,3610688896,-279063572,31438353,-376900992,-141998369,36394134,331491840,-156734410,68339471,6415870675,3123655351
426,15851593,22527937,42569360,251273000637649,507507945475969,1812150410809600,126464,1867,28,133888,2809,59,136832,5425,215,-15456,-228,-3,71712,1505,32,157696,6252,248,6868331712,-410398599,55838505,-652368928,-96896048,8635499,463503360,-96578557,36565139,-1130785408,87478939,-22483356,-44621728,-21563930,4704582,194897280,-69419912,18625899,6176632083,-983167634
427,19934132,15851593,22527937,397369618593424,251273000637649,507507945475969,117632,2184,41,126464,1867,28,133888,2809,59,-81088,-1505,-28,-15456,-228,-3,71712,1505,32,6237225856,-455665315,68009508,-469029536,-54090339,4103186,365571360,-44263209,8339423,-4693456384,377510553,-81473829,284379616,22512781,-431867,12307200,-11726761,934119,5660200934,-4089444572
428,23447624,19934132,15851593,549791071245376,397369618593424,251273000637649,109760,2397,52,117632,2184,41,126464,1867,28,-109376,-2388,-52,-81088,-1505,-28,-15456,-228,-3,5743295360,-485589129,76649820,-318260928,-52878973,6014705,256701600,-25346479,3102875,-6219772288,577934949,-137242404,526361408,63480165,-4091130,-168069120,9378640,-1663643,5203688851,-5353683423
429,19438901,23447624,19934132,377870872087801,549791071245376,397369618593424,103360,1871,34,109760,2397,52,117632,2184,41,-96032,-1739,-31,-109376,-2388,-52,-81088,-1505,-28,5424223040,-381495112,51865053,-237321856,-51855549,7632924,167726400,-25543924,3433889,-5476822016,423339782,-83565450,623466240,91755651,-7604428,-300428160,28283549,-5171007,4958664865,-4706745839
430,11488810,19438901,23447624,131992755216100,377870872087801,549791071245376,96672,1034,11,103360,1871,34,109760,2397,52,-49184,-526,-6,-96032,-1739,-31,-109376,-2388,-52,5165483456,-219409508,19127490,-235807392,-41525482,4989936,120596160,-25593849,3580200,-2904301632,137277728,-18748767,559769440,67871828,-4532587,-353146560,41335080,-8468512,4791441011,-2482943982
431,7478629,11488810,19438901,55929891719641,131992755216100,377870872087801,86560,603,4,96672,1034,11,103360,1871,34,12864,90,1,-49184,-526,-6,-96032,-1739,-31,4754338560,-135776205,8809245,-292431104,-26601128,1613287,120983520,-20391927,2481909,505728832,-8110899,-273828,364059968,24458852,-876064,-317507520,30517195,-5189545,4413026157,592806991
432,9197344,7478629,11488810,84591136654336,55929891719641,131992755216100,70016,600,5,86560,603,4,96672,1034,11,67200,576,5,12864,90,1,-49184,-526,-6,3974577408,-144691992,13196385,-362504416,-18843741,585778,156430560,-12712138,992365,3509377280,-116171400,7370175,102633440,2362455,147609,-209193120,10782750,-1212151,3607030209,3306097038
433,10538890,9197344,7478629,111068202432100,84591136654336,55929891719641,45984,451,4,70016,600,5,86560,603,4,93152,914,9,67200,576,5,12864,90,1,2721629632,-118244813,13470213,-393689600,-22833720,731195,200669760,-8728983,510415,4980597696,-194221283,16179420,-139901696,-12241272,733935,-64400160,741258,-72159,2393514099,4587415739
434,6255400,10538890,9197344,39130029160000,111068202432100,84591136654336,16704,97,1,45984,451,4,70016,600,5,78272,456,3,93152,914,9,67200,576,5,1089515392,-30546777,3804519,-345273088,-21201677,583586,222802560,-10298616,814280,4234793856,-99422051,5587347,-284275904,-23631113,1319713,70584960,-6063456,344250,910200179,3899237602
435,635290,6255400,10538890,403593384100,39130029160000,111068202432100,-12256,-7,0,16704,97,1,45984,451,4,22368,13,0,78272,456,3,93152,914,9,-618255168,1299254,0,-204026368,-6737829,145691,198532320,-9336255,886439,1248845504,-3026944,0,-277668224,-12864317,439813,152235360,-11283118,854665,-637491916,1097532739
436,4860469,635290,6255400,23624158899961,403593384100,39130029160000,-33216,-150,-1,-12256,-7,0,16704,97,1,-62240,-282,-1,22368,13,0,78272,456,3,-1954479808,38893944,-2639277,8535808,100844,0,119440320,-2868253,256862,-3322156800,59709900,-1474035,-109475264,-448726,0,151277760,-6053684,300556,-1792759560,-3228320293
437,24682025,4860469,635290,609202358100625,23624158899961,403593384100,-38656,-889,-20,-33216,-150,-1,-12256,-7,0,-154208,-3545,-81,-62240,-282,-1,22368,13,0,-2460205888,267454790,-88325421,240475360,6866940,-146239,-2651040,54759,0,-8330157184,770259212,-154936716,185532896,7199904,-146787,61367520,-204965,0,-2036476739,-7461086120
438,51703810,24682025,4860469,2673283968516100,609202358100625,23624158899961,-24096,-1160,-56,-38656,-889,-20,-33216,-150,-1,-228832,-11019,-531,-154208,-3545,-81,-62240,-282,-1,-1834801088,475042623,-424544487,424518752,56427608,-2908066,-138032160,3032262,-162856,-12436783296,2425825555,-1059457560,536883936,98876210,-11873033,-99063360,3445242,-68850,-1441427412,-10542215156
439,68803002,51703810,24682025,4733853084212004,2673283968516100,609202358100625,9888,634,41,-24096,-1160,-56,-38656,-889,-20,-265248,-16997,-1089,-228832,-11019,-531,-154208,-3545,-81,-62346816,194239199,-550151373,499380608,127301025,-8059234,-247728480,24184329,-6124303,-14501803584,3789658903,-2263585845,855539776,320798743,-77813747,-291920640,46614721,-8444033,-29305045,-12130955706
440,65155609,68803002,51703810,4245253384160881,4733853084212004,2673283968516100,56704,3441,209,9888,634,41,-24096,-1160,-56,-252000,-15292,-928,-265248,-16997,-1089,-228832,-11019,-531,2523317952,-463163861,-110831184,430413312,123671717,6305419,-295753440,52756964,-31446361,-13884894080,3466110897,-2030344557,1058590272,515181439,-159541423,-468614880,150210079,-58885775,2235270518,-11412188028
441,46106757,65155609,68803002,2125833041057049,4245253384160881,4733853084212004,104928,4506,193,56704,3441,209,9888,634,41,-190272,-8170,-351,-252000,-15292,-928,-265248,-16997,-1089,5295892224,-840257960,192434637,223224800,25156663,30875489,-261131040,47498098,-46436294,-10624754496,1904423052,-834332109,1089409376,487601319,-135906798,-583466400,239737401,-128091040,4667256617,-8585379695
442,27948170,46106757,65155609,781100206348900,2125833041057049,4245253384160881,141088,3672,96,104928,4506,193,56704,3441,209,-93344,-2430,-63,-190272,-8170,-351,-252000,-15292,-928,7489820864,-768097890,160733853,-75251232,-66579332,28373183,-145899360,2599651,-19405507,-5415732032,612407574,-185500944,932435232,282903360,-51373181,-604709760,225207808,-117335211,6606294230,-4321697154
443,23287961,27948170,46106757,542329127537521,781100206348900,2125833041057049,153440,3328,72,141088,3672,96,104928,4506,193,17408,378,8,-93344,-2430,-63,-190272,-8170,-351,8415498880,-747017826,152740200,-388644864,-89749134,14082510,24004800,-35906666,5861576,601959104,-18382874,-25495464,615959872,103719150,-9204015,-522735840,129166666,-49735982,7350869476,825250617
444,31737704,23287961,27948170,1007281855191616,542329127537521,781100206348900,136000,4020,119,153440,3328,72,141088,3672,96,118336,3498,103,17408,378,8,-93344,-2430,-63,7692590720,-962314566,304752027,-633046752,-103003326,10546744,205338720,-43280352,8160699,6151005568,-698080710,142503669,203108960,16599694,1191832,-351881760,46150182,-11811027,6479743914,5498786408
445,43308946,31737704,23287961,1875664803630916,1007281855191616,542329127537521,90720,3659,148,136000,4020,119,153440,3328,72,190048,7666,309,118336,3498,103,17408,378,8,5383632320,-964271797,484414977,-743136384,-149953650,17406825,349969920,-47782216,8717440,10168405824,-1631432347,549278796,-223884800,-71181606,15123445,-125812320,5750830,-2457392,4338997435,8683790430
446,49049104,43308946,31737704,2405814603202816,1875664803630916,1007281855191616,28160,1286,59,90720,3659,148,136000,4020,119,222336,10156,464,190048,7666,309,118336,3498,103,2041900800,-486027202,391678848,-692270912,-174115093,21599258,419787840,-67802988,18627816,12072954368,-2231561038,919913745,-585454720,-199239697,45313069,110765760,-35575218,6339502,1473378367,10103455771
447,46824674,49049104,43308946,2192550095206276,2405814603202816,1875664803630916,-34976,-1525,-67,28160,1286,59,90720,3659,148,216160,9426,411,222336,10156,464,190048,7666,309,-1418586688,153040683,101661279,-503840384,-123835762,8517131,398356320,-76576935,31670171,11879137600,-2124761275,884321223,-822853760,-293853562,67998198,313886880,-95045102,28842133,-1429594185,9837672335
448,38752808,46824674,49049104,1501780127884864,2192550095206276,2405814603202816,-79936,-2885,-104,-34976,-1525,-67,28160,1286,59,182464,6585,238,216160,9426,411,222336,10156,464,-3949353088,511282680,-75228426,-245106240,-33385845,-9928985,297613440,-51656862,28644719,10141799552,-1520235170,550076712,-910300544,-295554097,60198485,450255360,-137726660,50982615,-3527118607,8389496253
449,26730037,38752808,46824674,714494878021369,1501780127884864,2192550095206276,-91328,-2274,-57,-79936,-2885,-104,-34976,-1525,-67,137952,3434,85,182464,6585,238,216160,9426,411,-4672261824,437631472,-67706607,-9030016,31260270,-15302564,154662240,-9935591,11556082,7737838336,-807957108,208025157,-857577984,-221749820,34841598,504155040,-136841806,50764784,-4139126538,6511498197
450,13405585,26730037,38752808,179709709192225,714494878021369,1501780127884864,-61728,-771,-10,-91328,-2274,-57,-79936,-2885,-104,99584,1243,16,137952,3434,85,182464,6585,238,-3143552384,146827244,-11244624,114425312,39384748,-8374531,21662400,18499325,-861998,5576213952,-291427482,38732706,-703020832,-122099928,12437987,479254080,-101631545,32461326,-2823234508,4920920264
451,6149576,13405585,26730037,37817284979776,179709709192225,714494878021369,5440,31,0,-61728,-771,-10,-91328,-2274,-57,79168,453,3,99584,1243,16,137952,3434,85,476670080,-15820776,1747863,66118304,12692702,-1469514,-50349600,20405650,-2608366,4309273984,-100056698,6169968,-500064032,-43758816,2341468,395240640,-55551338,12526676,507386343,4026121852
452,15248008,6149576,13405585,232501747968064,37817284979776,179709709192225,95936,1362,19,5440,31,0,-61728,-771,-10,80064,1137,16,79168,453,3,99584,1243,16,5418699648,-325088679,48398400,-161400192,-4732842,-822,-27275520,6657563,-406482,4152758912,-225815271,21836697,-301111040,-13328396,439539,280841760,-19935019,2323678,4954851074,3898010860
453,43576640,15248008,6149576,1898923553689600,232501747968064,37817284979776,187904,7626,309,95936,1362,19,5440,31,0,96512,3917,159,80064,1137,16,79168,453,3,10476385792,-1771919339,728143443,-518182016,-50401029,2779363,96064320,-1935559,141009,4841854976,-720093483,146978415,-144540416,-22672599,2349414,165209280,-6230597,347559,8961075984,4263202549
454,77803984,43576640,15248008,6053459926272256,1898923553689600,232501747968064,257280,18643,1351,187904,7626,309,95936,1362,19,116096,8412,610,96512,3917,159,80064,1137,16,14307938560,-4308800079,3133941066,-908252928,-261640337,45228951,292489920,-22812414,2953255,5753422848,-1501772669,467439189,-46407424,-53477979,23380233,70766400,-11380005,960591,12281045994,4702931184
455,94048693,77803984,43576640,8845156655008249,6053459926272256,1898923553689600,284384,24909,2182,257280,18643,1351,187904,7626,309,124224,10881,953,116096,8412,610,96512,3917,159,15805942272,-5749943202,5042861205,-1215197824,-629852811,197771923,508657920,-119607878,43272054,6135588032,-1926899472,688714146,-548480,-95826779,89743104,8348160,-29475761,3896700,13883903659,4873539650
456,77309737,94048693,77803984,5976795435009169,8845156655008249,6053459926272256,259328,18672,1344,284384,24909,2182,257280,18643,1351,109152,7859,566,124224,10881,953,116096,8412,610,14403971904,-4304341103,3093909150,-1335959456,-838541268,319430244,679367040,-288541975,185189233,5369714816,-1378310451,381024672,15496096,-117286302,140224757,-23235840,-55787984,7169277,11914483769,4339009041
457,37812305,77309737,94048693,1429770409413025,5976795435009169,8845156655008249,185312,6526,230,259328,18672,1344,284384,24909,2182,66176,2330,82,109152,7859,566,124224,10881,953,10266030976,-1496180960,520805802,-1210952288,-626080289,196758388,746568000,-384334125,297585105,3191757248,-389111108,34642962,30329632,-78994983,83294614,-34545120,-69529017,7847363,8310200609,2775691591
458,5997890,37812305,77309737,35974684452100,1429770409413025,5976795435009169,78368,438,2,185312,6526,230,259328,18672,1344,-544,-3,0,66176,2330,82,109152,7859,566,4276717504,-97275399,4113312,-844414944,-215320772,33675522,676395360,-287113676,182310130,-207591232,9302721,-1165242,68076128,-15107240,12077086,-40416000,-47960327,2400766,3729087037,-220383340
459,7382324,5997890,37812305,54498707640976,35974684452100,1429770409413025,-36224,-249,-2,78368,438,2,185312,6526,230,-79040,-543,-4,-544,-3,0,66176,2330,82,-2156816512,66040356,-6443796,-306632064,-13113501,293026,470751360,-98966286,30500436,-4232407040,115758642,-7061382,140768192,3767001,548,-54417120,-10935514,-1310744,-2014386981,-4045837417
460,39417205,7382324,5997890,1553716050012025,54498707640976,35974684452100,-130368,-4786,-176,-36224,-249,-2,78368,438,2,-152864,-5612,-206,-79040,-543,-4,-544,-3,0,-7463529664,1174220654,-481991382,282000960,12027738,-291930,168695520,-6113730,231706,-8048604672,1152761138,-321129840,246151744,14198016,-586600,-84636960,1494351,-94006,-6314750128,-7040446829
461,73193024,39417205,7382324,5357218762264576,1553716050012025,54498707640976,-180224,-12285,-837,-130368,-4786,-176,-36224,-249,-2,-206080,-14048,-958,-152864,-5612,-206,-79040,-543,-4,-10305869312,3007018541,-2279571990,782110816,190678382,-25729844,-162421440,5281857,-419718,-10840386560,2879593455,-1482622671,369370208,128164694,-30229902,-132147840,6765999,-369406,-8788922708,-9101862023
462,79793090,73193024,39417205,6366937211748100,5357218762264576,1553716050012025,-172576,-12825,-953,-180224,-12285,-837,-130368,-4786,-176,-227872,-16934,-1258,-206080,-14048,-958,-152864,-5612,-206,-9937848128,3183923303,-2692930386,1071934720,486446105,-122368889,-444395040,85522458,-30072746,-12047329216,3510287625,-2032035435,490047744,318265281,-140588792,-191344320,62590996,-15593190,-8399788603,-10045699307
463,56960021,79793090,73193024,3244443992320441,6366937211748100,5357218762264576,-108352,-5748,-305,-172576,-12825,-953,-180224,-12285,-837,-215840,-11450,-607,-227872,-16934,-1258,-206080,-14048,-958,-6404675776,1503108950,-980931027,1080466368,526872455,-139282197,-608759040,218339753,-141997835,-11536314880,2431142934,-1070690787,589110656,400303323,-184574476,-253194240,155668028,-71645663,-4946858349,-9540195105
464,30476800,56960021,79793090,928835338240000,3244443992320441,6366937211748100,-2560,-73,-2,-108352,-5748,-305,-172576,-12825,-953,-176640,-5014,-142,-215840,-11450,-607,-227872,-16934,-1258,-540718080,115083463,-86845494,807102560,268545506,-44520147,-615447840,235459469,-169537683,-9636613120,1112796809,-290879910,655497312,295211190,-89016961,-308410080,194226554,-100949215,-30878246,-8168137421
465,28905002,30476800,56960021,835499140620004,928835338240000,3244443992320441,119392,3214,87,-2560,-73,-2,-108352,-5748,-305,-123872,-3335,-90,-176640,-5014,-142,-215840,-11450,-607,6236181056,-648474955,126493182,322524160,44282311,-254118,-463909920,118330988,-63865986,-7032944576,804490813,-235787067,688783360,149792123,-20805394,-350819520,141022082,-55986856,5671306718,-5912255035
466,56243545,28905002,30476800,3163336354167025,835499140620004,928835338240000,228256,11956,626,119392,3214,87,-2560,-73,-2,-74112,-3882,-203,-123872,-3335,-90,-176640,-5014,-142,12291804288,-2580380706,1169194593,-249484032,-68413033,12771291,-193651200,17647037,-6906132,-4563766976,1098413902,-782221914,697402048,127021525,-13162332,-378816000,69858666,-16357120,10392582106,-3761628201
467,88708765,56243545,28905002,7869244987825225,3163336354167025,835499140620004,298432,24655,2037,228256,11956,626,119392,3214,87,-42144,-3482,-288,-74112,-3882,-203,-123872,-3335,-90,16195139136,-5410302781,4021613424,-764800672,-326054742,91772760,125963040,-33876074,5848941,-2977997312,1259910085,-1779115905,694674464,216818974,-29570615,-394716000,57284259,-14516031,13905303032,-2967228081
468,97853125,88708765,56243545,9575234072265625,7869244987825225,3163336354167025,314400,28652,2611,298432,24655,2037,228256,11956,626,-36800,-3354,-306,-42144,-3482,-288,-74112,-3882,-203,17078931200,-6301059882,5191646790,-1096792864,-710344645,298525893,414103680,-154284124,62982369,-2722526400,1310274134,-2150560167,693341408,311428279,-41637606,-403174560,93920338,-52942037,14783708417,-2961876611
469,77020450,97853125,88708765,5932149718202500,9575234072265625,7869244987825225,274656,19701,1413,314400,28652,2611,298432,24655,2037,-58592,-4203,-301,-36800,-3354,-306,-42144,-3482,-288,14859917888,-4295184174,2730686007,-1168920800,-831317214,382629287,599729760,-333155243,222455697,-3821889216,1322456292,-1442296929,700613600,341143478,-44117564,-408861120,130437822,-129110775,12166841208,-3351624412
470,45717138,77020450,97853125,2090056706911044,5932149718202500,9575234072265625,191904,8171,348,274656,19701,1413,314400,28652,2611,-99936,-4255,-181,-58592,-4203,-301,-36800,-3354,-306,10248800832,-1731904640,610261887,-974375552,-555686712,207105343,639912000,-389461748,288109265,-5890928448,1106674982,-575006844,715840064,291467286,-43713251,-414324000,141902306,-158175851,8342760675,-4826263756
471,29117800,45717138,77020450,847846276840000,2090056706911044,5932149718202500,89536,2428,66,191904,8171,348,274656,19701,1413,-147648,-4004,-109,-99936,-4255,-181,-58592,-4203,-301,4552430208,-460615432,72233607,-576436416,-209384762,51036118,530856480,-261502533,149552386,-8263055744,937661776,-262628490,731726976,196232780,-26423501,-419067360,124090659,-101286992,3848169656,-7082749896
472,34128100,29117800,45717138,1164727209610000,847846276840000,2090056706911044,-4800,-153,-5,89536,2428,66,191904,8171,348,-186880,-5940,-189,-147648,-4004,-109,-99936,-4255,-181,-686240000,151119405,-120398649,-90239488,-39219136,9699724,308080800,-100129171,31809301,-10190509440,1316999799,-385794879,737907584,140491048,-15951833,-420239520,86584191,-37326437,-535517214,-8767839487
473,45441680,34128100,29117800,2064946281222400,1164727209610000,847846276840000,-66176,-2801,-119,-4800,-153,-5,89536,2428,66,-205312,-8689,-368,-186880,-5940,-189,-147648,-4004,-109,-4078473728,793773238,-459146592,349430720,54455841,-680779,36152640,-20668604,2522971,-11057351936,1875685708,-687517509,725012800,176897745,-27692327,-414275520,64031172,-15730175,-3322634293,-9360940042
474,43756532,45441680,34128100,1914634092667024,2064946281222400,1164727209610000,-79232,-3229,-132,-66176,-2801,-119,-4800,-153,-5,-196288,-7999,-326,-205312,-8689,-368,-186880,-5940,-189,-4770690176,875280808,-461413038,622937728,156965752,-17334215,-209395200,21836133,-9462832,-10535112704,1713911582,-593563884,688784256,237129538,-53949390,-398548800,82539792,-21661202,-3791275040,-8880470812
475,26778298,43756532,45441680,717077243776804,1914634092667024,2064946281222400,-41824,-1043,-26,-79232,-3229,-132,-66176,-2801,-119,-160224,-3996,-100,-196288,-7999,-326,-205312,-8689,-368,-2646796992,310569807,-111735156,658219072,164011918,-19250392,-361597440,67973505,-31083611,-8651367232,867446269,-190517454,630268992,212838548,-47799406,-372996480,112192793,-37040547,-1969689289,-7476974517
476,11666165,26778298,43756532,136099405807225,717077243776804,1914634092667024,34496,375,4,-41824,-1043,-26,-79232,-3229,-132,-103712,-1127,-12,-160224,-3996,-100,-196288,-7999,-326,1647641408,-61113316,1235172,447595456,64833291,-3781938,-380187840,71669333,-30615574,-5739736576,257841450,-27010356,554892544,111112027,-14658424,-339600000,101126655,-31563682,1757275992,-5127596362
477,17264690,11666165,26778298,298069520796100,136099405807225,717077243776804,127648,2052,33,34496,375,4,-41824,-1043,-26,-37216,-598,-10,-103712,-1127,-12,-160224,-3996,-100,6883568704,-444214934,62043438,48069728,-1787710,589340,-260978400,27832919,-7712478,-2321307968,173349834,-39793053,468093024,36954744,-1757060,-301541280,52409488,-10363222,6307410607,-1943955493
478,44175338,17264690,11666165,1951460487414244,298069520796100,136099405807225,210784,8672,357,127648,2052,33,34496,375,4,28384,1168,48,-37216,-598,-10,-103712,-1127,-12,11570708672,-1950164656,762192000,-435183296,-56533634,4837669,-35941920,-1505743,-100624,1070946112,-88572976,-109276209,371882112,35164746,-1456088,-260756160,17000087,-1578248,9858308468,1033353376
479,72740980,44175338,17264690,5291250171360400,1951460487414244,298069520796100,259456,17577,1191,210784,8672,357,127648,2052,33,84672,5736,389,28384,1168,48,-37216,-598,-10,14355389568,-4019145537,2676116865,-877538496,-269939344,52291989,236084640,-26706044,3353119,4033110016,-928116891,106137573,261469696,37764944,7130442,-216331680,15165070,-2709629,12129906760,3313619541
480,80746825,72740980,44175338,6520049747580625,5291250171360400,1951460487414244,257664,19377,1457,259456,17577,1191,210784,8672,357,127648,9599,722,84672,5736,389,28384,1168,48,14355123392,-4495317308,3417200154,-1168149568,-575410989,174390397,485522400,-125116320,43615665,6383151744,-1751081466,636026835,126640064,-24503877,57319891,-163175520,12426544,-11219127,12111857823,5265585088
481,64133621,80746825,72740980,4113121342571641,6520049747580625,5291250171360400,201952,12062,720,257664,19377,1457,259456,17577,1191,157760,9423,563,127648,9599,722,84672,5736,389,11382270976,-2866271241,1808807943,-1237140512,-661835474,213271613,650600640,-264764613,156265090,8153371840,-1856199721,738410208,-45210784,-125271288,106181604,-93429120,-21909684,-10913756,9181204422,6845029299
482,41333233,64133621,80746825,1708436150232289,4113121342571641,6520049747580625,102016,3927,151,201952,12062,720,257664,19377,1457,178656,6877,265,157760,9423,563,127648,9599,722,5974398528,-1008271384,464949621,-1071739040,-440929899,105335098,692499360,-302740121,202733987,9520897408,-1450812666,457038069,-261954912,-181401241,82684099,1307520,-69949487,15162495,4616236150,8112971285
483,37554589,41333233,64133621,1410347154958921,1708436150232289,4113121342571641,-21856,-764,-27,102016,3927,151,201952,12062,720,194880,6816,238,178656,6877,265,157760,9423,563,-750697728,35388828,83134086,-716455264,-175530634,22050853,604230720,-199885490,109876849,10687722560,-1529749388,505214895,-520758496,-173322204,38867319,125682720,-91745371,31383079,-987887780,9073295114
484,63213917,37554589,41333233,3995999302482889,1410347154958921,1708436150232289,-144032,-8480,-499,-21856,-764,-27,102016,3927,151,209728,12347,727,194880,6816,238,178656,6877,265,-7386336256,1641022201,-602705877,-258957920,-34302612,-4021063,410623200,-77707519,29949598,11775584704,-2911012235,1785916791,-803567264,-210873332,34862696,277249920,-83125405,23603592,-6282436248,9888639467
485,105021146,63213917,37554589,11029441107153316,3995999302482889,1410347154958921,-239840,-23458,-2294,-144032,-8480,-499,-21856,-764,-27,223648,21875,2140,209728,12347,727,194880,6816,238,-12584704960,4781644675,-3471159924,194316768,150721495,-73309185,160338240,-11920372,8058683,12752933824,-5323693261,5737776414,-1077975008,-441562559,106378225,444217440,-97827920,28842095,-10846014580,12129089250
486,136494153,105021146,63213917,18630653803187409,11029441107153316,3995999302482889,-291456,-37050,-4710,-239840,-23458,-2294,-144032,-8480,-499,234144,29764,3784,223648,21875,2140,209728,12347,727,-15378493248,7646579462,-7482211896,545738688,520029001,-336687182,-87748800,77616228,-23639466,13443057792,-7344819750,10526531214,-1302095360,-853114285,312909264,606406560,-200743087,107679628,-14518817213,15295811976
487,138011857,136494153,105021146,19047272672588449,18630653803187409,11029441107153316,-291872,-37515,-4822,-291456,-37050,-4710,-239840,-23458,-2294,236928,30453,3914,234144,29764,3784,223648,21875,2140,-15394882176,7736329074,-7636816638,729764064,861520070,-691113046,-279869280,255428798,-165180362,13595975104,-7507101180,10859150046,-1434600864,-1203865458,553114652,738509280,-383621103,355750302,-14584819496,15573310779
488,109675682,138011857,136494153,12028755222165124,19047272672588449,18630653803187409,-245728,-25100,-2564,-291872,-37515,-4822,-291456,-37050,-4710,227872,23276,2377,236928,30453,3914,234144,29764,3784,-12896530624,5118914608,-3888375867,726471968,869684520,-707558122,-380181600,419298626,-367808278,12996879296,-5667405800,6382511556,-1446263968,-1228437066,572130654,816151680,-538988284,659771882,-11106084769,12546349950
489,68529440,109675682,138011857,4696284146713600,12028755222165124,19047272672588449,-167552,-10694,-683,-245728,-25100,-2564,-291872,-37515,-4822,205184,13095,836,227872,23276,2377,236928,30453,3914,-8680560896,2118280035,-917624892,561376832,557522680,-376310630,-378115200,423515067,-374673424,11580927232,-3120889973,2117294559,-1329090432,-908924672,347558865,822608160,-550163133,680097108,-7066590428,9639417714
490,34299281,68529440,109675682,1176440677116961,4696284146713600,12028755222165124,-77312,-2470,-79,-167552,-10694,-683,-245728,-25100,-2564,170720,5453,174,205184,13095,836,227872,23276,2377,-3832773056,441378949,-61099770,294671104,210855393,-100297443,-288088800,273739884,-185320961,9494761600,-1260493915,403885203,-1101746688,-482586845,122297726,753903840,-408653356,395898273,-3246934700,7917265838
491,16490468,34299281,68529440,271935534859024,1176440677116961,4696284146713600,4864,75,1,-77312,-2470,-79,-167552,-10694,-683,129856,1994,31,170720,5453,174,205184,13095,836,560289152,-55982573,20117907,1445920,28314655,-11622203,-143391360,106089794,-39833091,7077538048,-441637875,63173715,-806840928,-184309291,25471616,621640320,-218542499,128956157,465428201,6265449263
492,11947025,16490468,34299281,142731406350625,271935534859024,1176440677116961,63776,710,8,4864,75,1,-77312,-2470,-79,90368,1005,11,129856,1994,31,170720,5453,174,3686539648,-177595335,22862079,-248806464,-18989405,138019,14822880,16450922,-973865,4788236864,-209337055,17962248,-501080384,-59184393,4542177,451092480,-84428913,23871659,3294448479,4431674683
493,11842601,11947025,16490468,140247198445201,142731406350625,271935534859024,92320,1018,11,63776,710,8,4864,75,1,60032,662,7,90368,1005,11,129856,1994,31,5175836800,-239277704,26701563,-410181792,-29734845,1169090,148802880,-7660679,1572946,3067460416,-127041044,7987761,-241874656,-24186535,1613835,275308800,-27629414,3544440,4667228259,2935183603
494,10251257,11842601,11947025,105088270080049,140247198445201,142731406350625,92512,883,8,92320,1018,11,63776,710,8,44032,420,4,60032,662,7,90368,1005,11,5149997696,-204505815,18783732,-468552608,-36094436,1609725,233998080,-13259090,1443857,2193616576,-75924389,3565656,-72311520,-11311904,1028605,127273440,-11696545,898359,4683421141,2155138278
495,7133617,10251257,11842601,50888491502689,105088270080049,140247198445201,73728,490,3,92512,883,8,92320,1018,11,43232,287,2,44032,420,4,60032,662,7,4122800704,-114549029,7335210,-441002208,-30013251,1171008,263345280,-16427850,1603404,2192585856,-54117245,2365449,-9171872,-5185955,588244,31348320,-5879734,293938,3794263268,2152827001
496,5162132,7133617,10251257,26647606785424,50888491502689,105088270080049,49088,236,1,73728,490,3,92512,883,8,53632,258,1,43232,287,2,44032,420,4,2801360384,-57532086,2639277,-365859808,-17107895,438991,246720000,-13737943,1114836,2816233856,-52680838,1474035,-39260768,-4495589,293848,-3416160,-2943992,87388,2598035756,2715291780
497,5403050,5162132,7133617,29192949302500,26647606785424,50888491502689,31136,157,1,49088,236,1,73728,490,3,67552,340,2,53632,258,1,43232,287,2,1852995008,-41593105,3221898,-287545408,-9245202,146239,205294560,-7802382,441565,3616849856,-72460931,3530691,-123668928,-5758006,146787,14860800,-2387707,90697,1715913173,3431203259
498,6389770,5403050,5162132,40829160652900,29192949302500,26647606785424,27872,166,1,31136,157,1,49088,236,1,75936,452,3,67552,340,2,53632,258,1,1693851456,-45801434,3804519,-241708288,-7563829,145965,163148160,-4155044,162856,4081924928,-97172678,5587347,-210062016,-8880965,293300,63566400,-2824522,68850,1561884361,3832500644
499,6602452,6389770,5403050,43592372412304,40829160652900,29192949302500,40512,249,2,27872,166,1,31136,157,1,71552,440,3,75936,452,3,67552,340,2,2373892096,-64009505,5861175,-243728384,-8774042,145691,139196640,-3322457,209859,3813918336,-92869467,5004726,-248743232,-12165074,439813,112752480,-4232928,184703,2199471073,3574289357
500,6518705,6602452,6389770,42493514877025,43592372412304,40829160652900,63488,385,2,40512,249,2,27872,166,1,51424,312,2,71552,440,3,75936,452,3,3582415424,-91708329,5278554,-285585088,-11163053,292204,141075360,-3819678,256862,2663015552,-61743155,2948070,-209175872,-11108325,440087,134338080,-5768956,300556,3337042256,2513246037
501,7622585,6518705,6602452,58103802082225,42493514877025,43592372412304,86432,614,4,63488,385,2,40512,249,2,18304,130,1,51424,312,2,71552,440,3,4759700096,-139009360,8809245,-340159456,-14168085,292478,163708800,-4940309,372715,802978112,-16783012,-273828,-89528928,-6126989,293574,111407040,-5325956,253553,4434606124,796893566
502,9733378,7622585,6518705,94738647290884,58103802082225,42493514877025,97824,887,8,86432,614,4,63488,385,2,-19936,-181,-2,18304,130,1,51424,312,2,5294761792,-193544798,15288006,-371625376,-19509508,585778,191900640,-6417277,325712,-1310326848,57711704,-8774280,81055008,1254920,147609,43461120,-3085412,137700,4911764969,-1138418479
503,10405885,9733378,7622585,108282442633225,94738647290884,58103802082225,88928,862,8,97824,887,8,86432,614,4,-52416,-508,-5,-19936,-181,-2,18304,130,1,4735417344,-181541714,13540143,-348692416,-25087844,1172652,206186880,-9015414,510415,-3063151168,129886354,-14944248,251299456,12875822,-290834,-52513440,218494,-72159,4392490046,-2736691723
504,7783042,10405885,9733378,60575742773764,108282442633225,94738647290884,56928,413,3,88928,862,8,97824,887,8,-68768,-498,-4,-52416,-508,-5,-19936,-181,-2,2951482304,-81959859,3839484,-256318496,-21592754,1173474,190068000,-11800951,832818,-3883134144,118811171,-9974487,363046432,22474966,-730373,-147244320,5471853,-607730,2775724020,-3531886632
505,3844426,7783042,10405885,14779611269476,60575742773764,108282442633225,6240,22,0,56928,413,3,88928,862,8,-62432,-224,-1,-68768,-498,-4,-52416,-508,-5,198908480,-472342,-582621,-101791808,-8208051,440635,136261440,-10367094,691809,-3422202816,50212174,-2056656,370620032,18405641,-585230,-207926880,9960740,-955289,214880448,-3184528284
506,3762565,3844426,7783042,14156895379225,14779611269476,60575742773764,-52416,-184,-1,6240,22,0,56928,413,3,-33248,-117,0,-62432,-224,-1,-68768,-498,-4,-2936757568,43196289,-2056656,85950208,1220546,274,49726560,-4122785,159547,-1695957504,22372397,582621,256084160,6904018,-146513,-209167200,8332046,-604421,-2762683585,-1611600396
507,10855976,3762565,3844426,117852214912576,14156895379225,14779611269476,-104768,-1059,-11,-52416,-184,-1,6240,22,0,11840,120,1,-33248,-117,0,-62432,-224,-1,-5692198784,232970235,-22040595,264548512,6501663,-146513,-53011680,435202,-47003,884145280,-47547303,8465487,37774496,1964969,-274,-141498720,3204696,-115853,-5262988963,746392778
508,21926792,10855976,3762565,480784207411264,117852214912576,14156895379225,-137152,-2801,-57,-104768,-1059,-11,-52416,-184,-1,60352,1232,25,11840,120,1,-33248,-117,0,-7349854336,598160881,-102663867,390269440,30759423,-1611917,-148627680,2960476,-115853,3605830016,-329008517,84625797,-231806592,-12489945,143499,-15992640,1025633,47003,-6580723433,3102374254
509,28529978,21926792,10855976,813959644680484,480784207411264,117852214912576,-140384,-3730,-99,-137152,-2801,-57,-104768,-1059,-11,97504,2591,69,60352,1232,25,11840,120,1,-7441947712,777812503,-163408095,431558912,73678957,-8358091,-213689280,14407959,-1227380,5641220032,-649329385,199588743,-479503488,-60470699,3647207,137152320,-5189364,632886,-6531172227,4787748252
510,24279104,28529978,21926792,589474891042816,813959644680484,480784207411264,-112640,-2547,-58,-140384,-3730,-99,-137152,-2801,-57,110336,2495,56,97504,2591,69,60352,1232,25,-5898329600,516813160,-86659272,378522624,90137365,-14523693,-231973440,35075469,-5428546,6278714368,-604670574,148964754,-631042496,-109035577,10082271,276427200,-26512708,5575496,-5216365933,5348502734
511,11733137,24279104,28529978,137666503860769,589474891042816,813959644680484,-60128,-657,-7,-112640,-2547,-58,-140384,-3730,-99,91648,1001,11,110336,2495,56,97504,2591,69,-3074226304,126265108,-7987761,246927616,55456834,-8513098,-199387680,43557374,-8226240,5139371584,-235401294,26701563,-632328960,-96224580,8188836,360117600,-48593451,12647154,-2826134151,4534478452
