03EB
021D
FEE6
FB1A
F7D7
F5ED
F5C7
F757
FA58
FE3D
01BA
0378
02CA
FF9C
FA8E
F50F
F08C
ED9B
EC7E
ED4A
EF9F
F2C0
F5E1
F86A
FA3D
FBB4
FD6F
001B
0409
08D0
0D89
11BE
151D
160C
130D
0D10
0592
FD77
F602
F0F0
F02F
F341
F820
FEBC
0645
0C18
0F69
110C
115B
1089
0F53
0EB9
0F5A
1122
1371
1568
161C
14DE
11B1
0D2E
080F
030D
FEFA
FC71
FB88
FC1D
FDE4
0050
02E3
054D
074A
089B
0940
092F
0837
05EC
01C5
FCA7
F74B
F151
EDBE
EFED
F59B
FCB0
05B2
0E9A
16E3
1FBD
22A0
1AC3
0FD9
0637
FB74
F27D
ED95
EC0D
EDF3
F1D3
F749
FD99
0211
0424
04BF
0406
01A5
FE14
FAB2
F841
F65D
F4D5
F3F4
F412
F5E5
F9B0
FEB8
042A
094B
0D34
0EF7
0E0D
0A6E
0402
FBC9
F4BA
F0BA
F00B
F298
F7B8
FE9E
056A
0976
0973
058C
FEE6
F77E
F196
EEFC
F080
F601
FFC2
0AB4
12DD
1ABA
1EFF
185A
0D5B
0458
FB52
F4CA
F317
F4D9
F930
FD95
002D
0174
009B
FD37
F910
F5D8
F4AB
F62F
FAF2
0263
09C9
0FDB
13C7
135B
0F9F
0AC0
04A4
FE79
FA89
F9A2
FB59
FEB9
028A
058B
06C4
058B
01A8
FBFA
F662
F1FE
EF13
EE3A
EF8C
F26A
F686
FB81
004A
03BF
0559
051C
0362
00C5
FE02
FBD5
FAAF
FAA5
FB6B
FC7A
FD1B
FC76
FA22
F65E
F1B4
ED3E
E976
E6A1
E7DA
ED35
F307
FA40
0231
082D
0D73
0ED8
0941
00E4
F977
F3F4
F12F
F19E
F518
FB5B
031E
09CE
0DDC
0F3F
0E78
0C57
09CA
07C4
06F7
0768
0869
090F
086D
05F2
01A8
FC2C
F719
F44D
F4D4
F919
00F1
0A38
1203
1815
1A52
1662
0F8F
0698
FBAA
F309
EE8B
EE11
F119
F6D8
FEC7
06C6
0C9C
0FE8
1148
1176
1119
10A3
101A
0F09
0CA1
0810
0137
F91B
F070
E5AD
D8BC
CFD4
D0B7
D8C2
E219
E9FE
F006
F41A
F64E
F744
F834
FA6B
FEB7
04DA
0B34
1006
1272
11B7
0DCD
06B5
FD67
F59D
F158
F0FE
F472
FB86
04C1
0BE4
0F49
0EBF
0AA9
03AD
FB7D
F5CA
F469
F79B
FF50
092D
1109
1637
16C7
1268
0B08
0108
F901
F41F
F37F
F7D7
FE8B
0743
0E7B
1179
1026
0B1D
02F6
F934
F1CF
EDF9
ED30
EEF3
F18D
F382
F3E9
F261
EE44
E3CA
D15B
C5C5
D1CE
E9EA
FCA5
0B0C
1816
283D
3712
32D1
2053
11A8
06D1
FC2F
F498
F122
F111
F381
F7C0
FCB1
0124
055F
07AE
062A
03C9
02EB
026D
01F4
01A2
0164
01C1
02C0
03DA
04E7
05E3
06A0
06DF
0671
0541
0369
0138
FF21
FDA4
FD24
FDCC
FF76
01A5
03A9
04E0
04F1
03CD
01A3
FEDE
FC1A
F9FE
F905
F951
FAC7
FD20
0000
02FF
05C4
0835
0AAB
0D79
1003
1129
10BC
0F28
0BD2
05C2
FDE1
F65A
F06D
ED4A
EE3E
F28C
F9A1
032A
0BDC
117A
13AB
11BD
0CC3
05D1
FE2B
F862
F607
F73C
FB60
011B
0628
088B
0743
020B
F9FD
F21A
EC5D
E968
EABE
F002
F7F3
018A
0A3E
102D
12D2
1253
0FA0
0C21
092A
0780
0743
07F1
08C3
0914
0815
052C
FF97
F877
F2E3
EF0C
ED4A
EE3B
F0C9
F4FD
F8FE
FA79
FA7C
F9C2
F703
F2CF
EFAB
EE90
EF75
F213
F673
FC61
01ED
062C
09CF
0CC0
0F1D
10E6
126B
1698
1C7E
1D02
175F
11F4
0EBF
0BAC
0841
0578
0404
0403
050F
0664
0723
06A8
04AE
017C
FDE1
FAE7
F96C
FA11
FD00
0164
05C7
08EB
09F6
0872
03EF
FD14
F641
F10D
EE3F
EE7F
F161
F6A1
FDCD
04F4
0A1F
0C8B
0C62
0A49
073A
044A
0262
01F6
02EF
04A3
061C
0688
0581
031C
FFD0
FC64
FA0E
FA00
FC91
014B
0772
0DE3
1300
16A7
19F4
19E4
1445
0DEB
0985
0582
023A
016C
027E
02F5
036B
04C0
0521
03E2
019F
FEDE
FBD3
F902
F780
F783
F882
F9F7
FB86
FCFD
FDF5
FDE6
FC86
F9F4
F6B7
F387
F116
EFEA
F078
F308
F795
FDBE
04C1
0B7B
10AA
1396
13EA
117F
0D09
0744
00A2
FA9A
F6BF
F592
F6EB
FA62
FF1F
03CE
073C
08B5
07F8
055A
01D8
FEB8
FD06
FD87
00C0
067B
0D18
130E
186D
1C79
1C6C
17C7
11B7
0BA5
04E9
FF1C
FC3F
FC78
FF1C
038C
0889
0BBF
0C01
097D
04A2
FE22
F6D4
F0BE
ED94
EDC6
F11B
F70A
FF8A
0843
0E1A
10F9
10C2
0D46
07D7
0143
FA4C
F499
F14F
F071
F167
F359
F564
F6CB
F72E
F69A
F578
F47E
F430
F497
F585
F6D8
F8A7
FA98
FD2E
017C
03E2
00F3
FCD6
FB98
FCC5
FF71
0293
051D
06AA
06FB
05E5
0395
00CC
FE8B
FDA9
FEAB
01B3
0641
0B29
0F54
12B1
14FD
144B
1015
0AAC
0472
FC86
F4F9
EF0C
E994
E58D
E4EE
E736
EACB
EF11
F402
F956
FE6E
02A8
05A7
0769
083A
08A5
094B
0AB2
0D09
102C
13F9
183E
1B9A
1BC0
1842
131F
0D44
0635
FEDC
F941
F67E
F68E
F8D1
FC50
FFDF
0279
0386
02F1
0123
FEF4
FD64
FD37
FEA7
0140
0416
0693
0872
088B
05AE
00A6
FB52
F6F1
F40C
F2DB
F336
F49D
F665
F7DE
F88E
F867
F7CA
F761
F7E1
F9D3
FD2E
0112
0431
055D
03A9
FE94
F6D4
EEAA
E530
D49A
C1E1
C020
D1C0
E3B1
EDF4
F5EB
FD1F
022C
04BC
0554
04DE
03D8
02E2
0299
0307
03E0
049B
049B
035F
00B0
FCBE
F82D
F3C9
F006
EC9F
E914
E5BB
E3E1
E4A7
E7E0
EC42
F0BE
F571
FAD5
0061
04C7
070F
06F3
049E
009B
FBF8
F80F
F5D4
F58A
F707
F9DE
FD5B
0081
0268
02CC
021B
0115
0086
0109
02D6
0599
086E
0A3D
0A1F
0795
028E
FBA9
F4C0
EFBE
ED69
EE1F
F190
F6DB
FCDC
019C
034B
0118
FB5B
F455
EE50
E95A
E7C7
ECA6
F57B
003B
0C68
19C4
29BA
3562
32E3
263F
19D3
10D7
09DF
044F
0078
FE89
FE4E
FF5B
0137
0377
05C7
07E2
096B
09DE
08DD
069D
037E
FF9B
FB84
F82F
F67E
F785
FB7C
0108
06FC
0C95
1065
1153
0F7C
0AFF
0494
FE5E
FA79
FA00
FD62
043A
0C6F
1539
2211
2E9E
2CA4
1D14
0EDB
0557
FCDB
F6BF
F484
F5CB
FA00
009C
083E
0E85
1415
1A67
1E2E
1C6F
17B6
134C
0F2F
0A0A
0388
FC81
F638
F17E
EE87
ED70
EE38
F074
F387
F6F7
FA59
FD4F
FF91
012A
0279
03EA
05B7
07BF
095E
09C7
0895
05AA
0109
FB8F
F749
F537
F54C
F856
FD0F
0191
0665
0AAD
0C27
0A23
0540
FEB7
F88A
F4B8
F446
F77D
FE3C
06BB
0DE3
1368
1633
13C7
0EA0
0843
004E
F9AA
F65F
F634
F893
FCDA
0207
0654
086C
081D
05C0
0207
FE0C
FB01
F984
F97D
FA6C
FB90
FC10
FB4A
F912
F5CE
F232
EECD
EC38
EB3A
EC1A
EE75
F201
F682
FB56
FFC2
0365
0636
085A
0A00
0B4D
0C4C
0CE5
0CE4
0C03
09FD
06A5
020A
FCA1
F6E6
F0BD
EA3A
E558
E4A5
E796
EB14
ED88
EF5B
F0D1
F197
F16F
F089
EF6E
EECE
EF37
F0F2
F3F3
F7FA
FC86
00A1
0341
03C3
0222
FEE6
FB1A
F7D7
F5ED
F5C7
F757
FA58
FE3D
01BA
0378
02CA
FF9C
FA8E
F50F
F08C
ED9B
EC7E
ED4A
EF9F
F2C0
F5E1
F86A
FA3D
FBB4
FD6F
001B
0409
08D0
0D89
11BE
151D
160C
130D
0D10
0592
FD77
F602
F0F0
F02F
F341
F820
FEBC
0645
0C18
0F69
110C
115B
1089
0F53
0EB9
0F5A
1122
1371
1568
161C
14DE
11B1
0D2E
080F
030D
FEFA
FC71
FB88
FC1D
FDE4
0050
02E3
054D
074A
089B
0940
092F
0837
05EC
01C5
FCA7
F74B
F151
EDBE
EFED
F59B
FCB0
05B2
0E9A
16E3
1FBD
22A0
1AC3
0FD9
0637
FB74
F27D
ED95
EC0D
EDF3
F1D3
F749
FD99
0211
0424
04BF
0406
01A5
FE14
FAB2
F841
F65D
F4D5
F3F4
F412
F5E5
F9B0
FEB8
042A
094B
0D34
0EF7
0E0D
0A6E
0402
FBC9
F4BA
F0BA
F00B
F298
F7B8
FC77
F9FA
F998
FA1E
FA85
F9D3
F797
F41F
F044
ECFB
EB4B
EC2A
EF7E
F4C6
FBE6
0362
08F0
0BAE
0BA8
094F
0535
0043
FBF1
F97A
F93C
FAE3
FDB7
00CD
032F
0430
03A0
01CB
FF53
FCF3
FB50
FACC
FB7A
FD09
FEF5
00C8
0246
0360
0416
0462
0455
0401
035D
0232
0037
FD44
F998
F5D5
F2AA
F0A3
F03B
F1CE
F582
FB3F
022B
087E
0CA1
0DD4
0BBA
0601
FCD9
F2F2
E8B9
D944
CB83
CFC1
E02A
EC9B
F721
0345
0D52
1523
190F
1712
1263
0CF7
0661
FFDA
FB48
F987
FA68
FCF4
000B
02D5
0443
036D
00C5
FD8E
FAD7
F962
F9A8
FBC5
FF5B
038B
072C
094C
0971
0785
0389
FE2E
F933
F5C5
F3E8
F3F9
F643
F9E6
FDE9
01F5
058D
07F9
08EC
08AD
07A2
061F
045C
028A
00D0
FF54
FE36
FD92
FD76
FDD1
FE6A
FEE1
FEC6
FDBD
FBB7
F907
F632
F396
F19B
F110
F24C
F4DE
F895
FD23
015B
03ED
0434
0234
FE7C
FA18
F626
F398
F306
F414
F521
F5A4
F75B
FABE
FDA4
FEDF
FF6C
008B
02AE
05A5
08BC
0AFC
0B96
0A0B
0605
FF70
F794
F0EB
EC68
EA5D
EB77
EF35
F3A3
F669
F886
FB6C
FD0C
FAE3
F47D
ED3D
E6B7
E10C
E114
E715
EE69
F6F7
00F4
0A05
1104
15F8
18C0
1939
1782
1460
111B
0E51
0BAE
0910
06D3
054A
0480
0453
0477
0491
0440
0328
0126
FE5A
FB0E
F7A3
F4A1
F29D
F1B8
F15F
F19A
F34C
F5C4
F7AE
FA18
FD98
0199
06D5
0B70
0CDB
0D57
0E1E
0D33
0A45
067C
02D2
FFF5
FECB
FFF4
02DA
0663
0944
0A40
07EB
0143
F787
ED49
E0CE
CD20
BC04
C2D0
DC65
F182
FF59
0ADE
1237
143B
1131
0AA7
01BC
F8AB
F2BC
F10C
F34A
F899
FF9D
062E
0A81
0BF1
0AB5
07AA
03CF
004A
FE22
FDA9
FE58
FF1F
FED8
FCD5
F974
F5C3
F1EF
EF02
F001
F445
FA80
03AA
0BDC
110D
1360
10F6
0BB0
03BC
FA55
F3D4
F105
F207
F673
FE13
0786
0EF7
137B
153F
13C8
1055
0C4B
0868
0588
0443
047F
0583
0662
0653
0504
02B3
0033
FEA6
FF00
01A7
063C
0B78
0F94
1167
1086
0C5A
048B
F9B3
EC54
DDA8
D440
D810
E43B
EEB8
F8DA
03B2
0AD3
0CCF
09D0
0250
F7A4
EDF3
E550
DE13
E0CB
EA05
F291
FCE4
0678
0C9B
0E9D
0BF3
06CF
FFB7
F867
F3AD
F215
F34F
F6A7
FB53
0008
0323
03CE
0218
FEC4
FB2A
F8BC
F864
FA8F
FF4E
05E9
0CAC
1272
17B9
1CAB
1FBD
1FA6
1D0C
198B
1627
1314
102D
0D3D
0A17
06AF
0331
FFD9
FCBD
F9CF
F6F7
F417
F119
EDE5
EABD
E88F
E8BB
EBD8
F169
F9FF
05B1
1091
1A91
2781
2EB6
2747
1AAB
11A4
0A59
0477
01F2
0356
07D0
0DD4
13EB
1864
18CB
1530
0FCF
091F
01D7
FC19
F94A
F99B
FC3D
FF61
0183
0291
02EE
02A8
020C
026E
04D0
08F1
0E7B
14B1
197D
1A8E
1785
121E
0B72
03B6
FCB3
F8C3
F8BB
FC4A
025B
0871
0C44
0D8E
0C08
0842
0310
FC92
F797
F5A4
F5A4
F6EE
F85D
F981
FA49
FA7F
FA6C
FA9D
FBF7
FF41
0432
0AC1
12C5
1964
1D74
203B
222E
20EA
1A25
123A
0D03
0803
01E1
FCB4
F7C2
F243
EEAC
EDC6
EF9D
F512
FE41
0959
13B1
1F1D
2A71
2897
1B61
0FEA
038C
F6F0
EC92
E4A0
E56F
EBD8
F1ED
F8AD
FF4F
0394
0503
045B
02E9
0216
02EF
05D6
0A3D
0E66
10D3
11EE
1121
0DBA
07EC
FC82
F2D8
F6FE
FFF1
047B
074D
0830
069C
0311
FDFE
F863
F3F4
F200
F2A2
F586
FA4C
0044
057E
08DE
0A83
0AEE
0AF2
0AF9
0B58
0C50
0DA7
0EA1
0E43
0BD2
076E
01F0
FC47
F77B
F483
F3C9
F527
F81E
FBA1
FE4F
FF28
FDF8
FB59
F87C
F69D
F677
F81B
FB1F
FEB1
01D4
037C
0323
0137
FEB1
FC7F
FB5F
FBC2
FD44
FE1C
FCA8
F932
F48A
EE4A
E6E4
DF4C
DBA2
E2EF
EEA8
FA50
0880
1258
19FE
1B17
10B1
04F1
F97A
F029
ECB8
EFF9
F90F
06B6
1402
21FB
2FBE
2B90
1808
03C5
F16F
E39B
E2DE
ECDB
F708
02D5
0D75
13A5
1423
0DD5
0337
F549
DFA6
C025
B039
C0CD
DCD6
F17B
FD7A
0384
0554
03BA
0055
FFE4
07F3
19C3
28C8
24EC
1699
0FAC
0DE3
0939
020B
F9C2
F31E
F063
EFBD
F06E
F2D5
F5AC
F77D
F7B1
F695
F514
F456
F52F
F7D8
FBF0
0042
0309
02D1
FF03
F874
F0F6
E778
DD83
DE64
E984
F359
FE76
0A48
1255
17C5
16AD
1085
09CB
0216
FB80
F88D
F93C
FC88
00E0
0473
05B2
03C1
FEE6
F8FE
F451
F225
F326
F78B
FF63
085F
0ECE
11B0
1079
0B5F
0208
F706
EEAE
E697
E3F4
EBAB
F56C
005F
0C3F
1486
1A3B
1A92
1553
0EB3
0646
FD6C
F70C
F375
F240
F2BB
F429
F598
F5DB
F472
F1BA
EEDC
ED23
ED2E
EFC8
F536
FC0C
02B7
07DE
0A1B
08AD
035E
FA4D
F080
E7B6
DD4B
D721
DD74
EA81
F70B
01F7
0A23
0E1A
0D3B
07F3
FEB6
F4F8
EDFE
E9AB
EB12
F2FC
FD76
088A
1202
18B9
1C41
19E4
124B
096A
016E
FB37
F779
F63B
F6D6
F84B
F991
F9F9
F970
F882
F83E
F9A1
FCD7
0178
06D6
0BCD
0EB3
0E75
0C42
085C
016A
F9BF
F4A9
F2A4
F3FC
F8C4
FFB7
06E4
0C68
0F35
0F42
0D18
0956
047A
FFF2
FBDE
F7AE
F6B8
F91E
FA05
F8C7
F771
F69A
F62F
F659
F793
FA69
FE7E
026D
0563
0700
06C4
0440
FFEE
FB44
F714
F3BC
F1C0
F16A
F2E2
F5CE
F961
FCDE
FFBA
0175
019E
000E
FD12
F924
F4CA
F08F
ECF6
EA7E
E9B0
EACC
ED7A
F121
F555
F9A5
FD7F
0070
0262
039D
049B
05D5
0784
0973
0B15
0BB8
0ACF
0805
0352
FD4D
F772
F359
F1E9
F389
F838
FF9F
07E7
0E69
11F9
1224
0EF2
0920
0201
FBA0
F7BB
F730
FA53
0095
07A3
0D26
102D
1034
0D4F
07CC
0059
F963
F48A
EB95
CFFA
A04D
8000
8788
B70C
E2B6
F665
FA5A
FAD5
FC07
FE39
016E
0504
079B
0823
0686
039D
0086
FDEF
FBF7
FA8B
F9AA
F92A
F891
F78A
F627
F4D1
F45C
F5AB
F93D
FF0B
0664
0DD0
143F
19BC
1D25
1C7D
189D
13F8
0F9F
0BE2
0926
078B
06AE
05C9
0419
014F
FDB9
FA20
F789
F6E6
F8DA
FDA1
0495
0BC3
114C
14CB
15D7
13D9
0FB0
0AE0
0688
03A3
02DA
043D
0725
0A53
0C85
0CF3
0B67
0811
0398
FF23
FBF3
FAC2
FB9D
FDDF
0062
021F
02A3
01F2
0061
FE7F
FD11
FCF2
FEC1
0274
0719
0B3D
0DBF
0E12
0BF6
078F
01C5
FC41
F7D1
F468
F323
F4D0
F806
FB5A
FEA6
0182
02FC
029D
00B3
FE03
FB81
FA14
FA5A
FC85
005B
0544
0A51
0E94
1157
11FF
102D
0BF1
055A
FD56
F566
EC0D
DEB2
D129
CB57
CF28
D7AB
DFE0
E60B
EA7A
EE0B
F1A9
F60F
FBAA
026E
09B3
1069
161B
1AAB
1C83
1A52
15D9
112D
0CC5
095F
082B
09AD
0D7A
1262
1763
1BD7
1D68
1A22
1449
0E52
07E6
0173
FC9A
FA1B
F998
FA1E
FA85
F9D3
F797
F41F
F044
ECFB
EB4B
EC2A
EF7E
F4C6
FBE6
0362
08F0
0BAE
0BA8
094F
0535
0043
FBF1
F97A
F93C
FAE3
FDB7
00CD
032F
0430
03A0
01CB
FF53
FCF3
FB50
FACC
FB7A
FD09
FEF5
00C8
0246
0360
0416
0462
0455
0401
035D
0232
0037
FD44
F998
F5D5
F2AA
F0A3
F03B
F1CE
F582
FB3F
022B
087E
0CA1
0DD4
0BBA
0601
FCD9
F2F2
E8B9
D944
CB83
CFC1
E02A
EC9B
F721
0345
0D52
1523
190F
1712
1263
0CF7
0661
FFDA
FB48
F987
FA68
FCF4
000B
02D5
0443
036D
00C5
FD8E
FAD7
F962
F9A8
FBC5
FF5B
038B
072C
094C
0971
0785
0389
FE2E
F933
F5C5
F3E8
F3F9
F643
F9E6
FDE9
01F5
058D
07F9
08EC
08AD
07A2
061F
045C
028A
00D0
FF54
FE36
FD92
FD76
FDD1
FE6A
FEE1
F9C1
02D8
0857
0C3D
0DA1
0D03
0AF7
0826
0583
03D6
037A
04E1
07EB
0BA4
0F5C
128A
14B3
1640
16BA
13B5
0D22
05A9
FD47
F413
EC77
E516
DF52
E1D7
E9AD
F198
FB9E
05EC
0DF0
1202
10C7
0CA0
0550
FC3A
F53D
F1CB
F253
F6E4
FEF2
078A
0FA6
136D
1081
0BBE
0543
FD54
F77D
F586
F800
FE3C
073D
1454
1DB1
198E
1218
0D51
0727
012E
FDC1
FDAA
012A
068E
0D76
175D
18C7
1093
0AB7
0499
FDC0
F922
F777
F8D2
FC3C
0194
065D
09C0
0B2E
0A8B
09AE
0958
09FB
0C12
0F63
1315
1653
179F
1579
10BD
09C4
0122
F842
EF0B
EC21
F271
FA3D
012B
07AE
0BD0
0C80
0988
034A
FB35
F23B
E946
E46E
E59D
E98F
EDCE
F24E
F72C
FBD0
FF3D
00CF
00B0
FFAE
FE4C
FC30
F97C
F728
F5A3
F4C0
F46F
F4F2
F6BD
FA2A
FEE6
0419
08DE
0C4B
0DA1
0CC2
09ED
0570
FFF3
FA59
F591
F27F
F19E
F2F0
F62B
FAC7
FFD1
041B
06C1
0768
05FC
0293
FD67
F74F
F1BA
ED8F
EAD0
E9AE
EA5B
EC3E
EE75
F064
F17F
F14B
EFB3
ED19
E9DA
E653
E430
E5BC
EA68
F036
F7DC
017C
0A36
10A0
14CC
15C3
1381
0F38
0900
00EE
F8BF
F260
EE3F
EC2F
EC45
EE5A
F1EC
F6F9
FD8A
046A
09FD
0DC1
0F96
0F3A
0D06
0986
04E2
FFE6
FC1C
FA8C
FB6F
FE88
033C
087E
0D1E
1068
121B
123F
113C
0FB8
0E58
0DAC
0E15
0F8C
11AF
1402
1638
182F
1945
182D
1471
0FE5
0CA6
0AC9
092F
07C9
093A
0D78
0E2E
0A7F
08B7
0962
0980
08EE
086E
0855
086B
0848
077D
05FF
041C
01F7
FFA7
FD9A
FC18
FB08
FB15
FBF1
FD56
0026
03BF
08AD
0F64
147D
1636
1618
14FF
12B0
0F0A
09D8
0329
FC72
F76B
F492
F3E6
F540
F86B
FCD5
013B
0440
050A
035F
FFAC
FAC2
F588
F10B
EE3A
ED54
EE4C
F184
F609
FAD0
004B
0537
087F
0A8F
0AAE
093C
0734
042C
0062
FCF2
FAA6
F9FB
FB4B
FE89
031A
080C
0C49
0EDB
0F27
0CFC
0834
00AD
F848
F18B
E921
DE3D
DBE9
E54A
EEE9
F4F4
FB66
0111
03CA
0494
049F
0403
0264
0004
FDE3
FCA4
FC3B
FC31
FBF4
FB43
FA41
F930
F859
F81A
F8C6
FA68
FCC9
FF68
0199
02BF
0277
00AE
FDC4
FA8B
F7DF
F631
F5EC
F77E
FA7C
FE33
0248
05B4
0732
0686
03F9
FFF7
FB3A
F6BE
F3A7
F2C5
F457
F84D
FE5C
058D
0C25
10F8
13E0
149E
1337
105F
0CAF
0895
04D8
0267
01BB
02B4
04AD
06C1
0808
07BC
054B
0058
F91C
F0FE
E80C
D866
BCAC
9FB2
9817
AC74
CAD2
E0ED
ECD3
F417
F96E
FC9C
FD30
FB68
F82B
F4D7
F2A7
F25B
F448
F877
FE6D
04C8
09D7
0CA1
0CBB
0A00
0453
FC9E
F591
F0A6
EDE8
EE44
F17D
F69C
FDD9
05CF
0BF5
0F8C
10D8
102A
0DF1
0AC3
079C
0573
04AF
0543
06EE
0946
0BD1
0E24
0FCF
1007
0E18
0A8F
06F4
0361
FF15
FB19
F812
F547
F420
F5B4
F80C
FA54
FD43
005C
02A7
03B3
036D
01F9
FFC2
FD78
FBBD
FB06
FB83
FCF9
FEDC
009C
01C0
0229
01FE
0170
00E3
00F1
021A
0480
07D6
0B69
0E7E
1098
1168
10DC
0F23
0CB0
0A21
082C
0745
0756
0808
08E4
0949
08AC
06C2
0373
FF02
FA2D
F5E0
F2B1
F0C4
F025
F0CA
F28D
F55B
F934
FE04
0363
08AA
0D54
115C
1519
188C
1AEA
1B3E
1976
1678
1340
1041
0D8A
0B1A
08F2
070B
0541
035F
013A
FECB
FC3B
F9D7
F7F5
F6CB
F66C
F6C9
F7BF
F91A
FA9C
FC18
FD8F
FF0A
0089
0217
03B6
0559
06D5
07ED
085E
07D6
0612
0333
FFC9
FC0E
F7CE
F37C
EFE7
ED61
EC20
EC31
ED64
EF33
F13C
F38E
F5A1
F6C1
F688
F51D
F30C
F191
F02F
EB4C
E6F0
EB08
F347
F861
FACD
FC5A
FD0A
FCBC
FBBA
FA9C
F9FD
FA3D
FB82
FDA8
FFF8
01B8
0267
0194
FFC0
FD79
FB97
FB66
FD55
0187
07B7
0E54
13D9
19C7
1CB2
1882
12DB
0D8B
074C
0208
FF2A
FFB8
0252
05E0
08F8
09D1
081D
03C3
FD18
F53F
EEA2
E94D
E50A
E4B9
E86B
ED09
F11A
F4A6
F79A
F9B7
FB02
FBBB
FC21
FC40
FBFE
FB3B
F9D8
F7EC
F5C6
F3F5
F349
F487
F866
FF42
07BC
0F1F
145C
1710
15EC
11C6
0C1B
0563
FF94
FCF1
FE2F
029B
0867
0DEC
112D
0F47
090B
0006
F515
EBC1
E38E
DFC7
E553
EE80
F8AB
039D
0BF9
124D
154A
1245
0C2D
06FF
0387
01C2
023A
04D9
0878
0BC9
0DF6
0EA6
0DF7
0C66
0A98
090B
07E6
06FC
05E6
043E
01C7
FEB0
FBA2
F96F
F8AC
F9B1
FC9A
015A
06D8
0B4B
0E8E
10A2
1041
0DD5
0B1C
0891
05EC
031F
0039
FD21
F9D6
F69C
F3C8
F199
F10D
F422
FB9F
0609
121F
2051
2F0A
3418
28DE
188C
0BBB
FFE5
F630
F179
F26B
F8C7
02D8
0D22
1717
1E89
1C5C
144D
0B90
000C
F577
EF51
ED85
EFF9
F58E
FDB6
0650
0C60
0F05
0E87
0B80
0692
00C3
FBAC
F88B
F7BF
F907
FBC5
FF4E
02FA
05FD
07DB
08C2
08D2
0786
049E
00D4
FD43
FAC2
F9EA
FB1C
FE52
030F
0844
0C99
0F09
0F05
0C67
0777
01F6
FE42
FD47
FF23
03E6
0B61
12BC
1849
1BE3
17FD
0DA4
02FF
F804
EEE5
EA1B
EA5C
EF13
F5B3
FCC3
01BB
01B4
FBD1
F226
E516
C771
9C60
97B7
C291
E499
F630
07E2
1433
1DF5
20CD
19A8
110C
0827
FEDA
F83D
F53B
F521
F6B3
F867
F8E0
F768
F450
F0BC
ED29
E9C4
E883
EA96
EE44
F2D7
F8F6
FFBF
05BF
0AA1
0EA7
11E4
1421
14E9
13D1
10F6
0CA8
068F
FEAB
F735
F275
F075
F166
F57D
FB76
0310
0B33
10F3
142C
1579
13B0
0F88
0AFE
0629
0087
FA8D
F4FE
F02D
EBD9
E744
E270
E01B
E338
E9DE
F041
F630
FC41
00E0
027E
00ED
FD2B
F8D1
F52A
F32A
F3D5
F6EC
FB5E
0080
047D
050E
017E
FA9C
F128
E367
D035
C0F7
C318
D355
E2F8
EC74
F2C8
F7C3
FB09
FC6C
FC8B
FC79
FD3C
FF66
02DD
06D8
0A6A
0D08
0E74
0EB4
0E1A
0D03
0BCB
0ACA
0A09
0919
072D
0353
FD5C
F65C
EF32
E7A1
E17C
E0F9
E627
ED0C
F49B
FD2B
04BC
0961
0A8D
088B
03F4
FE00
F8C5
F5C3
F557
F741
FAEE
FF5F
0354
05DE
06BF
0649
0529
042F
0408
04F5
06BC
08BE
0A2F
0A6C
0922
064F
0254
FDFE
FA4F
F807
F773
F87C
FAB0
FD58
FFB8
015C
0217
022E
0215
0209
0261
0311
03A5
055B
0967
0D90
0FF9
1184
1229
1186
1036
0DEE
0A5A
063B
021D
FE10
FA53
F747
F506
F382
F2EE
F3A0
F567
F7D2
FAF9
FF12
03AB
07E5
0B0F
0CEB
0D7B
0C87
09F1
0631
012F
FB10
F583
F13C
EDFF
EC7C
ECC5
EE45
F0C2
F40D
F7D3
FBC5
FF76
026A
0479
05C6
0643
05A4
04D4
0777
0D46
0DD5
06AD
0009
FE34
FF3C
017E
03D4
0569
05C4
0451
0093
FAD2
F481
EF23
EB1A
E8BC
E97E
EDC8
F3E2
FAB8
0209
0857
0C3D
0DA1
0D03
0AF7
0826
0583
03D6
037A
04E1
07EB
0BA4
0F5C
128A
14B3
1640
16BA
13B5
0D22
05A9
FD47
F413
EC77
E516
DF52
E1D7
E9AD
F198
FB9E
05EC
0DF0
1202
10C7
0CA0
0550
FC3A
F53D
F1CB
F253
F6E4
FEF2
078A
0FA6
136D
1081
0BBE
0543
FD54
F77D
F586
F800
FE3C
073D
1454
1DB1
198E
1218
0D51
0727
012E
FDC1
FDAA
012A
068E
0D76
175D
18C7
1093
0AB7
0499
FDC0
F922
F777
F8D2
FC3C
0194
065D
09C0
0B2E
0A8B
09AE
0958
09FB
0C12
0F63
1315
1653
179F
1579
10BD
09C4
0122
F842
EF0B
EC21
F271
FA3D
012B
07AE
0BD0
0C80
0988
034A
FB35
F23B
E946
E46E
E59D
E98F
EDCE
F24E
F72C
FBD0
FF3D
00CF
00B0
FFAE
FE4C
FC30
F97C
F728
F5A3
F4C0
F46F
F4F2
F6BD
FD91
061A
0D88
13D4
1765
1675
122C
0C05
03C6
FB43
F57C
F368
F4D7
F948
0008
07AE
0DF2
11C5
1339
1237
0F6A
0BB4
0762
030C
FFA2
FDBD
FD7B
FEBF
0153
04DF
08D7
0CB1
106E
1468
17C6
18A2
16A7
132A
0E74
0828
013E
FB43
F73E
F5A1
F683
F9B1
FE7C
0381
073C
08D1
0816
0567
0140
FA68
EF9A
E7CD
EC79
F82F
FFF5
03A8
05BA
05C5
0412
014B
FE11
FB22
F958
F953
FB1E
FE63
0284
069E
09D1
0BA2
0BF1
0AE1
08C9
060F
02F6
FF97
FC7D
FA73
F9A5
F995
F987
F96F
F9A9
FA1C
FA97
FABF
FA37
F8F2
F720
F570
F493
F49F
F55F
F699
F811
F972
FA44
FA1C
F8EB
F728
F595
F4DE
F57B
F7D2
FBDE
014A
0780
0D6E
1211
1487
1422
1160
0D7D
090C
043E
FFBF
FC60
FA61
F982
F958
F9AE
FA8A
FC04
FE2C
0117
04BA
08B4
0C7B
0F76
1113
10F9
0F38
0C17
07FB
03BD
008B
FF2C
FF9A
013B
0336
04B1
04E4
032E
FFC1
FBCD
F872
F67F
F66C
F83D
FC46
0188
0632
0A20
0BE7
0A4A
07A0
053D
02C0
011D
00FB
020A
03E8
05EC
0728
0701
054E
024C
FEA4
FB49
F902
F829
F8B9
FAAA
FDA0
0094
032D
058A
0688
05FC
05F2
06F4
078C
0729
05A7
02AE
FF69
FD29
FA56
F54F
F003
EC17
E844
E4B3
E3CB
E5BB
E88A
EB5B
EEA1
F2AB
F777
FD10
0369
0955
0D7E
0FEE
1083
0F24
0CC4
0A05
078E
06AE
086B
0CC1
129D
1BCE
3205
569D
6C43
58E9
3208
1802
0AC9
FFA9
F663
F0D5
EECB
EFFA
F3BE
F96B
0041
06FA
0C6F
1018
11AF
1119
0EA5
0AA0
0511
FE69
F807
F348
F0B7
F069
F244
F60C
FB7A
0191
06B7
09DE
0AE1
0A1C
0828
05C9
03DE
0323
03C7
0543
069E
06EB
056A
01B0
FC0D
F55C
EEAE
E971
E753
E91D
EDB5
F44D
FD42
06CC
0DCB
113A
1141
0E63
097A
0359
FD95
FA1B
F9EA
FD3A
037B
0AC2
1104
15F1
1862
1691
11B3
0AAC
00D7
F686
EF02
E975
E1D6
D811
D59E
E2DB
F755
0540
0BD7
0EC8
0E31
0AFB
0676
0187
FD26
F9D0
F7CD
F705
F6E6
F6D6
F68A
F603
F57A
F552
F60C
F838
FC39
0187
06A9
0A66
0C35
0BCA
0914
043D
FE37
F8D3
F56A
F450
F535
F765
F9C9
FB0A
FA11
F68B
F133
EB18
E2B5
D52B
C8AF
CA66
D94A
E767
EFCC
F6CD
FE19
047C
0964
0CF7
0F66
10CB
1122
1043
0DF5
09DE
037E
FBC4
F502
F000
EC8C
EBB4
EDCB
F163
F4FB
F77D
F80D
F641
F257
ED7C
EA02
EA03
ED20
F272
FAAA
03EE
0ADD
0E5D
0DDF
09AB
0228
F90E
F209
EEB2
EF66
F3D3
FB8F
0515
0CC3
10E1
1144
0E35
0866
0101
FA94
F6F0
F66F
F8BD
FD18
0245
069F
08E9
08B7
0627
01B6
FC89
F833
F5B3
F51F
F615
F7F2
F9E5
FB18
FAD1
F8AF
F4E4
F02A
EA91
E279
D6A0
CB2F
C9CF
D614
E5C8
F122
FDC2
0BA9
173D
28FF
389B
30D7
1D86
10F3
05E9
FACF
F3D8
F17D
F3C7
F9A0
01AD
0940
0DE3
0EBB
0B86
050C
FC77
F415
EE12
EB99
ECF4
F0DF
F66D
FCA4
0141
02AF
00EA
FCB8
F748
F227
EEC8
EDD9
EF4A
F294
F77A
FD9E
0350
076F
0AA8
0D46
0EF5
0FEF
100C
0EEB
0CB9
09CB
0671
02E2
FFEB
FE9A
FF5D
0229
0671
0AE1
0E27
0F9B
0EBC
0B2B
053A
FCF9
F234
EBB4
EDB0
F05F
F188
F47F
F895
FC61
FF19
0111
0269
02A1
01B8
FFC6
FCAE
F8A2
F48A
F082
EB8E
E778
E7CB
EBBA
F0DC
F80D
0168
09EB
0F46
10FF
0F1F
0A36
0398
FD33
F8D7
F788
F977
FDFF
03D0
0953
0C64
0AF4
0668
00A0
F9F0
F4DB
F318
F481
F8B0
FE66
0405
07D2
0897
05FA
0070
F9BE
F454
F172
F170
F40C
F88B
FE1A
0302
05B5
05C5
039D
0050
FD59
FBBE
FBB8
FCF0
FE72
FEF4
FD46
F8D5
F28D
EBE4
E352
D7E2
D1F2
D8C9
E4ED
EE52
F6B6
FF46
05C0
08F1
0925
071B
03D4
0097
FE70
FDAC
FE0B
FF12
002C
00C8
00B5
0032
FFBA
FFCB
00BB
02BD
0570
0806
0A6D
0C8B
0D98
0DD8
0E3C
0EDF
0F6C
0FD2
1009
0FCD
0EC1
0C8B
08FE
0496
0072
FD7F
FC2A
FC86
FE69
013D
03EF
057A
0581
0451
029F
014A
0124
02A6
059E
0911
0B98
0BFB
0954
0334
FA06
EF09
E00E
CB1E
BF11
CA9E
DF55
ECF7
F772
01C3
08A8
0AC3
0866
0254
FA6B
F392
EF6E
EE5F
F034
F434
F9A9
FF18
02A7
0360
0149
FD1B
F81B
F3A3
F08E
EF5B
F03E
F32E
F7B1
FCE5
021F
0709
0B4C
0E85
1020
1057
0FC7
0D5B
08A5
0345
FD7F
F764
F28F
EF6A
EDD1
EDE7
EF42
F1D9
F54F
F8D5
FBD1
FD36
FD0B
FC83
FBE6
FB3D
FAD0
FA76
F9ED
F901
F782
F5DA
F4A1
F3D1
F325
F2B3
F2C7
F34E
F3E9
F450
F44A
F39B
F22F
F02C
EDC7
EB18
E8A4
E7C3
E970
ECEE
F12D
F68B
FD76
04A8
0A5D
0DF8
0F9C
0F70
0DCB
0B10
079E
0416
0157
FFEE
FFD9
00B0
01D9
02B9
02A7
012D
FE54
FAA7
F6ED
F3E3
F226
F1EE
F305
F4F8
F741
F97F
FB64
FCA6
FD33
FD49
FD4E
FD9E
FE42
FF0A
FF5A
FE38
FB96
F776
F272
ED9F
E7AD
E257
E169
E3EE
E7FA
ED18
F27B
F693
F904
FA44
FAAD
F9BC
F67C
F4EF
F79E
FAC6
FC86
FD9C
FDF5
FD3F
FBA6
F9E9
F8F7
F98D
FC35
012D
0771
0D03
1146
133F
11D9
0E45
08A1
011B
FA04
F534
F33F
F3FC
F699
F9D9
FCA6
FE6F
FF00
FEBA
FE8F
FF5E
01ED
065A
0BDD
1081
13E7
1520
119A
0BA1
046E
FBFE
F5C6
F37F
F547
FAEF
03D4
0CF9
13AF
17CC
178C
1342
0D14
05AE
FED0
FA71
F938
FAE3
FE56
0215
04C2
056F
03B8
FFC6
FAE4
F729
F5AD
F68F
F9AC
FEEC
0564
0A9C
0DAE
0F89
101F
0FAF
0F95
10C9
1346
17BF
2119
2FA5
3A8F
3693
263E
1739
0C90
FF9E
F285
E739
D379
B6A4
A583
AF79
CA51
E1BC
EE0F
F46B
F97E
FD78
FFD2
00D7
012A
017D
0255
0409
06A1
09D2
0D01
0F80
10FB
1130
0FF6
0DBA
0A80
0667
029D
000C
FF31
0010
022B
053D
089B
0B7A
0DB2
0F62
10A7
11AE
130A
15BB
1A30
1F23
21B8
1FE2
1AB4
152E
10B8
0C55
075B
02E7
003C
FFA2
00AC
02C3
057D
08A0
0BAB
0DEA
0EEF
0EAE
0D34
0A76
0660
0131
FBB4
F6C1
F2BD
F018
EFB3
F1F4
F6BB
FECB
094B
12A1
1D96
3198
457A
44BB
3094
1D39
12F7
0C9D
076C
049A
0468
0546
0587
04C0
02EC
FF82
FA8C
F563
F184
EFB7
F079
F3CF
F96D
0106
08CE
0E5B
10F8
10B9
0DE8
08FD
026B
FB96
F624
F202
EDBF
E968
E87B
EDC8
F5AE
FAD9
FDCF
00B2
031A
04C8
05BA
05B8
0501
037D
010A
FE39
FBD1
FA66
FA5E
FBDA
FEA6
023D
05CB
0876
09DC
0A2D
09DC
0969
094A
09D8
0B6B
0E6C
1294
167C
18CD
18F3
16E0
12F2
0DE5
0892
03C1
003C
FEA2
FF1F
012C
0398
0515
04C6
026A
FE50
F970
F52B
F2C9
F337
F6ED
FDB3
05E7
0D88
13D4
1765
1675
122C
0C05
03C6
FB43
F57C
F368
F4D7
F948
0008
07AE
0DF2
11C5
1339
1237
0F6A
0BB4
0762
030C
FFA2
FDBD
FD7B
FEBF
0153
04DF
08D7
0CB1
106E
1468
17C6
18A2
16A7
132A
0E74
0828
013E
FB43
F73E
F5A1
F683
F9B1
FE7C
0381
073C
08D1
0816
0567
0140
FA68
EF9A
E7CD
EC79
F82F
FFF5
03A8
05BA
05C5
0412
014B
FE11
FB22
F958
F953
FB1E
FE63
0284
069E
09D1
0BA2
0BF1
0AE1
08C9
060F
02F6
FF97
FC7D
FA73
F9A5
F995
F987
F96F
F9A9
FA1C
FA97
FABF
FA37
F8F2
F720
F570
F493
F49F
F55F
F699
F811
F972
FA44
FA1C
F8EB
F728
F595
F4DE
F57B
F7D2
FBDE
014A
0780
0D6E
1211
1487
1422
1160
0D7D
090C
043E
FFBF
FC60
FA61
F982
F958
F9AE
FA8A
FC04
FE2C
09D7
0D37
0FA7
10C3
1004
0D3A
087D
0286
FC6B
F715
F326
F0EC
F058
F140
F383
F72D
FC46
0268
08A3
0E3B
133E
176C
18FB
166C
10F2
0934
FDFC
F205
E53F
CD79
AF7D
A6BB
BB43
D651
E732
EFF0
F573
F89C
F913
F73A
F450
F1DC
F0EA
F1E2
F4B4
F8C5
FD1D
00B1
02AC
0297
0072
FCDB
F904
F60E
F489
F490
F5E1
F7F1
FA43
FC57
FDC1
FE84
FF22
0060
02E3
06CB
0B8A
1042
1413
1608
151D
110A
0AA6
0307
FB34
F4D7
F1A1
F22E
F5EE
FB9F
0191
0612
07E4
066C
0192
FA89
F3F8
EFCB
EEA8
F0D3
F5ED
FD87
05E7
0C30
0F08
0E34
09EA
027A
F9A3
F264
EDBD
EBEA
ED1C
F056
F4C9
F9A8
FD7B
FF19
FE2F
FB27
F722
F366
F097
EEE3
EE64
EEF0
F029
F1BD
F375
F539
F714
F924
FB7F
FE0D
0078
0238
02BA
0190
FE98
FA31
F560
F143
EE85
ED91
EEB0
F1AD
F5DD
FA4D
FDDE
FF94
FED6
FBDA
F7E4
F449
F1CE
F144
F310
F7AF
FECD
058D
0AAC
0E07
0E24
0BA6
06FD
0038
FA25
F67C
F52D
F62B
F918
FD9C
028C
0630
07B7
070D
0472
00C6
FD71
FB38
F9FF
F992
F9C8
FA4E
FAAC
FA6F
F976
F803
F6AD
F622
F6E1
F920
FCD8
01C4
0752
0C90
10A6
1316
136E
118A
0D9D
07C8
0079
F8FB
F1EF
EAB1
E44D
E27F
E681
ECBD
F2C7
F9D1
018C
074B
09C3
094B
0689
02A1
FEDA
FC18
FB67
FDEE
02FC
0892
0D9A
0F98
0CE5
0722
FD79
F25B
E916
DF86
DD9E
E687
F091
FD1E
0B28
1547
1D3F
1F86
19CF
1127
0912
0300
0025
00D6
0468
0927
0CD9
0DED
0B9A
0614
FE0B
F588
EF9D
EDAA
EFBB
F541
FC7E
02D6
0660
06FB
0463
FE96
F844
F43A
F3CE
F7B4
FFC2
0945
1247
192A
186D
1229
0A08
FE22
F302
EC0C
E95E
EBE6
F209
F9C7
0132
0636
07C7
05CA
00C1
FAD4
F693
F527
F6B5
FAC1
FFF6
0416
0543
02B6
FCD0
F565
EE71
E8FE
E6A1
E846
ECCA
F2A6
F865
FC5C
FD2E
FB14
F77A
F3CA
F140
F0AB
F207
F4B4
F7CF
FA07
FA03
F768
F2EC
ED66
E7ED
E552
E76E
EC49
F24F
F987
007B
0522
0693
04E7
011E
FD02
FA49
F9E6
FC1C
005F
052B
08BE
0A0C
08BB
050B
0011
FB88
F900
F970
FCFE
0277
0897
0E2E
109C
0FE4
0E4B
0B69
07C9
0545
04D5
06E7
0A82
0DFB
0FFD
0FB0
0CD6
0758
FFC0
F85B
F36A
F188
F283
F5CA
FA5D
FEFA
0289
049B
057F
05CC
0639
0793
0A32
0DBC
1176
144C
14CD
1238
0CCC
0405
F929
F00D
E8FE
E43C
E528
EA84
F0DA
F88B
0167
0906
0E4F
11C1
1403
159A
1704
1887
194C
177C
1322
0E70
094E
026F
FB6D
F61D
F2D7
F1CE
F286
F4A2
F80D
FBDC
FF2B
01CB
040E
0634
0834
0A09
0BE3
0DCB
0EEA
0E73
0C9D
0984
050E
006F
FD59
FC98
FE3A
01D8
062B
0925
0954
064A
FF00
F0D7
DA27
C24B
BADB
CA3C
DFAB
EC83
F321
F820
FB2E
FB27
F849
F428
EEBB
E67D
E19A
E84C
F582
0131
0A4A
1093
131A
1191
0CA9
0512
FC53
F541
F16E
F0EC
F338
F769
FC29
FFD8
013D
FFCE
FBAD
F5FF
F081
EBD9
E7A2
E47A
E3BA
E571
E864
EBB5
EF67
F3CD
F8FB
FEAB
0455
094B
0CD6
0E55
0D62
09EE
04A7
FEFC
FA5E
F7C7
F7DF
FB2C
0195
08B9
0EB8
1541
1ABC
19F3
13C5
0D3E
082D
044D
01F7
01A7
0332
05BD
0819
0947
08C1
067A
02F0
FF29
FC51
FB49
FC86
0018
0569
0B20
1007
1406
175E
1931
1841
1547
1231
0F23
0B3F
06CE
0279
FEDB
FC49
FA8E
FA56
FC86
00B4
05F1
0B60
1010
131D
140C
12E0
1024
0CEF
0A21
0860
0847
09E7
0C8D
0F18
1066
0F9C
0C4F
0637
FDEB
F657
F185
EFAC
F1C2
F70E
FF2B
08EB
104F
1448
1463
10C7
0A4D
01A1
FA51
F603
F526
F80F
FE03
065C
0E09
12D3
140E
112F
0AE6
0206
F85E
F036
EA91
E72F
E547
E5FC
EBA4
F324
F712
F7F5
F7EF
F74A
F5F5
F417
F2CB
F25E
F39E
F66F
F774
F703
F982
FF65
05A6
0AA1
0E7C
119D
13FA
14D1
1314
0EE4
0A10
05CD
016E
FCB1
F8ED
F727
F724
F842
F9EB
FB8F
FCB4
FD25
FCF7
FC8D
FC73
FD3E
FF71
0341
083F
0D3C
112A
138B
13E1
1209
0E7A
097D
038E
FE1C
FA96
F98D
FAD7
FDE1
01A9
04ED
06C9
06FF
05DE
041C
02AF
02AC
04C8
08EB
0E0E
1330
17FA
1B0E
1A0A
1542
0EE1
076C
FFBD
F9E2
F71A
F7A8
FB39
0055
0469
05E6
044E
FFD2
FA21
F4BF
F092
EEDD
F0D3
F742
0179
0C9D
1785
2092
2154
19CC
1028
0535
F9DD
F0E2
EC48
ECE3
F119
F87A
016C
08B1
0CD1
0CB0
08C1
0250
FA7B
F36D
EE85
EC02
EBF0
ED92
EFF5
F27F
F4CC
F6B8
F88B
FAE9
FE97
03FC
0A31
0FC1
14F2
190E
180E
11C8
09E8
0038
F5B7
ED98
E7B4
E56C
E880
EE5E
F52B
FCC9
03D6
0891
0A28
08C4
0558
0114
FD15
FA59
F8C6
F810
F8CA
FAEF
FDB1
0086
0364
067D
0987
0BF7
0DF1
0FEE
11CC
131F
13BC
1380
1269
108C
0E26
0BA5
08D0
052C
011C
FD3E
F9D2
F713
F53C
F478
F4F4
F6B8
F991
FCE3
FFC2
014E
00F9
FE8B
FA3F
F538
F0E8
ED76
EAD6
EAB6
EDCE
F254
F774
FDBC
0436
091E
0BEE
0D17
0D15
0C51
0B40
0A2A
0938
086A
07A4
06C1
0592
03FA
0201
FFD7
FDD3
FC24
FAE7
FA4F
FA88
FB5E
FC8F
FE28
0040
02AB
0521
0769
095D
0AD3
0BA8
0BC3
0B25
09E1
0824
0629
0443
02D7
024A
02D6
0478
06E6
09AE
0C43
0E1C
0ED0
0E33
0C5C
09A2
0679
035C
00B5
FF17
FEFD
004B
0264
0488
05F0
05EA
0401
FFFB
FA2D
F3E1
EE12
E8B4
E54E
E694
EB57
F10E
F887
0127
07EF
0BFF
0D35
0B7B
0739
0066
F88F
F255
EE7A
ED00
EE06
F11B
F5E5
FC23
02AC
07E2
0AEC
0BC7
0AB4
07FF
040A
FF58
FAB5
F6F5
F48A
F3A3
F460
F6B5
FA6E
FF8A
05C2
0BD9
10B0
1430
1679
177C
178B
16C1
139E
0CB6
0487
FE0E
F89B
F3F5
F0E6
EF32
EEE3
F026
F38B
F913
0180
0CB2
140F
1536
15F6
1720
1723
15B3
10AD
09E5
04E7
00B0
FC1B
F86C
F657
F562
F50C
F53B
F622
F80D
FAEE
FE50
01B3
04A7
06A6
072E
05CD
0255
FD2D
F78B
F2E4
EFEF
EF01
F076
F3F0
F8BE
FE81
03FA
0768
084F
0722
0498
01A9
FF52
FEC4
00B2
04B7
0A23
102F
15D8
1A78
1DDC
1E46
1916
104F
08B8
028F
FCCF
F8FB
F757
F727
F85A
FA5C
FC79
FE94
008C
020D
02D9
02D4
01FB
0060
FE3E
FC04
FA44
F984
FA27
FC69
0063
05AF
0B32
0FAB
1286
1367
1213
0EE4
0A2F
045F
FEC4
FADA
F94E
FA00
FC49
FF11
00FD
00EA
FE34
F912
F2E0
ECFB
E71D
E22E
E22D
E787
EDFE
F479
FBFD
0309
07C8
09EA
09F6
08BB
073D
0694
077B
0A07
0D9E
115B
147B
163B
15D0
1356
0FAD
0B9B
07F1
0598
0533
06D8
09E1
0D23
0FA7
10C3
1004
0D3A
087D
0286
FC6B
F715
F326
F0EC
F058
F140
F383
F72D
FC46
0268
08A3
0E3B
133E
176C
18FB
166C
10F2
0934
FDFC
F205
E53F
CD79
AF7D
A6BB
BB43
D651
E732
EFF0
F573
F89C
F913
F73A
F450
F1DC
F0EA
F1E2
F4B4
F8C5
FD1D
00B1
02AC
0297
0072
FCDB
F904
F60E
F489
F490
F5E1
F7F1
FA43
FC57
FDC1
FE84
FF22
0060
02E3
06CB
0B8A
1042
1413
1608
151D
110A
0AA6
0307
FB34
F4D7
F1A1
F22E
F5EE
FB9F
0191
0612
07E4
066C
0192
FA89
F3F8
EFCB
EEA8
F0D3
F5ED
FD87
05E7
0C30
0F08
0E34
09EA
027A
F9A3
F264
EDBD
EBEA
ED1C
F056
F4C9
F9A8
FD7B
FF19
FE2F
FB27
F722
F366
F097
EEE3
EE64
EEF0
F029
F1BD
F375
F539
F714
F924
FB7F
FE0D
0078
0238
02BA
0190
E893
E58F
E434
E83F
EE16
F48E
FB59
017E
05E1
07E8
079D
05AF
02FB
002C
FDA7
FBBB
FABB
FAEB
FC69
FF40
0351
0810
0C90
1008
11EC
11AB
0EF3
09A2
0199
F86F
F101
EC44
EA98
EC95
F136
F7F4
003D
0768
0B73
0C13
0990
045C
FD86
F71B
F2A1
F02A
EF61
F013
F1CA
F3CD
F5AC
F791
F9ED
FCE2
0016
030C
054E
064D
055B
01FE
FC7B
F622
F0A2
ECD4
EAC4
EAF4
EE16
F3A5
F9DC
FECF
0135
0095
FD30
F828
F354
F00E
EF2D
F121
F552
FABA
0048
04C8
077B
085E
080D
0788
07E6
09CB
0D1A
1135
1575
1834
1728
12C7
0C8C
037B
F91E
F13A
ECB7
EBD8
EE74
F377
FA97
029F
08E7
0C22
0CE7
0BFE
0A25
087B
0783
072C
0706
069A
064E
0551
025C
FE63
FA38
F65F
F3FB
F3B3
F5BD
FA49
0124
08B9
0F48
1448
1730
170D
13A7
0DCD
0677
FE32
F620
F030
ED51
ED66
EFF2
F3E2
F877
FCC3
FF26
FEA9
FB75
F683
F176
EDE7
ECC1
EE80
F2C3
F90E
00BA
076D
0B1F
0B85
0904
045F
FF7D
FCD5
FD96
01DF
086B
0F69
15B7
1A08
1AD2
17B8
1257
0C43
05E4
0031
FCBE
FBF7
FCE5
FE22
FE5D
FD03
FA40
F6DC
F48B
F4B5
F7F8
FE8F
07E2
1167
1B2A
2B07
3AB4
3911
28F9
1B35
1481
1162
1055
1121
12A7
12D8
10F0
0D46
072F
FFEF
FAA2
F921
FCA8
05D0
10CB
23AB
59D1
7FFF
7FFF
4635
1E43
0B40
FC6F
F251
ECBE
ECA7
F05E
F6BC
FCCA
0028
012E
0028
FD4F
F97D
F698
F629
F875
FCE8
020A
05E9
074F
0607
0269
FD89
F959
F76D
F829
FB31
FFBA
0496
085E
09F5
08EE
057A
007C
FB88
F81E
F6E8
F7E2
FA9D
FE4D
01DF
0471
05B3
05D0
0522
03FD
0293
00DE
FEA5
FBA1
F7AD
F304
EE36
E9C2
E641
E56F
E89A
EE38
F494
FBB2
0298
0742
08DA
07DE
0564
02B4
00F4
00D9
026D
04E3
06C2
06A9
03B7
FD9A
F566
ED74
E5C6
DE4E
DD2C
E4CC
EF80
FB01
08C0
1EA2
3F9F
57EF
5071
3249
1839
0BC1
058E
FFEC
FAD9
F6BD
F333
F040
EE55
EDD8
EF06
F1ED
F6A2
FCF1
0381
087B
0B11
0B61
09E3
075A
0517
0496
06AC
0B43
118E
18CD
2146
281A
25ED
1BC6
123E
0988
FF99
F7AE
F38B
F2DF
F53A
FA5F
01AD
08F2
0E8B
1262
1482
14EF
13F9
1213
0F1D
0A95
04CF
FED1
F96C
F514
F223
F0D6
F10F
F26D
F4D1
F828
FB9B
FDF4
FF14
0000
0109
018B
019D
0185
0111
0027
FEA0
FC92
FA8A
F9AB
F9D9
FB66
FFDC
05F9
0C1C
10D9
12AD
10C5
0B0B
0155
F4C8
E962
D2F3
B33F
B195
CE1B
E49F
F01E
F971
00B1
04A5
055B
036D
003A
FDB8
FD06
FE65
0173
051E
07AB
07E2
056D
006F
F9D4
F3C8
F001
EEF8
F0E6
F549
FBB8
030C
08F3
0C22
0C9C
0AE2
07B6
041C
013C
FFF2
0075
0263
04F6
0754
08C3
08F6
0834
0690
0471
04C0
0986
0F58
1249
12CE
129A
11DD
1045
0DFC
0B90
09A4
08AC
08CF
09D0
0B38
0C7E
0D30
0D11
0C0E
0A4E
081E
05DC
03DD
0265
01B4
01F0
033D
0585
0880
0C1B
1018
13A0
1613
16F7
154F
1158
0C2E
0595
FDF3
F77C
F39B
F254
F32A
F563
F7FC
F9B4
F98B
F74C
F3D5
F087
EE8E
EF01
F286
F963
03AD
0E00
15F9
1BE9
1B55
1458
0B77
FFB8
F426
ECAA
E953
EB88
F256
FBFE
064B
0EE8
14FD
15EE
120B
0C2E
0466
FC05
F5F6
F34E
F3CC
F6D5
FBAC
0111
0560
0789
0757
0524
019D
FD9E
FA0A
F79B
F6DB
F822
FB51
FF9C
040B
083B
0BD6
0E06
0E4F
0CBC
08D9
0281
FB76
F56D
F05C
ECE8
ECC3
EF9B
F407
FA62
028D
0A37
0FBB
134F
151A
1509
138B
1128
0E2D
0B22
088C
0629
0381
00EF
FEB4
FC60
FA17
F838
F685
F502
F39A
F2A6
F315
F498
F6CF
F94A
FB76
FE59
01CA
03F0
0371
0014
FC97
FA89
F6C2
F124
ED03
EAD1
EB1A
EE78
F362
F980
0098
06A4
0A0A
0A9A
090C
0633
025A
FE72
FC1D
FC2B
FEC7
0368
0890
0CF8
0FB7
1042
0EC9
0BA9
071A
0266
FEC7
FCA7
FCBD
FEEF
026C
0689
0A72
0D15
0DAB
0C9C
0A38
0683
0257
FE6D
FB13
F8EB
F870
F96F
FB6A
FDF4
00B7
0371
05ED
07F8
096D
0A31
0A26
092C
073D
0473
0108
FD6D
FA3F
F7D3
F639
F56F
F541
F594
F666
F743
F785
F6D9
F55F
F3B7
F2B6
F2B7
F3FC
F6D5
FB04
003F
05C5
0A1F
0C50
0C0C
0968
04E3
FF49
F97F
F49C
F1E9
F194
F2A7
F449
F58F
F5FF
F5DF
F5BE
F505
F4C5
F69B
F91D
FDC2
03D4
0AFA
1388
14F4
1060
0CFE
0863
021D
FCB8
F970
F8A0
FA1E
FDC0
023B
05C2
0718
05B3
01E0
FCBB
F7AE
F407
F2DD
F4A4
F8CF
FE2F
037F
078D
0900
071C
0280
FC7D
F672
F198
EED3
EE6B
F001
F2ED
F689
F9E9
FC0B
FC86
FB86
F9B7
F843
F7FB
F8E5
FAB4
FD23
000D
02C5
0449
042F
02A0
FFF4
FCD0
FA1B
F870
F80F
F931
FBAB
FE12
FF33
0077
028D
0392
02A2
003C
FD2E
FA44
F7DF
F658
F610
F6D9
F836
F9CD
FB50
FCFD
FE8D
0032
01E4
01A7
FFEF
FE7C
FCE3
FA9D
F7D5
F4DA
F244
F077
EF6C
EFF2
F2B0
F704
FDBE
067C
0DEB
13B8
17A1
1764
13B1
0D63
056D
FDB3
F728
F361
F326
F63A
FCD2
052F
0C51
10FD
12D7
11BE
0E60
0969
03A8
FEB3
FBE6
FB82
FD14
FFA3
01B4
026A
01D9
FEA3
F7B6
EEE8
E5AF
DA1C
C6BE
AAED
977E
A021
BE57
DA68
E970
F0D6
F6DA
FCAD
016D
046C
056D
047B
01FD
FEC3
FBC4
F9DD
F9BA
FBD2
0054
068E
0CE3
123A
16B8
19E0
1A32
176F
12F0
0DD8
08B3
03E9
FFD5
FC93
FA16
F856
F767
F751
F7FB
F970
FBD8
FF5B
0395
078C
0AA8
0CB2
0D56
0CAA
0B0A
08AC
05FA
03A6
023C
01D8
022B
02A5
02AF
01E0
002B
FE03
FC3C
FB96
FCA0
FFA7
048A
0A87
1076
15C8
1A10
1BAA
19BC
15DC
11BA
0DCC
0A82
088A
0831
0935
0AEB
0C5D
0CB2
0B8C
08F9
0530
008F
FBFF
F8A2
F6BF
F5E6
F59D
F589
F578
F57C
F541
F434
F2AE
F120
EF6C
EE05
ED41
ECCA
EC72
EC2B
EBE6
EBB2
EAD7
E971
EA9D
EEC5
F20E
F437
F749
FAC1
FDB9
FF94
0035
003C
FF5E
FDAC
FB4A
F6B9
F0D6
EDEA
EF48
F1D1
F365
F51F
F895
FDFA
046A
0AA5
0F88
127E
1349
117C
0CFE
0689
FEE9
F6E9
EFE7
EAFD
E8E0
E9E8
ED2F
F173
F651
FB16
FE67
FF70
FE49
FB93
F850
F5B7
F4B5
F594
F827
FC08
0082
0451
0644
0620
0438
013B
FE94
FD6F
FD98
FE80
0017
0236
042E
0542
050E
03A7
017F
FF3D
FD75
FC8A
FCA5
FD97
FEB6
FF3D
FEB2
FD0C
FAA8
F84B
F6D8
F71A
F98C
FE41
046E
0A66
0EC8
10F9
109E
0E11
09FD
0522
00DC
FE92
FEBF
00FA
0440
074C
090B
08E3
0696
025F
FD8C
F9E8
F898
FA1B
FE43
03B7
088C
0B7E
0B74
084D
01F3
F8EA
F08B
E9EA
E4D6
E434
E83F
EE16
F48E
FB59
017E
05E1
07E8
079D
05AF
02FB
002C
FDA7
FBBB
FABB
FAEB
FC69
FF40
0351
0810
0C90
1008
11EC
11AB
0EF3
09A2
0199
F86F
F101
EC44
EA98
EC95
F136
F7F4
003D
0768
0B73
0C13
0990
045C
FD86
F71B
F2A1
F02A
EF61
F013
F1CA
F3CD
F5AC
F791
F9ED
FCE2
0016
030C
054E
064D
055B
01FE
FC7B
F622
F0A2
ECD4
EAC4
EAF4
EE16
F3A5
F9DC
FECF
0135
0095
FD30
F828
F354
F00E
EF2D
F121
F552
FABA
0048
04C8
077B
085E
080D
0788
07E6
09CB
0D1A
1135
1575
1834
1728
12C7
0C8C
037B
F91E
F13A
ECB7
EBD8
EE74
F377
FA97
029F
08E7
0C22
0CE7
0BFE
0A25
087B
0783
072C
0706
069A
064E
0551
025C
FE63
FA38
F65F
F3FB
F3B3
F5BD
FA49
0124
08B9
0F48
1448
000B
FE6B
F761
F19D
ECFB
E995
E845
EA58
EFAB
F6DE
FEC8
0666
0CAB
10E5
1277
113A
0DFD
0976
03FB
FE7F
FA7E
F903
FA5E
FE87
0502
0C2D
124A
17DF
1C68
1BD8
1658
0FAC
06C9
FC08
F30E
EC5D
E8E2
E9CC
EE1A
F4C3
FC05
0285
0757
091C
07A8
0352
FCE7
F6A8
F284
F109
F23C
F5AB
FACD
00F4
0668
09B7
0B2A
0B23
0998
072B
04AF
0268
0058
FE83
FCF4
FBBF
FB06
FB05
FC16
FE80
01FB
0576
07ED
08D9
07AC
03B8
FCBB
F4AF
EDE8
E80E
E48C
E622
EB95
F2AC
FB4C
0492
0BFC
101B
1238
13E5
13F8
1116
0D47
0B4E
0B11
0AB7
091E
0644
02A4
FEE9
FBE1
FA82
FB85
FEBD
0322
0757
09F9
0A03
06F4
00B7
F8E6
F29E
EFA5
F0B2
F606
FFEA
0B73
1442
1A89
1964
1178
05CE
F518
E453
B576
8000
8000
AE5A
DC3E
EEBA
FA79
0257
050C
0293
FC26
F4C4
EDA0
E78E
E5F4
E838
EBA1
EF78
F324
F5E8
F7C5
F97F
FBBC
FD72
FE97
02D0
0A09
0FEC
134C
14D8
1489
127B
0F63
0C00
0887
055F
0327
01EE
0164
015F
01CF
02AB
03DD
054E
06DD
085D
099D
0A5E
0A61
098A
07F4
05F0
03E6
022D
00DD
FFB5
FE2A
FB9D
F7B8
F2CC
ED7B
E6E2
DB8C
CB8E
C345
CFEB
E896
FBA1
08FA
13B2
1F42
3985
5748
56D0
396D
1CA1
0D37
0661
02F3
0103
FFE5
FF41
FEE2
FE5F
FD7A
FCE5
FD93
FFB6
02BB
058D
0756
079D
05F0
024C
FE19
FB07
F92B
F8A3
F9DE
FC71
0010
045E
081A
0A34
0A8E
09BC
0899
07E6
0805
08D0
09AB
09AF
07EA
0386
FCB2
F578
EFC4
EC5B
EC7D
F06C
F836
0327
0D20
16DF
1FB6
1E96
1548
0C2D
034E
FAC4
F537
F393
F561
F9B4
FEF9
0320
04CB
039D
FFF5
FB12
F6D3
F473
F43A
F5F0
F90D
FCB2
FF75
0058
FF3D
FC96
F93A
F651
F4E3
F50A
F62D
F7AE
F8D2
F8E9
F7DD
F650
F545
F5A9
F84C
FDD8
05D6
0DD5
14D0
1B84
1DAE
1877
10DB
077D
FB3A
F0F8
EA08
E642
E801
ED84
F4E0
FE24
06D5
0CAF
0F5E
0EA2
0ADE
04A2
FCBD
F4EA
ED9F
E6EF
E445
E85E
EFF5
F731
FE67
059C
0AAC
0C8B
0B91
0850
03C6
FF42
FC14
FB49
FD7B
026A
087D
0D85
1055
1053
0D5A
077D
FF4D
F78A
F2C9
F1B5
F44F
FA7E
036C
0BFB
11D5
14D1
1491
11C0
0DB8
0965
060A
04BD
058B
0798
0986
09FC
07FE
02F9
FB6A
F3A3
ED9C
E961
E825
EAEF
EFC2
F547
FB83
010D
044C
053A
04C0
03DD
0350
039A
04C8
0643
0753
076B
0634
038C
FFD0
FC4D
FA2B
F9D2
FB37
FDD5
00C2
02E0
0327
011B
FCFB
F7FB
F3C2
F18C
F1F4
F50F
FA41
0038
0552
084D
08C7
064E
00F8
FAF7
F59F
F1F0
F155
F266
F3C4
F548
F615
F552
F325
F0B8
EF4B
EFB2
F36A
FAAA
0448
0EC2
17F8
259D
3489
3040
1BC1
0AA7
FE57
F41A
ED74
EA5C
EAE8
EDD6
F184
F4F5
F6F1
F6A3
F41A
F042
EC52
E805
E36A
E2AD
E74C
EC5E
F0AF
F644
FCF6
06B3
122C
17CA
169B
14EE
14E6
1479
126A
0EDC
0A51
0513
000F
FCCE
FC29
FE37
0261
06E2
0A3F
0C82
0C78
098F
04F4
FDF0
F642
F104
ED32
EB63
ECC4
EF33
F1D8
F4CF
F6C3
F70A
F637
F495
F2B4
F1DB
F2D0
F58C
F9CC
FF3D
04F8
099C
0C70
0D81
0D14
0B75
08FC
0635
03C6
020D
0121
00D7
00DE
00D7
0062
FF35
FD11
F9E4
F5E1
F181
ED10
E800
E13F
D976
D542
D953
E315
EBCB
F265
F975
0044
04C5
0659
051A
0165
FC11
F723
F433
F3BB
F5D0
FA62
0114
0774
0BE9
0E28
0CAB
08B9
03A6
FD8E
F90B
F76F
F8C6
FCEC
02F2
09B2
0ED6
11B0
1293
109B
0CB5
08BD
0568
0333
0296
0376
0546
0799
0A33
0BC3
0B68
0AFF
0BCC
0C76
0C43
0B88
0A08
0765
0336
FCA7
F589
F0D3
EE58
EFA1
F5CD
FEF2
0A8F
17B5
29D1
38FF
30F4
1CC1
0F17
01B7
F511
EDC9
EB42
EE7F
F570
FDCB
058C
09E0
095A
03F6
FB7E
F359
ED76
EB84
EE96
F56F
0087
0C32
146C
1A10
1ABD
1601
0F79
0950
0521
0449
072C
0DD7
1A5C
3098
4A3F
528B
4012
22DD
0D54
02FA
FF7E
003A
041B
08EC
0D57
10FD
121A
1051
0D64
0A7F
0895
08E5
0BE8
10E5
17CF
22E0
3040
35C8
2EE2
22EC
183A
0F9E
08AA
039D
0185
02AA
05D0
08CF
0A75
0AD3
09C0
0779
0482
00DC
FD17
FA6B
F970
F9E5
FB4C
FD31
FF33
0106
0270
0351
03A0
0369
02C7
01E4
00F9
0048
0018
0098
01D7
03A8
05AB
0762
0858
083F
06FE
04A8
0181
FE0D
FB02
F8FE
F84D
F8D0
FA1C
FB9E
FCC6
FD26
FC98
FB4F
F9CB
F8A9
F862
F928
FAE2
FD43
FFD9
0228
03BD
0451
03E4
02CE
018B
0091
001F
002D
006F
0077
FFDF
FE7F
FC88
FA75
F8D8
F846
F92C
FBCC
000D
0530
09F9
0D78
0F57
0F94
0E65
0C32
0998
0752
05F1
05A3
0639
071A
076E
06A2
048A
0126
FCA7
F7C9
F3B0
F0E9
EF63
EF16
EFEC
F1D6
F496
F789
FA0F
FBBC
FC63
FC0F
FADC
F902
F693
F3C2
F124
EF54
EED0
EFC6
F206
F53F
F928
FCE2
FF28
FF3F
FCF5
F895
F327
EE40
EA80
E8C2
EA95
EEFB
F4F4
FD09
0558
0B41
0E02
0DB5
0ACB
05CE
FFED
FB1E
F8CD
F96C
FCCD
0210
0744
0A97
0BAD
0A1B
05A6
001F
FB7B
F7FE
F5E0
F61B
F995
0015
07A8
0DFC
1246
1434
134D
100C
0BB7
07A3
04E9
0439
0629
0ACD
10A3
15FE
1B46
1E73
1B94
1501
0E8B
0744
FF55
F945
F628
F5C6
F7A9
FB2D
FF3A
0273
03FD
03A0
019E
FEA1
FBA5
F986
F8BC
F953
FADC
FC7C
FD55
FCED
FB19
F7EC
F3E5
EFF2
ECDC
EB2E
EB50
ED09
EF79
F219
F5F3
FBAE
00CD
02FD
02EB
017E
FFD2
FFCD
0074
FF5D
FD84
FCDC
FD0E
FD43
FD38
FCBA
FBC2
FA60
F8C0
F751
F65E
F5E1
F5BA
F5E2
F66E
F78C
F970
FC3B
FFDC
03EC
07CD
0B0B
0D98
0F76
1041
0FAA
0E1C
0C20
09B1
06FC
04C7
03CF
0453
0634
0905
0C14
0EA9
104E
10C3
0FE5
0DA9
0A3A
066D
0398
027E
033B
059B
08E0
0C3C
0F16
10AD
106B
0E2D
09FB
0428
FDE6
F8E2
F62C
F600
F833
FC30
00CE
0526
083C
0867
06BC
04B5
0183
FE61
FBCF
FA3E
FBA8
FDC2
FEF8
FFB2
FF7D
008D
008D
F8A0
EB66
E209
DF9D
E140
E43A
E7B1
EB9B
EFE0
F41C
F7C8
FA67
FBA0
FB4C
F992
F6EA
F40E
F18A
EFB7
EEFF
EFD4
F261
F6C3
FD06
0429
0A7D
0F7B
1274
1194
0DA6
084A
004E
F752
EFB7
E6AD
DD7D
DB1E
E016
E6D9
EC4C
F0D7
F575
FA5E
FF13
02FB
05D6
07B9
08B2
08B4
079F
056F
0265
FEFF
FBD6
F976
F83B
F845
F980
FBA8
FE4D
00DF
02F3
0450
04F4
0509
04E3
04E0
0543
060C
0722
08AE
0A8B
0B94
0B44
0A8E
099A
0794
046A
00BF
FD1D
F9EE
F79A
F675
F69C
F817
FAC9
FE30
0160
03A7
04BA
0444
01DE
FD54
F761
F19D
ECFB
E995
E845
EA58
EFAB
F6DE
FEC8
0666
0CAB
10E5
1277
113A
0DFD
0976
03FB
FE7F
FA7E
F903
FA5E
FE87
0502
0C2D
124A
17DF
1C68
1BD8
1658
0FAC
06C9
FC08
F30E
EC5D
E8E2
E9CC
EE1A
F4C3
FC05
0285
0757
091C
07A8
0352
FCE7
F6A8
F284
F109
F23C
F5AB
FACD
00F4
0668
09B7
0B2A
0B23
0998
072B
04AF
0268
0058
FE83
FCF4
FBBF
FB06
FB05
FC16
FE80
01FB
0576
07ED
08D9
07AC
03B8
FCBB
F4AF
EDE8
E80E
E48C
E622
EB95
F2AC
FB4C
0492
0BFC
101B
1238
13E5
13F8
1116
0D47
0B4E
0B11
0AB7
091E
0644
02A4
FEE9
FBE1
FA82
FB85
FEBD
0322
0757
09F9
0A03
06F4
00B7
F8E6
F29E
EFA5
F0B2
F606
FFEA
0B73
1442
1A89
1964
1178
05CE
F518
E453
B576
8000
8000
AE5A
EF57
F157
F760
FB61
FFD7
03D1
06A7
0844
08F9
093B
0978
09F3
0AAA
0B4F
0B94
0B75
0ADE
097D
0760
050E
02DC
00E7
FF57
FE3B
FD6B
FC99
FB7C
F9F0
F803
F5F8
F435
F30F
F28F
F28E
F2D6
F35A
F414
F4E8
F5E6
F777
FA5D
FFE8
07C8
0F72
1C42
3515
4596
3866
2129
1276
04E6
F7F3
EB5D
DF27
DF0B
E883
F1BF
FD43
0999
11F4
16B2
1753
1427
0FD8
0C17
09D9
09EE
0C2F
0F64
1205
12D2
1103
0CAC
06B5
002A
FA5A
F765
F83F
FBF0
012F
0601
0840
06C7
01AB
F9FA
F272
EDE4
EDA2
F29C
FC38
0840
14B1
2337
2BC5
2379
15F6
0A8B
FDF6
F474
F074
F1D1
F7C6
0100
0995
0E3A
0DB8
07F4
FCD2
F054
E3AC
CF2F
C8BE
DB37
EB3A
F760
03EA
1032
1B34
171D
0BEE
03EE
FB22
F49E
F0AE
EFA6
F336
F7C7
FC79
0176
04F1
068D
06A0
0586
03BF
014F
FE31
FAB6
F73A
F407
F176
EFF0
EFD8
F16B
F4C0
F9D1
FFE0
053E
08A6
09E1
08FD
0659
02A4
FE5E
FA0A
F66E
F412
F2CB
F1F1
F0E6
EF6B
EDB1
EC38
EBA2
EC90
EF2F
F32B
F83F
FDDD
0298
0526
0513
02AD
FEFB
FB52
F8CB
F84B
F9C7
FCB1
00B0
0416
0543
03D1
FFB8
F989
F2C7
ED7E
E9BB
E8A5
EC09
F125
F6BA
FD59
02B8
05A6
0623
042B
00F7
FDB3
FB1E
FA01
FAB1
FCD1
FF9C
0206
031A
0243
FF64
FAEF
F5FD
F1D3
EF26
EE63
EFD5
F35E
F8FE
0081
083A
0E3D
1211
13C9
1360
1151
0E5C
0B0C
07F8
05D1
04FA
0541
0604
067B
05EB
03E2
004C
FB81
F6B8
F372
F287
F44A
F8DE
0030
088B
0F31
13AF
158E
133F
0DFF
0771
FFDE
F8EA
F45F
F295
F31D
F539
F7F2
FA40
FB5F
FB19
F9C7
F837
F772
F842
FAD8
FEC5
032A
0700
0964
09C1
07C8
035F
FD29
F6FF
F258
EF1C
ED09
EC82
ED6A
EEC7
EFD1
F091
F177
F2BE
F47E
F6EB
FA12
FDD6
01F5
05AD
0824
08FF
084B
0656
03B3
0135
FF8D
FF0D
FFA4
00E9
0237
02D5
023D
0047
FD54
FA29
F7A9
F67F
F71C
F9D2
FEBE
04F7
0AD3
0F62
1257
136F
12C8
10E0
0E50
0BC6
09DF
08EA
08D9
0939
095E
08A3
0692
0314
FE99
F9F6
F60C
F3A5
F334
F49B
F7B6
FC4D
0137
04E4
068F
0642
0482
022E
0050
FFDE
0177
0520
09C5
0DA7
0FCF
0FC5
0CD2
0747
003A
F8D8
F2C1
EF75
EF7C
F275
F841
FFBB
065A
0B33
0DD4
0D56
0AEC
0908
08F0
0AB3
0D9E
1119
15D7
1A49
18D6
1110
07EE
FE2F
F438
EC11
E73F
E7D7
EC40
F1F0
F8CF
FF28
0318
0459
032A
00A0
FE63
FD9B
FEC1
0181
048B
0631
052D
00CB
F989
F1E1
EB77
E655
E5D3
EB23
F2B3
FB87
03EA
0933
09C9
0546
FD6A
F488
ED64
EA04
EC48
F310
FE9E
0BF4
1720
258C
28F5
1A16
0C8C
FFC8
F363
EAEC
E2FF
E5FD
F19A
FBB2
05E2
0DB6
11AC
128F
0FD3
0BF4
08B7
068C
0678
08C7
0CC1
1117
14DF
17D6
189D
162A
1274
0EE4
0AFF
0758
04DA
03DF
0441
0565
06C5
07CD
07FF
0743
05B4
036C
0085
FD53
FA5F
F810
F678
F573
F4C9
F429
F34D
F217
F0A8
EF19
ECF0
E993
E683
E79E
EDF2
F566
FB06
0003
04BA
0787
0792
0552
01AB
FDBD
FAD0
F9DB
FB2F
FE7B
02B3
0648
0823
080C
0640
0323
FF5A
FC7F
FC0E
FE58
0322
086D
0BB1
0D2D
0E01
0DA4
0BC0
0969
0813
08AD
0B3F
0EDB
1249
147B
141A
10BF
0AA5
020E
F907
F1F6
EE11
EDB7
F066
F516
FA54
FE93
00A0
FFE0
FD0F
F9B7
F724
F660
F757
FA83
FEEE
02E3
0571
035A
FE60
F900
F42E
F25E
F38B
F88D
007B
099B
115C
1669
181E
13DF
0D52
0607
FE30
F964
F84A
FAC6
FFB0
0556
09D6
0B4B
095F
0493
FDDC
F778
F3ED
F3AE
F6EC
FD49
0598
0E1C
150F
1B66
201A
1FE5
1C30
1827
1499
116F
0EA3
0C59
0ABC
09C0
0951
0997
0AD2
0D1E
1032
1379
164B
17A8
1671
12D0
0DB2
0722
FFBD
F987
F5D8
F4CA
F5DA
F833
FAD4
FCD5
FDA5
FD34
FC0A
FB0A
FAF1
FC22
FEBC
026D
05EB
07AB
071D
03CC
FDAD
F7E8
F625
F6BD
F642
F625
F84D
FB9B
00FD
079A
08C3
0279
FB16
F723
F60C
F6AC
F8CC
FBC0
FE22
FEAE
FCC8
F8CC
F41D
F018
ED90
ED9F
F098
F5F3
FDC4
064A
0C80
0F56
0EDF
0B7D
059C
FE57
F802
F42C
F2F3
F3E3
F641
F928
FB9D
FCDA
FCA5
FB47
F965
F7B3
F6C3
F6EC
F84D
FAE0
FE3F
019C
0443
0603
06E8
06F1
05F5
03A7
0007
FBBF
F77D
F318
EE99
EB6D
EAEC
ECA6
EFBF
F453
FA0F
FF5B
02D1
03FC
02F2
002E
FC97
F988
F848
F994
FD84
033F
0903
0D49
0F45
0E8E
0B54
05C1
FE9F
F83B
F46B
F3A3
F5D5
FACD
01F0
0958
0F00
1280
1401
1368
10F4
0D5A
094C
0541
01BE
FF5F
FE58
FE4C
FEAC
FEE9
FE7B
FD04
FA4C
F662
F20F
EE4E
EAD4
E772
E666
E93C
EDD6
F264
F785
FCEE
00F1
0299
01F7
FFA2
FC91
F9FB
F916
FAB2
FF3C
0641
0DED
1526
1DD3
27E6
2D7E
2A4F
219B
18FE
129C
0DB1
0920
046D
FF96
FAE1
F6B1
F360
F133
F069
F133
F38F
F73A
FB8B
FF5E
018C
015F
FECC
FA8B
F61E
F2F4
F1E4
F38D
F802
FEBE
06B4
0DE5
12D6
14FA
13C3
0FDF
09E9
01D3
F9E3
F1C4
E5F0
DCD2
E034
EA4A
F0D2
F4F0
FA6C
00D5
06EF
0BE6
0E73
0E17
0AE2
003D
EFDF
E9FD
EEC0
EF68
EF93
F44E
03F8
3264
681E
6D64
4810
2814
1A4F
12DF
0C3B
06A1
035B
024E
0342
0537
06DD
0894
07D4
0230
FA1E
F240
EBB2
E789
E71B
EAA5
F098
F7FA
0038
07A8
0CE1
0FA1
1052
0F99
0E2A
0C7D
0A9C
084E
058D
0250
FEB3
FB70
F8A4
F601
F4DE
F66A
F9EF
FE63
0265
0540
06FD
0631
024A
FC98
F654
F08D
EC2C
E9B1
E929
EA5F
ECD1
EF4A
F0EA
F1E3
F2D5
F3C7
F48B
F5F4
F8F2
FD42
0215
06B9
0A98
0D3E
0E79
0E6B
0D41
0B1D
0895
0678
0516
0476
04B2
054C
05A0
0583
04F5
04B4
0564
062F
063E
054F
0325
FFBA
FB8F
F770
F270
E93D
DE5C
DD04
E7FC
F48D
FC5D
0180
0548
070D
0673
03B4
FF7A
FAF6
F77C
F5E6
F682
F946
FDFA
041E
0A92
0FCD
134C
1579
15F8
146A
11D3
0F0E
0BD1
0826
04BA
01EB
FFAE
FDDC
FC4E
FAF4
F9C1
F8A8
F7AC
F6F1
F696
F69C
F6F3
F790
F877
F9B2
FB35
FCD2
FE3C
FF30
FF85
FF33
FE58
FD27
FBE0
FAC0
F9F9
F9A3
F9B3
FA02
FA5C
FA9A
FAA5
FA83
FA54
FA4F
FAA6
FB77
FCC1
FE61
001E
01AF
02C9
0339
02F6
022B
011E
0012
FF59
FF7D
00AA
024E
03E8
054D
0620
061D
055D
041C
0299
0133
004E
0015
0083
0176
02C1
0419
0533
0614
06EC
07EB
0922
0A4E
0B14
0B4A
0AD6
097D
06E3
02D7
FDE4
F924
F554
F2C6
F1AE
F213
F3C5
F64F
F8F0
FAD8
FB6A
FA81
F87B
F614
F408
F2E2
F2FF
F481
F760
FB61
FFD7
03D1
06A7
0844
08F9
093B
0978
09F3
0AAA
0B4F
0B94
0B75
0ADE
097D
0760
050E
02DC
00E7
FF57
FE3B
FD6B
FC99
FB7C
F9F0
F803
F5F8
F435
F30F
F28F
F28E
F2D6
F35A
F414
F4E8
F5E6
F777
FA5D
FFE8
07C8
0F72
1C42
3515
4596
3866
2129
1276
04E6
F7F3
EB5D
DF27
DF0B
E883
F1BF
FD43
0999
11F4
16B2
1753
1427
0FD8
0C17
09D9
09EE
0C2F
0F64
1205
12D2
1103
0CAC
06B5
002A
FA5A
F765
F83F
FBF0
012F
0601
0840
06C7
01AB
F9FA
F272
EDE4
EDA2
F29C
FC38
0840
14B1
2337
2BC5
2379
15F6
0A8B
FDF6
F474
F074
F1D1
F7C6
0100
0995
0E3A
0DB8
07F4
FCD2
F054
E3AC
CF2F
C8BE
DB37
EB3A
F760
03EA
1032
1B34
171D
0BEE
03EE
FB22
F49E
F0AE
EFA6
F336
F7C7
FC79
FAA5
F4CE
EFCF
EB3E
E82B
E8A8
EC9D
F1DB
F761
FD2C
0260
05D4
0714
0643
03D4
0059
FC84
F905
F662
F4B7
F3A1
F297
F151
EFE0
EE84
ED8C
ED4E
EDED
EF3D
F0D4
F250
F3BF
F51A
F627
F700
F806
F9A5
FC20
FFB5
044D
08F8
0C69
0DBA
0C70
08B4
034C
FD66
F87E
F5DA
F62C
F99E
FFCA
06E3
0C71
0F4C
0EFD
0B8E
0568
FD34
F54F
EFD0
ECF5
ECC7
EEFA
F2A8
F6CC
FA6A
FD0E
FEDF
000B
00D8
01A5
02AF
045A
067A
089B
0A75
0BE9
0D4C
0F36
11F6
1661
20CD
37EF
5659
63CB
526C
33FF
1DC0
109E
06E1
FFD4
FCEB
FF3E
06B5
1044
1B13
2F6F
45D0
4156
2737
14C4
096C
FE86
F7EB
F617
F907
FF29
06AC
0D05
100C
0FA6
0C6D
0730
010B
FC61
F72E
F421
FA00
030F
0857
0A56
0924
04A7
FE6F
F8A0
F52D
F533
F8AD
FEB0
059B
0B58
0E14
0CFF
0833
0084
F7E4
F110
ED73
ED77
F0EA
F6A4
FDD1
0477
080C
07CD
041A
FDDB
F6C4
F0F9
EDA1
ED38
EFB6
F492
FBBC
0404
0B33
1058
1391
1529
156C
14AA
1340
11B2
1051
0ECD
0CD3
0AA5
086D
0620
03C7
0105
FDA3
FA15
F6A9
F374
F0C4
EF12
EEE6
F080
F3B0
F7F3
FC9D
00EF
0424
05A0
053E
0360
00DF
FED7
FE41
FFAD
0319
079B
0B87
0DB0
0D8B
0AC3
04FE
FC87
F46A
EE73
EA1C
E968
EC86
F0D8
F5EE
FB06
FE16
FDF6
FA8E
F544
EFFB
E96D
E175
DE94
E326
E954
EE16
F27F
F6B6
FA28
FCAA
FE84
0002
015F
02B3
03D4
043C
0361
0135
FDE9
FA50
F759
F52D
F464
F5FD
FA48
00C6
07DA
0D48
10B7
1294
1179
0DD8
09BB
0503
0026
FCED
FBE5
FC98
FE9A
0199
04E6
0797
0931
09B0
0937
0806
0677
04E0
0371
023C
0167
00F0
00A3
0108
02B7
051C
07B3
0A65
0CA2
0DED
0E18
0CFD
0A51
05A0
FEE5
F751
F036
E91C
E0FF
DA70
DAB2
E206
EABE
F2AC
FC81
073C
0F52
146F
1647
13F4
0EE7
07F3
FF3F
F732
F1ED
EFB9
F051
F323
F79C
FCF0
01CA
050F
068A
06A2
061F
05E4
06A8
08BF
0BE2
0F41
11F5
1361
133C
1187
0EAD
0B5F
0856
0623
0513
04F7
0522
04AC
02AB
FED4
F9D3
F372
EB7C
E71F
EA63
F021
F586
FD5D
05E5
0C40
1001
1070
0E2E
0A97
0680
0349
027A
04B9
0971
0EF0
13B8
1708
175E
13D2
0DD9
062B
FD18
F53A
F09B
EF51
F0E4
F4A8
FA20
000E
0487
06BA
06D0
051C
01F9
FE56
FB93
FA4F
FA47
FB18
FCA4
FEE9
017D
03BE
055B
0666
070B
076E
07D8
08BB
0A2E
0BE2
0DDA
0FF2
1181
1227
11EC
10E3
0F3B
0CEC
09CF
0672
03C4
020B
015B
0206
03FA
068E
0911
0B79
0E21
10CD
12FB
1497
159B
15F5
156B
1385
1091
0D5D
09D8
05C0
01D2
FF14
FE09
FECA
0119
045C
079B
09DD
0A7F
0936
060B
0165
FC1B
F725
F33F
F0C0
EF9D
EF7D
EFD1
F004
EFA9
EEAD
ED56
EC22
EBD6
ED43
F07F
F55E
FC37
042E
0AD3
0EC1
0FBD
0DC3
0902
019C
F90D
F1F7
ED4F
EB3C
EC4F
F005
F5D2
FE14
0734
0E58
1378
1786
18A1
1538
0F4F
08C3
012A
F90C
F22B
ECEF
E967
E90F
ECF1
F3C2
FB59
02D6
099E
0E36
0FC0
0E74
0A97
04D8
FE0B
F729
F1F7
EF3F
EECB
F0A6
F423
F8A5
FE0A
033E
06F3
08B0
0881
0692
033D
FF3A
FB73
F8AD
F763
F7CC
F9D1
FD0B
00DD
048C
0764
08E4
08CF
072A
0436
008C
FD06
FA6B
F949
F9F9
FCBC
0168
070F
0C61
10AB
139C
1473
1288
0E16
071D
FDC6
F3BB
E824
D9B1
D0C9
D677
E3A9
EE7D
FA0E
0837
1453
22DA
363D
3D19
2EAF
1C5F
10E7
06D8
FCEE
F5DE
F205
F0E4
F1FC
F4AA
F7EA
FADC
FD33
FF35
0122
0344
066C
095D
0B01
0CDC
0DBA
0BC0
0796
01E2
FC5D
F88D
F63F
F591
F714
FAD9
FFF5
04A7
0762
0753
044B
FF47
FA42
F58E
F1AF
F0F0
F28C
F644
FC74
025E
0744
0B00
0D22
0D14
0C51
0D03
0B53
0905
0962
0862
051E
FD51
F422
F15E
EFCD
EB33
E667
E285
E286
E695
EBA0
F13E
F72C
FCF2
01F4
05DD
0875
0944
090B
0810
069C
04E5
02A1
0058
FEB9
FE17
FEA5
0065
02C6
04F1
060D
0532
01A7
FBBD
F497
ED0D
E55B
DE28
DAE9
DF9F
E913
F15F
F91F
00E0
05ED
074F
05AA
01D5
FD05
F91C
F79D
F91C
FD90
03BB
0958
0DE7
10DD
1025
0C8E
07B1
019F
FBC7
F81E
F74A
F898
FB1E
FF1C
0436
0812
09BA
0929
0606
01CA
FDE3
FAAE
F8BD
F87E
FA06
FD26
0135
0523
0836
0A3F
0AAB
0907
0617
024E
FD7A
F86A
F44E
F19B
F060
F09B
F22A
F4D4
F847
FBE7
FED6
0051
FFFA
FDF1
FAB2
F6BF
F29F
EF05
ECAA
EB3F
E8E0
E6E9
EA8F
F255
F7C6
FA78
FC9D
FE49
FF48
FFD2
0049
0110
025F
0460
0746
0AEB
0E87
1162
160F
1DC5
210F
1B86
13D6
0F76
0D2E
0B3D
09BF
092D
0992
0A97
0BB4
0C5E
0C27
0ABB
07C3
0367
FEBB
FAC4
F7CA
F60C
F62D
F884
F6C9
E8F2
DD64
E893
FC90
054A
0713
06C9
04EA
033B
01C7
010A
00E0
0101
0113
0127
0160
00C4
FF12
FCB9
FA2D
F798
F530
F398
F3A4
F56E
F87A
FC81
00F7
055F
08A0
09D2
096A
07C4
052C
0282
00AB
003A
0177
0429
078D
0A94
0C4C
0C1C
09B0
050B
FF0B
F957
F53B
F35D
F3E7
F696
FB02
0027
045D
065C
05B1
027F
FD8E
F867
F483
F285
F273
F3F4
F65B
F8BA
F9F2
F934
F67D
F29C
EE68
EAAF
E9A0
ECA9
F277
FC0C
0954
157A
2A9C
5E11
7FFF
7FFF
7FFF
43CD
1E23
0E80
01AC
F69E
ED15
E36A
DE2F
DF2E
E334
E7FC
ECD5
F154
F577
F966
FCB7
FEE0
FFE8
0047
0096
0158
03DF
0C92
1C0D
265F
218E
1578
0D88
08E9
0226
F96B
F17C
EAA9
E59F
E536
E95C
EF51
F6BB
FF49
067C
0A8F
0B03
07FB
01A9
F9A1
F2F9
EF27
EEBF
F1EA
F8BB
024A
0BD8
159A
1B94
182B
113D
09D4
FF58
F52A
EE6F
EB70
EC56
F113
FA95
0882
125F
115F
0CCE
0A91
07E1
03DE
004F
FE4E
FE13
FF3E
00D8
01A3
00A2
FD8A
F92F
F4AB
F09D
EF65
F2EA
F9AA
0332
0DE4
1A05
313D
4DD0
5217
377A
19FC
0992
FF1A
F6AA
F2A9
F2E9
F609
FAEB
FFD0
0345
04F2
051D
042E
02A2
0115
0009
FFAA
FFC4
FFD2
FF43
FDBF
FB50
F86F
F5F2
F482
F440
F4F3
F630
F770
F83C
F82A
F715
F51B
F2B6
F0C7
F003
F0BC
F2F4
F651
F9E3
FC60
FCAB
FA58
F605
F12D
ED09
EA11
E98D
EC4D
F0B8
F5DF
FB9B
0018
01CA
00B7
FD91
F97E
F660
F5D5
F82C
FCE5
0317
095A
0DF7
0FB2
0E28
097B
01FF
F9DE
F3CB
F024
EF7D
F1BE
F5B3
FB74
016B
0526
068A
066E
059F
04C6
0463
0501
06DB
097A
0BF1
0D62
0D32
0B0D
06DE
008B
F8D3
F200
ED17
E90E
E69F
E7E8
EC3A
F12A
F620
FB9E
0123
0570
07B6
07B8
056B
00F3
FB05
F504
EFCF
EB3E
E82B
E8A8
EC9D
F1DB
F761
FD2C
0260
05D4
0714
0643
03D4
0059
FC84
F905
F662
F4B7
F3A1
F297
F151
EFE0
EE84
ED8C
ED4E
EDED
EF3D
F0D4
F250
F3BF
F51A
F627
F700
F806
F9A5
FC20
FFB5
044D
08F8
0C69
0DBA
0C70
08B4
034C
FD66
F87E
F5DA
F62C
F99E
FFCA
06E3
0C71
0F4C
0EFD
0B8E
0568
FD34
F54F
EFD0
ECF5
ECC7
EEFA
F2A8
F6CC
FA6A
FD0E
FEDF
000B
00D8
01A5
02AF
045A
067A
089B
0A75
0BE9
0D4C
0F36
11F6
1661
20CD
37EF
5659
63CB
526C
33FF
1DC0
109E
06E1
FFD4
FCEB
FF3E
06B5
1044
1B13
2F6F
45D0
4156
2737
14C4
096C
FE86
F7EB
F617
F907
FF29
06AC
0D05
100C
0FA6
0C6D
0730
010B
FC61
F72E
F421
FA00
030F
0857
0A56
0924
04A7
FE6F
F8A0
F52D
F533
F621
F1BC
F225
F4AB
FA1E
0284
0B66
11F1
1573
14B9
0FF7
07CD
FCC0
F241
E89C
E244
E456
EA83
F093
F73D
FCF1
FFBF
FF1C
FBA1
F6C3
F288
F092
F1B7
F63D
FE0B
0739
0F24
14FF
16BF
13FC
0F2B
088C
00EB
FAFA
F84B
F94F
FDF5
04ED
0BCB
1218
1775
18FB
1609
119D
0D9A
0A13
0764
0638
06D5
08D4
0B60
0D9E
0EF7
0F1F
0E16
0C28
09DF
07E0
06AF
06AC
07F2
0A17
0C4B
0DD4
0E6B
0DF8
0C7F
0A27
0718
0391
0017
FD34
FB1C
F99F
F852
F6DC
F51F
F34D
F16A
EEC5
EB8D
EB0C
F027
F830
FFA5
06CD
0CFB
1075
113A
0EFE
0A34
03FD
FCF3
F6ED
F3A2
F34C
F59C
FA27
0017
05A0
094E
0AC6
0A45
0851
05B7
039E
0310
0483
078D
0B2D
0EBB
114E
1164
0F44
0BBA
0641
FFA3
F9DD
F631
F52C
F6F5
FB05
0051
05CF
0ABC
0E7E
103C
0FC4
0DBC
0A9B
0720
03E1
008D
FD28
FA6D
F8BE
F7E4
F773
F71B
F6A1
F5E6
F4DE
F3A8
F27E
F1AB
F187
F26E
F4A8
F84F
FD5A
033F
08D9
0D12
0F6A
0FC2
0E40
0B4C
0775
03A0
00EB
0030
01B2
04F5
08D7
0C38
0E4A
0E7E
0CA2
0894
0296
FC05
F684
F2FD
F1B7
F290
F4FB
F809
FAB3
FC30
FC20
FAA3
F82F
F588
F388
F2C1
F360
F536
F7BF
FA1C
FB4A
FA86
F7A2
F34E
EEBD
EA37
E5C9
E41B
E75D
ECEC
F309
FB02
033B
0922
0CA3
0DC7
0CA9
0A3D
0745
0473
02B1
0297
0411
067B
08F0
0AA7
0B2B
0A4E
082B
0528
01FC
FF7C
FE2E
FE2A
FF11
0040
00FD
00A7
FEF8
FC22
F8BD
F589
F32F
F221
F278
F3E5
F5C4
F751
F7ED
F747
F586
F315
F052
EDDC
ECDE
EDE1
F09B
F514
FB5A
0266
0898
0CE5
0F3E
101D
101B
0FD8
0FEE
10BC
1242
1443
1663
1803
183B
1689
1367
0F7F
0AC9
0598
0105
FCEA
F8CA
F739
FAA3
0012
03B4
05B8
067B
05B5
051E
0534
0439
026E
01B1
0244
030E
031F
01FF
FF77
FBA3
F73E
F377
F110
F07E
F231
F69B
FE42
07C1
1044
17B9
1FA2
26B9
295F
24D1
1A22
0E9E
06C8
028A
0085
007B
01F0
03F5
0589
05BA
0408
00C5
FC86
F7D7
F380
F088
EF6F
EFD5
F211
F5EB
FA62
000E
0653
0B92
0FFB
1313
13EF
12DE
0FDB
0ACA
0472
FE18
F8EC
F5D0
F571
F85C
FE4E
0567
0B8D
0FC7
10EC
0E39
08AA
01A2
FAD7
F606
F462
F660
FBF6
04C3
0D6F
1368
16CC
15E4
1133
0ACF
02C7
FAFC
F61E
F4E6
F6EE
FB81
0148
0640
08E8
08C7
0602
0136
FBA2
F6AD
F318
F103
F03F
F06F
F115
F19A
F1A6
F16F
F170
F1D4
F28F
F3B6
F53F
F6B0
F75A
F6D4
F53D
F327
F133
F011
F071
F256
F5A4
FA3E
FECF
01AC
01ED
FF23
F9E8
F428
EB0F
DB18
D27D
DD72
ECF4
F563
FC0B
023A
05A4
05E9
033A
FDF2
F737
F176
EBB8
E3A5
DD66
DEA2
E618
EE94
F53E
F9FD
FD56
FF6E
0032
FF9C
FDDA
FB5B
F8C1
F6A7
F575
F584
F72A
FA48
FE3E
026F
0621
0859
0872
0665
0288
FD9D
F8ED
F5A1
F41B
F445
F5E3
F8A3
FBB4
FE31
FFC3
00B1
01AE
032D
055F
0844
0D00
1333
1779
189A
16E9
1206
0A0C
0034
F608
EDD9
E7C2
DFE6
DD49
E80E
F588
FDDA
03C1
06D3
065F
036D
FEF5
FA27
F644
F464
F4B6
F6C2
F9DC
FD27
FF7E
FFFF
FE73
FB16
F6AE
F2A1
EFAB
ED88
ED16
EF4E
F2F6
F6C1
FA88
FDD1
FFA4
FF59
FCDC
F8C5
F41D
EFCC
EC94
EB6F
ECD5
F042
F575
FC43
0311
07AB
08F2
069C
00D4
F8E2
F135
EAB8
E5C3
E520
E95A
EF4F
F5C3
FC9B
022E
050F
0503
0297
FF06
FBF4
FAA4
FB83
FE53
023B
05CD
0774
061A
01AE
FB28
F25A
E5C0
DB6C
DEC5
EBEE
F722
0119
0B35
1275
16E1
1788
147A
101D
0B65
0751
0571
068E
0A25
0E7A
137F
1BDA
2399
213F
164E
0C18
05CA
0268
01DB
044E
0908
0F8C
1C02
3266
43F1
3AD0
2097
0E38
04BF
FC2B
F5DE
F221
EF9B
EFF2
F35D
F7AC
FB6C
FE70
00DD
02E7
04D2
06E5
0939
0B9D
0DB8
0F2D
0F7D
0E36
0B31
061B
FEE7
F745
F120
ECDC
EABB
EB2D
EDBE
F19F
F655
FB29
FF1D
016B
01E6
00F2
FF60
FE2C
FE2D
FFCD
02FD
0758
0C21
1061
134D
146E
13A1
110B
0D06
081F
0308
FE75
FAEB
F891
F744
F6AC
F65E
F606
F583
F4EB
F476
F45D
F4D2
F5FA
F7F3
FAC0
FE28
01A4
047F
063C
06BB
062A
04D4
032C
01D8
015B
01F9
03A8
05F9
0846
09D4
09D7
07D4
0407
FF18
F9CA
F519
F24A
F284
F538
F94B
FF3F
06A2
0CE9
105D
10EB
0EF4
0ABB
04B1
FE25
F8D8
F5BD
F4CC
F593
F774
F99D
FB4A
FC18
FBEA
FB0F
FA25
F9A6
F9CA
FA85
FB78
FC20
FC1B
FB68
FA7E
FA31
FB83
FF47
0583
0D0D
15FF
259D
3D35
4B12
3E7F
25B0
1506
0A53
FFB2
F7AF
F452
F50B
F8DA
FEA0
04AF
0834
07A8
04E8
01B8
FE77
FC36
FC2D
FEC3
0356
0836
0B81
0BFA
08CE
017E
F795
EB5E
D145
A4F4
873D
9655
BEB5
DE07
ED93
F663
FD52
027C
0595
06FE
0752
071F
06C4
066B
060D
0584
04AB
038B
0265
018D
0124
0115
00FF
0050
FE6A
FB01
F65C
F154
ECB8
E930
E885
EC06
F2A4
FCDD
09E6
1658
2947
46F3
57D5
478F
282D
1238
043A
F713
ECF0
E49D
DC30
D958
DE86
E5EE
EBB4
F0B4
F5B3
FA5A
FE67
01B1
040C
055D
0584
0493
02D8
00DB
FF3D
FE95
FF3D
0148
0469
07F4
0B17
0D32
0DF4
0D34
0AED
071B
01DB
FBDE
F63C
F1B5
EE71
EC71
EBDD
ED0D
F028
F475
F9AB
0035
061A
0B54
12A9
1607
0FF6
07C7
0286
FED1
FCDD
FDB8
01AC
07E0
0E6C
1647
20F8
26B0
212A
177B
0FF9
0926
0204
FC6A
F9CF
FA29
FCCE
0117
06B8
0C16
0F4E
1240
156E
149B
0F87
0A54
0490
FC5D
F47E
EC2D
DE0B
CDE7
C8B5
D320
E2B1
EDE0
F744
01EB
0A93
0F0B
0F91
0C75
06B0
FFAB
F8AB
F347
F139
F2DB
F720
FC89
01A6
05E9
07EA
0675
0288
FD96
F915
F5B8
F42F
F560
F90E
FE5A
03FE
080C
099F
094D
07D4
05BF
02FF
009B
0165
0896
0E88
0B55
09D2
0C85
0C46
09AF
01DE
F8D5
F79F
F993
F87A
F645
F57B
F632
F7C9
F9B8
FB96
FCFA
FDA2
FD87
FCCE
FBB0
FA67
F915
F7C8
F667
F4D1
F2F2
F0DB
EEDA
ED4D
EC4F
EBDE
EC49
EDB6
EFB2
F1A2
F33D
F46A
F519
F559
F565
F5A8
F66F
F7A1
F904
FAF3
FD8A
FFBB
011A
01D8
0201
041F
0919
0BC5
09FD
088D
0A6D
0DA0
0FED
10CC
103F
0E51
0B3E
07CF
04E1
02FF
0283
0338
0468
0554
0590
04ED
0348
00D9
FE85
FD52
FD99
FF21
01C1
0541
086C
09DC
094A
0732
043B
0116
FEBE
FE5F
0056
0409
089C
0CBC
0EE7
0EED
0CDD
07F6
017E
FB2C
F614
F54D
F900
FE72
05B4
0D75
13B6
196C
1DCE
1E97
1C30
1894
1508
11C9
0E68
0A30
04EF
FF49
F9FF
F578
F27E
F225
F4AB
FA1E
0284
0B66
11F1
1573
14B9
0FF7
07CD
FCC0
F241
E89C
E244
E456
EA83
F093
F73D
FCF1
FFBF
FF1C
FBA1
F6C3
F288
F092
F1B7
F63D
FE0B
0739
0F24
14FF
16BF
13FC
0F2B
088C
00EB
FAFA
F84B
F94F
FDF5
04ED
0BCB
1218
1775
18FB
1609
119D
0D9A
0A13
0764
0638
06D5
08D4
0B60
0D9E
0EF7
0F1F
0E16
0C28
09DF
07E0
06AF
06AC
07F2
0A17
0C4B
0DD4
0E6B
0DF8
0C7F
0A27
0718
0391
0017
FD34
FB1C
F99F
F852
F6DC
F51F
F34D
F16A
EEC5
EB8D
EB0C
F027
F830
FFA5
06CD
0CFB
1075
113A
0EFE
0A34
03FD
FCF3
F6ED
F3A2
F34C
F59C
FA27
0017
05A0
094E
0AC6
0A45
0851
05B7
039E
0310
0483
078D
0B2D
0EBB
114E
1164
0F44
0BBA
0641
FFA3
F9DD
F631
F52C
F6F5
FB05
0051
0191
03E4
0327
014E
FE5D
FAC4
F705
F3B4
F165
F06D
F0C5
F23F
F4B6
F836
FC75
0088
03A6
0562
0586
03CE
002A
FB73
F6E9
F37C
F1DC
F28E
F5C4
FB09
0147
072F
0B85
0D50
0C07
07CA
018D
FAED
F5A6
F2EE
F358
F6F3
FD5E
0510
0BA3
0F8D
105F
0E2A
0967
0316
FCE1
F828
F604
F780
FC1C
026C
0973
0FE6
14C8
18F2
1CBC
1DB5
1AC3
16DE
145F
12A8
10C2
0E6D
0B9E
0810
033A
FDA6
F8CF
F547
F317
F27D
F3E5
F744
FB7B
FFDB
0406
0792
09C7
0A97
0C8B
0E00
0C30
0AFD
0BC8
0BE0
0AFB
09C0
0865
06B9
0453
0155
FE90
FC96
FB8A
FB89
FC9D
FE66
003C
01A4
0236
01A0
FFE7
FD92
FB14
F8BA
F6FC
F66C
F751
F902
FAAC
FB91
FAFD
F8B6
F51F
F0CA
EBDF
E67C
E142
DDB7
DE7D
E4C1
ED8D
F57F
FCA2
037B
0933
0D36
0FC5
116F
12B4
13B5
13EE
12BD
1039
0C9C
0715
FF29
F6BC
F016
EB9B
E9BE
EB5E
EFA7
F5ED
FE41
067C
0C18
0EE6
0F65
0DC1
0A83
0697
02F8
0059
FED5
FDD1
FC96
FADE
F849
F464
F0AD
EF6D
F00E
F1B8
F5E4
FC39
02C7
080C
0A08
08DA
0565
FF1E
F7B1
F1D3
EE82
EE0B
F043
F463
F95F
FE0D
0111
0155
FEFF
FAE3
F5C6
F183
EFB7
EFB8
F061
F171
F2A3
F379
F3AC
F377
F37A
F477
F70D
FB63
00CE
061D
0A09
0B79
0A3D
0618
FF11
F79B
F24A
F028
F1AB
F6EA
FF91
091D
109C
14FF
154C
11D7
0C14
04DB
FE11
FA2D
FA5A
FE82
054B
0BFD
1071
11DA
0FEF
0B12
0462
FFBE
00D5
0A4C
1AA7
268C
2A18
2BAC
2B6C
23D2
1628
0836
F786
E69D
C407
89F7
8000
B42C
DECA
F0AB
FDD0
0666
0949
0734
00A5
F78D
F02B
EB99
EA9B
ED91
F382
FB72
0218
071F
0A41
0A04
0768
02D0
FD5E
F947
F70E
F617
F5AE
F512
F3A1
F11E
EDD5
EA40
E6F6
E54A
E6D1
EBC4
F305
FB1F
0277
0791
09A4
083A
037F
FD25
F748
F3CA
F3DF
F3E2
EE44
ED1A
FAD4
0789
0973
06E3
0048
F97A
F395
EEB5
EFA2
F3C0
FAF2
04E3
0D1E
140D
179A
160F
1219
0C92
068F
0224
005F
019B
057D
0A81
0E82
1039
0F1B
0AFF
03CB
FAAE
F2C3
ED16
E94B
E8F3
EC62
F12D
F54F
F801
F8CE
F795
F504
F251
F097
F0AB
F316
F7F2
FEE9
0691
0D45
1232
13E3
11C9
0DB2
08A5
029F
FCFF
F96B
F852
F95E
FBED
FF3B
0243
0415
045B
0378
01FF
0030
FE50
FCEA
FC58
FC9A
FD90
FEEB
001F
0126
028F
0489
06F5
09D8
0CCA
0F2B
10D2
117F
10E1
0F16
0C28
081B
03AD
FFFF
FDCC
FD5E
FEAF
0182
054B
092A
0C53
0E67
0F60
0F67
0EB9
0DA4
0C6F
0B53
0A67
09A3
08ED
0832
0767
0685
057B
0432
028F
007E
FDF4
FAF5
F7B4
F49D
F242
F11A
F179
F395
F7B2
FDF9
0531
0BC9
1318
1B88
1F73
1B21
137C
0DBF
0960
04E5
00EA
FE5C
FD7B
FE27
003D
0392
07DD
0CA7
1195
172E
203E
306F
43F7
4B3E
3C33
2443
147D
0A03
FE5C
F497
EE99
EC19
ED50
F175
F7F9
FF7B
05DE
0A0E
0BB1
0AB0
0776
036F
FFCE
FD04
FB38
FA3C
F9C0
F91D
F7A5
F541
F24B
EFC9
EEB2
EF2B
F12D
F421
F7C6
FBDF
FEA0
FE54
FB92
F8C8
F666
F375
F128
F0E2
F280
F563
F901
FC4B
FDB7
FCFC
FBD5
FAFF
F990
F9AB
FCBE
041D
15B4
2A4A
2DB2
1F8F
11AD
0A49
03B1
FBF4
F572
F197
F088
F1EC
F4F7
F882
FB50
FC63
FB48
F858
F477
F0C2
EE46
EDC4
EF8B
F30C
F6BD
F9C7
FCC7
FF91
00CB
FFED
FDF4
FC98
FD05
FF87
03F3
09A9
0F68
142E
178D
1889
1696
1294
0D6F
07EE
02F4
FF23
FCEF
FC60
FD42
FEFD
0076
0119
0144
013D
00D8
002F
FFDE
005A
01A2
035A
04F0
05AC
04F5
029D
FED1
FA01
F4D4
F015
EC8F
EAE4
EB63
EDFE
F246
F75B
FC65
011B
0551
0864
09D9
09FE
0986
08F5
088A
083D
07DA
0717
05B7
03A3
00FA
FE1B
FB92
F9F0
F9AC
FB0B
FE24
02B0
07EA
0CD8
10C5
135A
1455
1373
10D8
0D08
088D
03E7
FFD2
FD3B
FCC8
FEB3
02AD
07B9
0C71
0FD7
1177
10F9
0E69
0A31
04D9
FF7F
FB99
F9FE
FAC3
FD65
00CE
035B
037D
0046
F9DA
F207
EA13
E014
D799
DAF9
E6BF
F14F
FD75
0A19
12B7
1755
15F5
1069
0850
FDB8
F4D9
EFD5
EEB7
F105
F585
FB6F
010B
0488
0564
0432
0231
00E8
0175
041D
0841
0C79
0F31
0F2A
0BA1
041C
F9BE
F022
E682
DBE1
D983
E299
EDD7
F6E0
FECA
04C3
0753
0615
01D6
FC90
F83F
F60A
F663
F926
FDEC
0384
081B
0A87
0A9A
08A8
0529
00E1
FCDE
F90C
F480
EFBA
EB9B
E6CE
E0D1
DE3B
E2CF
EA7E
F1F5
FBF5
0731
0FE8
1706
1A1D
1646
0F81
07E2
FF76
F8F1
F64F
F7E0
FD3C
04FF
0C5D
1177
13A5
1237
0DF2
07AF
0029
F965
F4F0
F2F5
F2EF
F412
F598
F6E2
F7A2
F7FF
F87E
F9C6
FC4D
0024
04C3
092D
0C76
0E0D
0DCC
0BE3
08C0
051D
01FC
003E
0020
0146
0305
04A7
059A
05CD
05B7
05E8
06E0
08E7
0BD5
0F00
11A8
1318
12A3
1017
0BD4
065F
00E0
FCF0
FBC4
FDD9
025C
07C0
0DC3
125D
118D
0D48
0932
04ED
0137
001B
0290
0847
0F2A
1663
204F
270F
21CA
179C
0F6B
0641
FCCF
F5C1
F1EF
F181
F46C
F9B3
014E
0A17
0D60
0A9B
088C
07DF
05FF
0329
0035
FD5D
FA89
F7D7
F5D5
F4DB
F4E9
F60D
F878
FC5D
0138
05DA
095B
0B6D
0BD8
0A7C
0760
02A6
FD01
F7A5
F353
EFEC
ED97
ED78
F050
F54D
FB0F
00E6
067C
0B28
0E48
0F81
0EC4
0C4D
086E
03C0
FF65
FC8C
FBE6
FD9B
0162
0642
0AB8
0D94
0E5A
0CE6
0965
0434
FE33
F8F5
F5BB
F4E9
F658
F9AB
FE33
02DA
067D
0884
08EB
0804
0658
048A
0339
02D0
035D
0499
0600
06F8
0700
05C5
0336
FF74
FAD1
F5BB
F0CE
ECD9
EA65
E993
EB2F
EF7D
F4D3
FAFD
026C
084F
0B43
0C38
0A44
0658
0244
FD68
F8CB
F6B9
F7D2
FBDA
024F
092F
0E23
1145
11B8
0E66
08F6
0162
F84B
F0DF
EBE8
E914
E8B5
EA66
ED34
F0DF
F5A7
FA51
FD28
FE63
FEF2
FF3D
FF7F
FFE4
007E
012F
01B6
01C2
00FF
FF4F
FD0D
FA84
F66F
EFBB
E90B
E578
E4CE
E638
E9FD
F006
F7AA
00F9
0A80
1166
15D7
1714
13F4
0EDD
08AE
017A
FB78
F872
F8DB
FC35
014A
072D
0BD6
0C85
0B1D
0948
0593
0179
FE67
FD60
FF94
039F
0829
0C57
0F08
0FD9
0F06
0D13
0AAF
08BC
07FC
089C
0A1C
0B6F
0B4D
08D4
03DA
FD07
F57D
ED0B
E319
DCBE
E0E1
EC38
F7B1
0299
0D4B
16BF
1CD2
1C2B
164D
0F2E
064F
FC28
F41C
EB05
DC7D
D0BD
D2EC
DF97
EB23
F0EB
F3BB
F667
F938
FBE4
FE92
0182
04AB
0783
09AF
0B0F
0B5D
0A6F
0817
0405
FE7A
F894
F38B
EFF4
EDF7
EDBA
EF2D
F1F7
F5C9
FA49
FEB1
01FF
0381
0327
014E
FE5D
FAC4
F705
F3B4
F165
F06D
F0C5
F23F
F4B6
F836
FC75
0088
03A6
0562
0586
03CE
002A
FB73
F6E9
F37C
F1DC
F28E
F5C4
FB09
0147
072F
0B85
0D50
0C07
07CA
018D
FAED
F5A6
F2EE
F358
F6F3
FD5E
0510
0BA3
0F8D
105F
0E2A
0967
0316
FCE1
F828
F604
F780
FC1C
026C
0973
0FE6
14C8
18F2
1CBC
1DB5
1AC3
16DE
145F
12A8
10C2
0E6D
0B9E
0810
033A
FDA6
F8CF
F547
F317
F27D
F3E5
F744
FB7B
FFDB
0406
0792
09C7
0A97
0C8B
0E00
0C30
0AFD
0BC8
0BE0
0AFB
09C0
0865
06B9
0453
0155
FE90
FC96
FB8A
FB89
FC9D
FE66
003C
01A4
0236
01A0
FFE7
FD92
FB14
F8BA
F6FC
F66C
F751
F902
FAAC
FB91
FAFD
F8B6
F51F
F0CA
EBDF
E67C
E142
DDB7
DE7D
E4C1
ED8D
F57F
FCA2
037B
0846
075C
07C7
0877
09D9
0BA5
0D4C
0DEE
0CBC
092D
02AD
F9DC
F133
E7B2
DA6E
D3AD
DEBF
EF09
FAF5
0842
1329
233C
3C0B
3E2A
26A3
143E
0A97
0148
F9C0
F56C
F414
F578
F8F8
FDDA
055F
0CF7
0E3B
0A83
084A
0967
0BE6
0E21
0F98
1025
0F79
0D5F
09CA
04A6
FE62
F849
F3A6
F0B9
EEF3
EDF3
EDB6
EE06
EE84
EF8F
F1B1
F4AA
F8D1
FE01
037F
08B5
0BBE
12AC
1D88
18EA
0783
FBAC
F419
EF35
ECB0
EC3C
F0C8
F61B
FB2A
00D5
04F7
081B
094C
0824
0706
06A5
0667
0601
0531
038A
00C8
FD4F
F9EB
F72E
F5D0
F6B2
FA78
01CE
0ABB
1238
194C
1DC3
1A7C
1346
0ADF
FFC9
F649
F025
EDD8
F120
F786
00A5
0A9F
1147
148D
1401
0FFF
0A9D
04AD
FF93
FD0D
FD94
0069
03DC
0614
0611
0386
FE7D
F7F7
F2DD
F107
F2BB
F7FD
0099
0B93
143C
203C
308D
2CF8
1626
044E
F8FA
EF55
E87D
E61C
E90C
EEB9
F576
FC42
01A8
0511
068A
067B
057E
0487
0436
0473
04AC
03D8
0111
FC67
F6A1
F100
ECDC
EB33
ECF1
F1C7
F972
03F9
0CFD
132E
1757
14EB
0E71
06ED
FCF4
F514
EFB0
EBAE
ECEB
F1AF
F626
FA82
FEC2
01DB
03B0
04FE
069F
091E
0C6C
0FDF
12CA
14A5
1457
1101
0B2C
03B2
FB80
F44D
EF6D
ED74
EE83
F204
F798
FED8
0627
0BEB
0FEE
12A4
147A
15D1
16FB
17CD
1759
151E
11DA
0D6A
06BD
FF0B
F833
F27E
EEF0
EE62
F06C
F51A
FBF8
034D
0981
0DC0
0FB7
0F81
0D9B
0AC0
07B5
052D
03A6
034F
03EE
0507
0600
0664
05F9
04C8
030B
011A
FF59
FE14
FD6F
FD62
FDC5
FE63
FEFE
FF60
FF67
FF1A
FE8E
FDE6
FD31
FC5A
FB60
FA46
F8E9
F732
F552
F36F
F0C5
ED71
ED05
EFF6
F249
F591
FB0D
032D
10E0
1895
1187
08B7
0499
007A
FC1C
F906
F7D7
F91D
FCD7
0203
0958
10CE
1114
0B10
055D
FFA2
F910
F435
F223
F30D
F6E7
FCF2
03AC
0924
0C67
0C78
086F
0154
F8EA
F0A7
EAAD
E9B3
EDE7
F460
FBD8
043C
0BBF
10DA
130D
122D
0E88
08EC
0373
FFA5
FBDC
F6DE
F331
F32B
F582
F823
FB07
FECF
02D9
0618
0841
0984
09EA
0955
0787
0491
0120
FDC8
FAB7
F80A
F618
F55E
F4F3
F2D9
F03E
F0F9
F538
F982
FC51
FEAF
012F
0354
0498
04C6
03E0
0225
0002
FE0A
FCBF
FC5C
FCC6
FD90
FE12
FD99
FBA5
F82E
F3C8
EF4E
EB29
E788
E55C
E5BC
E852
EBCB
EF21
F1D2
F391
F456
F47C
F4A1
F575
F788
FB19
FFD1
04A6
0899
0B3D
0C4F
0BCE
0A2D
07DC
0551
033D
0211
01A2
0153
005D
FE2A
FAA2
F64E
F206
EE8B
ED32
EF33
F3DE
FB14
0506
0DD3
1419
1AA9
1D16
15D8
0A1F
0047
F7EE
F03D
EA47
E64A
E41B
E431
E668
E973
EC15
EE12
EFD3
F1CD
F42A
F6E7
F9E7
FCE8
FF87
017B
02BC
0382
0419
04BE
058F
067D
0756
07DF
07EB
0769
067A
056B
04A1
0466
04B8
0542
0561
0451
016A
FC93
F68E
F0B3
EBE0
E8A3
E8A0
EC59
F23D
FAA4
0498
0C5E
113A
1254
0F7D
0AAD
039C
FBE5
F653
F36E
F330
F4EC
F876
FD25
016C
04A6
06C5
0828
0959
0A89
0B9C
0C4C
0C3B
0B0F
0883
04B4
0004
FAF3
F736
F5AA
F5A7
F7E1
FB82
FEBE
014C
0227
010A
FE98
FB97
F92F
F8A3
FAD6
FF97
0603
0C8F
117B
14CD
1627
13A5
0F98
0BD7
0757
032F
0025
FE41
FC47
F8F4
F532
F128
E94D
DCE0
D566
D938
E263
EAC0
F26A
FAF4
039F
09C3
0C1E
0BB5
093B
04E8
FFF6
FBE5
F975
F8B4
F941
FA81
FBB1
FC29
FB93
FA06
F809
F631
F4E1
F452
F4B0
F61F
F87A
FB69
FEC2
02AF
071E
0B3B
0E60
10B5
11DB
1133
0E95
095C
0274
FC06
F6B6
F3A1
F3A4
F702
FE1A
066D
0D60
125D
13E6
119F
0CA5
04E8
FBF2
F4F3
F14D
F0F4
F366
F7F4
FD8C
024B
04D6
0510
0386
011A
FEE0
FDC3
FE3E
002C
02E2
0553
0684
05F4
0379
FF1C
F9FF
F5F5
F431
F541
F945
FF99
06D1
0D9B
1296
14ED
149C
11E3
0D90
08FC
0536
024E
00BD
00C7
021D
038C
0468
0549
04AE
025D
FC77
F400
F296
F7F1
FB93
FCBF
FDFE
FF96
00FF
01B9
0171
0018
FDD8
FAED
F769
F3A2
F092
EEA5
EDB1
EDBD
EEBC
F073
F2B6
F545
F7B8
F9AD
FADE
FB3D
FAFD
FA7B
FA37
FABB
FC5F
FEFB
0223
056D
084A
09ED
09C2
07E8
04AF
005F
FB7C
F6C2
F328
F13E
F117
F298
F58C
F984
FDAE
012D
035D
03B5
0213
FF0E
FB77
F807
F56B
F3DC
F39E
F50D
F7D6
FB1D
FE1E
004C
013C
00B0
FEE2
FC59
F97A
F67A
F36F
F05E
ED31
E9EA
E6D4
E4D0
E514
E820
ECF4
F250
F882
000A
077C
0CFD
100E
1074
0E39
0A38
0523
FFC4
FBDA
FAD4
FCC4
00E5
0634
0B96
0FB5
1163
10CA
0E83
0A39
0593
0344
0257
0125
FFE9
FE78
FC8F
F9DA
F64E
F2BF
F053
F03C
F2FF
F867
FFC3
07C7
0EC8
1369
14E9
1300
0E7C
088E
0232
FCDE
F9EE
F9BF
FBCA
FEE7
01A9
0302
028B
0083
FDC6
FBA3
FB6B
FDEB
02F6
093B
0F70
14AE
16C7
1495
0FE3
08E9
FF68
F65A
F04D
ED94
EE01
F0EE
F52D
F994
FD35
FF14
FE9A
FC33
F8CC
F550
F2A0
F1AE
F2CC
F559
F8A3
FBB8
FE88
017A
03B0
048C
0449
035B
01B1
FEBE
FAB1
F68F
F2C6
EF1C
EC17
EA85
EAA4
EBEA
ED5D
EFA4
F418
F9E3
FEE0
01CD
02B0
0224
00D6
FF72
FE82
FE68
FF6A
01AD
04F3
08B6
0C56
0F61
11E5
1469
1696
1675
130C
0E48
0999
043B
FE4F
F988
F716
F758
FA53
FF2E
042B
084C
0B17
0B5C
08EC
0486
FED0
F96B
F633
F61A
F950
FF28
0651
0D9B
136B
1516
1263
0D7E
0667
FDDB
F71A
F3E9
F45D
F81B
FE74
05A6
0B73
0EBC
0F3B
0D51
0986
0499
000E
FD49
FCD4
FE94
01A9
04C4
0772
0937
08AE
0639
03AC
01D2
00F7
0184
0390
069B
0A15
0EE7
1656
1D05
1D87
1958
161B
150C
146C
1356
1175
0EAA
0B15
064D
FFF9
F91F
F34F
EF2D
ECAF
EBE3
ED04
F007
F448
F941
FEFF
0539
0AE2
0F47
1262
1430
1462
12BE
0F5C
0A8D
047C
FD8E
F6F2
F21B
EFA2
EF6E
F128
F446
F809
FBAD
FE88
0025
0049
FEF9
FCA4
FA14
F7F1
F67D
F5B2
F569
F56B
F591
F5C7
F60A
F662
F6EC
F7C4
F8F3
FA5F
FBD0
FD07
FDC7
FDF5
FDB5
FD41
FCDD
FCEF
FDD4
FF97
01CA
03C9
055F
0679
06E7
0680
0574
0548
0746
09FF
0BCC
0DA6
103D
1246
128F
10E6
0DB1
0953
0462
0065
FED2
004A
04C0
0B01
10EA
16A5
1D1A
1FA3
1AAF
1300
0C4B
0549
FE45
F949
F727
F7A5
FA3D
FE02
01A4
041E
0523
04D3
037F
018E
FF93
FE47
FE3A
FF9D
0234
056F
0892
0AF8
0C39
0C1B
0A8F
07B3
03EC
FFD5
FBFA
F8CC
F6B6
F5F9
F6BB
F901
FC7C
0071
040D
06B1
0822
0880
0837
07CE
07C7
0877
09D9
0BA5
0D4C
0DEE
0CBC
092D
02AD
F9DC
F133
E7B2
DA6E
D3AD
DEBF
EF09
FAF5
0842
1329
233C
3C0B
3E2A
26A3
143E
0A97
0148
F9C0
F56C
F414
F578
F8F8
FDDA
055F
0CF7
0E3B
0A83
084A
0967
0BE6
0E21
0F98
1025
0F79
0D5F
09CA
04A6
FE62
F849
F3A6
F0B9
EEF3
EDF3
EDB6
EE06
EE84
EF8F
F1B1
F4AA
F8D1
FE01
037F
08B5
0BBE
12AC
1D88
18EA
0783
FBAC
F419
EF35
ECB0
EC3C
F0C8
F61B
FB2A
00D5
04F7
081B
094C
0824
0706
06A5
0667
0601
0531
038A
00C8
FD4F
F9EB
F72E
F5D0
F6B2
FA78
01CE
0ABB
1238
194C
1DC3
1A7C
1346
0ADF
FFC9
F649
F025
EDD8
F120
F786
00A5
0A9F
1147
148D
1401
0FFF
0A9D
04AD
FF93
FD0D
FD94
0069
03DC
0614
0611
0386
FE7D
F7F7
F2DD
2116
11FA
0B5E
0254
FB77
F814
F771
F8A7
FADB
FD1A
FE14
FCCF
F927
F511
F23D
EFE3
EEBE
F040
F3D2
F8C2
FD2E
FFC9
0196
01C7
FF9B
FBF4
F6A6
F220
F18F
F2B8
F3C9
F69F
FAE8
FF13
0234
0226
FEAB
F96B
F2DE
EC65
E51C
DAD3
D5AA
DD70
E973
F227
FBC4
069F
0F50
16A0
1CD6
204C
20CC
1F25
1BEA
17B5
1380
0F58
0989
0103
F751
EC9B
D9FE
B32A
8000
8000
8000
8899
C617
E5DA
F26F
F950
FCBF
FC5B
F8CD
F3FE
EFF1
ED47
ED55
F0F4
F61C
FCDD
0436
0984
0F4F
142F
11CC
0A58
0447
00DD
FEEB
FE0B
FDFA
FE29
FE19
FD96
FCD9
FC71
FD02
FF11
02BF
077D
0C1C
0F8C
112A
1055
0CEC
079B
0167
FBC8
F830
F77D
F9FB
FF86
06E1
0DC7
1304
1628
163F
13A7
0FAD
0AA6
04FC
FFBF
FBBC
F931
F825
F86E
F9A3
FB53
FD32
FF20
0106
0270
029B
00F5
FD4A
F802
F275
EDA4
E8E0
E5D8
E850
EE03
F41A
FC37
039D
072E
072A
026C
FB25
F4F3
EFC2
EB65
E913
E97E
EBFF
EF73
F2DB
F53C
F5DD
F4CE
F2E4
F169
F199
F43E
F9AA
0187
0A3F
115D
16FF
1EBF
28A8
2BF0
2207
12F4
0A48
0889
093C
0A83
0C30
0E5A
1056
11B0
12AB
1379
1430
14B8
14A4
1378
1061
09A6
FFB1
F719
F223
EF31
EE28
F06B
F69F
000D
0A0D
11BD
15E6
1561
10F7
0A20
0134
F944
F55B
F5D3
FA0B
00E0
085B
0E2E
1108
10B5
0DFD
09F1
05FA
03F1
04F3
0891
0D5D
1262
1620
1503
0F0E
0788
FF39
F7BF
F3AC
F3F4
F8A5
0142
0AA8
11CC
192D
1E74
198E
0C72
FF7D
F60F
F04E
EEA1
F0E6
F5CE
FB75
FFEC
01AF
FFD1
FAE3
F51C
EF78
EB3F
EB6D
EF98
F6B4
01FE
0DE0
17D1
2567
333F
32FD
253C
1830
100F
0908
02C0
FE90
FCBF
FCE9
FE9E
0117
0349
04C2
0572
057B
0568
05B2
06A0
0849
0A6A
0C7C
0E1A
0ECD
0D2D
08A9
0298
FBC5
F549
F146
F0B1
F3D2
FAD2
0571
0FA8
19EE
28E6
2DAD
1FA4
1146
0706
FBD8
F457
F05B
F014
F59D
FE29
063D
0BDE
0DE9
0C6D
080F
01C9
FC0B
F935
FA27
FEA1
0529
0B16
0E59
0DF0
095E
004C
F51E
EC12
E43E
E081
E55D
ED8C
F62C
FF57
0625
08DA
0749
025A
FB72
F515
F187
F17E
F4DF
FB12
028F
08CD
0C47
0CAC
0A4A
0600
0106
FCB0
F9E2
F8D0
F937
FA45
FAA1
F938
F5BB
F0C3
EB6D
E557
DE14
DB61
E1F7
EBA4
F2E4
F943
FF06
027F
02FC
00CE
FD21
F962
F5F2
F432
F5CF
F919
FCD6
01BC
06A3
0A59
0D17
0EEA
0FDE
1046
1044
0FBE
0E8A
0C73
0933
0489
FE93
F82A
F274
EDFB
EAD1
E946
E9D6
EC88
F0A7
F55D
FA83
0013
04EA
07CE
08D9
08A3
0786
058E
0268
FE03
F92B
F4B4
F0C2
ED58
EADB
E9E6
EB11
EE50
F334
F9E5
01E0
08E6
0D38
0E95
0CB7
076E
001B
F90B
F38E
F010
EF98
F2EC
F957
0114
080F
0C1D
0B6C
05B7
FC26
EEEA
DE06
D046
D120
DE8D
EBA2
F755
04A9
0F54
15A7
16D3
130D
0CEA
04DF
FD2B
F8F3
F8C5
FBE0
010C
0695
0A33
0A38
0647
FF62
F75E
EFA4
EA63
EAD2
EFAE
F665
FFFB
0A44
11BE
1697
1857
167C
12B9
0E75
0A20
0636
0345
018C
00E9
0111
018F
01D0
0227
031A
0417
0483
03CC
0182
FF29
FE3F
FD84
FB47
F816
F58A
F473
F4E3
F691
F8EE
FB2F
FCBF
FD55
FD05
FC51
FBFA
FC90
FE56
012F
0471
071D
0873
080C
05AF
01A7
FD57
FA20
F876
F89B
FABD
FEA2
02D2
0584
05D7
032D
FD95
F758
F0D2
E7E0
E2DB
E5EE
EA9A
EF71
F4CD
F95A
FE0E
0168
0299
02BA
028D
0359
0531
07DD
0BD0
0FC0
1244
138B
1345
112A
0E1C
0ADE
07C9
0569
0448
0496
0629
08A6
0B8F
0E45
102C
10D1
0FF6
0D9A
09B2
043C
FE33
F8F5
F513
F37C
F48E
F791
FCE9
0434
0B0E
0FEE
126B
1238
0F75
0AAB
04AE
FE79
F8D6
F456
F153
EF91
EDFF
EB64
E73A
E240
DE67
DD92
E042
E585
EC3C
F37A
FAAE
01E7
0774
0903
070A
01F1
FAAC
F463
F038
EDE7
ED93
EE7E
EFBA
F09B
F083
EF4E
ED94
EC68
ECEB
EFB4
F4F9
FD44
0722
0F07
142C
166B
1484
0FF5
0A1A
0311
FCC0
F907
F82E
F9A5
FC8A
FFB3
01FB
02DC
027F
0188
00C5
00E3
021C
0415
05FA
06C7
059C
01EB
FC04
F5B0
F0C3
EDE1
EE3D
F253
F9C3
04F9
106C
1BBC
2E04
3F8F
3DFF
2C27
1B50
10E6
086E
001B
F95B
F521
F345
F359
F50B
F82A
FC73
0150
05EA
097B
0B69
0B48
08B6
0367
FC1B
F4E8
EF02
EAA5
E961
EBD7
F02B
F58F
FC07
020B
05E4
0716
05FF
036F
008F
FE9B
FE6B
003A
03A0
079F
0B12
0D3D
0DE6
0D38
0BBA
0A41
09B0
0AA2
0D2F
10D8
14E6
1935
1D63
1F18
1CEA
18EA
1543
125E
105D
0F83
0FC8
10A9
1153
110B
0F7D
0C92
0896
0440
0061
FDCD
FD1F
FE7D
0185
056F
0933
0B73
0B83
0A01
0684
00B7
FAAD
F58D
F1F2
F19A
F3F0
F782
FC98
027B
0734
099C
0969
06B7
01F2
FC45
F755
F44E
F398
F529
F8C1
FDBA
02C5
066B
07D7
06E0
03CF
FF60
FACB
F74C
F5AA
F61C
F852
FB73
FE73
0055
004E
FDF6
F9E2
F537
F02D
EB47
E802
E6B1
E655
E571
E5B1
EB22
F311
F77F
F8A0
F92C
F9DC
FAB4
FBD7
FD99
0063
0421
0815
0B76
0DEC
0F45
0F56
0E0A
0B6C
07A1
031D
FEDA
FBDC
FAC7
FBD3
FF0D
0430
0A0E
0F24
1377
17CF
1B11
1B0E
1785
1269
0DFE
0B77
0AA4
0A7E
0A17
0920
0711
02DF
FD06
F83F
F5B0
F39B
F0AF
ED97
EB2D
E99A
E8C6
E8B8
E9A5
EBC9
EF5D
F4DE
FCE9
06F6
143F
2D7D
54CB
6E13
5C8B
3433
192D
0B6E
FEDC
F4CE
EF6B
EE40
F0BB
F5A7
FBCF
0157
04AE
057D
0458
0280
0178
028F
0674
0C75
12D6
192D
1E5F
1D8B
16B4
0E8E
0468
F914
F0DB
EC97
EC2E
EF17
F3B8
F8D0
FCE0
FE4C
FC92
F891
F3ED
F013
EE08
EE5E
F0D7
F4AE
F8E8
FC31
FD45
FC0D
F961
F59A
F221
F117
F271
F6A2
FDD7
0574
0BB5
0FCE
10F5
0EB4
0A07
052F
FFC0
F93F
F45D
F277
F28B
F3F3
F685
F9D9
FD5E
008A
0303
04B8
05B9
0615
05CA
04DE
0397
0268
01C4
0203
0342
0555
07B6
09BA
0ACF
0AB0
096F
0775
057C
045A
04C7
0719
0B0E
0F97
1385
1600
15C0
11F8
0B5F
02EF
FA3F
F2F8
EE03
EC7D
EE01
F0FF
F493
F788
F86F
F6CC
F35D
EF83
EC94
EC36
EF98
F632
FEA7
0711
0E62
1294
10BE
0B22
0305
F8D6
F0E8
ECF0
ED19
F107
F7A8
0037
07BF
0BC4
0BDE
0874
0263
FBC8
F740
F604
F842
FD70
0424
0A82
0F22
110A
100C
0D01
089A
03EF
00AE
FFDF
0179
048D
079E
0957
0912
06B2
028C
FDA1
F98E
F799
F7FC
FA23
FCF3
FF14
FF4A
FCD4
F7B8
F13E
EACA
E4A2
E22A
E6E4
EED9
F910
06E7
1285
1DAA
29DD
2A58
1EBF
13F6
0B5E
0254
FB77
F814
F771
F8A7
FADB
FD1A
FE14
FCCF
F927
F511
F23D
EFE3
EEBE
F040
F3D2
F8C2
FD2E
FFC9
0196
01C7
FF9B
FBF4
F6A6
F220
F18F
F2B8
F3C9
F69F
FAE8
FF13
0234
0226
FEAB
F96B
F2DE
EC65
E51C
DAD3
D5AA
DD70
E973
F227
FBC4
069F
0F50
16A0
1CD6
204C
20CC
1F25
1BEA
17B5
1380
0F58
0989
0103
F751
EC9B
D9FE
B32A
8000
8000
8000
8899
C617
E5DA
F26F
F950
FCBF
FC5B
F8CD
F3FE
EFF1
ED47
ED55
F0F4
F61C
FCDD
0436
0984
0F4F
142F
11CC
0A58
0447
00DD
FEEB
FE0B
FDFA
FE29
FE19
FD96
FCD9
FC71
FD02
FF11
02BF
077D
0C1C
0F8C
112A
1055
0CEC
079B
0167
FBC8
F830
F77D
F9FB
FF86
06E1
0DC7
1304
1628
163F
13A7
0FAD
0AA6
04FC
FFBF
FBBC
F931
F825
F86E
1633
140F
1188
0D78
0749
FF65
F968
F182
E457
DD7F
E411
ED97
F3D6
FADC
02F4
093D
0D20
0E6F
0D12
0971
03CB
FD3D
F7E4
F525
F55C
F881
FE48
0588
0C33
10D1
1305
12B1
0FF0
0BAF
0699
00D2
FC2E
FAFE
FF82
0B3B
1473
114D
0BB5
0D14
109D
12B0
137F
12D1
10E5
0D3F
0817
0271
FBFB
F574
EFAB
EB04
DFF4
CAB7
C16A
CE8F
DE80
E666
EA76
EE25
F222
F679
FBC7
01B9
06CC
0A52
0C34
0C16
0990
05BF
026B
FF2D
FBD7
F9F7
FA44
FC91
007F
0507
08E9
0B72
0C8D
0C74
0B8A
0A57
0968
0913
094A
098C
0913
0700
0271
FB70
F385
EC28
E37B
D6CC
CC41
CDA7
D7FA
E226
E9FB
F0D1
F769
FBE5
FCD2
FC7C
FCE4
FE82
019C
0606
0AFA
0F7E
1303
151E
1520
12DE
0EAD
090C
02B1
FD6C
FB37
FABF
FAE2
FCD6
0036
03B3
06A7
08CD
0A08
0A13
0916
07AC
064A
0517
03FF
02D7
0173
FF9B
FD0E
F9A9
F59C
F171
ED8B
E9CF
E613
E2C6
E106
E1E4
E52A
E95E
ED67
F182
F641
FB85
00A9
0505
080C
095A
08DA
06D7
03D4
0062
FD12
FA6A
F8CB
F854
F8E9
FA28
FB78
FC38
FC0A
FAFE
F992
F886
F8A2
FA97
FED3
0523
0C22
124E
17AF
1BAE
1BD7
180F
12FC
0E0E
09AD
06DB
0696
08FE
0D32
11DD
1629
1938
1962
1662
11F9
0D23
07E6
0305
FF89
FDBF
FD3C
FD53
FD5F
FD0C
FC72
FC02
FC4B
FDB9
0084
048E
092E
0D24
0F43
0EF0
0C06
06B6
FFAD
F864
F247
EE0C
EC3D
ECD2
EEDC
F18B
F487
F787
FA50
FCE5
FF7E
0255
055E
0838
0A4E
0B1B
0A46
07B4
03B2
FF35
FBBC
FA8A
FC4D
00FF
0779
0DCD
1318
15F2
13FE
0EB6
0776
FD83
F487
EE88
EA69
EB01
F0F5
F877
FF6A
0519
087D
08FE
06C2
02A2
FE08
FA63
F869
F81F
F925
FAD5
FC79
FD7A
FD87
FC93
FAC3
F8A5
F6DE
F590
F49D
F43D
F499
F573
F6C8
F8FC
FC39
0023
0406
0720
08D2
08CA
070E
03EE
0004
FC41
F9B0
F902
FA38
FCC0
FFB2
0212
02FE
01EF
FF1F
FBA4
F8E5
F80D
FA01
FF40
06D3
0E5B
14FB
19D1
19E0
1563
0EE0
0645
FC4E
F3C1
EE2F
EB70
EAF9
EC33
EE19
EFB1
F132
F348
F562
F7C6
FCD1
0399
09E5
0EDF
10DD
0F83
0A82
029D
F8C8
EFB1
E80D
DE1B
DA35
E134
E85D
EBE9
ED8B
EC10
E6D9
E197
E28F
E8E2
EF53
F702
01A1
0B3E
110C
1250
0EB4
0679
FA51
EFA7
E7BE
E255
E62E
F1AA
FEDC
0BE0
18FA
2544
2796
1ECC
151D
0D94
0647
000E
FC1D
FA31
F929
F7C8
F550
F1C8
EDD8
EA45
E81E
E8E3
ECFE
F362
FAD8
021E
07DE
0B4E
0C5A
0B56
08FD
0695
0560
059E
0650
05D0
0359
FF64
FA1D
F3FD
EEAD
EB12
E9F0
EBF0
EFD6
F4D6
FA46
FE53
FFC8
FEA5
FBB8
F870
F683
F709
FA1E
FF1B
0496
08BC
0A0C
07C6
01F7
FA2A
F2FA
EDB9
EB39
EC48
EFBA
F460
F943
FC57
FC36
F8DF
F30F
EC20
E7A7
E942
EE9C
F4CB
FD4B
0678
0CC0
0F24
0DB1
08FB
025E
FBAC
F6A1
F462
F3F9
F496
F60D
F711
F677
F41F
F10D
EEF7
EE09
EDC6
F1D8
FC0F
07E3
11EE
1982
1E1E
1E38
1932
11CD
0B31
066C
03BF
034B
0491
0666
0772
06B6
03BC
FEC2
F917
F48C
F251
F2EF
F69F
FD7C
0687
0ED0
1513
19A1
1A3B
1647
108F
096A
00B5
F8F2
F3BA
F16E
F237
F55F
FAC2
01EE
08A1
0D21
0F0B
0E54
0B1C
059B
FF3E
FA1E
F77B
F813
FBD5
02C7
0B1C
11D4
1806
1AFB
15A9
0C7E
0284
F781
EEDC
E9A1
E925
ED98
F4E2
FF76
0A1E
112B
145E
12D3
0D8A
0554
FB25
F2B8
EDA3
EC3E
EF00
F4DE
FD8A
077C
0FC3
15D3
1874
15BA
0F7F
0706
FBFC
F167
E826
DE06
D8C7
DE95
E8EA
F202
FC9D
0769
0F33
14F9
1703
130C
0BFD
054F
003E
FD94
FE2A
0212
07DB
0D3B
10DA
11E8
0FE1
0B37
042D
FC50
F68A
F465
F628
FBD7
04A7
0D8C
14B7
1B73
2036
2030
1D09
1A23
191C
1AE4
2105
2C1F
36D0
35CE
26D4
16AA
0B66
FF93
F44A
EC7B
E7C6
E903
F04B
FA6C
0552
0FBD
18A5
1CB6
1AA5
1591
0FA4
09B5
0512
02A3
028C
044E
06D4
08BB
08E5
06C4
0293
FDA1
F91A
F453
EFD9
F032
F7C9
029D
0B86
10C8
12A8
118D
0DC5
07C1
009C
FA4F
F6A8
F663
F945
FE7E
04BB
0A7F
0EA4
108F
101E
0D9A
096F
044D
FF56
FB7D
F8F8
F771
F663
F548
F3D6
F22E
F0A2
EECC
EC31
EA7B
EBEE
EFA0
F330
F60D
F89B
FABE
FC1E
FC93
FC2C
FB0C
F9C8
F93E
F943
F8F0
F845
F7D7
F7C6
F7EF
F849
F8EF
FA02
FB7C
FD17
FE6F
FF22
FF06
FE42
FD3C
FC79
FC99
FE25
014B
0576
0979
0C2E
0CCB
0ABF
059F
FD9F
F4DD
EDDA
E85C
E53F
E796
ED9E
F3DC
FA8F
00AF
03C4
037D
00A9
FC43
F7C1
F4BF
F43B
F68F
FBFC
0351
0996
0DA2
0F91
0E90
0B14
06E9
02FC
FFCA
FE47
FEF6
0152
044F
06E6
0840
0804
06A2
04FC
03FB
0423
0589
07FF
0A99
0C9E
0DDC
0E28
0DAB
0C6A
0AE1
0A09
0A83
0C3F
0E8E
104E
1094
0F3C
0BF9
0715
01B5
FCBC
F91C
F79C
F84F
FAA6
FD91
FFB7
0002
FE1A
FA65
F5FE
F23A
F032
F0A6
F3C5
F9AE
01D5
0984
0E62
1044
0EEF
0AAB
04B2
FDD2
F75A
F34F
F297
F4C9
F8FB
FE2B
0345
0700
0869
077A
04E3
01A4
FEEB
FDD8
FF06
0257
06FE
0B88
0E73
0F0B
0D0F
088F
023D
FAED
F41B
EF9F
EE80
F0D8
F667
FF1A
089E
0F8F
1325
12F2
0F29
083C
FE6A
F519
EF17
EC98
EDD5
F1FF
F86A
FFFB
05E5
0868
076A
0378
FDC0
F7D8
F361
F1A8
F34B
F7D2
FDC0
039C
085C
0B11
0B71
09AB
0625
01FA
FE7F
FC74
FC06
FCDE
FE1F
FEE2
FEF2
FED0
FEE5
FF3E
0012
01D6
0454
0695
07AB
06F9
0439
FF9E
FA4F
F62A
F4A9
F6B6
FCFF
0705
11E0
215F
40A0
6006
5C48
3B37
1F61
111B
0748
FFC3
FBCC
FB35
FD00
0003
02FD
04B5
048A
02E4
00DE
FFAE
002E
02A5
067F
0A64
0D30
0E65
0CC3
0696
FD77
F710
F667
F7F1
F976
FDA8
042A
0A30
0EF7
1086
0DFE
092B
025A
FA81
F44A
F0F5
F077
F248
F56D
F8A9
FAA5
FA5E
F7B0
F363
EE28
E7DF
E2D0
E413
EAFD
F22B
F9A3
024C
08FD
0C19
0BF1
08E2
0329
FB87
F4B1
F06A
EEA8
EF9E
F2EF
F806
FE81
04DD
0950
0B25
0A6C
078D
0351
FEC6
FB10
F91B
F972
FC55
018B
07FA
0DF2
129D
15DF
173B
1667
1416
1132
0E4D
0BBF
09DC
08D1
0891
08DC
095B
09BE
09C2
093D
0824
067E
0447
0169
FDDF
F9CC
F57C
F163
EDF5
EB23
E8CF
E8E8
ED76
F434
FAE7
0283
0989
0DD1
0F60
0DFF
0A2C
0411
FC05
F485
EF0A
EB83
EA23
EAE5
ED49
F0A0
F417
F6E9
F8BB
F992
F97D
F89E
F73B
F58D
F3C1
F202
F08D
EFA3
EF7E
F048
F225
F51C
F923
FE58
04AE
0AED
0F8C
12C6
1503
14A0
1188
0D78
0749
FF65
F968
F182
E457
DD7F
E411
ED97
F3D6
FADC
02F4
093D
0D20
0E6F
0D12
0971
03CB
FD3D
F7E4
F525
F55C
F881
FE48
0588
0C33
10D1
1305
12B1
0FF0
0BAF
0699
00D2
FC2E
FAFE
FF82
0B3B
1473
114D
0BB5
0D14
109D
12B0
137F
12D1
10E5
0D3F
0817
0271
FBFB
F574
EFAB
EB04
DFF4
CAB7
C16A
CE8F
DE80
E666
EA76
EE25
F222
F679
FBC7
01B9
06CC
0A52
0C34
0C16
0990
05BF
026B
FF2D
FBD7
F9F7
FA44
FC91
007F
0507
08E9
0B72
0C8D
0C74
0B8A
0A57
0968
0913
094A
098C
0913
0700
0271
FB70
F385
EC28
E37B
D6CC
CC41
CDA7
D7FA
E226
E9FB
F0D1
F769
FBE5
FCD2
FC7C
FCE4
FE82
019C
0606
0AFA
0F7E
1303
151E
1520
12DE
0EAD
090C
02B1
FD6C
FB37
FABF
FAE2
FCD6
0787
FDC5
F5F2
F074
EE78
EF8D
F326
F7DB
FC86
00BC
037A
0414
032B
01CA
00BD
004A
0063
009F
0041
FEAD
FBBF
F804
F499
F297
F2C3
F58E
FB32
02FD
0A72
0F45
10E8
0F17
0A22
0329
FB75
F49F
F01D
EE83
EF65
F1BE
F478
F6E4
F8A4
F9AC
FA3B
FB78
FEA5
0391
097E
0F06
1275
12BB
0F62
0884
FE09
F3CF
EC23
E788
E9CA
F038
F882
031C
0BD1
104C
10B4
0DBD
08BD
038A
0045
0039
0382
08E9
0DF7
10AD
0FF9
0B76
02F5
F83C
EFAC
E9CE
E79C
EB89
F343
FBBF
02F5
06C0
0624
01CA
FA42
F20C
EBB1
E781
E739
EA9D
EF04
F316
F5DA
F635
F411
F073
ECC8
EA8D
EB42
EED5
F484
FC52
0456
09B2
0B89
0A4F
06F2
02A9
FEE2
FD1A
FE43
021A
072E
0BCD
0EC5
0F55
0D59
08F2
029E
FBF4
F6E5
F46C
F465
F614
F885
FAD1
FC6C
FD12
FCC2
FBF2
FB4D
FB41
FC0B
FDB0
FFD1
019A
0254
01B5
FFB9
FC9F
F90B
F607
F45F
F447
F5B3
F880
FC86
011D
053D
0849
0A2D
0B15
0B44
0B02
0A93
0A2D
09E4
09A4
0941
088A
074E
056D
02DB
FFA4
FC45
F993
F816
F7EB
F90D
FB4B
FE53
018A
0420
0571
0541
03C1
0183
FF5E
FE18
FE2F
FFC2
027E
05AB
0851
0991
08D8
05EC
00E9
FAA9
F4EA
F118
EF8C
F021
F272
F5B4
F8F7
FB75
FCB4
FC83
FB1E
F92E
F772
F65F
F5EE
F5AD
F504
F382
F10F
EE5E
EB21
DF3A
C3E7
AE39
BA28
DC1B
F64A
0212
066E
0696
0312
FD2B
F720
F2F9
F1B0
F367
F7AF
FD7F
02D0
053D
0382
FDB8
F59C
ED2F
E3F3
DC7E
DE23
E6BC
EF0A
F70A
FEA3
0317
0318
FF03
F8B2
F30D
EFF6
F032
F3CF
FA89
02FD
09CA
0CD8
0BC7
06B4
FE54
F5A5
EFBB
ED59
EED1
F377
FADF
0359
099C
0CA0
0C65
0973
0543
0119
FE13
FD24
FE5D
00DB
0356
0498
03CF
00F2
FCFA
F91E
F603
F426
F3C1
F4A2
F69D
F90C
FADD
FBB2
FBE4
FBE9
FC88
FEA9
0221
0644
0B13
0F9F
11B9
1140
104E
1000
1061
11B7
1493
19CB
21D9
2A24
2BEC
2424
192E
106D
07C7
FE92
F7B6
F491
F4B4
F72B
FABD
FE3D
00ED
02B2
03F8
058B
0839
0C6A
1244
1A3C
22B3
241A
1B65
1129
0485
F4ED
E29B
AB41
8000
8000
B8A3
E423
F575
01AA
0824
0864
0376
FAC4
F19F
EB3E
E8B9
EBE4
F36F
FD86
0869
10F8
152B
138E
0E07
050B
F9BA
F108
EC45
EBD9
EFE3
F6F6
FFFD
085F
0E5E
1175
10F4
0DD0
0922
034D
FD9A
F985
F78D
F763
F85D
F9AF
FA98
FA9D
F9AE
F821
F69B
F5D3
F65B
F88B
FC6B
016C
065A
09FD
0BB3
0B2B
0842
02DB
FBE6
F5E2
F21A
F05E
F16F
F54E
FA6D
001F
05DE
09FA
0B48
0A10
0763
046D
022D
0158
0259
04C4
0755
0902
08F6
0699
0216
FBC4
F564
F120
EFBC
F17B
F634
FDEE
06B4
0D4C
1196
121F
0D8C
063C
FD70
F499
EDC1
E930
E7E5
EA54
EED3
F3EC
F8B7
FC46
FDF7
FD9F
FB78
F842
F532
F337
F2EF
F4C9
F8F0
FEEA
05C2
0C6F
117F
13B3
12D3
0EB8
0711
FCCE
F1FA
E76F
DCB3
D455
D4AE
DF14
EC3C
F623
FD08
01C3
036E
01AA
FD6D
F8A8
F576
F4A1
F5FB
F94E
FC64
FD80
FD9F
FBC5
F81E
F296
E93C
E418
E7BA
EC16
EFC1
F4D6
F9E4
FD6F
FDF8
FC85
FAA2
F945
F9C7
FCF9
02CD
09AB
0F6D
136B
1451
11A0
0CF4
062D
FF28
FA85
F935
FB18
FF55
04C8
0893
099E
07B6
02F9
FD01
F791
F47F
F4F4
F93A
00CB
0928
0F45
1212
1135
0D0D
0635
FE63
F86B
F5BA
F6AC
FA9E
00DB
0766
0BCD
0D34
0BAB
079F
0238
FD3B
F9E4
F88F
F8CE
FA00
FB61
FBEA
FAF1
F88D
F595
F314
F17E
F101
F181
F244
F2F2
F366
F33B
F268
F191
F1AF
F3BF
F8BA
001F
07D7
0E53
1272
1310
100D
09D9
0144
F8B1
F2B8
F072
F1EA
F681
FD1C
0418
0987
0C3A
0C38
0A47
077D
04E0
034E
0323
03EB
04D1
0523
0454
0210
FE7B
FA78
F762
F629
F70C
F9C7
FD93
0138
037E
03A8
01AA
FE36
FA85
F7B1
F64F
F66E
F7B7
F97B
FADD
FB38
FA74
F92C
F862
F92B
FC40
0162
071B
0CD3
12EC
15EA
1292
0CA3
0697
FFEA
FAE0
F9B2
FCAA
0325
0B25
11F2
1697
182E
15AE
10F4
0BF6
078C
0505
055B
0809
0BEF
0FFA
118F
0F23
0B03
0658
0190
FF35
00F2
06AC
0EBC
17C4
23C6
2DF9
28A7
1942
0CC7
FFD0
F3BF
EC9A
E9C2
EC72
F27A
FA00
025B
08BD
0BCA
0C25
0AED
0931
07A0
06AC
0632
0594
0429
0153
FC6E
F60D
F0CB
EE6D
EF89
F475
FC64
05E2
0E60
133B
11AE
0B0E
FF8D
F188
E454
CC08
BBB2
CDB0
E8E6
FC50
0BB4
189C
1F95
1A5D
1106
05B2
F837
EEF8
EAA1
EBE6
F1DB
FA80
03F1
0B00
0E1E
0D24
088E
016D
FA66
F5DD
F497
F68C
FB55
0190
06DD
09B6
09D4
0771
032E
FE07
F963
F66E
F5B7
F75D
FB35
006C
0572
0936
0B58
0B4F
08DF
0474
FE1E
F666
EF36
E8CE
E1BD
DD4C
E118
EAAE
F4CF
0083
0CB6
1811
279C
33D9
2DC8
1D82
1159
062B
F9E4
F107
EC4F
EB90
EE80
F3EC
FB67
033E
0926
0CA4
0DEB
0D43
0B79
0946
0712
0561
04AC
051F
0698
08CE
0B6F
0E32
10C8
12EF
1474
1515
1483
1297
0F5F
0ADD
0501
FE23
F79B
F311
EFD5
EB1D
E679
E8D2
F2C0
FC1D
01B3
060E
0878
0AE3
11EC
180B
1543
0E26
0B0D
0C6E
0EDD
10F2
12FF
14CE
159A
153A
13D5
1198
0EEA
0C57
0A78
09CD
0A84
0C5F
0ED4
1155
1356
13E1
11D8
0D84
07E7
007F
F82B
F1B8
ECB6
E961
EA8B
EE07
F150
F564
F94C
FCD6
FEF5
FB1B
F2B6
ECC1
EBAE
ED6E
F0CD
F6BF
FFAC
0903
0FF0
13E0
1435
10F3
0B01
0279
F9AC
F322
EEC2
EDD2
F13F
F6A1
FBCA
FFFC
0263
0252
FFF9
FC6E
F946
F7E8
F942
FDA8
0479
0BE9
126E
17A1
1A2D
1852
1316
0C67
04A8
FCD9
F725
F4D1
F602
FA65
0152
093D
1012
1544
1920
1A34
1774
12B4
0D97
07E9
01E9
FCF0
FA0D
F97D
FAE3
FD91
00AE
0350
04E5
0545
0427
016C
FDE1
FAC5
F910
F94F
FBAE
FFE3
04E4
0929
0B93
0BD2
0A07
06B4
0295
FE79
FB7A
FAA0
FC2D
FF75
033F
0625
0713
057D
0171
FBD1
F66C
F2CB
F179
F27C
F594
FA7C
001F
0471
0687
06A7
0551
0320
0146
015C
050C
0C12
1233
1510
1682
1701
157F
11D9
0D10
07F8
0300
FF59
FE03
FED1
0113
0434
07CB
0B3C
0E01
103C
1258
1471
1618
1686
1503
1169
0BC2
03A8
FA26
F20F
EC96
EA37
EBDD
F0A3
F81A
0111
085F
0D6E
0FC9
0E8C
0B7E
07C0
03A8
00C6
001E
0157
037E
05CA
0743
06A6
03C6
FF7A
F9E1
F316
ED4F
EB7D
EDD1
F197
F419
F4AC
F46C
F4A6
F5C0
F7B8
FAFB
FF0F
0230
03F6
058C
06EE
072C
063B
04F9
0480
0590
0842
0C29
107B
13CC
14B5
12D0
0E4A
0736
FE57
F5F2
F074
EE78
EF8D
F326
F7DB
FC86
00BC
037A
0414
032B
01CA
00BD
004A
0063
009F
0041
FEAD
FBBF
F804
F499
F297
F2C3
F58E
FB32
02FD
0A72
0F45
10E8
0F17
0A22
0329
FB75
F49F
F01D
EE83
EF65
F1BE
F478
F6E4
F8A4
F9AC
FA3B
FB78
FEA5
0391
097E
0F06
1275
12BB
0F62
0884
FE09
F3CF
EC23
E788
E9CA
F038
F882
031C
0BD1
104C
10B4
0DBD
08BD
038A
0045
0039
0382
08E9
0DF7
10AD
0FF9
0B76
02F5
F83C
EFAC
E9CE
E79C
EB89
F343
FBBF
02F5
06C0
0624
01CA
FA42
F20C
EBB1
E781
E739
EA9D
EF04
F316
F5DA
F635
F411
F073
ECC8
EA8D
EB42
EED5
F484
FC52
0456
09B2
0B89
0A4F
06F2
02A9
FEE2
FD1A
FE43
021A
072E
0BCD
0EC5
0F55
0D59
08F2
029E
FBF4
F6E5
F46C
F465
F614
FC61
FBA7
FB25
FAD5
FA3A
F95F
F8A5
F860
F867
F89C
F941
FA26
FAC5
FB0A
FB35
FB9D
FC9F
FE9A
01AF
05A9
0A23
0EC9
1324
1672
17EF
172D
145E
103C
0B73
0642
0109
FCA6
F9DA
F8F4
F9FC
FCF2
019F
076E
0D97
1381
1954
2038
27CF
2A50
2122
0FB2
FF7D
F34F
E8FC
E060
DCA9
E0EB
E95F
F1C4
FBF5
06A8
0DD6
1083
0E88
0817
FDB2
F2AD
E694
D309
C394
CABA
DE7F
ECF9
F6D0
FFDB
0642
087A
067D
00D3
F916
F1EE
ECAE
E9C7
EA53
EDCF
F2E4
F956
0025
0573
086E
094C
089D
0727
05D0
0539
0581
0658
0737
07AC
078D
06D0
057D
037A
00D1
FE42
FCB2
FC67
FD20
FE8F
008C
02E0
0534
074D
093B
0B1D
0CF2
0E92
0FCF
106C
1029
0ED6
0C62
0923
05D3
032B
019A
014E
021E
0358
041C
03A1
0152
FD5F
F8DE
F43B
F0DC
F111
F3A3
F7CE
FE95
060B
0BAA
0E43
0D5B
0961
0348
FCFE
FA3B
FA78
FCBA
0320
0B11
153D
2048
242A
20F0
1A79
11EA
08C3
00FA
F9FF
F4D7
F37D
F48E
F6D6
F93E
FC3F
0065
03C2
03D4
07B2
1800
256B
2196
17E3
11D6
0B7A
0254
F90B
F144
EB5E
EA0D
EE24
F4D8
FD87
0712
0E68
1217
11DE
0E3C
083D
017F
FBEB
F8BB
F83D
FAAC
FF76
046D
081C
09B3
08D3
062F
0235
FD98
F9B9
F778
F6E7
F7B1
F93E
FAD2
FC2E
FD9A
FED3
FEC5
FD21
FB1A
F9FD
FA09
FAF9
FC63
FDAE
FE5F
FE6C
FE32
FE48
FF55
01C7
0581
09EE
0E76
12A7
15F3
1787
16F2
14B9
11CC
0EC2
0BFD
09F7
0913
094D
0A24
0AD8
0AAC
0914
05AB
004D
F98C
F2FC
EDDF
EA9B
EA07
EC87
F11F
F76F
FEFA
0566
0895
07BA
0299
F9E0
F064
E716
D96C
CB9D
CC8F
DB5E
E92A
F209
F990
FF7F
022C
0183
FE9C
FB3B
F93A
F9EF
FE03
04FA
0C8D
12C7
1772
189D
1511
0F42
07FF
FF9F
F8E5
F5BD
F63D
F99B
FE6E
02EE
05AE
05D8
036C
FF53
FAF2
F7B3
F6A0
F81F
FBE2
012F
069D
0A64
0B62
094E
0472
FE06
F831
F4C2
F48E
F7E3
FEAA
0756
0F58
1614
1AB2
1A5F
15B9
0F65
0716
FD99
F47A
EA5B
E213
E2D2
EA91
F0FA
F5BD
FB9B
00E0
0655
0C05
0BFF
05A2
FF3F
FB5A
F92F
F913
FB49
FF2F
03B9
07B5
0A23
0A80
08D1
0592
01E2
FF42
FEE1
0144
063F
0C9E
128A
173A
1948
16B0
1129
09F1
0083
F7BE
F23C
F03B
F156
F4DD
F9F9
FF22
02D3
0478
043E
02C7
0127
007A
0149
0368
060D
0813
0861
0645
018E
FB08
F4A9
F022
EE16
EED8
F232
F7AF
FE5B
0429
078B
0803
05C1
0171
FC47
F7E1
F564
F535
F741
FB11
FFEB
0501
09AA
0D6C
0FF4
111D
10E3
0F61
0C92
0845
029E
FCD3
F838
F51F
F3FC
F557
F8C5
FE10
0453
0900
0A5F
080E
0218
F976
F0F5
EA59
E6AA
E896
EE88
F6BF
0197
0ADA
0F85
0F52
0A62
00DA
F5A1
ECD6
E5CE
E3A4
E84E
EED3
F599
FC19
FFA3
FE92
F93D
F223
EAEC
E2C4
DF63
E602
EF70
F9A6
0663
1050
1689
1913
15B5
0E32
047A
F7E7
E5BE
D2A3
CEC5
DD61
ED31
F4B7
F91F
FD9B
012F
0373
049C
04E6
0458
035A
0280
0239
02AD
03DD
057F
0707
08A6
0952
083A
0631
025B
FCAD
F708
F21F
EE9D
ED61
EE3B
F07A
F384
F693
F875
F7FD
F472
EDE2
E575
DC9A
D4C2
D10F
D5A2
E0CE
EB3A
F295
F960
FF6E
0345
04D0
04B6
03CF
0324
03BB
05DC
0949
0DBB
11F9
1505
16EC
1623
1290
0E02
0745
FF23
F894
F112
E8B7
E622
E9A3
EE13
F2AC
F8F5
0003
05DD
095E
0A2A
083C
03D6
FDE4
F836
F447
F2C2
F416
F801
FDEE
04DC
0AFA
0F03
108B
0F8E
0C7D
07D2
0222
FC9C
F86E
F601
F529
F578
F67D
F7D1
F924
FA5A
FB7F
FCAD
FDFC
FF67
00AB
015C
0132
0034
FEAB
FD04
FB9E
FAB9
FA6F
FAB4
FB44
FBF6
FCE1
FDE1
FE89
FEB0
FE80
FE3B
FE19
FE36
FE77
FE92
FE3E
FD53
FBEC
FA7D
F9C5
FA9D
FD77
0247
0862
0E4D
12B4
14F8
13D6
0F24
07B8
FD1D
F29C
EAD0
E438
E36C
EA2B
F264
FC51
07E8
109F
1811
1FD5
2307
1F15
1739
0F96
0A36
0776
06E5
07BD
0921
0A5A
0B0A
0B22
0AB2
09D6
089D
071D
0579
03D2
0239
0092
FEB6
FC90
FA55
F871
F75C
F755
F87E
FB14
FF2E
043C
0932
0D41
1012
1151
1090
0D93
07F2
FF61
F5BC
EC64
DE6F
CC38
C6F6
D5F0
E759
F200
FC8F
06CD
0D1F
0F03
0C99
05E9
FC2F
F24D
E5BA
D8E2
D84F
E298
EBAB
F186
F6C5
FAE6
FCE9
FCEF
FBE7
FB33
FC16
FF4A
04B1
0AF3
1039
13FC
1595
132C
0D9D
06E3
FF46
F85E
F457
F39C
F5BF
FA2F
002C
05E4
09C7
0C0F
0CF3
0C51
0B14
0A57
0A6A
0B13
0BDA
0C47
0C02
0AC9
0854
0515
020E
FF78
FDC0
FD54
FD5F
FDD8
FE41
FCFF
FA21
F6E6
F3A8
EFCA
ED04
ECC2
EE49
F234
F782
FD6B
03AA
08A1
0BC0
0C62
0ACF
0809
04C7
0139
FE15
FB5F
F732
F52E
F7D2
FA29
FA7F
FAD0
FBAE
FCE7
FE6F
003B
01ED
030E
03E5
04ED
05BA
05DD
055A
044C
02F4
01A4
00A8
003D
007C
016D
0304
0516
0720
08A2
0994
09DC
0983
0886
06C8
04C5
035D
0334
04A8
07B6
0BCD
0FFC
13AB
1676
1738
1500
10D4
0B4E
03BF
FC1A
F6AF
F35E
F263
F37F
F68E
FB88
FFDF
0263
0433
0534
0501
044B
0429
0594
08F9
0DCD
130B
1A03
2479
2BE5
2877
1EDA
1617
0E1B
063E
FF46
F9FD
F6D1
F5ED
F73A
F952
FABD
FB42
FAF3
F9A1
F765
F4E2
F2E0
F1D8
F1DA
F29D
F3A9
F46E
F472
F392
F21D
F0C1
F023
F0BB
F309
F73D
FCB9
02EA
08E6
0D2C
0F0D
0EB7
0C98
0958
0598
022D
0004
FF96
00C7
0304
058A
07B9
0943
0A13
0A42
0A49
0ADB
0C83
0F58
12EB
16D7
1BCD
2127
21C7
1BB4
14AE
0F4F
096F
0367
FEBF
FC1B
FB6B
FC36
FE60
0125
034A
046D
0443
0260
FF13
FB20
F73B
F412
F23B
F20C
F399
F6CA
FB4A
0048
048F
0727
079E
05ED
025E
FDAF
F92F
F63D
F59A
F783
FBE2
022F
094A
0FF3
1586
1908
18C1
14FC
0FA1
08D7
00A9
F922
F3BE
F09E
F009
F21B
F622
FB38
0088
053D
08B0
0A66
0A1B
07D3
0381
FD57
F6AA
F111
ED03
EA78
E9D2
EB38
EE10
F196
F556
F8F9
FC31
FED5
0106
030F
0537
0790
09E5
0BBF
0C86
0BB5
090B
04BE
FF94
FAA9
F70A
F568
F60A
F8C6
FCF6
0146
0419
0461
01C9
FCA7
F66B
F159
EEC3
EF42
F2F0
F91D
0117
0833
0B9A
0AB3
059A
FD39
F3C3
EBEC
E696
E640
EC4E
F574
0049
0A99
1174
13F6
11DE
0C65
045E
FBE7
F622
F426
F5AA
F9DB
FF2E
033F
0416
00CE
F9CC
F181
E944
DECC
D616
D844
E263
EB70
F23B
F853
FCDE
FED5
FE5C
FC88
FADB
FAA8
FCA4
00C0
062B
0BB2
1038
12E1
133A
1154
0DB7
0949
04F8
0143
FE53
FC64
FB7C
FB25
FAD5
FA3A
F95F
F8A5
F860
F867
F89C
F941
FA26
FAC5
FB0A
FB35
FB9D
FC9F
FE9A
01AF
05A9
0A23
0EC9
1324
1672
17EF
172D
145E
103C
0B73
0642
0109
FCA6
F9DA
F8F4
F9FC
FCF2
019F
076E
0D97
1381
1954
2038
27CF
2A50
2122
0FB2
FF7D
F34F
E8FC
E060
DCA9
E0EB
E95F
F1C4
FBF5
06A8
0DD6
1083
0E88
0817
FDB2
F2AD
E694
D309
C394
CABA
DE7F
ECF9
F6D0
FFDB
0642
087A
067D
00D3
F916
F1EE
ECAE
E9C7
EA53
EDCF
F2E4
F956
0025
0573
086E
094C
089D
0727
05D0
0539
0581
0658
0737
07AC
078D
06D0
057D
037A
00D1
FE42
FCB2
FC67
FD20
FE8F
008C
02E0
0534
074D
093B
0B1D
0CF2
0E92
0FCF
106C
1029
0ED6
0C62
0923
05D3
032B
019A
014E
021E
0358
041C
03A1
0152
FD5F
0705
06FF
052B
0172
FD4C
FA9E
FA1F
FB87
FE41
014E
0369
03F3
031F
0159
FF13
FD20
FC36
FC42
FC9A
FC72
FB95
FA09
F829
F6F8
F6FA
F863
FB68
FFA4
0419
0790
08F4
0798
0319
FBA1
F3BA
EDAD
E694
DF04
DFDD
E9AB
F2E2
F86C
FC5F
FE42
FD55
F98C
F3FC
EEFC
EBB8
EA34
EA8E
ECC4
F073
F54E
FB41
01AA
0746
0B32
0D44
0DA8
0CAD
0ACA
08B3
075C
07C2
0A71
0F16
150C
1E07
2CC3
398B
34DB
22A7
1431
08E9
FC4E
F2FC
EEC3
EF96
F4D0
FE0C
0868
0FAC
1298
1066
099F
FDC6
F12D
E586
D540
CA58
D069
DE96
E9BE
F0CF
F591
F894
FA0D
FAC2
FBC5
FDF4
0196
061E
0A56
0D27
0DE8
0C53
08D3
044C
FFB3
FC0D
FA46
FAA1
FC55
FE02
FE72
FCF5
F9D7
F67F
F422
F401
F705
FD65
073B
10A4
19C4
2258
2164
192B
1058
06EC
FE54
F8DB
F71C
F942
FF46
065A
0E8F
1246
0DC1
0851
01BE
F98A
F326
EF01
ED50
ED97
EF0F
F0CF
F1CA
F18A
F04D
EECE
EDE2
EE1C
EFA4
F25A
F5D2
F95C
FC7C
FE06
FDBE
FDBB
FF80
034E
087B
0DCD
128F
160D
1749
156B
1063
0969
0251
FC7D
F8CE
F7C5
F92D
FC14
FF19
00FE
0132
0013
FEAE
FE50
0013
047A
0AAC
10A6
1547
1749
1499
0DF3
0426
F898
EF1D
E89A
E78A
EC6C
F415
FEEB
098F
0FE3
117F
0E89
07CE
FEA6
F682
F047
ED9F
F265
FC47
0733
11A1
1B23
2223
229D
1C96
1510
0EDD
0986
0504
0244
0199
026A
0403
05ED
07B5
08F0
096D
0922
07F9
0604
03A7
0188
0043
0048
01D0
04E8
0967
0EAA
1334
14F9
1368
105E
0D12
08BB
0397
FF62
FD57
FDCE
00A3
04F5
0911
0BEA
0D2A
0C7D
0A6E
07B1
04A9
0236
0121
018E
030F
04DF
064A
0718
0787
0820
0960
0B78
0E52
11F4
162F
196E
1993
162F
1038
084E
FF27
F6D6
F1B9
F0DC
F44E
FB77
0508
0ED0
17AC
2207
2D92
31E7
2A72
1EC5
168A
11A9
0DA1
0988
054B
00DF
FC7C
F8DA
F6B9
F66F
F812
FB74
FFC7
038F
05A6
0578
02B7
FD9A
F7E1
F3AA
F18F
F1FF
F507
FA48
0165
083B
0CA4
0E32
0D36
0A3F
062F
0257
FFFB
FFB1
0149
03D7
060F
0714
06A0
04DF
0249
FFA1
FDD8
FDA4
FF2F
01F7
04EE
06D6
06B8
041D
FF68
F9F4
F4BB
EFCE
EC56
EBD4
ED88
EFE7
F280
F521
F730
F842
F853
F7B8
F6DD
F612
F561
F483
F331
F191
EFEF
EE49
ECDA
EC55
ED23
EF3D
F22A
F5A1
F9E7
FDF5
FF86
FE2C
FCFC
FE72
006C
00C3
004D
FFD5
FF33
FE12
FC28
F989
F6B8
F40A
F1BF
F02C
EFC7
F0F4
F317
F650
FA68
FCEC
FDDA
FFBF
030B
0666
08DC
0A62
0AE9
0A10
076F
02B5
FCAF
F742
F3CC
F2DE
F4CA
F9D1
0185
09A9
0FF6
1404
154D
1384
0FAE
0A5C
03E5
FD94
F89F
F53C
F305
F183
F076
EFF2
F05C
F248
F677
FDA3
06DC
100D
1B93
2898
294F
1C6E
10DC
05E7
F905
EFE9
EB57
EC71
F210
FBCB
07B5
10F8
16AF
1691
119F
0976
FF0E
F4F5
ECC4
EAFA
EEB1
F357
F92D
FFED
057B
08D0
0A2A
0A8E
0B39
0D09
100E
138D
168A
1867
1714
107F
075C
FD80
F3DB
ED4A
EA76
EC9B
F2CB
FC73
08D8
12EC
1C3B
2338
20C1
183C
0E81
038D
F76A
EBA5
E58B
E6D8
EAD1
EF97
F69B
FF35
075C
0D8D
10AE
1082
0D70
076E
FF67
F819
F377
F249
F4E6
FAD3
0318
0B41
1150
1441
12CF
0DF1
067B
FD25
F55D
F155
F158
F51F
FC59
057C
0D14
1195
12E7
1106
0CF6
0796
01CF
FD01
FA01
F8A1
F81E
F78C
F63B
F406
F166
EF25
EE0D
EEDB
F1CE
F6C5
FD83
04A1
09F3
0C5C
0BCD
0891
0330
FCCC
F71D
F331
F118
F05B
F054
F04E
EFC6
EE88
ECC3
EAE3
E996
E9B7
EB9B
EED2
F318
F837
FD42
012D
0371
03FC
02E9
003D
FC51
F7E4
F3AA
F023
ED58
EA86
E787
E695
E99B
EEBA
F310
F63E
F8A7
F9B1
F8AC
F5AC
F181
ED34
E96A
E6EC
E703
E9A5
ED52
F102
F451
F6BA
F7E7
F821
F842
F96A
FC83
01A2
079B
0D40
120B
13E8
1188
0C84
0449
FA4F
F30F
EF7F
F071
F5AC
FEE2
0A59
136E
1A1F
1BCA
16A4
0F63
0685
FD02
F6CC
F53F
F81B
FE92
06BE
0D8A
113A
116A
0E5E
091C
02DD
FDBD
FBFA
FE78
0473
0BF9
1436
1D29
2262
1F2B
172C
0EC3
0510
FB02
F359
EEF1
EDCD
EF89
F362
F893
FDCE
01B0
037E
0317
00C4
FD16
F895
F2B4
E99F
DD74
D498
D84D
E83F
F81C
0005
03A6
0517
04E6
077D
0920
0399
FD35
FB34
FC21
FF91
03B0
0823
0D6D
1196
1414
150B
14AE
12C6
0F6F
0C82
098A
059D
017B
FD8B
F9CA
F5FB
F359
F2D2
F3AE
F60B
F948
FCE8
01BA
0671
0922
09D7
0925
075B
0499
01AB
0018
0094
0245
0453
0719
0A25
0BA3
0A8F
06F7
0124
F995
F18D
E9CB
E026
D2E0
C63A
C15D
C650
D0C3
DB75
E3EA
EA24
EF04
F362
F7CC
FC93
01C2
0717
0C38
10D1
1417
14C0
128D
0E04
063A
FBCA
F22A
E7F0
DC78
D97F
E14B
EAA8
F418
FDDE
05E4
0C76
0EAB
0C86
076C
FF05
F792
F220
EEFF
F05E
F434
F9E9
011D
06EE
09F3
0A12
074A
0236
FCC1
F856
F56A
F444
F523
F811
FBCB
FF1F
021C
04A4
0686
07D8
0890
0885
0786
053A
014F
FBD4
F5A5
F00A
EB7F
E7F3
E6FD
E9A7
EE0E
F3A9
FA88
002C
03C6
0655
07BE
081B
0848
08FC
0A94
0D0E
0FC1
11AD
11FE
1010
0BF5
05AF
FD47
F60A
F1C7
EFE9
F217
F70D
FE09
06CD
0D70
10F1
1173
0F14
0A40
0312
FC4C
F7A5
F530
F531
F789
FC29
01AC
0658
0976
0A8D
0953
06CC
0457
0184
FEB8
FD46
FD2D
FE35
FFD1
0159
02AA
038B
03CD
036E
0295
019C
00CA
0034
FFDF
FFC7
FFE3
0035
00D3
01DA
0367
057E
0802
0A9B
0CCD
0E20
0E35
0CD2
09DD
0567
0003
FAFD
F79A
F675
F78A
FA78
FE80
029E
05BE
06F2
059D
01C0
FC5F
F720
F363
F1E9
F306
F6C5
FCED
042A
0A28
0FAA
18DC
240D
2757
1EA1
127B
0BA7
0A5C
0AF8
0B2F
0A4D
080A
041A
FEA5
F91B
F4FB
F27A
F1C2
F30F
F5CD
F958
FD3B
00C3
035F
050D
063E
078D
0975
0C01
0EC6
1114
124E
1203
1016
0CDB
08B2
043C
0092
FEA2
FE96
FFE1
017D
0249
016D
FEB4
FABE
F6B3
F379
F1AA
F1C5
F382
F67C
FA36
FD55
FEAF
FE19
FC14
F9DC
F8FF
FA2E
FD54
018F
04CC
0629
061A
03AF
FE78
F8E1
F545
F511
F963
0225
0D7E
218E
5D6C
7FFF
7FFF
7FFF
3166
0C2E
FBFA
F267
EE63
EF6D
F3F7
FAAB
00F3
03D4
0294
FE10
F7F1
F242
EEF2
EF06
F254
F7DF
FDE2
0222
02D5
FF84
F9C6
F43F
F0EB
F1EE
F795
024A
0F4E
1CD2
36C5
4AA4
3A20
1EFA
0F52
0205
F758
F211
F1B6
F53A
FB09
00FA
0427
02F0
FD4C
F54D
EDBC
E644
E1CD
E53A
EC1B
F35B
FBDD
02CC
0671
0710
052B
0172
FD4C
FA9E
FA1F
FB87
FE41
014E
0369
03F3
031F
0159
FF13
FD20
FC36
FC42
FC9A
FC72
FB95
FA09
F829
F6F8
F6FA
F863
FB68
FFA4
0419
0790
08F4
0798
0319
FBA1
F3BA
EDAD
E694
DF04
DFDD
E9AB
F2E2
F86C
FC5F
FE42
FD55
F98C
F3FC
EEFC
EBB8
EA34
EA8E
ECC4
F073
F54E
FB41
01AA
0746
0B32
0D44
0DA8
0CAD
0ACA
08B3
075C
07C2
0A71
0F16
150C
1E07
2CC3
398B
34DB
22A7
1431
08E9
FC4E
F2FC
EEC3
EF96
F4D0
FE0C
0868
0FAC
1298
1066
099F
FDC6
F12D
E586
D540
CA58
D069
DE96
E9BE
F0CF
F591
F894
FA0D
FAC2
FBC5
FDF4
0196
061E
0A56
0D27
0DE8
0C53
08D3
044C
FFB3
FC0D
FA46
FAA1
FC55
FE02
FE72
FCF5
F9D7
F67F
F422
F401
F705
FD65
073B
10A4
19C4
2258
2164
0F8B
0F97
0D1E
0D21
0DD7
0E6E
0EAD
0E66
0D54
0BB3
09AC
075A
056C
04B2
0580
07A4
0A74
0D07
0E92
0E98
0CEF
09B1
0551
00CD
FD67
FBF1
FC9A
FF0F
0272
0574
06C6
05DA
037D
0180
0062
FEF3
FDD9
FE87
00C9
0592
0C2C
1155
13A8
12CB
0F12
08FC
0244
FD24
F9C1
F88B
F9B2
FCB2
0050
027D
01F2
FE46
F84E
F264
EC6B
E65B
E5D0
EA50
EFB1
F73C
FF45
0676
0CD5
1105
131F
139D
146C
1361
0E27
0944
04A2
FDB9
F653
EF3B
E8A9
E3EF
E2BA
E69F
EE55
F6B3
FFF0
08EC
0E1F
0F62
0D7B
0986
045E
FF61
FD19
FE68
02BF
08D1
0EF4
1355
142A
1115
0AFC
01F4
F81A
F023
EA1D
E7CC
E99B
ED50
F1E7
F617
F89E
F958
F854
F5DD
F333
F1BD
F20F
F3FE
F711
FAA1
FDD1
FFCC
002E
FF27
FD6A
FBDA
FB2E
FBAE
FD2A
FF0F
0092
00E9
FF89
FC59
F7F9
F384
EFE5
ED7C
EC78
ECD5
EE15
EF72
F053
F05F
EF86
EE0B
EC82
EBBA
EC7E
EF64
F452
FAA9
0204
0931
0DFA
1050
107B
0D6B
08A0
035F
FD5F
F889
F5C0
F47C
F555
F7CE
FAA7
FD76
FFD1
0103
008D
FE57
FABC
F68C
F2BC
EFD7
EE00
ED90
EEA1
F0C8
F41E
F853
FBCF
FDF6
FF49
FF56
FDEA
FC5A
FBF2
FD78
00E1
04CF
092F
0EDC
14C5
1A1C
1E18
1E5F
1AC1
152F
0EC8
081F
01BB
FC8B
F9A5
F977
FC54
023C
09A5
108B
16FD
1D6E
2033
1BD9
13DB
0B0C
FF5E
F33F
E991
E043
DBF9
E20B
EBDD
F55D
00CB
0B1A
1116
12B2
1030
0A6B
01A5
F8EA
F373
F0F9
F2A9
F813
FEB7
065D
0D37
1093
1030
0C9E
06E1
0044
F9CB
F4B0
F1F5
F1BA
F377
F66B
F9DC
FD13
FF83
0102
01C3
022C
028F
0313
03A9
0423
0455
042D
03B6
0329
02E3
0336
043C
05CC
0784
08DE
095C
08B0
06DD
0445
01A6
FFC5
FF1B
FFD7
01A0
0391
04AC
03F1
00AD
FB37
F51F
EFD6
EC21
EB40
EDD0
F2F5
FAA9
03A0
0A6E
0D4A
0BF1
065F
FD6F
F468
EBDA
E4FB
E781
F047
F914
0454
0E0F
1468
1745
132F
0B96
0228
F757
EF02
E98F
E740
E8F7
ECDA
F13D
F5CF
FA16
FD6F
FFAC
011F
0244
0366
0468
04F7
04BF
0351
008C
FC79
F801
F4DE
F16D
EEBB
F2F5
FAC0
0107
070E
0AB0
0BF5
0ABE
0568
FEBB
F790
F1BE
EDDF
EA21
EA96
EF39
F296
F486
F656
F770
F7A1
F744
F736
F85A
FB6E
0091
06A7
0C34
105B
12C9
1357
1220
0FB8
0CF7
0A6F
0855
06A5
0510
02ED
FF67
FA22
F3E1
ECD5
E0D2
CCD7
BCB9
C16D
D5A6
E6C2
F19E
FC25
0568
0AC1
0BAF
0848
00CF
F71C
EE80
E6F4
E1F0
E40C
EA81
F114
F87B
FF5E
034E
0380
0022
F9FF
F305
EDA5
E986
E86D
ECD2
F341
FA26
0216
089C
0C1C
0CAC
0A8A
05FD
003F
F925
EFA7
E944
EAB7
EE90
EF84
EF02
EEFE
EF87
F0B3
F2C2
F5E0
FA9A
0129
0837
0E26
1292
15AE
1752
174C
15DB
13A9
1158
0F33
0D15
0A9A
0757
030C
FDE6
F8A0
F434
F13D
EFF9
F07D
F2A2
F619
FA3D
FDD1
FFAE
FF53
FCE4
F915
F51E
F242
F156
F2B8
F677
FC71
0386
09A1
0D7B
0F0B
0E97
0C9E
099D
055B
FFA0
F9EF
F613
F3BE
F247
F1FD
F236
F22F
F2B9
F3DB
F4AE
F595
F723
F8CF
F9DE
F9E9
F8E9
F731
F574
F44E
F3FA
F4A1
F639
F89F
FBBF
FEEA
0137
0266
02A6
0262
022C
0297
03F6
0634
08C6
0AD4
0BA1
0AB7
07F6
03A6
FEA4
FA40
F78B
F725
F92D
FD4A
0280
074D
0A96
0BDF
0AE9
0822
04AC
01A7
FFE4
0000
0260
06AD
0B76
0F47
1174
11A9
0FF8
0CE0
0939
0638
04E4
05B0
084C
0BB6
0EA9
0FD7
0E59
09E0
02C0
FA4E
F2BA
ED6F
EB1F
EC5C
F060
F644
FD7E
03CD
06FA
0697
0310
FD53
F6E2
F1C0
EF60
F025
F3F1
F9F9
012D
07E3
0C25
0D18
0AE5
0626
FFC6
F99A
F5C2
F517
F77F
FC7E
033A
0A17
0F03
1152
1172
0F75
0BB2
076E
0438
033B
04FB
091F
0E37
12AA
15EB
1710
1501
109A
0AE3
03D7
FCAD
F767
F4DD
F4E1
F6E4
FA10
FD4B
FF58
FF49
FCED
F955
F4D0
EA31
D42A
BDC3
BBDC
CF7E
E560
F234
F9A0
0037
05E1
0969
0A75
092D
05F4
013F
FBC7
F6FA
F406
F326
F44E
F752
FC1F
0271
08CF
0DE0
117A
13A2
144A
13A1
120D
0FFB
0DB8
0B50
08BF
061E
039D
0160
FF94
FE80
FE77
FF9A
01E1
051E
08E7
0C93
0F79
1148
11E5
1150
0FBC
0D68
0A8D
076E
044E
0166
FEDE
FCD8
FB82
FB20
FC04
FE7A
02CA
08F7
0FF8
17C6
2B3A
5AAC
7FFF
7FFF
6EF7
3908
1C48
111A
0AAC
05EE
0341
029E
035D
0484
052B
04CA
0354
012E
FF0E
FDD0
FE17
FFCC
0265
04DF
0597
041B
0036
F906
F0EB
E6A2
D40E
C154
C00C
D05B
E2CD
EF6D
FAA0
06B3
0F83
1501
1891
16C1
10C0
0AB2
0369
FBBD
F6C2
F3FE
F367
F57C
F94D
FF0C
0620
0C08
0FAB
111B
104C
0D94
094F
041D
FF7E
FCEE
FD1B
FFEE
0491
0971
0D08
0E7D
0D6F
09EB
041D
FD29
F759
F438
F425
F710
FCBE
03F0
0A68
0EDF
111F
1144
0FF2
0DED
0BFC
0AE9
0B29
0C96
0E86
102F
10FE
10AF
0F64
0D8D
0BA5
0A27
097D
09C0
0AA2
0B9A
0C10
0B86
09A4
0660
0298
FF9C
FDF8
FD87
FDFB
FF07
001F
0071
FF69
FD18
FA2B
F78F
F605
F5F4
F757
F9BA
FC37
FDAC
FD38
FA87
F617
F172
EDC0
EAFC
EA90
EDAA
F24B
F7E4
FEE9
0509
08DC
0B06
0C11
0C82
0CBE
0CCA
0CB3
0C6C
0B77
08F9
04AA
FF67
F9DB
F664
F753
FAFC
0195
0B0A
13C7
1DD1
2681
2360
1884
0E64
0274
F63B
EDF6
E9ED
EACE
EF2F
F556
FCA3
029E
053A
0474
0150
FD39
F9BF
F839
F955
FCE1
01B6
060B
0858
07F4
0525
0104
FCE4
F9FF
F9F7
FDC1
047D
0CC2
15D8
1F54
272E
29C8
260F
1EF4
183B
135C
0F71
0B4A
0679
00D2
FA17
F2EC
ED28
E6E8
DD2D
D936
E261
EDC6
F419
F88A
FB4A
FA10
F549
F0F6
EEA8
EDCC
EFBE
F5F4
0034
0C29
185B
27E6
351B
30E9
208F
13CE
0A4A
009A
F92B
F541
F41F
F48A
F53C
F51E
F3AD
F13D
EEAC
ECD4
EC95
EE61
F1B4
F609
FA7F
FD45
FCF6
F95D
F3EA
EE7E
E82A
E27B
E47E
ECAC
F478
FCC3
0510
09FF
0AB5
0799
015D
F9B3
F306
EE03
EB5A
ED3D
F3C1
FC18
041B
0B3F
1095
13EB
16A7
182D
17A8
16D0
163A
157B
1404
0FA8
08B3
023A
FC95
F6E3
F227
EF8C
EF66
F16C
F4ED
F90D
FCD8
FF72
0041
FF1D
FC85
F95B
F675
F4A4
F4A7
F69A
F9D8
FE02
02C2
074C
0AF3
0D08
0D03
0AFA
074B
0254
FC97
F72F
F348
F161
F184
F392
F765
FCB2
025F
06C5
08EA
0894
05D7
0119
FB25
F552
F0FC
EED8
EF20
F1B3
F606
FB3A
0056
0466
0698
0672
0417
0055
FC55
F924
F782
F7E6
FA8C
FF67
05B1
0BE0
10C5
1441
168B
1781
16CF
146E
112E
0E76
0D1E
0D21
0DD7
0E6E
0EAD
0E66
0D54
0BB3
09AC
075A
056C
04B2
0580
07A4
0A74
0D07
0E92
0E98
0CEF
09B1
0551
00CD
FD67
FBF1
FC9A
FF0F
0272
0574
06C6
05DA
037D
0180
0062
FEF3
FDD9
FE87
00C9
0592
0C2C
1155
13A8
12CB
0F12
08FC
0244
FD24
F9C1
F88B
F9B2
FCB2
0050
027D
01F2
FE46
F84E
F264
EC6B
E65B
E5D0
EA50
EFB1
F73C
FF45
0676
0CD5
1105
131F
139D
146C
1361
0E27
0944
04A2
FDB9
F653
EF3B
E8A9
E3EF
E2BA
E69F
EE55
F6B3
FFF0
08EC
0E1F
0F62
0D7B
0986
045E
FF61
FD19
FE68
02BF
08D1
0EF4
1355
142A
1115
0AFC
01F4
F81A
F023
EA1D
E7CC
E99B
ED50
F1E7
F617
F89E
F958
F854
F5DD
F333
F1BD
F20F
F3FE
F711
FAA1
FDD1
FFCC
002E
FF27
FD6A
FBDA
FB2E
FBAE
F0EC
F731
FB10
FDFB
FFAF
00CD
01D0
0311
04AE
0671
07EA
0885
07B5
0529
0105
FC25
F7D5
F50A
F447
F593
F8C0
FD91
028E
0602
0766
06B7
047C
0144
FE0D
FC54
FCAC
FEE6
0278
0677
09B2
0B0E
0A11
06DD
01FC
FC70
F79B
F489
F37F
F441
F65C
F94E
FC86
FF7A
01DB
03C0
0580
076E
099D
0BCC
0D6C
0DB4
0BEC
07E3
021D
FB78
F539
F16C
F0DD
F29A
F721
FED6
0710
0DA5
1199
11F3
0F52
0A4A
02FC
FB6F
F5F8
F36B
F3A1
F60F
F9F3
FE16
010B
0218
0178
FFE8
FE19
FC71
FB91
FC07
FD98
FF76
00D8
0129
003A
FE77
FC9F
FB61
FB3A
FC60
FEC5
0199
0399
03E1
0214
FE61
F9CA
F5FB
F45E
F5CD
FAA6
026E
0B44
1376
1960
196B
1416
0C46
00B8
F48E
EC07
E71C
E7F2
EDA1
F501
FD63
044C
068D
034B
FBB5
EF78
DA1E
C4C7
C8FB
E0CB
F291
0049
0CF4
15C7
1A8A
174D
0FBC
068D
FCA5
F607
F48F
F85A
00F3
0B06
1236
1544
128B
0AE3
FDC5
F007
DFC4
C836
C67D
DD4F
EF20
FC4C
083D
0EBC
0F59
0A80
00BC
F5B9
EE34
EA67
ED1C
F625
02D6
1348
2862
36AE
2F36
1ED5
135F
09A8
013F
FC57
FC0E
FFBE
0699
0DF5
137E
1702
16A5
131F
0E70
08BB
02F3
FE94
FC14
FB1D
FB02
FB0C
FAAA
F9BC
F893
F7C7
F7EB
F954
FBEF
FF2D
0216
03C2
03AC
01B4
FE66
FB20
F918
F8E3
FAF2
FEFE
041C
08FD
0C39
0CFA
0B0F
06E8
019A
FCB6
F9B3
F93E
FB86
00B1
06E2
0BC1
0E4E
0DD2
0A45
0313
F9DC
F18C
EAFC
E750
E780
EB64
F299
FBDA
0422
0A64
0FB1
12D3
12FF
10A6
0C12
068A
0040
F933
F375
F05D
EFD6
F1D7
F642
FD2F
05A0
0CEC
11B4
13BE
1250
0DBC
0732
FFB6
F8F3
F49E
F35E
F512
F932
FEA7
0387
061F
05BF
0272
FCEC
F6E7
F254
F01E
F085
F367
F882
FF0C
051C
0939
0B0E
0AC2
08D6
05D8
024F
FECD
FBB1
F8FE
F666
F36D
EF96
EB1F
E7A2
E709
E97E
EE15
F527
FEB8
0876
10BF
16B5
185E
1577
0F45
074E
FF3C
F7D7
F347
F2AB
F583
FC69
0429
0B31
13D6
196F
17F0
13D6
102B
0C34
081A
04CC
02CE
021A
0259
0304
03BC
045D
04F3
05B7
06FD
08FA
0BA2
0EE0
134A
19A5
203D
2366
2244
1F1E
1B4D
16A8
1118
0BDA
07E2
047A
0175
FF4A
FDF1
FD23
FCC2
FCC7
FD29
FDF0
FE8C
FE97
FE9D
FEF8
FF50
FF3D
FE7E
FD0B
FB16
F8F8
F710
F5C2
F575
F68E
F92E
FD04
0161
056B
0833
091F
0828
05A1
0200
FDDE
FA1A
F79B
F6BF
F774
F981
FC61
FF47
019E
0326
03FB
048D
052F
0603
0721
0862
0953
097F
08B5
06C5
0375
FF2E
FAB9
F6D7
F458
F3BF
F517
F82F
FC95
016D
05C3
0900
0AE7
0B7F
0B11
09FE
0873
0642
0303
FE7E
F8F5
F2FF
ED47
E773
DFDC
D90A
DB97
E733
F1AC
FA30
037E
0A6A
0DAB
0D71
0A22
04A7
FDD4
F7B2
F3F8
F2F8
F449
F709
F9F4
FBC8
FBAD
F960
F566
F12D
EDF6
EC9D
EDDE
F1AD
F7C4
FF65
06B8
0BE3
0DEE
0CAD
0867
01A9
F9E5
F36E
EF78
ED90
ED88
EF12
F0FC
F2A5
F40F
F4E1
F4AD
F3DA
F329
F2EF
F387
F569
F89D
FCA6
00A7
03AA
04FE
0458
01C4
FD9C
F8C4
F472
F17A
F032
F0CA
F34E
F7B8
FDC2
0427
092D
0C06
0C74
0A4A
05F6
002E
F9DA
F4A2
F1D7
F1EE
F4F3
FAC6
028D
0A27
1085
16C9
1BD7
1BFF
16F5
10A6
0BD8
0898
068F
05EE
06AD
083A
09BC
0A66
09AE
0747
031A
FDDD
F92E
F5E2
F3FA
F409
F610
FA1C
0075
071E
0C64
1034
1237
1223
1152
1333
1584
1278
0E3D
0F8D
141A
1AEC
2B6A
40BF
44CA
3355
1F8E
1407
0D25
07A5
0416
036A
056B
08E0
0C34
0DFB
0D28
091A
019B
F845
F072
EB2F
E8F1
EBD6
F1D6
F995
0313
0A4F
13B6
2075
2120
1369
064A
0081
0017
0399
0967
0F07
12FF
1426
1192
0BAD
025E
F7AB
EFBE
EB55
EAFC
EEB1
F46F
FB8D
023E
05D2
057D
01E7
FC9D
F79E
F497
F481
F7B4
FE45
06B0
0D7F
1165
1253
0F85
0A10
0367
FC25
F5F3
F28D
F1F9
F31C
F4BD
F5C0
F57E
F3EF
F1C0
EF6C
ED26
EC5A
EE22
F17E
F578
F9F0
FE46
0173
02EF
02DA
01B6
0015
FE7A
FD40
FC7C
FBF8
FB65
FA95
F97F
F799
F49D
F30E
F519
F7DB
F9AD
FC7F
FFD8
030B
061A
07DF
08D9
0A9A
0D50
105D
1366
1645
1875
18AD
1616
11DB
0D23
074D
0145
FCA7
F9C8
F911
F951
F93B
F8FD
F844
F69D
F3BA
F050
EDC8
ECBB
ED99
F028
F3AF
F7E1
FBC9
FE34
FEF2
FE6E
FD4D
FC4D
FBF7
FC70
FD7F
FE88
FED4
FDE2
FBB7
F8F0
F699
F5C6
F747
FBAB
02B5
0A5A
1095
1587
1759
132E
0AEB
018E
F8B9
F23A
EF83
F0FB
F628
FEB0
07D6
0DF9
100C
0DE4
0807
002E
F879
F208
EF01
F0AD
F516
FC21
04A5
0AFA
0E25
0E7A
0C80
091D
0505
019E
0049
0152
043F
0843
0C64
0FB3
11B3
1258
11D0
1048
0DB3
09E3
04F0
FF12
F86E
F17F
EB0B
E57C
E1B8
E322
EAD3
F440
FE13
085D
0F99
12D1
11C3
0CFC
0595
FC1F
F4B7
EF0F
E9EC
EB5B
F3AF
FC23
0191
040A
0352
FF89
FA44
F59A
F2D8
F2A4
F52C
FA50
0144
07E9
0C67
0E5D
0E23
0C81
0A9D
09AC
0A80
0D54
11C0
16F0
1CD7
245D
2B96
2C8B
24A4
1947
10F6
0D05
0BD6
0BDD
0C08
0BB2
0A47
0738
0257
FCA3
F784
F3D7
F213
F28C
F53B
F90D
FC98
FE80
FE6A
FCA2
F961
F658
F354
F11A
F345
F828
FD93
04AC
0BA6
112B
1687
1B14
1D1C
1CA9
1ACB
183D
1537
11B4
0D4E
073E
FF57
F722
F0A6
EC7F
EB0B
ED0D
F226
FA09
0467
0E7E
16AB
1E2E
22C4
1FF3
17DD
0FF5
089E
005B
F8A1
F304
EF23
EC2D
E9B6
E760
E4EC
E31B
E3AC
E6D2
EAC3
EEA4
F2C9
F6E5
F9FA
FB24
F9EE
F6A5
F26F
EE58
EB12
E9D7
EB9F
EFCA
F608
FE6A
069A
0CAB
11B5
14CA
13AF
1026
0D19
0AFA
0986
08F1
0946
0A19
0AAB
0A4F
088D
0544
00D0
FC2E
F876
F657
F60E
F792
FA66
FD6C
FFA2
00A4
0044
FE76
FBE4
F9C2
F8D2
F90A
FA1A
FBB0
FD67
FE94
FE9C
FD73
FBA4
FA11
F9B4
FB69
FFA0
05E7
0C88
11EB
1588
1650
1393
0E63
06FC
FE3B
F706
F315
F29F
F55F
FAE7
0201
0842
0BEC
0CA7
0AC8
06F1
01FC
FD85
FB40
FB56
FD31
00A1
04CC
083E
0A2B
0A44
087D
0562
01D1
FEB3
FCA7
FBA7
FB23
FA6E
F8FF
F71E
F574
F3F1
F25C
F228
F44D
F78B
FBED
0152
052B
060E
03FD
FF75
F995
F302
EC6B
E6F5
E409
E4AC
E804
EC36
F044
F3E3
F6BF
F898
F984
F9F2
FA61
FB23
FC29
FD25
FDA0
FD09
FAE7
F732
F28B
EDB3
E86A
E1C4
DA50
D501
D518
DB50
E50D
EE91
F687
FEBB
07BF
0F22
15D0
1FCB
2767
222D
156B
0BF2
02DF
F85D
F000
E658
DE0B
DFAA
E703
ECC4
F1A6
F6BF
FB10
FDFB
FFAF
00CD
01D0
0311
04AE
0671
07EA
0885
07B5
0529
0105
FC25
F7D5
F50A
F447
F593
F8C0
FD91
028E
0602
0766
06B7
047C
0144
FE0D
FC54
FCAC
FEE6
0278
0677
09B2
0B0E
0A11
06DD
01FC
FC70
F79B
F489
F37F
F441
F65C
F94E
FC86
FF7A
01DB
03C0
0580
076E
099D
0BCC
0D6C
0DB4
0BEC
07E3
021D
FB78
F539
F16C
F0DD
F29A
F721
FED6
0710
0DA5
1199
11F3
0F52
0A4A
02FC
FB6F
F5F8
F36B
F3A1
F60F
F9F3
FE16
010B
0218
0178
FFE8
FE19
FC71
FB91
FC07
FD98
FF76
00D8
0129
003A
FE77
FC9F
FB61
FB3A
FC60
FEC5
0199
0399
03E1
0214
FE61
F9CA
F5FB
F45E
F5CD
FAA6
026E
0B44
1376
1960
196B
1416
0C46
00B8
F48E
EC07
E71C
E7F2
EDA1
F501
FD63
044C
068D
034B
FBB5
12F8
0EE2
0FC6
0EFB
0D5F
0B38
07DC
02B5
FD27
F8CA
F617
F544
F681
F98A
FDC6
0265
067F
094F
0ACA
0B66
0B23
09CA
07B4
055B
02E0
0023
FD27
FA46
F800
F6D7
F75F
FA01
FE65
03BB
0978
0EB9
1216
12BA
1052
0B0C
040E
FCF4
F749
F440
F477
F823
FF00
0724
0DBF
11A6
1289
1056
0BA4
04F3
FDBD
F81C
F531
F53E
F833
FDC9
04AE
0AD0
0EC8
1037
0F48
0C34
07BC
02DC
FD7A
F857
F58E
F515
F60F
F812
FA19
FC3D
FEFE
019B
033C
03D7
03D7
038F
0334
0309
0331
03A8
043B
04A1
0480
0394
01D1
FF80
FD2E
FB7E
FAFA
FBF0
FE67
0200
05EE
094C
0B83
0C56
0BC3
09ED
071E
03C5
0083
FDDA
FC03
FAE8
FA48
F9E9
F9A8
F988
F9B2
FA5D
FBB6
FDB3
FFFC
01FC
031F
02F1
0132
FDFB
F9EE
F60C
F32C
F1C5
F1E0
F2F8
F446
F597
F737
F8C3
F961
F911
F8F0
FA2C
FD54
0241
07FD
0D11
1083
11EC
1124
0E7E
0A8C
0617
027C
0100
0208
0509
08C3
0BD6
0D38
0C63
0979
058A
0221
0093
0200
06DC
0D53
13BB
1DA1
2719
2328
16DE
0D1C
02C8
F836
F16C
EEF4
F0A2
F568
FAA7
FF6F
04C8
0823
07F9
0587
01C2
FEE2
FEA8
0159
06C7
0DA4
13AC
18A1
1B32
18DB
13AC
0D49
0536
FCF5
F608
F0E6
EDD9
EC2B
E8F3
E4A7
E6A5
EF8B
F6E3
FB68
0054
047A
069B
064B
0339
FD74
F5CC
EECC
E8E1
E4AD
E5D4
EB5F
F219
FAD0
0476
0B87
0EC0
0E6A
0B30
05FA
0001
FB22
F8EE
FA03
FE22
042E
0A6F
0F96
12F2
13D7
1233
0EBC
09A7
02DC
FB47
F481
EF43
EB15
E747
E3E1
E1C0
E203
E51A
EA04
EEF8
F313
F6D3
FADF
FF14
02EE
060D
0832
0903
080E
04EA
FF3D
F748
EE9D
E410
CDA5
AADD
9AC3
B1D6
D4F0
EC06
FC66
0BEC
1C15
270B
2494
1B1F
129A
0A3C
0212
FC3B
F9C6
FA8B
FD5F
006C
01E0
0097
FC9D
F78B
F260
ED28
E9BA
E940
EC81
F518
FEEB
04E7
08C0
0B07
0927
0363
FBEE
F4B1
EF60
ED47
EE94
F29E
F94E
01DC
096A
0E77
116A
11E2
1042
0DB2
0A80
070D
0425
0242
0173
015B
0126
0089
006F
00CD
0024
FE18
FB96
F974
F7F0
F6F3
F689
F6D0
F7D4
F954
FABF
FB76
FB00
F937
F66A
F330
F01E
EDA5
EC4F
ECA8
EEB0
F1FB
F626
FA95
FE6E
0127
02BB
0357
0343
02EF
02E4
038D
0504
0750
0A96
0E8B
122A
146D
14D0
134C
105E
0C5B
0741
01D1
FD60
FA8F
F94F
F971
FACE
FD32
0018
029B
03FC
03F3
029E
0043
FD57
FA89
F8E9
F979
FC0F
FFC8
0470
0999
0DDB
1086
11A1
1128
0F96
0D8D
0B6D
09BE
0908
0966
0A79
0B93
0C07
0B69
0995
06A4
02F9
FF53
FC81
FAFE
FAC4
FB60
FC1E
FC4E
FB80
F997
F6FB
F49C
F347
F364
F530
F8D8
FE35
03BA
07E2
0A06
09CE
0798
037A
FE43
FA01
F7DD
F825
FAC0
FF58
04C4
0913
0AFD
09FE
05CE
FE87
F5EF
EE93
E855
E226
DEB2
E18D
E935
F107
F6E9
FB67
FEA2
0013
FFB3
FE32
FC84
FB83
FBC3
FD67
001B
0315
0553
05FD
0496
00FE
FBA2
F5BB
F0AC
ED0F
EB20
EB25
ECD8
EF64
F213
F442
F55E
F54A
F470
F3AC
F3EB
F5E7
FA24
00EB
08CF
0F4C
13BD
158A
139B
0F5D
09C3
0335
FE36
FCAB
FF0D
0512
0C83
1369
2106
3360
30E7
191F
05BE
F9B8
F0C0
EC2C
EA61
EE26
F699
FF0F
06E4
0C67
0E43
0DD3
0BA6
083A
0540
041E
0517
0790
0A57
0C42
0CA8
0B49
0839
03E0
FF28
FB2E
F88D
F723
F651
F548
F35F
F06B
EC9A
E7E7
E2CB
E06F
E3F7
EAE4
F21E
FAF3
0490
0B80
0E91
0DF9
0A42
0411
FD05
F792
F50E
F592
F8B7
FDAE
02E8
068D
079E
060D
0261
FDA4
F957
F6C9
F690
F88F
FC20
0018
0306
03C0
01B0
FCFD
F6E9
F0F1
E9E2
DFD1
D72D
D738
DF00
E733
EC17
EEAE
F058
F152
F1AD
F1D5
F258
F3A7
F5F9
F931
FCCF
0039
034C
05ED
077D
0787
060D
02FF
FEA0
F9ED
F5C3
F276
F015
EE9E
EE07
EE3A
EF17
F082
F25A
F46D
F685
F876
FA16
FB1D
FB3C
FA3E
F839
F5B1
F367
F18C
F009
EFE1
F1D2
F4E3
F8E3
FE38
0361
06BF
0802
0728
041A
FF4C
FA59
F6AA
F4B1
F498
F67C
FA39
FEB4
0252
041D
0391
005B
FAFE
F537
F028
EBC6
E8CB
E82E
E99A
EC27
EF15
F1BF
F3BE
F511
F5E3
F663
F6C6
F756
F87C
FAAA
FDC5
00C6
0323
0564
0753
0837
07C8
0579
020F
FF02
FBD2
F89A
F6BD
F6C9
F983
FF38
0693
0E32
15CC
1E60
27F9
2CEA
2713
1BDD
1396
0D0B
068D
00A3
FADF
F84C
FA83
FDA3
FEE1
FE91
FD8D
FC93
FC72
FDE4
0139
05F1
0B33
107C
14B4
15E8
13A4
0EBE
06D3
FC7E
F2F1
EBB7
E66D
E462
E6A9
EBD9
F20D
F818
FD2D
00CF
02ED
03D3
040F
043C
04DE
063C
083D
0A6C
0C40
0D50
0D5C
0C46
09FD
068A
0254
FE28
FAA7
F808
F67F
F675
F7F1
FA75
FD6E
0065
02E6
0478
04C6
03CE
01E6
FFC6
FE53
FE58
0050
042C
0921
0E04
1260
163D
1885
1797
1384
0DE8
0846
038D
0045
FE8F
FE2F
FE9D
FF2B
FF45
FEB0
FDA8
FCC4
FCBE
FE32
0170
0605
0A83
0E2C
1284
17A5
1963
159B
1006
0C70
0B63
0C54
0E2F
0FD1
10AF
0FF1
0D2A
086C
0186
F9DA
F3F2
F0DE
F0B3
F325
F788
FCBF
0105
02FF
024A
FF33
FA80
F593
F1F5
F078
F115
F354
F690
F9EC
FC53
FD35
FCD8
FBF5
FB82
FCB3
FFE2
044C
0965
0DA7
0EAB
0C9D
08AA
0241
FA4F
F3CC
F042
EFF8
F2B8
F81B
FF91
0677
0A73
0BDE
0AFA
08A2
0644
0450
03B4
04F2
0834
0CA9
0FCB
1116
111E
0F72
0C37
086D
050A
02C4
01F9
0258
0317
0348
0247
FFC8
FBFC
F7EC
F4ED
F3DD
F4FF
F806
FC1D
0031
0347
045C
02A0
FE75
F94B
F4C8
F28D
F399
F7E7
0060
0CFE
1749
1924
15A7
1206
0E72
094C
02B3
FC67
F83B
F6CD
F79A
F9D3
FCA0
FF48
016E
02F7
03F0
048A
050A
059C
063B
0694
0632
04C0
0228
FE7B
F9E6
F4D7
F044
ECEB
EAC4
EA18
EB65
EE10
F1D0
F731
FDB1
0432
0A23
0F1C
1291
140E
1346
105E
0BD0
056C
FDEC
F793
F375
F1D4
F29E
F5BD
FB19
00F0
0596
07E8
079C
04C0
FECB
F7D9
F140
EB49
E8F5
EA42
ED58
F24C
F869
FE22
0224
0478
050A
032C
0000
FCA8
FA79
FAB2
FCAC
00E7
0783
0E6D
15D3
1F84
2ADF
349A
380C
31ED
253D
198A
1272
0E43
0B91
0ACE
0C74
102D
151C
1C31
2849
3472
3389
25E2
18EA
0FB6
0676
FDDF
F76E
F3B7
F308
F57E
FA1B
FEF5
02F4
054A
0566
0318
FFD2
FD80
FC34
FC0F
FDD0
01D2
0717
0B6B
0D63
0C9E
0901
029A
FABA
F3FE
EFF2
EEE9
F0E0
F563
FC12
032D
0830
0A52
0976
0633
0169
FC0B
F845
F739
F8D3
FCC2
029B
08EE
0DB6
11C9
1466
13EA
12C5
11F4
10D3
1018
0FC6
0EFB
0D5F
0B38
07DC
02B5
FD27
F8CA
F617
F544
F681
F98A
FDC6
0265
067F
094F
0ACA
0B66
0B23
09CA
07B4
055B
02E0
0023
FD27
FA46
F800
F6D7
F75F
FA01
FE65
03BB
0978
0EB9
1216
12BA
1052
0B0C
040E
FCF4
F749
F440
F477
F823
FF00
0724
0DBF
11A6
1289
1056
0BA4
04F3
FDBD
F81C
F531
F53E
F833
FDC9
04AE
0AD0
0EC8
1037
0F48
0C34
07BC
02DC
FD7A
F857
F58E
F515
F60F
F812
FA19
FC3D
FEFE
019B
033C
03D7
03D7
038F
0334
0309
0331
03A8
043B
04A1
0480
0394
01D1
FF80
FD2E
FB7E
FAFA
FBF0
FE67
0200
05EE
094C
0B83
0C56
0BC3
09ED
071E
03C5
0083
FDDA
FC03
FAE8
FA48
F9E9
F9A8
F988
F9B2
FA5D
FBB6
FDB3
FFFC
01FC
031F
02F1
0132
FDFB
F9EE
F60C
F32C
F1C5
13B5
09DA
07F8
02BB
FBA3
F4E3
EDA3
E347
D920
D716
DEBB
E8AB
EFC2
F69F
FF26
06EB
0D4D
120E
1229
0E25
093A
02B5
FAC0
F44C
F017
EE63
EF57
F201
F648
FB45
FF34
011A
00A3
FE6A
FB71
F8EE
F862
FAC2
0047
081A
100E
1773
1FDE
2624
2472
1CF2
15BB
1083
0CCB
0ACB
0AC0
0C40
0E5D
0F9D
0EC7
0C2D
0772
00A5
FA51
F3C8
EF04
F212
F96D
FF66
0440
072D
06DB
035D
FD5F
F6D3
F23C
ECC9
E384
DF98
E93C
F955
05A3
0BAC
0D3B
0BDD
0840
0325
FE29
FABB
F8F1
F896
FA0C
FD0F
0046
02B5
0477
060C
07C9
09D9
0C3A
0EA3
1078
10F4
0F83
0BC6
0596
FDF7
F6F3
F1E3
EFBE
F0DA
F479
FA5F
018F
0775
0A4A
0993
0569
FEA8
F722
F078
EBA1
E97A
EA16
EC82
EF85
F1FB
F315
F281
F07A
ED3B
E937
E676
E6E1
EA3C
EFC6
F753
00AC
0A8D
127D
18B6
1F24
20FE
1B16
144B
0F2D
09A1
071C
0721
0448
0202
0428
06BC
0761
0540
025E
024D
02C6
0020
FAC1
F581
F19D
EEE1
ED83
EDC7
EF3F
F1D0
F5FE
FA8A
FE80
0242
0539
06C8
06D0
0536
01FA
FDC2
F94F
F535
F1FE
F026
F029
F20E
F551
F94B
FD73
0101
0306
0316
0151
FE2A
FA83
F765
F51E
F374
F244
F163
F0AF
F049
F02F
F06B
F153
F33B
F6CE
FC94
03D4
0AE9
1081
13F9
14D3
12CA
0E87
090E
02FA
FD87
FA6E
FA71
FD26
018F
0646
09BB
0ACC
0917
04C1
FE7B
F7F6
F34B
F15E
F21C
F544
FA04
FF68
04A1
0884
09EA
0884
04F0
0029
FB27
F6CF
F3DB
F2A4
F2E6
F403
F564
F6AE
F7DC
F922
FACC
FCFB
FFC4
0339
0741
0B70
0F0D
11A2
1320
134F
1208
0FAD
0CAF
091A
04F8
0099
FC6E
F8C0
F5A5
F317
F10A
EF84
EE9F
EE84
EF5B
F134
F3F1
F745
FAEC
FEC4
0283
0584
0757
0835
08A8
0933
0A2C
0BA1
0D6A
0F5C
113F
1289
12B3
118A
0F1F
0B9E
0765
0327
FFE9
FE61
FE9F
002E
023C
03B7
03BF
021F
FF35
FBBA
F898
F732
F912
FE7A
06A7
1347
29EF
4827
571D
456A
264D
1223
05C8
FA73
F2BF
F01E
F1F8
F721
FE2D
0782
1205
16FC
14C0
1096
0B55
04E6
FFF0
FE3B
0069
062D
0D4C
137C
188F
1A85
176B
1153
0983
0062
F83B
F302
F145
F2D7
F73C
FDAC
04B8
0AA5
0EA7
10F3
120E
128F
1301
13C9
150D
1693
17D1
183D
176D
151D
1170
0D68
09F0
06EF
0477
0316
02CC
034C
042F
04D9
04CD
03BD
019A
FE9D
FB25
F7A0
F476
F1E1
EFE8
EEA2
EE41
EEF6
F0D5
F3FC
F88C
FE43
0423
08DD
0BAD
0C5C
0B07
07F4
03C6
FF8E
FC75
FB3C
FC21
FEE9
02D0
0695
0912
09B1
085F
057D
01DA
FE87
FC73
FC27
FDAE
0093
03D4
062F
06B2
04F2
011A
FC20
F7A9
F511
F4D7
F6F6
FB22
00BB
05D2
06F3
037D
FE8A
F950
F468
F1D9
F2AB
F717
FF07
0920
118D
1812
1BA2
16C3
0D25
0242
F620
ECEC
E6D0
E616
EB74
F2A7
FC10
05C0
0C22
0EF9
0E76
0BFB
08B9
0565
0375
0333
0427
064A
0859
08A0
06B3
0232
FC48
F7BA
F52B
F4C9
F6E3
FAD7
008E
068A
0A74
0BD5
0B3E
094B
0685
038E
0153
0045
0011
FFFB
FF6A
FDE8
FB7D
F925
F799
F734
F904
FD5B
0334
0971
0EBF
11EE
1277
1079
0CC4
086C
049C
027D
02BB
04D1
0747
09A5
0B8B
0B0F
0846
04B8
0032
FBEE
FA34
FB85
FF3A
0458
09A5
0DDB
1003
0FBD
0D68
09FB
0697
03E5
01F2
0100
0164
0260
0292
0170
FF3F
FCA1
FA68
F90C
F924
FB58
FF6C
0428
083F
0ADA
0B9C
0A89
07EE
045F
00BB
FDC5
FBB8
FA60
F965
F876
F78B
F6B9
F612
F5D7
F65D
F7C1
FA1E
FD37
0016
01C3
01B9
FFF0
FCD9
F96A
F6B1
F55F
F5A1
F728
F93E
FAF2
FB77
FA70
F81E
F55E
F345
F2B1
F44A
F853
FE54
0476
07F0
082F
070D
03E4
FE1D
F860
F2F8
EEA3
EE6C
F12E
F3A6
F480
F364
F045
EB0F
E24A
D624
CFFC
D817
E53B
EDBE
F403
F8DC
FA54
F7CD
F206
EAC2
E347
DE33
E18E
EC2B
F77F
0393
0DA8
1251
1185
0AE3
0031
F404
E7F2
E0FA
E462
ED05
F7F7
04B4
0EC4
14BF
147E
0F45
0629
FA46
F0ED
EB7B
EA53
ED5D
F2CA
F960
FF47
02BD
0363
01DC
FF74
FDBF
FE12
0101
0611
0B76
0F6E
1184
10E9
0CC9
067D
FFB5
F96B
F590
F572
F7C2
FB64
00FC
0782
0C21
0DE6
0D3A
09F6
0447
FD68
F6E9
F1F8
EEF0
EDB5
EE22
EFCE
F245
F556
F848
FA18
FA13
F7AF
F30A
ECD5
E566
DCCF
D5E5
D6C0
DFCF
E9FD
F269
FAF1
0282
06E1
0797
0512
0038
FA98
F672
F5A9
F7A6
FB42
00E7
0710
0B0C
0C19
09E6
04B5
FD20
F4D5
EE77
EA01
E760
E8AE
EDA8
F383
F870
FBE3
FD79
FCF9
FAAB
F760
F41F
F1B2
F07F
F0C3
F293
F5D8
FA86
0075
06E0
0C84
108F
12E5
1357
1198
0DE4
090A
040F
0017
FE31
FF2D
0360
09DA
1074
1699
1CBB
1FFC
1D5E
1733
10FE
0B34
05DA
0242
0184
0367
0701
0B49
0F29
1181
1208
141D
1C88
2657
2543
1869
0B51
0505
0348
0242
0090
FE38
FB9A
F92D
F76F
F6AC
F6F1
F823
FA0D
FC37
FDD6
FE62
FE2E
FE02
FDFD
FD58
FB6F
F86E
F4FD
F1B3
EEB7
EC08
EA25
E9FF
EBE7
EF45
F3CA
F974
FF4A
03A6
058B
04D3
01D9
FD6B
F8D7
F57A
F41D
F4EA
F783
FB29
FEEC
01F4
03D9
04BB
04AB
03D8
0318
0320
044E
06AB
09D4
0D2D
0FF2
11BF
12A5
129E
11CE
104F
0DE6
0A83
064F
0178
FC22
F6C3
F273
F029
F039
F29F
F74B
FE1E
059B
0B5E
0E65
0EAC
0C6F
0814
024E
FCD6
F96B
F8C1
FAC7
FECD
036F
0741
0989
0A25
0958
07B8
0642
0603
0774
0A3B
0D60
0F96
0FB8
0D10
06D6
FD47
F358
E979
DE35
D938
E003
E9D2
F1C8
FAA9
02D8
0807
09CE
07E2
034E
FD99
F822
F42C
F27A
F334
F616
FACC
00C4
06DE
0BC7
0ED6
101A
0FD7
0E55
0BEF
08E2
054F
01A2
FE7E
FC44
FAF0
FA31
F97F
F836
F5D2
F24F
EE53
E94C
DF51
D0E4
CB6B
D70E
E6F4
F0CA
F957
02C6
0A30
0EA7
103F
0F12
0B9A
06CF
0179
FC1B
F6F0
F2B8
EF5E
E9D5
E34C
E2B2
E85D
EE63
F456
FD88
08B0
122B
1A5C
20B8
1FA7
171E
0CFC
02E8
F99E
F39A
F24B
F5DC
FE3B
08BD
1165
1818
18F6
1270
093B
FD61
F209
E9D8
E54A
E828
EF9D
F976
050E
1178
233A
300B
2870
17EC
0E34
0857
0293
FE5E
FBCC
FA9C
F9E2
F8AA
F791
F725
F754
F81C
F989
FB9D
FEC4
0332
07A9
0A8E
0B8A
0AF8
0928
066E
0358
00B6
FF6B
FFE2
01AA
0425
074A
0B0E
0EDE
1275
163A
1A45
1DAD
1EEA
1CED
184D
12B5
0CBB
05BD
FE43
F823
F489
F396
F4FF
F855
FCFB
01CA
0559
06C4
05DD
02E4
FE51
F8FC
F43A
F114
EF8E
EFC5
F1E2
F51B
F977
FF32
04A7
09D0
0FBC
1300
1097
0BEF
07F8
02BB
FBA3
F4E3
EDA3
E347
D920
D716
DEBB
E8AB
EFC2
F69F
FF26
06EB
0D4D
120E
1229
0E25
093A
02B5
FAC0
F44C
F017
EE63
EF57
F201
F648
FB45
FF34
011A
00A3
FE6A
FB71
F8EE
F862
FAC2
0047
081A
100E
1773
1FDE
2624
2472
1CF2
15BB
1083
0CCB
0ACB
0AC0
0C40
0E5D
0F9D
0EC7
0C2D
0772
00A5
FA51
F3C8
EF04
F212
F96D
FF66
0440
072D
06DB
035D
FD5F
F6D3
F23C
ECC9
E384
DF98
E93C
F955
05A3
0BAC
0D3B
0BDD
0840
0325
FE29
FABB
F8F1
F896
FA0C
FD0F
0046
02B5
0477
060C
07C9
09D9
0C3A
0EA3
1078
10F4
0F83
0BC6
0596
FDF7
F6F3
F1E3
EFBE
F0DA
F479
FA5F
018F
0775
0A4A
0993
0569
FEA8
F722
F078
EBA1
E97A
EA16
EC82
EF85
F1FB
F315
F281
F07A
ED3B
E937
E676
FC63
F87A
F68D
F2BE
EE72
EA13
E6A7
E646
E9EB
F04D
F7FD
FFF9
067A
09C5
0939
054A
FF89
FA57
F7A1
F86E
FD27
0509
0D12
12C1
154E
137E
0E09
0522
F9DA
F0C2
EB4C
E9BF
EC80
F1D9
F8B3
0003
05E4
08F4
090C
0721
048F
0270
0130
00D1
0117
0146
00EC
FFB1
FD9A
FB61
F9D7
FA0B
FC44
0000
048E
08F5
0C19
0D3E
0C71
0A46
078D
0574
052C
0721
0B70
11BD
18F0
1FE2
250E
25E5
2135
19B1
1312
0E88
0B8A
0988
0804
0652
03B7
FFAF
FA69
F4FE
F0AA
EDE8
ED48
EF94
F444
FA46
00DC
0695
0A0F
0AC7
08DF
04AF
FEF3
F8F4
F402
F0B2
EE96
EC88
E9AC
E66D
E454
E48D
E69F
E953
EC66
F063
F5DD
FD2A
057B
0CC7
1243
16D3
19B3
1939
162A
121A
0D02
0663
FEB8
F724
F09F
EB5C
E6EE
E358
E172
E1DB
E40E
E6FD
EA16
ED5E
F113
F54C
F9E5
FE75
024C
048E
0464
0129
FAF0
F372
ECBE
E6D8
E3E4
E7A0
EF52
FA41
089A
14D6
24EC
324B
28C8
1724
0A00
FA81
EE25
E537
E186
E729
EF51
F8A0
02DB
09CF
0C3B
0AB8
0642
0006
F9EE
F5DC
F447
F456
F4AC
F3F4
F167
ED09
E76D
E1C1
DFAD
E4BC
ED82
F7AA
043B
0E93
14FE
15FD
1024
064E
F9F0
EB63
DC2E
DB94
E914
F409
0012
0BF5
13B3
1810
159E
0FF8
0A3A
048E
0133
0186
0506
09C2
0D2C
0DB3
0AAB
0425
FAF0
F22B
EC83
E86B
E7DA
EECE
FAD3
06AF
0EFD
125E
1148
0C8C
04BF
FC16
F55A
F1FA
F230
F541
F9B3
FE14
0146
027E
0190
FF05
FC33
FA2E
F915
F8B7
F8CE
F8D6
F844
F6C2
F44D
F150
EE8C
ECC5
EC62
ED6D
EFB4
F281
F4CF
F615
F64D
F5C6
F51C
F4E4
F58A
F749
FA1A
FD92
00BB
0292
028F
00B7
FD93
FA1E
F765
F628
F6C1
F946
FD8E
02CD
075B
09F6
0A73
0902
05E3
0108
FAC5
F540
F140
EBB8
E4DB
E327
E8CE
EFAD
F493
FA82
01E5
0875
0DDD
11FB
1419
1414
121E
0EBF
0ACB
0738
0474
02A2
020A
0271
0360
0452
04AB
03E1
01F8
FFF9
FE26
FBD3
F98E
F826
F7A9
F845
F9FF
FC80
FF7E
02BC
05C8
080A
093E
0956
0845
061F
0335
000A
FD62
FBF2
FC11
FDB2
006F
0384
05D2
0654
04C7
01A6
FDDA
FA69
F834
F815
FAD7
0024
0646
0BA1
0F1B
1017
0E71
0AA8
061B
027F
012F
02B7
06A9
0BCB
1073
1342
12FA
0F84
09CB
0263
FB4B
F707
F6B1
FA60
014F
08FD
0EBD
11B5
115F
0E12
095F
0560
040A
065E
0C7B
164B
263F
4508
6C7E
7485
4EAC
244C
0E11
014F
F7F6
F3BD
F49F
F91C
FF24
0482
0773
0728
0388
FD12
F5EF
F081
ED79
ECF9
EEA6
F192
F4F3
F809
FA2E
FB44
FBCB
FC9F
FE87
01E7
0677
0B4E
0F7E
1292
1452
14B3
141A
133E
12B3
12B5
1382
1589
1758
1527
0EFD
08C7
017E
F8D3
F2B1
ED37
E88A
E9AB
EE48
F1FA
F509
F7F6
FA2C
FBAF
FD36
FF70
029A
06A3
0AB4
0E0F
0FEE
0EE5
0AD0
04BC
FE3F
F8CC
F56A
F57F
F9F1
01D5
0AB5
12C6
1999
1D02
1AF7
15D5
106B
0B9A
0841
0704
07D7
0A09
0C19
0CAF
0B92
094C
06B9
04E5
050B
07CB
0C8C
11E5
16A7
19B0
1830
11DA
0A02
005A
F797
F43A
F646
006B
1056
1FE5
2C3D
2F9B
24DA
1629
091C
F7FB
E9F9
D870
CB6F
D840
E99D
F6B0
0521
0F84
16F7
1816
13FF
0EEE
0920
050E
0412
05D9
0A11
0E69
1036
0F46
0B11
04A3
FE02
F7EA
F3F7
F3C5
F7BD
FF4A
0823
0F50
13AB
147D
11C9
0CD3
060B
FEDA
F9B8
F7E3
F965
FDCA
03EA
09B8
0E3D
12F9
1884
1B9F
196E
1487
117C
1133
11D6
1229
11DB
10AC
0E81
0B84
07C5
037E
FF61
FC34
FA59
F9C4
FA4B
FBB1
FD93
FFA6
01B9
037C
049D
04ED
045F
02FC
00FB
FEC2
FCBF
FB52
FAC5
FB46
FCDF
FF54
021B
047D
05DD
05E7
0494
0221
FEFB
FBBC
F906
F758
F6E7
F7A8
F957
FB8A
FDBF
FF80
0086
00CC
007F
FFEB
FF61
FF1A
FF2A
FF81
FFF1
0041
003C
FFAC
FE7F
FCCD
FA9C
F7E9
F4E1
F1F5
EFDA
EED8
EEDE
F0A2
F410
F849
FDF3
0452
0961
0D51
0F3D
0E13
0BD7
0925
0572
0217
001B
FFBD
00EB
02B9
041C
0441
0275
FEAB
F9CC
F529
F1C0
F026
F0B2
F338
F731
FBD7
FFE6
0237
0254
0077
FD8E
FB11
FA3A
FB9B
FF29
0428
08ED
0BA7
0B55
07A0
00BA
F808
EFFC
E9A4
E625
E7F2
ED5F
F437
FC9C
041A
0828
0851
0504
FF4B
F8C3
F3DF
F23F
F3FB
F86D
FE7E
04EA
0A65
0D72
0D8E
0B6C
076E
0254
FDD0
FB16
FA46
FAE7
FC33
FD3B
FD43
FC0E
F9FC
F7DF
F6BF
F764
FA19
FEAB
047A
0A5F
0EF2
1159
116D
0F54
0B8F
06A2
00BD
FA99
F573
F1DA
EF8D
EE4A
EE02
EEBF
F079
F312
F665
FA5A
FE75
01C2
038F
03AB
0233
FF97
FCCA
FAC3
FA03
FABD
FCEB
FFB1
01E4
02E6
0130
FC96
F671
EFCC
E9E8
E484
E27F
E615
EBE7
F2AB
FA49
015C
0699
09EA
0B6E
0A98
081C
052F
025D
FF87
FCE2
FAFD
F9EB
F8EC
F77F
F698
F6B5
F7D3
F9F3
FC47
FD98
FCE2
F9B4
F4A4
EEC1
E7F6
E08F
DD14
E1D1
EAF4
F482
002C
0B6E
12D6
1657
14D7
0FB1
083E
FFD7
F96F
F648
F7F3
FE1C
0671
0F38
17B1
1D84
1C83
1685
1070
0AC4
0582
0298
0326
0712
0CF7
11DD
13E9
13F6
1236
0E0F
0861
02A0
FE6B
FC5C
FBA4
FBDE
FCAF
FD1B
FC41
F9E5
F698
F366
F14D
F11D
F36B
F861
FF30
0655
0C4E
0F59
0EEE
0BD2
057E
FC8C
F447
EEBC
EC75
EDDD
F26C
F9EA
03A6
0C5B
11E5
1499
1430
10DA
0C4B
07AB
03A3
0144
014E
0393
0717
0A86
0CC0
0D2C
0BA2
083B
0340
FDAE
F92E
F6AD
F5EA
F6A0
F885
FABF
FCF7
FFCE
0398
07C8
0BAB
0F4A
1343
17A5
1B0F
1B8C
18A6
13F3
0EB8
08B6
026A
FDA2
FBAD
FCDE
00E7
0687
0BAB
0EFE
0FEF
0E50
0A4D
03FC
FD62
F7AA
F334
F3A3
F831
FC7F
0058
0310
02FA
0035
FB29
F4BC
EE6D
E96E
E66A
E688
EA7E
F073
F632
FB36
FF18
00F9
0094
FE76
FB8B
F8B1
F68B
F56C
F545
F5B6
F62C
F628
F574
F450
F33F
F2AC
F2E2
F433
F6B0
FA30
FEAD
037B
0712
085B
070E
0302
FC69
F4FE
EE9F
E871
E324
E2D0
E753
ED24
F3BC
FB1E
01AC
05FA
0747
0536
0042
FA27
F471
EFD3
ECF1
EC26
ED21
EF2A
F15B
F2E0
F357
F2F8
F272
F299
F438
F811
FEAA
0715
0EF7
15B4
1BF4
1F2B
1CC3
172C
11AC
0CAF
083C
0547
044A
04CF
0607
071C
0743
0614
0385
FFF0
FC6F
FA41
F9DB
FADB
FC81
FDD8
FDCB
FBB6
F7ED
F352
EEF1
EBF0
EB71
EDCA
F247
F890
FFF6
069F
0B3C
0D92
0DED
0CD5
0AFD
093F
0814
075C
0672
0472
00A4
FB05
F4C6
EF11
E8B0
E2BE
E471
ED60
F55E
FD47
058F
0AEA
0E94
0E70
0A06
0584
0187
FE06
FBFB
FB2B
FA9A
F940
F68D
F2BE
EE72
EA13
E6A7
E646
E9EB
F04D
F7FD
FFF9
067A
09C5
0939
054A
FF89
FA57
F7A1
F86E
FD27
0509
0D12
12C1
154E
137E
0E09
0522
F9DA
F0C2
EB4C
E9BF
EC80
F1D9
F8B3
0003
05E4
08F4
090C
0721
048F
0270
0130
00D1
0117
0146
00EC
FFB1
FD9A
FB61
F9D7
FA0B
FC44
0000
048E
08F5
0C19
0D3E
0C71
0A46
078D
0574
052C
0721
0B70
11BD
18F0
1FE2
250E
25E5
2135
19B1
1312
0E88
0B8A
0988
0804
0652
03B7
FFAF
FA69
F4FE
F0AA
EDE8
ED48
EF94
F444
FA46
00DC
0695
0A0F
0AC7
08DF
04AF
FEF3
F8F4
F402
F0B2
EE96
EC88
E9AC
E66D
E454
E48D
E69F
E953
EC66
F063
F5DD
FD2A
057B
0CC7
1243
16D3
19B3
1939
162A
121A
0D02
0663
FEB8
F724
F09F
EB5C
E6EE
E358
E172
E1DB
FBBB
FF5F
02FA
04DF
0551
0482
0314
01B3
00C7
0058
001E
FF99
FE4C
FBE2
F864
F46D
F0FD
EE83
ED12
ED81
F000
F375
F7A5
FC88
00B6
0301
036D
0292
0115
FF9E
FEDF
FF63
0146
040C
06D7
08C5
0945
0817
0546
0136
FCB4
F8C8
F623
F505
F556
F690
F7E4
F89E
F852
F6DD
F47D
F1A4
EED2
ECD2
EC83
EE47
F236
F828
FF73
06C7
0CD6
1105
1329
1331
1175
0E9E
0B58
0849
05EC
044F
033A
023B
00E2
FEF3
FBF4
F7BE
F2E2
EE7B
EB46
E90E
EA05
EFA9
F73E
FFD9
08EA
1022
1537
175C
147D
0D59
04F3
FC7F
F41D
EE66
EBF8
EAB5
EEC4
F914
0001
01DF
0471
074A
0877
08BF
096A
0B2F
0DF9
1107
13D4
15FC
15C3
12CE
0E82
08C2
01C4
FBA1
F82A
F80E
FB3C
00B0
06B4
0BE6
0ECD
0E46
0B2E
05F3
FEA9
F7CB
F39D
F299
F4D8
FA08
01A4
0A11
1120
1686
1A41
1ABE
17D2
1384
0EE3
098F
03D6
FEA7
FA77
F76B
F5B8
F572
F66E
F87A
FB4D
FE61
010F
02DC
039A
033A
01C1
FF25
FB7F
F784
F42F
F200
F0F9
F0EB
F19D
F2DC
F485
F698
F920
FBFD
FEDC
0152
02F5
0347
01DD
FECF
FAD3
F6DF
F3EB
F2D2
F436
F882
FFA9
07E5
0E66
11ED
1220
0E6A
07A3
FF2D
F6AC
F04D
EDB2
EF30
F3CE
FB09
0312
0892
09E4
06BD
FF43
F5B0
EDB5
E7BA
E583
E963
F03F
F96E
045B
0CFE
11EA
1328
1108
0C8B
06E6
0199
FDBD
FB9B
FAE6
FAF7
FB0E
FAB1
F9D8
F8D5
F812
F80F
F93D
FBF8
0026
0430
0669
069F
0523
0276
FEF1
FB04
F7BD
F5EF
F5AC
F67B
F79D
F867
F887
F81F
F7F5
F933
FC7F
01A9
07E9
0E04
127B
13D6
116B
0B82
01A6
F622
ED94
E7ED
E708
EC78
F487
FE28
0757
0CF3
0DE1
0A3E
0352
FB35
F4A5
F17A
F296
F845
0091
07EF
0F50
139C
1099
0B18
049E
FD3B
F83B
F6B8
F81B
FB71
FF32
0149
003E
FBE5
F5AE
F01D
ECB8
ECC0
F0BC
F8AD
048A
0F50
17FA
1E93
1D00
15F9
0E60
05EE
FE8E
FA61
F9C5
FC52
00D9
0536
0788
06F4
0368
FDF6
F89C
F48B
F246
F232
F3E6
F6F1
FAC2
FE3E
00AE
020F
02D4
03A5
0511
071A
093A
0AE7
0B5C
0972
04D7
FE9B
F850
F338
F0A7
F152
F497
FA0F
011D
078D
0B84
0CA1
0B3D
0810
042F
0107
FFC1
00CA
03DC
0813
0C43
0F89
119A
12D6
1442
16E0
1A3C
1BBB
18FF
1358
0E07
086D
FFF1
F6EB
EFE7
EB27
EC74
F31B
FD24
0AEE
1748
2BB6
42E9
3B13
2103
110A
03DE
F7A0
F0FC
EFBD
F321
F9C9
01FE
07E8
0924
0545
FCFF
F345
EA0A
E095
DE6F
E70B
F1CE
FD32
089C
131A
1B2A
19C5
1027
04BE
F9FF
F075
EADB
EC33
F170
F761
FE97
05C8
0A9A
0CDE
0D8D
0D9B
0DD9
0EC2
1045
11F7
1354
13B2
1280
0FDF
0C1E
076E
029E
FEFC
FD64
FDD8
FFA9
01D8
0354
0383
021D
FEAC
FA1C
F603
F2D9
F1B1
F354
F6EE
FCC8
04B2
0C0C
1174
14FF
158E
12CA
0E10
0797
FF3F
F71A
F145
EE02
ED45
EF01
F271
F757
FD54
0293
07BC
0D43
0CC5
05C0
0065
FCB9
FA50
F792
EE66
EB97
F76F
0295
07C0
0AA1
0AB9
089B
050B
0080
FB8B
F7BF
F5BA
F55B
F67C
F89C
FBE6
FF66
01E7
02EE
0247
FFB5
FBE9
F7B4
F374
F061
EE6C
EDE2
EF4C
F218
F640
FA76
FDCA
014D
0535
08B1
0B64
0D5E
0EB6
0FD7
110E
111E
0F5D
0D93
0C0A
0989
0680
03BB
019A
0041
FF28
FD9F
FB4F
F83B
F4B8
F140
EE3F
EC67
EC9C
EECF
F24A
F6D4
FBD5
FFAD
00E6
FF00
FA9A
F541
F084
EDFD
EEE1
F353
FC1F
078C
128C
1ECC
265D
20A6
15E5
0BF6
FF51
F3A1
EC2D
E8CB
EA3D
EEB0
F3FC
F8E2
FB77
FA41
F578
EF12
E807
DF27
D859
DB09
E46D
ECAE
F2FF
F880
FBC9
FBF1
F98C
F5CC
F21B
F03B
F0FC
F3C1
F7F3
FB9F
FCDB
FC78
FA35
F6D6
F216
E6F5
DD2E
E236
EF08
F7F5
FE1B
03F3
0886
0B53
0CCB
0DA4
0E8E
1007
1227
148E
165B
1654
13A6
0E8C
073F
FE3F
F609
F092
EE52
EFEF
F53D
FD6F
088F
15A6
1CE5
17B6
0E28
0798
00A6
F8F8
F332
EF6C
EDBA
EDF3
EF57
F178
F3FC
F67D
F8B0
FA64
FB70
FBAE
FB04
F976
F753
F527
F35C
F223
F1CC
F2AF
F543
F9BB
FEAA
0283
0551
06EE
06D6
0518
020A
FE7E
FBA1
FA2D
FA31
FB35
FC6F
FCF8
FC24
F9CE
F689
F34F
F116
F0B9
F2FF
F855
FFFF
0834
10BC
19AF
1FF3
20B4
1D44
1860
1397
0FB5
0D66
0CFF
0E54
10D3
13F9
1783
1A87
1AC0
1621
0D85
042F
FC56
F63C
F21F
F0AC
F21A
F62D
FC54
037D
0A24
0F4E
127E
12A0
0F36
094C
022C
FB15
F58A
F2AE
F2C6
F680
FDD0
0686
1280
212A
24DA
199A
0D88
0594
FE0E
F863
F68C
F88C
FDD0
04EE
0B4D
0ED1
0E99
0A58
01D4
F70A
EE00
E618
E2B3
E856
F098
FB5F
0892
1436
26B6
3790
3255
209E
1473
0E42
0A64
08D0
09E1
0CC2
10A2
1B57
3B44
6E55
7FFF
7D48
4A87
1FAE
0C7B
06BC
037A
FFDE
FBDA
F684
EF14
E6A6
E0BC
E118
E724
EDF9
F393
FA49
01CE
0758
0A4B
0A41
06D2
0134
FA75
F3C8
EEBA
EBC0
EB00
EC88
EF7C
F334
F79D
FC63
00DE
0499
076D
095F
0A7C
0AC5
0A1D
0849
0540
0170
FD85
F9DB
F6BC
F490
F397
F415
F5F3
F861
FA8D
FBFF
FC76
FC17
FB72
FB18
FB6B
FC98
FEB9
01CA
053F
0811
099D
09F9
097D
088F
07AD
0752
07BC
08E2
0A76
0BE7
0C7D
0B9B
08F8
04C9
FFD5
FB3E
F807
F6E6
F845
FC41
0231
0863
0D29
0FA8
0F7F
0C9E
077E
0119
FA90
F4DE
F0C4
EEA6
EE88
EFF2
F214
F469
F67F
F7D3
F885
F94B
FA7E
FBF4
FD69
FE7F
FEDC
FE3D
FC66
F952
F5A4
F248
EFD0
EEA6
EF32
F17C
F560
FACA
0101
068B
0A3B
0BAC
0AD0
079E
0231
FB83
F539
EFA6
E9E7
E4F4
E39E
E67B
EB28
EFDC
F4EF
FAD2
00B2
0541
07D3
0870
0770
053D
022A
FEA6
FB79
F91C
F734
F583
F438
F331
F216
F118
F0B7
F14F
F2FD
F5C1
F975
FD88
00FA
02F1
0304
0133
FDEF
FA32
F73D
F613
F74A
FB42
01E9
09DD
110E
179E
1F05
25A5
280B
25DC
21CF
1E50
1C4F
1BF7
1D36
202B
2591
2EEC
3C83
4A0B
4FBD
4A07
3D45
307A
26EA
2027
1ADF
1671
12CF
0FE6
0DA8
0C38
0BBC
0BFF
0C6A
0C43
0AEF
080C
0398
FDFF
F831
F38D
F151
F229
F60C
FCBD
04D1
0BAC
1026
117D
0F44
0ABA
04A4
FE71
FAD3
FB69
0086
08EF
11B9
1B0E
256D
2727
1D10
1226
071A
F994
EF1D
E7DC
E3C4
E575
EA91
F025
F562
F961
FB76
FB46
F906
F62B
F42D
F36D
F432
F6B2
FA09
FCE6
FEA9
FF1A
FE56
FCE5
FBAA
FB75
FCAD
FF52
02BA
05BE
0790
07F0
06B1
040F
007F
FBDB
F64F
F11A
ED0F
E9A6
E611
E270
DFA7
DE88
DF55
E1CB
E57F
EA26
EF87
F548
FADF
FF9A
02FA
04DF
0551
0482
0314
01B3
00C7
0058
001E
FF99
FE4C
FBE2
F864
F46D
F0FD
EE83
ED12
ED81
F000
F375
F7A5
FC88
00B6
0301
036D
0292
0115
FF9E
FEDF
FF63
0146
040C
06D7
08C5
0945
0817
0546
0136
FCB4
F8C8
F623
F505
F556
F690
F7E4
F89E
F852
F6DD
F47D
F1A4
EED2
ECD2
EC83
EE47
F236
F828
FF73
06C7
0CD6
1105
1329
1331
1175
0E9E
0B58
0849
05EC
044F
033A
023B
00E2
FEF3
FBF4
F7BE
F2E2
EE7B
EB46
E90E
EA05
EFA9
F73E
FFD9
08EA
1022
1537
175C
147D
0D59
04F3
FC7F
F41D
EE66
EBF8
EAB5
EEC4
F914
0001
01DF
0471
074A
0877
08BF
096A
0B2F
0DF9
1107
13D4
15FC
15C3
12CE
0E82
08C2
01C4
FBA1
F82A
F80E
FB3C
00B0
06B4
0BE6
0ECD
0E46
0B2E
05F3
FEA9
F7CB
F365
F48A
F534
F457
F24B
EFAA
ED38
EB96
EB76
ED55
F101
F601
FBF4
020F
0744
0B05
0D42
0E18
0DB9
0C6D
0A69
07AF
043E
0098
FDAE
FC2C
FC2A
FD86
004A
04A3
09A5
0D57
0EE1
0E4C
0BA6
0738
011E
FAD5
F6B1
F587
F749
FBF2
0304
0A07
0EE3
116D
1110
0E06
08CB
0152
F997
F3DA
F097
EFAD
F0D5
F395
F742
FB36
FF01
0272
0563
07B8
0959
0A22
09E6
088F
0628
02E0
FEFE
FB2E
F89C
F807
F95E
FC40
0041
0479
075A
081F
0726
052D
0303
0128
0077
01C0
04A3
080D
0ACE
0BBD
0A05
04F7
FCC3
F41A
EDAF
E9B6
E9DB
EF97
F897
02F9
0D0D
145A
168C
1368
0CBE
02D6
F8BA
F173
EEE9
F2E4
FB47
06CC
122D
1E00
289E
24CC
17D4
0C7E
FE0E
F095
E5EC
DA0C
D624
DDF9
E7BE
EE7D
F384
F721
F8BA
F866
F6E2
F523
F3F6
F3BF
F46C
F588
F67A
F6BD
F61D
F4DC
F389
F244
EFDC
EAFB
E619
E704
EE9A
F66A
F93D
F796
F435
F106
EE8F
ED29
ED63
EF79
F35A
F81B
FC77
FFF3
0251
0331
027C
008D
FDF2
FB52
F93A
F80D
F7D4
F80A
F816
F7ED
F7B6
F75A
F6AE
F5AA
F477
F369
F2D5
F309
F436
F674
F9D0
FDFD
024D
0633
092D
0A9A
0A67
08D6
0585
0073
FACD
F5DC
F243
F029
EF70
EFC0
F09F
F18E
F238
F286
F292
F2A8
F329
F479
F6E0
FA46
FDFD
010A
0296
0206
FF3A
FAFB
F68E
F2EE
F0F9
F132
F416
F9B8
00C7
08A7
0F53
10E2
0EEA
0CA5
0890
0246
FBC2
F577
EFBD
EBD6
EA51
EAD7
ECF7
F068
F522
FB06
016D
07A5
0D3E
1065
0F77
0B86
0481
FA70
F1A0
EBF5
EA3B
EE06
F62D
043A
129E
298A
64E7
7FFF
7FFF
50F7
2685
12DA
07DE
0182
FF22
0047
041D
08DB
0C49
0D53
0BFA
08B0
041F
FF80
FC35
FAC3
FAD8
FBC5
FCCD
FD40
FCAF
FA6A
F636
F2AB
F329
F6D1
FA32
FBD1
FBDD
FA70
F7D8
F4FF
F316
F32D
F61E
FC84
05BB
0EE2
173A
1E25
1D38
154C
0CB0
02DB
F9AD
F4E8
F572
FB2F
04C1
0E6D
170D
1B45
14FC
096E
FBBE
ECFB
D2BD
B011
B1FA
D40F
EBBB
F962
0560
0C35
0D33
0960
023A
FA15
F3A3
F058
F061
F2E9
F6F3
FB20
FDCD
FE39
FCD0
FAD9
F9E9
FB28
FEDE
0424
0946
0CD0
0DC5
0BAF
0642
FECF
F93D
F6A5
F7DD
FCFD
02F5
0A05
1065
1254
0F04
06D2
FB87
EF32
E3CF
DD76
E0BD
E9BC
F343
FE28
0863
0EEA
115F
1074
0D9E
0A51
080E
07F1
0A05
0D38
0FD0
106B
0E6D
09FE
03DE
FCE7
F6D8
F3E8
F471
F766
FB51
FEC7
008F
FF4F
FAC9
F482
EE14
E83E
E37E
E108
E2AB
E815
EDD2
F137
F267
F292
F28C
F2CD
F461
F78C
FCDD
03D6
09A6
0E03
0F27
0AE7
03B7
FB16
F2A3
EC1D
E864
E9C8
EF95
F76E
00E9
0A77
11C1
164B
1872
1812
1569
11D2
0EAB
0C1B
097E
0646
0252
FDD3
F935
F52F
F27E
F190
F298
F5B2
FAD5
00E3
0768
1157
1CD0
1E63
1312
063C
FDDE
F72E
F21C
EFAB
EFB1
F293
F7D0
FFB9
098D
124F
2081
3BA8
5190
49E5
2E49
1887
0CCF
024A
F7E8
F072
EBE7
E9E1
EA77
ECE1
F013
F39A
F750
FB0C
FEAE
0237
05B8
0927
0C61
0F3B
1185
130E
13B7
1387
12B3
1184
1039
0EEE
0D8C
0BD4
0977
063C
0245
FE28
FAC4
F8D9
F8F3
FB43
FF9D
0574
0B58
0FAD
11D8
11B1
0F60
0BAD
07A0
043A
0253
024E
03D3
05CF
070B
06C8
04B7
00D2
FB94
F6B1
F408
F409
F661
FA62
FF12
0379
061F
059A
01BC
FBA0
F526
F00E
ED60
EDA5
F093
F593
FC3E
02D5
0723
08B4
082F
066D
043D
0226
00BE
0060
00AF
00F1
0078
FEE0
FC37
F92B
F6DA
F646
F7FE
FC2C
023F
08A8
0DF7
1177
1255
108B
0C93
0671
FFBD
FA8C
F73B
F5B1
F5AB
F6F8
F8F7
F9F0
F960
F814
F595
F23C
F01D
EF5B
EFA4
F174
F417
F748
FBA7
0049
03F0
068F
0831
089D
0797
0500
010B
FC6F
F80F
F1F8
E6F6
DDD6
E0DC
EA28
EEEE
EF69
EEEA
EDD6
EC03
EA29
E965
EA94
EDFF
F35F
FAD0
03E8
0BB7
109A
12E1
11B1
0DCC
08DA
037C
FF02
FCD9
FD62
0007
03A7
06FF
089B
07E3
0598
0215
FE09
FB0F
FA5E
FC60
0093
0597
0A23
0CC2
0C7B
09DF
0440
FC4C
F502
EEF4
EB81
EC5D
EFB1
F457
FAB9
019A
06F1
09BE
09F2
07D8
03E0
FEC6
F9C1
F5C9
F306
F142
F05A
F02F
F0AF
F1D9
F393
F5C0
F86C
FBDB
000C
0480
08D0
0CD0
103B
12AD
13CA
135B
116A
0E55
0AB9
0733
0455
02BF
02F2
04EF
0805
0B26
0D73
0E4D
0D5A
0A90
05F9
004A
FB28
F7E0
F6D2
F7DF
FAAB
FE7C
01FF
0415
0474
0368
019C
001A
0019
0240
0668
0BC2
1116
1531
16C2
147F
0EF3
0694
FB30
F093
E7C5
DD3C
D699
DAD9
E45C
EC1C
F266
F8A5
FE42
0253
0474
0486
0276
FE53
F8A1
F28E
EC79
E467
DAF9
D856
E099
EB5A
F4CD
012B
0CFF
151A
1A2B
188F
11EA
088E
FB66
EFE4
E74A
E107
E2BF
EA14
F1B7
FA88
038E
09DF
0CD6
0D34
0C12
0AA3
09FF
0ACE
0CFE
0FDB
1285
1447
147D
1306
104D
0CCE
0947
068B
051F
04D3
04EF
04C1
03A8
01C8
FFCB
FDF8
FCF0
FD95
0061
04E1
09A0
0D79
0FD3
1006
0DD6
0956
02AF
FB62
F5A3
F21A
F0C4
F1E9
F467
F72E
FA6B
FD41
FEFF
FFB1
FEE3
FD69
FC7D
FC69
FD8E
FFB2
0274
05EB
09E3
0DED
1177
144B
1666
1724
1626
13E5
10E9
0DA2
0ABF
090E
0944
0B82
0F72
15AC
1EB5
26F1
282C
21A6
18D5
113A
0A21
036A
FED9
FDFC
0124
0739
0E33
14C1
1AA0
1E5A
1DBB
1926
1362
0E58
0A43
06F0
0458
0239
FFF3
FCE0
F8D0
F46F
F0AB
EE14
EDE2
F0DF
F6B4
005F
0BD8
15C0
22A9
31B0
35B4
2B9F
1DAA
12BF
0B5D
06B6
04B0
0582
083C
0C06
1127
13BC
102F
0ABC
0519
FDAC
F76A
F3D4
F354
F6FA
FD4B
05AC
0DD1
136A
186D
1983
120F
0622
FA48
EFB8
E735
E267
E457
EBCD
F52F
FFD0
09DB
10AA
136A
11DC
0CD0
04E6
FB4B
F382
EF25
EDD5
F042
F540
FB52
026E
0835
0BB8
0E13
0D71
0AA3
0898
0655
0382
00C0
FDE9
FBF7
FA6F
F7AF
F437
F147
EF01
ED38
EC05
EB5C
EA5B
E8D6
E9C5
EE65
F2C4
F594
F958
FE1E
0298
0625
081C
0866
0720
0415
FFAF
FB31
F7E8
F68C
F720
F927
FBD0
FE30
FF89
FF7D
FE10
FBD1
F9EB
F9A7
FBC4
0021
05AB
0B65
1130
14D7
1315
0DB6
0701
FE41
F5FF
F13F
F081
F3B3
FAE2
054D
0F0A
16AC
1DF3
22EA
22D5
1E39
1711
0F9B
0A4D
083B
0867
0961
0A63
0B3B
0BFD
0CC2
0DB4
0F28
1167
141C
167A
178B
1655
1240
0C17
04C0
FC1C
F4B1
F127
F065
F302
F96A
FF83
02CD
0476
0492
01A5
FBE0
F58D
F01F
EB9F
E909
E979
EC36
EF90
F246
F3A7
F37B
F213
F04B
EF10
EED4
EFA1
F147
F33B
F4BC
F534
F457
F24B
EFAA
ED38
EB96
EB76
ED55
F101
F601
FBF4
020F
0744
0B05
0D42
0E18
0DB9
0C6D
0A69
07AF
043E
0098
FDAE
FC2C
FC2A
FD86
004A
04A3
09A5
0D57
0EE1
0E4C
0BA6
0738
011E
FAD5
F6B1
F587
F749
FBF2
0304
0A07
0EE3
116D
1110
0E06
08CB
0152
F997
F3DA
F097
EFAD
F0D5
F395
F742
FB36
FF01
0272
0563
07B8
0959
0A22
09E6
088F
0628
02E0
FEFE
FB2E
F89C
F807
F95E
FC40
0041
0479
075A
081F
0726
052D
0303
0128
0077
01C0
04A3
080D
0ACE
0BBD
0A05
04F7
FCC3
F41A
EDAF
E9B6
E9DB
EF97
F897
02F9
0D0D
145A
168C
1368
0CBE
02D6
F8BA
F173
EEE9
F2E4
FB47
06CC
122D
1E00
289E
24CC
17D4
0C7E
FE0E
F095
E5EC
DA0C
D624
DDF9
E7BE
EE7D
F384
F721
F8BA
F866
F228
F14B
EFA7
F148
F560
FA3A
00BD
07BB
0CD9
0F7C
0F51
0C67
06A0
FE4F
F604
EFCF
EC13
EB54
ED72
F190
F719
FD0A
0206
0542
06BE
0708
06F3
0748
088B
0AB6
0D47
0FD5
1218
1300
11B0
0F04
0BDE
0859
056A
046D
05DA
0942
0D9E
117A
139F
1353
1087
0BDA
05AB
FF0F
FA49
F8BB
FA92
FF74
061A
0BFB
0F7C
103A
0DB5
0845
0035
F6AC
EE82
E84B
E499
E5D2
EADA
F10A
F8DA
0255
0AE6
10FE
1521
1794
1802
1690
13D0
1027
0BDD
074D
02F3
FF27
FBDF
F90C
F6EE
F5DD
F60B
F77F
FA35
FE16
02D6
07D9
0C71
103B
132F
1544
162F
15B3
1406
1192
0E96
0B18
0755
03D1
00E4
FE97
FCDB
FBBF
FBAA
FBE2
F968
F58D
F822
0223
0BAE
11D1
16A0
1AF9
1EB9
1FC0
1C82
1742
126F
0E09
096F
04B2
005D
FCE5
FA6D
F8BC
F78C
F6C6
F687
F70A
F898
FB46
FEC0
0269
059B
07DA
08E0
08A2
075B
058D
03E4
02F7
0319
044B
0633
0837
09A3
09F8
08F3
0697
0330
FF8C
FCB2
FB42
FB50
FCA1
FEB9
0121
03DF
0711
0A60
0D3C
0F3E
1030
0FE0
0E27
0AF1
0618
FF96
F870
F26A
EE67
EC9F
ED5D
F046
F4CE
FA5A
FF5E
0230
01F3
FE8D
F8F6
F34A
EF3B
EDB3
EF5C
F441
FBF7
04DD
0E20
1647
17E2
1298
0C27
065B
00E7
FD3D
FCA7
FF44
041C
093F
0CFA
0E6F
0D2F
0995
0480
FF2D
FB2E
F99F
FAD1
FE6E
033B
0755
095F
08F7
0661
0257
FE1A
FB2E
FAB5
FD2F
024A
087E
0DAF
10B1
110A
0EAC
09FB
0364
FC60
F71E
F4BB
F511
F753
FA5F
FCF8
FE10
FD3B
FAD0
F789
F4BC
F3E1
F59B
F9E6
004B
07B7
0E93
1386
1600
15B1
1294
0D68
077D
0246
FF15
FEC2
0197
072B
0DA0
1322
17E3
1B23
1A08
14A9
0DD8
05F8
FCD3
F4A3
EF44
ED17
EE38
F23B
F915
026F
0B73
11DB
15CA
16B5
1455
101C
0AFE
05B1
01BA
0057
01CE
0596
0A58
0E2B
0FDE
0F88
0D13
07A2
FFAE
F7C2
F1FB
EEEE
EEEF
F1B9
F600
FA9C
FE77
0087
007A
FEA7
FBFE
F9B3
F899
F8F9
FAAE
FD1D
FF49
002F
FF44
FCA0
F8F2
F546
F2C3
F23D
F3E4
F72F
FB1A
FE5D
FFB6
FE2B
F996
F34D
ECE5
E629
DEF2
DA91
DD5A
E696
F14B
FA47
0142
061A
086B
0852
0669
0397
00D8
FED8
FDC5
FD73
FD93
FE0F
FF1A
0109
043C
08D8
0E47
1439
1D15
29CB
31BE
2C8C
2011
1458
09A4
FFD7
F827
F3F4
F3D8
F799
FED2
0663
0B63
0D00
0ADD
0528
FC8F
F439
EEE2
ED3E
EF89
F4F4
FCF9
0559
0AD0
0C2B
0967
02CB
F9FA
F25C
ED96
EC16
EE0C
F23B
F7C5
FD5D
00D8
00EC
FDA3
F84C
F2D1
EE68
EC1C
ECB1
EF65
F338
F796
FB51
FD20
FC88
F9F4
F649
F2DB
F0B0
EFE8
F0D4
F3A5
F78B
FB77
FEC6
0149
02C8
0336
02E5
0247
01B8
0190
024B
03CA
051C
06F9
0A57
0D78
0F5D
10D2
10E0
0EC8
0B3B
04D3
FCDE
F63C
F022
ECEF
EE34
F1BD
F7F5
FFB5
05DD
08E4
07E8
0231
F952
F0D1
E6B2
DCCC
DE33
E8B2
F27B
FBC7
047F
0995
09EC
0594
FD54
F4AC
EE74
EB0C
ED36
F391
FBAA
051A
0BFB
0E4C
0C0F
05C6
FC8F
F349
EC9E
E8D4
E903
EC54
F085
F488
F722
F759
F55F
F273
F03F
F031
F323
F98E
0327
0CA2
13DC
18A1
181A
1353
0D83
06D8
011D
FEF0
0160
07C5
0F66
1706
1F2F
217B
1AD5
1254
08E2
FDDF
F457
ECE9
E98C
EAFF
EE31
F13A
F3D2
F57B
F5D3
F51D
F41F
F3AF
F469
F682
F9C2
FD65
0034
012B
FFE3
FC8C
F7C9
F295
EDFC
EAE3
E9DB
EAFE
EDBD
F133
F4FB
F8E8
FC5F
FEA5
FF8D
FF69
FE81
FCDA
FA6C
F773
F45B
F17D
EF0D
ED2D
EC2C
EC6B
EE12
F0F3
F4A0
F87B
FBBC
FDB2
FE1D
FD21
FAF1
F844
F62A
F54E
F5F7
F843
FC42
0175
0684
0A5F
0CB7
0D86
0D02
0B57
08F0
06D3
05D5
0680
090C
0CEF
1145
1554
188C
1A51
1A14
1822
159A
1353
119B
108A
1013
0FD4
0F2A
0D54
09AF
041A
FD29
F621
F088
ED54
ECFA
EFD1
F57F
FCC7
042C
0A15
0CC3
0B2C
05D8
FEA7
F627
EAC8
DFBE
DD90
E448
EBCC
F28F
FA84
0149
04F7
05EB
047A
01BD
FF31
FD23
FB62
FA5B
FAA2
FC10
FDE6
FF62
000D
FFD1
FEF2
FDE3
FD0A
FCAC
FCE1
FD8C
FE4F
FEC0
FE98
FDC0
FC4D
FA88
F8C3
F726
F5A8
F43B
F2E0
F1A5
F07F
EF7B
EEDF
EF07
F031
F284
F5C5
F92F
FBD3
FCEE
FC13
F96D
F5E6
F2CA
F119
F18F
F4AD
FABE
02FE
0AE0
1084
1347
1254
0E14
06A3
FC96
F3A5
EDDE
EB2E
EC02
EF66
F40C
F92E
FD5C
FF3B
FE84
FC01
F92F
F79F
F872
FC4A
030A
0AEA
1199
16EB
1A6A
19C9
1560
0FDD
0AB1
0681
0429
0449
0683
0978
0C04
0D3B
0C24
091D
0470
FE52
F917
F5EB
F492
F59C
F84A
FAC9
FC2A
FBDD
F9A1
F608
F23F
EF63
EE48
EF6F
F2C5
F7FD
FE65
0415
0742
0752
0469
FF2B
F941
F4C5
F2BB
F358
F66E
FBD1
0251
0785
0B5E
0DA1
0C05
07E3
048B
02B7
026C
03EC
06B5
09D6
0C58
0D64
0C78
0984
052A
00B0
FD50
FBBC
FC18
FE08
0094
0261
026E
0076
FC92
F751
F308
F2E1
F628
F9B5
FDC4
021E
0445
0330
FEB2
F775
EF50
E7A9
E092
DF23
E6E6
F0EE
FAC3
04E0
0B8A
0D03
0963
0166
F78A
EF20
E8C8
E733
EB7A
F1C3
F9A0
01A4
05F7
058B
0091
F7D1
EF89
ED8D
F083
F3C4
F9D1
026C
0A4D
10DA
1221
0EAE
0A92
0669
0346
02F3
05D5
0AED
135F
2019
24C4
190A
0ABA
FFC6
F574
EE71
EBB5
EDBF
F348
FB88
0464
0A10
0B39
0818
0197
FA75
F635
F64D
FB8B
0607
13F7
20F7
2676
2292
1990
0D41
FC30
E726
DD1F
E601
F06C
F9C8
06E6
114D
17CB
17EB
1144
06A6
F90D
EC81
E116
D0C7
C17C
CF0F
0596
3798
370D
1C0B
0D06
0791
01C7
FCC7
FA40
FAFB
FF03
05A8
0D1B
13CB
19ED
1DF2
1D0F
1866
130D
0DAC
07A4
0120
FAF1
F5D5
F1F2
EEA8
EBB6
E999
E872
E7F6
E775
E822
EE00
F784
FE19
01AE
0645
0B5D
0E9D
0F91
0E62
0B11
053F
FD2B
F4F2
EE6C
E98F
E6D8
E7DE
EC27
F1B8
F83D
FF68
055D
08D2
09C6
08CD
06C6
04D2
03E5
0466
0646
08E3
0B43
0C7C
0BFA
09AB
0602
01DC
FE6A
FCBB
FCC9
FE3D
0141
0489
0719
0917
094D
084C
084B
09BF
0C5F
101F
1554
1C84
2501
2B09
2909
1E5F
1159
0628
FC63
F4AD
F089
F036
F304
F7BA
FCC0
0097
023B
0143
FDE4
F92A
F4C0
F1F0
F138
F294
F5BF
FA41
FF22
0322
059F
06BA
06F4
06EA
0722
07E6
0923
0A68
0B22
0AB2
088E
045B
FE5A
F7A9
F1B4
ED41
EAAA
EA78
ECB1
F089
F5B4
FC54
0332
08A1
0C62
0ED5
1023
1063
0F7D
0DAD
0B73
08B0
05AD
02AE
FF32
FBDB
F93F
F745
F64E
F5D7
F602
F782
F98B
FB3F
FB92
FA47
F806
F51D
F2C5
F0F8
EFA7
F148
F560
FA3A
00BD
07BB
0CD9
0F7C
0F51
0C67
06A0
FE4F
F604
EFCF
EC13
EB54
ED72
F190
F719
FD0A
0206
0542
06BE
0708
06F3
0748
088B
0AB6
0D47
0FD5
1218
1300
11B0
0F04
0BDE
0859
056A
046D
05DA
0942
0D9E
117A
139F
1353
1087
0BDA
05AB
FF0F
FA49
F8BB
FA92
FF74
061A
0BFB
0F7C
103A
0DB5
0845
0035
F6AC
EE82
E84B
E499
E5D2
EADA
F10A
F8DA
0255
0AE6
10FE
1521
1794
1802
1690
13D0
1027
0BDD
074D
02F3
FF27
FBDF
F90C
F6EE
F5DD
F60B
F77F
FA35
FE16
02D6
07D9
0C71
103B
132F
1544
162F
15B3
1406
1192
0E96
0B18
0755
03D1
00E4
FE97
FCDB
FBBF
FBAA
FBE2
F968
F58D
F822
0223
0BAE
11D1
16A0
1AF9
1EB9
1FC0
1C82
1742
126F
0E09
096F
04B2
005D
FCE5
09A0
11C4
16CE
1937
1893
15CC
1204
0E6A
0C9E
0DBF
10CD
13BB
1646
179F
1465
0CED
051D
FE4B
F878
F486
F30C
F3BA
F5B3
F7D5
F8FF
F885
F682
F3C2
F163
F075
F198
F508
FABD
01D7
084F
0C74
0DEA
0D0D
0A86
0729
03B4
00E1
FF5A
FF41
001C
0134
01F7
020F
0164
002D
FED6
FDBD
FD07
FC8F
FBF5
FAC9
F8AC
F5B6
F292
F0B1
F008
EE11
EE4D
F6EC
02A6
0B10
10A8
12CA
1221
0E63
06A5
FE94
F812
F43F
F489
F78E
FD15
044C
0B10
101A
1260
12DF
11DA
0E3C
09CA
06CD
0533
0431
0336
01A9
FF0F
FB5E
F727
F337
F051
EF3F
F09B
F495
FB09
0332
0AD8
0FB9
1302
14B3
1005
0666
FD4E
F4F2
EF05
EBB3
EB29
F064
F7B9
0070
0A3A
11D5
1A5E
1E8D
1963
12B2
0BA1
01ED
F80D
EEEB
E841
E62E
E7FE
EC27
F1BA
F823
FEC4
0464
0781
07B0
05A6
0267
FEF7
FC42
FAEC
FB41
FD27
0020
035B
0616
07D7
0884
0849
0798
073C
0816
0A9A
0EA5
1399
18AF
1CC2
1D95
19A5
12F7
0B45
01A4
F7AF
F05E
EC4C
EBE7
EEE6
F43B
FBF1
0497
0B45
0F4E
1114
100D
0C75
07D8
033D
FEF5
FB83
F984
F915
F9FC
FBFD
FEF0
028C
0660
0A0F
0D5D
100A
11B2
11F8
10A3
0DBD
097D
041C
FDEC
F7DC
F306
EFBF
EDAF
EC78
EBE2
EBC4
EC15
ECF1
EE9E
F13F
F4C6
F964
FF28
0500
095F
0B66
0AC5
0767
017F
FA8C
F4E5
F0B9
EDD9
EF92
F611
FC90
0365
0B4F
1053
138D
1647
14EF
1088
0D09
0B0A
098A
086F
07E8
0788
066A
0433
FFD4
F99D
F80D
FB22
FBE7
FB8F
FC6C
FDDE
FF57
FFAF
FF71
FF79
FFA7
FFEC
003F
005B
FFD1
FE39
FB5F
F78A
F3D5
F0FE
EDCD
ECA6
F261
FB39
03F5
0CE8
1398
1854
18E9
1529
1016
0A0A
04BB
0237
039E
0825
0E63
13FD
1A25
1B90
1476
0CF9
02B3
F774
E4AA
C248
B4AF
CCB4
E90E
F873
018B
081A
0BFC
0D73
0D3D
0C3B
0B2A
0A79
0A33
0A02
0965
07DD
04FD
0131
FDE0
FBB4
FB75
FE28
02EF
080D
0BFC
0D64
0B80
0652
FE76
F5FC
EF59
EC61
EE05
F39C
FD56
086C
11F1
18A2
17DE
11CE
0993
FD9B
F29D
EB4A
E7AC
E9B3
EF1F
F60C
FE1C
04B8
07F4
0799
03F9
FE00
F7F3
F369
EFD1
ED39
EC6B
ECCD
ED1F
ED0F
ECEF
ED1B
EDFA
EFD6
F2B7
F6C4
FC0C
01EF
0750
0B6A
0E4A
10FC
15E5
1FB6
2D06
3581
31B3
2584
1A8B
1363
0C68
0379
F9EB
F1F4
ECA4
EA75
EBAE
EF58
F4B6
FB35
010A
053D
07EC
093C
0941
0803
07C9
0931
0830
06A2
0747
06A1
0407
FCF7
F618
F971
FFF5
02F9
05A2
082D
0A27
0B9F
0C7A
0CC0
0C6F
0BF7
0BE7
0C5A
0CEB
0D0D
0C36
09D2
0542
FDD3
F579
ED19
E148
D889
DD26
E828
F126
FC07
08CC
129C
1A87
2034
1E61
16C4
0F53
075D
FEB1
F928
F6B6
F6DA
FB96
02A5
06BA
06A0
04C5
0308
017B
FF97
FD15
FA39
F793
F5B4
F507
F5CA
F817
FBDB
0095
053D
08BE
0A6F
09FE
0754
028F
FC55
F631
F1A2
EF4F
EF7E
F20F
F6B8
FD01
034C
0797
08EB
0725
027D
FBF5
F59A
F105
EEA7
EF1F
F2A8
F85E
FEEE
0511
0998
0B82
0A1E
05FA
010B
FC54
F7D1
F4CC
F464
F609
F95E
FE21
02FD
068C
0854
088A
07BB
06AB
063C
0729
09B2
0D68
1177
1547
1827
187A
157F
1071
09C0
0169
F956
F3B5
F163
F273
F684
FCA4
0329
0849
0AC4
09EF
0567
FD8F
F4DC
EE00
E92C
E707
E9EC
F06F
F7D6
009E
08CA
0D36
0E28
0C2C
0829
02E6
FD0F
F8BB
F728
F81E
FB27
FF8F
03AE
0619
06C9
060E
0405
010E
FE92
FDF4
FF6C
022A
05E0
0A93
0EAC
10C1
10C4
0EFB
0BBF
0733
020E
FD99
FA9B
F959
F9D9
FBAC
FDED
003D
0289
0498
0662
07C6
089D
0926
0984
09BA
09C6
099B
095A
0972
0A5E
0C5C
0F6C
13EF
1B1E
249F
29F4
23E1
1758
0D41
02C3
F6A4
EDB8
E5E3
E1A4
E626
ED99
F563
FEE7
0698
0A3B
09B9
053A
FD29
F3E6
EC53
E681
E4AD
E8A8
EF40
F6C7
FF28
0638
0A24
0AB0
085F
040E
FF3C
FBB9
FA73
FB71
FE64
02AB
0756
0B70
0E42
0F8A
0F87
0EC6
0DC8
0CDB
0C0F
0B26
09AD
071D
0327
FDF8
F860
F36F
EFDF
EE28
EEA8
F137
F573
FAFC
0098
04B3
065F
0576
0245
FDA9
F904
F596
F3F8
F449
F66B
FA05
FE56
0269
058A
0776
0832
07EC
06F4
05B4
047B
0369
0271
017A
0079
FF85
FED2
FE93
FEDA
FF7A
0024
0075
FFEB
FE13
FAC6
F67E
F238
EEDF
ED2A
EDDD
F14A
F79D
008C
09DA
12B6
1ACF
1C96
1685
0ED4
06D0
FD5D
F573
F10D
F026
F243
F66E
FB4C
FF2D
00CA
FFA2
FBE8
F69B
F1B3
EE7B
ED5E
EE9D
F184
F536
F901
FBA3
FC1D
FA76
F78E
F4A7
F2FE
F36F
F670
FC04
031D
099E
0DFB
0FCF
0F35
0CAD
08EE
04F7
01FB
00AF
00EA
01CD
0214
0092
FCAA
F6E3
F091
E8A8
DC39
D046
D07F
DD63
EBDB
F596
FB96
FF38
00AD
0059
FF62
FF3C
0111
0534
0AB4
0FCE
133E
13DD
10A2
09BF
FFC6
F564
EC5C
E4A9
E34E
E936
F0BC
F875
FFC3
0444
04EA
020A
FCFF
F7C1
F420
F33C
F54B
F9E5
FFE9
04FC
072A
05CC
0131
FAF2
F5B6
F371
F503
FABF
03E4
0DD5
187E
228E
2253
18EE
105C
0839
FFED
FAC5
FA3E
FE5B
0598
0D0A
159E
1D88
1B9B
12C2
0B7F
03DB
FB6A
F507
F0DE
EE72
ED3D
ECC7
ECC6
ED11
EE34
F0D0
F4AE
F998
FF9B
0566
08F6
091B
0555
FDBD
F47C
EC93
E5DC
E2B4
E6F2
EE69
F72E
01EC
0A33
0E84
0E84
0A25
0404
FD7F
F8AE
F7E4
FA6E
FEF1
04E6
0A86
0D31
0C62
083E
00BE
F8BC
F31B
F099
F17D
F59B
FCD2
0541
0BFF
1061
129D
12BD
117C
0FBC
0DF9
0C3E
0A49
07A7
03E8
FF0C
F9C5
F523
F22C
F1C6
F442
F98D
0177
09B8
0F8C
1227
113E
0D38
0687
FE5B
F7BF
F489
F4C5
F7D7
FCA9
01D4
05B7
06CB
045E
FF62
F950
F2E2
EEE4
EFC6
F2DD
F634
FA83
FEB2
00FE
00CA
FE3B
FA28
F615
F32C
F1CF
F205
F390
F651
F9F7
FDA1
00B2
02F8
044F
04EB
04F6
03DC
00FF
FCAE
F799
F1C8
EB85
E744
E7E1
EC41
F1A8
F8EE
0230
0A13
0EAE
0FC8
0D6B
0856
0163
FA7B
F590
F30A
F298
F38B
F4AE
F4D7
F369
F085
ED01
E9F7
E8E1
EB28
F03A
F7F0
028A
0C72
134A
17F1
1938
168D
126D
0F10
0D0C
0C50
0C74
0CDA
0C64
09BB
048E
FC4F
F2E9
EB01
E317
DF7E
E3B6
EB15
F3CD
FF1A
0EC5
18D2
12A9
076D
0118
FD92
FBF7
FCE1
FFB6
031F
055F
04D4
007F
F8B3
EFD1
E65E
D672
C26B
BD06
CC0A
DF04
EAB9
F09A
F35E
F3B4
F235
F00A
EE76
EEA0
F116
F5D7
FCF1
0521
0BD9
1005
1217
12A5
1262
1223
1276
1345
141F
14D0
1478
10C2
095D
0106
F97E
F3BE
F166
F33E
F8D8
00F0
09AD
115B
16CE
1937
1893
15CC
1204
0E6A
0C9E
0DBF
10CD
13BB
1646
179F
1465
0CED
051D
FE4B
F878
F486
F30C
F3BA
F5B3
F7D5
F8FF
F885
F682
F3C2
F163
F075
F198
F508
FABD
01D7
084F
0C74
0DEA
0D0D
0A86
0729
03B4
00E1
FF5A
FF41
001C
0134
01F7
020F
0164
002D
FED6
FDBD
FD07
FC8F
FBF5
FAC9
F8AC
F5B6
F292
F0B1
F008
EE11
EE4D
F6EC
02A6
0B10
10A8
12CA
1221
0E63
06A5
FE94
F812
F43F
F489
F78E
FD15
044C
0B10
101A
1260
12DF
11DA
0E3C
09CA
06CD
0533
0431
0336
01A9
FF0F
FB5E
F727
F337
F051
EF3F
F09B
F495
FB09
0332
0AD8
0FB9
1302
14B3
1005
0666
FD4E
F4F2
EF05
EBB3
EB29
F064
F7B9
0070
0A3A
11D5
1A5E
1E8D
1963
12B2
0BA1
01ED
F80D
EEEB
E841
E62E
E7FE
EC27
F4AD
F1E4
F58A
FD44
07BF
107A
15DC
169E
124F
0B39
01A8
F938
F4E7
F55E
FA5A
0222
0A38
0FCE
1158
0E75
077B
FD20
F3C7
EE7E
EDBD
F1AD
F995
049D
0E9A
154E
184E
1676
1193
0BD2
06AA
03D3
0453
07FF
0D61
1292
167B
179E
1522
1097
0AF9
04B0
FF68
FCA2
FC9A
FE9A
0160
03A3
0493
040A
0270
00A8
FFE2
011D
0480
093A
0E4A
131F
1640
157E
1154
0B50
0317
FA13
F33D
EF54
EEA3
F18F
F6CC
FD07
03A6
08E5
0B39
0B37
096E
05EF
0215
FF1D
FD82
FDEE
0076
0489
095F
0DE4
1121
12F4
1319
113A
0E4E
0ACC
0672
0213
FE96
FC24
FA88
F981
F8A3
F75E
F54D
F280
EF87
ED32
EC3D
ED2E
F003
F455
F9FB
FFF7
045F
05C6
03AE
FE88
F73C
EE1F
E4B9
DED0
DE3D
E1EA
E854
EFB7
F65C
FC1C
00CD
0307
028B
0035
FCD2
F8B6
F52E
F386
F2D4
F296
F346
F4B6
F683
F95C
FD89
01E1
0596
0859
099B
08CF
0585
FFD1
F8F3
F2F5
EEE9
ECFB
EDF7
F207
F7FE
FE5D
03A9
070C
07E9
05D5
0241
FF24
FC3D
F96A
F8BA
FAE5
FEB7
030D
0618
078C
0874
0845
06E4
0584
0521
060D
0809
0A62
0C36
0CD8
0C02
09C8
0696
033A
00D4
004E
0266
0751
0B18
08BC
0436
000E
F95A
F206
DFAD
C471
C334
DA6A
EA77
F22E
F9DE
002B
0389
0388
00AC
FBA3
F640
F26E
F0C5
F13C
F355
F64B
F910
FA80
FA05
F7F7
F579
F3F9
F4AD
F848
FEBE
0757
113D
1B4A
22B1
2423
1F68
17BF
1046
09FF
0513
021E
01A4
033C
05AC
0792
07F5
0692
03CF
0083
FDF4
FD71
FF79
0394
08BD
0D9A
10DD
1170
0EAF
090A
01D7
FAAB
F4F3
F207
F2B4
F68E
FC33
0207
0673
0800
0607
015C
FBC1
F701
F491
F534
F919
FFF0
0793
0D16
0F5B
0DAA
082D
FF1F
F42C
EB9B
E3F8
DFEF
E66D
F098
FA55
0585
0D6A
1097
0F82
0AA1
0387
FAEF
F429
F194
F314
F801
FF40
071B
0D55
1051
0F65
0B18
03D9
FAD9
F330
EE98
ED1C
EEA5
F275
F749
FBC8
FED8
FFB5
FE3C
FB18
F7B4
F58B
F57D
F7EF
FCD2
0322
0935
0E23
1172
126D
1133
0EA2
0B3C
077E
0444
024C
01CF
0286
03E0
0541
0647
06DA
0718
0741
0777
07A1
07B1
07A4
0776
0728
06B9
0614
0538
046A
0438
052E
077B
0AD7
0E8C
1204
1544
1812
1916
172F
1324
0E92
0A26
05B5
0132
FCE7
F91B
F5E8
F336
F0E9
EEEF
ED67
ECA3
ED04
EEB9
F1BF
F62E
FBF5
024C
07EF
0BF7
0E26
0E93
0D70
0AF5
0756
02E0
FE1E
F9C1
F63D
F3AA
F1F8
F113
F0F4
F197
F2FB
F502
F76D
F9EB
FC42
FE5D
0048
021A
03F0
05E5
0808
0A35
0C0E
0D18
0D01
0BAC
091F
05B7
0209
FECD
FD0F
FDBA
00DE
05BC
0B1E
0FB9
1264
1222
0EA2
07C7
FE00
F465
ECDF
E705
E5F5
EAF7
F23D
FA8A
03A5
0B23
0F68
1089
0F61
0D40
0B8C
0B66
0D1F
1054
1794
27F9
377D
30F6
1AFF
0AEC
FFAB
F526
EE48
EB67
ED1A
F24F
FA79
03A3
0A8E
0DDF
0C4E
072C
FF2A
F60C
EF98
EC83
EDA8
F290
FA1C
03B3
0BCD
100C
1053
0C89
058A
FD15
F4DD
ED84
E94A
EABD
EFAF
F600
FE7E
07AE
0EB3
1301
14CD
13F9
111C
0CDA
0734
00C2
FAEF
F6B2
F458
F3EA
F571
F90F
FE51
0408
0916
0CC3
0E96
0E40
0BC5
07C8
0353
FF6D
FCDB
FC21
FDBB
019E
06C6
0BBD
0F76
1160
1124
0EB6
0A39
03D2
FC54
F56B
F03A
ECE2
EB91
EC80
EF52
F34A
F787
FB08
FD04
FD14
FB07
F6CE
F090
E906
DF43
CF58
BCC4
B90E
CCC0
E665
F63A
00F0
0A7C
0F9B
10A8
0E31
0890
0274
FCDA
F852
F6C7
F936
FF33
0721
0E6E
136C
1573
1396
0E86
064D
FB10
F109
E96F
E311
E08F
E306
E855
EEF2
F76A
01DA
0AFF
105F
12CC
1371
12C9
1155
0F93
0DCA
0C1D
0A9F
093F
07D8
06D2
0777
09A0
0A44
089D
07F1
094F
0AC6
0B4A
0AE3
097F
0696
0281
FF95
FD84
F7AE
EEFB
E9DC
E93A
E9BB
EA1A
EA8E
EB28
EBD7
EC9F
EDA6
EF25
F132
F3C7
F724
FB68
FFAF
02AF
03AB
025A
FEB5
F94A
F3A4
EF5F
ED62
EE69
F2A5
FA78
0555
0FAD
1A2D
25C0
2814
1E7B
1431
0B2A
00CB
F82A
F342
F268
F50A
FACF
027F
08EF
0CBB
0D5E
0AE3
064B
005F
FACA
F76F
F712
F995
FE20
0348
0797
0999
086D
04C2
FF10
F82E
F26F
EF12
EE48
EFEC
F33F
F78E
FBB9
FE2C
FDE4
FADF
F625
F169
EDF7
ECAB
EE35
F269
F922
015C
086B
0CC0
0D50
09AD
02CD
F98D
F09E
E9A7
E57F
E78D
EE2F
F782
0496
10B3
1E8D
3073
348F
25A4
15B7
0AAC
FFD3
F6B5
F175
EFFC
F1CB
F5E0
FB5A
00DA
0482
052E
02E3
FE7F
F933
F415
F025
EE28
EE09
EF0F
F096
F20C
F2DB
F2A7
F187
F000
EEC4
EE81
EFBA
F2A6
F754
FD58
0366
0829
0AEC
0B78
09D2
0619
0132
FC96
F944
F79B
F799
F914
FBB3
FE78
0055
00AF
FF53
FC80
F938
F67C
F4BF
F4C2
F699
FA07
FF84
05A8
0AA4
0E12
0F3B
0E45
0B5A
05FB
FF72
F91F
F35A
EF46
EDC9
EE2B
EF2C
EFFB
F01C
EF42
ED6A
EADD
E7DF
E3B7
DD92
D96D
DF47
EE0C
FA80
00BC
0586
09F1
0BDE
0AD1
076C
027F
FD45
F95A
F7BC
F8C8
FC79
018A
060E
0A9C
0F39
1052
0E19
0AF4
05D6
FF53
F994
F51B
F208
F07F
F073
F164
F2AB
F3E1
F52D
F6A4
F801
F915
FA03
FB54
FD57
FEDD
FC8B
F844
F9A0
FF0F
01AE
01BF
0177
013B
016B
0184
00FC
FFE9
FE0A
FB1D
F76C
F3A1
F04A
EDA0
EBD0
EB49
EC35
EE30
F0D2
F402
F7BF
FBE2
0016
0406
0792
0ABE
0D7B
0F98
10D6
10EA
0FA3
0D14
099A
05BD
0213
FF21
FD26
FC1C
FBF4
FCAE
FE0A
FF87
00D4
01EE
02F3
042D
05E9
080C
0A12
0B91
0C65
0C85
0BE5
0A92
08B7
069C
04B4
0363
02C1
0289
0226
00FA
FEA0
FB2A
F729
F364
F0AE
EFEC
F1B7
F68E
FEAE
080B
0FF4
1651
19E5
1824
12C9
0BFA
0345
FAB8
F4E5
F1BE
F1D7
F568
FA4B
FEB5
0205
0372
0288
FFD0
FC48
F8FF
F6FB
F6D7
F7EB
F8B1
F8E8
F994
FAC5
FB36
FA00
F7B7
F5BF
F50D
F5BF
F78D
FA1E
FCFC
FF97
0179
0296
0347
0418
0584
07D2
0AED
0E67
11BB
147B
1607
159F
134B
0FAA
0A9B
0404
FD79
F87E
F4CD
F297
F2CE
F515
F91E
FF7D
0720
0DCA
1286
157F
171A
1778
151F
0DC4
02FD
FA49
F644
F5F8
F99E
00AA
07EC
0ECE
15DF
1905
15AD
0FB0
09E2
03BA
FDD8
FA04
F8E2
F9CB
FBB5
FD98
FE80
FE2F
FD52
FCC6
FD4B
FF88
0386
085A
0C85
0EDD
0EA6
0B8E
0563
FCB1
F49D
EF56
ED6B
EF8F
F4CC
FD82
06FF
1040
1C37
2246
1C55
133D
0DD2
0BDE
0C52
0E6C
1124
133C
12F7
0F69
0954
0029
F697
F002
EB6B
ED8C
F66C
00A6
0B0A
12B0
1638
1447
0E22
0557
FB2D
F43E
F261
F58A
FD44
07BF
107A
15DC
169E
124F
0B39
01A8
F938
F4E7
F55E
FA5A
0222
0A38
0FCE
1158
0E75
077B
FD20
F3C7
EE7E
EDBD
F1AD
F995
049D
0E9A
154E
184E
1676
1193
0BD2
06AA
03D3
0453
07FF
0D61
1292
167B
179E
1522
1097
0AF9
04B0
FF68
FCA2
FC9A
FE9A
0160
03A3
0493
040A
0270
00A8
FFE2
011D
0480
093A
0E4A
131F
1640
157E
1154
0B50
0317
FA13
F33D
EF54
EEA3
F18F
F6CC
FD07
03A6
08E5
0B39
0B37
096E
05EF
0215
FF1D
FD82
FDEE
0076
0489
095F
0DE4
1121
12F4
1319
113A
0E4E
0ACC
0672
0213
FE96
FC24
FA88
F981
F8A3
F75E
F54D
F280
EF87
ED32
EC3D
ED2E
F003
F455
F9FB
FFF7
045F
05C6
03AE
FE88
F73C
EE1F
E4B9
DED0
DE3D
E1EA
E854
EFB7
F65C
FC1C
00CD
0307
0F12
0AD5
0A04
0A86
0CC7
0F95
1192
11F8
0F32
091C
009D
F631
EDC6
E2CD
CDF1
C1EC
D169
EC56
FE6B
0824
0D9D
0E93
0C8E
090F
0492
0136
009B
02D4
06F5
0B5C
0F1B
117E
11E9
1055
0DCA
0B51
092F
089E
0A6C
0CFF
0EC6
0FB4
0F6A
0DDA
0B91
0872
05D4
0675
0ACB
0FDA
132D
1513
15AE
142F
1044
0A32
02B4
FBBE
F770
F6B1
F965
FEAE
046D
07EC
0776
0260
F928
EAFE
C829
8000
8000
8000
9ACD
D521
EC97
FAF9
05F1
0E2A
10CD
0D89
0987
05B5
01E0
FF8A
FF10
FFBD
0099
0090
FECA
FB0D
F632
F1D3
EF18
EEA4
F0D1
F56D
FC08
035E
0961
0C99
0C68
08C0
0294
FB4E
F382
EE49
EF4E
F3AB
F82A
FDC2
03BE
07E6
092F
0758
0287
FBD8
F50A
EF32
EB12
E960
EA52
ED9F
F2A9
F880
FE20
02ED
06B1
0934
0A44
09DE
0840
05BF
02D2
FFFF
FDC3
FC71
FC28
FCC7
FE0E
FFA8
0131
0240
0277
01A5
FFD4
FD53
FACA
F8B0
F705
F663
F7BB
FA40
FD22
00DD
0486
0714
08BC
08B8
0715
050C
029E
0023
FEBF
FF1C
0183
05F4
0B61
10E1
198F
2609
2C9F
27B3
1EAB
1765
10D7
09EE
033B
FD95
F904
F5C4
F4C7
F600
F88F
FBCC
FF8A
0383
06CB
08C8
09C6
0A2F
0A21
099A
0875
0687
03EB
00D7
FD68
F9B5
F603
F29C
EFAA
ED40
EB70
EA65
EA68
EB8A
ED65
EF92
F20B
F4B2
F722
F918
FAAA
FC37
FE31
00DA
0456
0879
0C78
0F97
125F
14D7
14AD
1158
0D62
09BA
05F8
0307
0221
03B6
0774
0C29
106B
138B
14EA
13D4
1073
0B27
04A1
FE48
F963
F6AC
F683
F8EF
FD54
0277
0722
0A72
0BE9
0B8C
09F9
080F
06A4
067E
0817
0B2E
0ED2
12AB
17C7
1D82
1F3F
1A69
12FC
0C54
04C7
FC37
F59F
F22F
F1A9
F3F1
F890
FF20
0668
0C65
1030
11CB
116F
0FC0
0DCC
0CAA
0D32
0F6D
127E
157C
1769
1694
12C5
0C6A
03BC
FBC3
F53B
F158
F31D
F896
0263
0D46
1602
1EFF
1FA0
17B1
0F42
04F7
FBAC
F622
F4DD
F89E
FFDF
0941
12A5
1AE6
1D20
166F
0CE1
039F
FAC1
F4D3
F37D
F6B2
FD9A
065B
0DFC
1296
13BF
1132
0C1B
05AD
FECA
F9F5
F899
FA7A
FF19
05CD
0CED
12E8
1BDD
293A
3128
2E06
25B8
1E07
17C1
1238
0CB5
0640
FF3A
F99B
F667
F55C
F60A
F7E7
FA45
FC2A
FC9A
FB47
F8B2
F605
F479
F4F7
F808
FD9C
0441
09D1
0CF6
0CCE
087D
0052
F82D
EDCC
DEBE
DB95
E78E
F21E
FA0E
01C0
05B0
04BF
FF53
F6EC
EEDE
E95B
E8D8
EE54
F83D
0746
14D5
2930
40F0
38D5
1F40
0FA9
00CD
F3CF
EC9B
EA8F
EDED
F41B
FC63
042F
0856
0844
04BA
FF4B
FA3A
F752
F769
FA59
FF0A
03D9
06F2
0707
0389
FCD4
F537
EF63
EC28
EC31
EF65
F49B
FB43
019B
0540
054B
024A
FDA0
F8F8
F5E5
F56E
F759
FB60
00DA
0597
07BD
06A3
0229
FB04
F388
EDA7
E989
E82D
EA1D
EDDD
F249
F6F9
FB2C
FE1B
FF98
001A
0074
016B
0372
0676
09CB
0C83
0DEA
0D8F
0B2D
06D7
0170
FBFD
F76D
F5A0
F6D6
F931
FCA1
0129
0500
0700
06EB
04D0
00C6
FB8F
F6F6
F3AB
F1D6
F20D
F39A
F5C8
F8C1
FBC9
FDC8
FE5B
FD9C
FBF4
FA26
F92C
F831
F65F
F6A2
FA58
FDF5
FF94
0039
003C
FFD9
FF90
FF86
0009
016C
0375
0576
06B9
06CA
056C
02A3
FEE5
FAFB
F795
F515
F397
F2FB
F2E8
F2E1
F27A
F18F
F05C
EF63
EF4A
F0A9
F3C0
F879
FE5B
0444
08BC
0ABD
09D8
0619
0035
F9F6
F56B
F3BF
F562
FA88
02C9
0B92
12AA
199D
1E7B
1BA2
1419
0DDD
07C0
0172
FD0C
FA35
F96D
FBA6
FF43
02A1
058B
0801
09EC
0B44
0C0E
0C5A
0C11
0AB1
07FE
04C6
01D7
FEF8
FC2E
FA8A
FB1C
FE05
028C
0768
0B5C
0D9C
0DD4
0C12
08A7
043B
FFEA
FCD5
FB92
FC09
FD9E
FF6B
00A4
00C5
FFB1
FDCE
FBF7
FAFD
FB3E
FCBB
FF1E
01AB
032F
02AF
FFD3
FAC6
F4C0
EFB7
E9F4
E0F9
DE04
E8BC
F64A
FF4D
06FE
0BF2
0DDB
0E4C
0B00
0470
FDE7
F8A9
F51F
F3BA
F472
F6CB
FA1C
FD8D
003D
018E
0149
FF93
FCDA
F99C
F63D
F30B
F04C
EE39
ED05
ECDA
EDC3
EFB7
F297
F63B
FA75
FEE8
02FA
0611
07B8
07B9
05FC
025E
FD22
F7A9
F342
F008
EEC7
F09D
F4A3
FA8D
02F3
0B4A
11D0
17A7
1AD6
1905
14BF
10AB
0CD8
0981
0779
0721
0807
0923
0948
07AF
0422
FF14
F9A3
F540
F319
F3EE
F825
FFDA
08F8
101D
14AB
15D3
1246
0BA6
0341
FA60
F36A
EFD0
EFCB
F2CC
F80D
FDCD
0213
03D3
02E3
0010
FC74
F959
F834
F998
FCD0
0080
0388
0523
04AB
01CA
FC97
F69F
F23D
EFE7
EF46
F048
F1FB
F354
F3D5
F33C
F16B
EEB8
EC11
EA63
E993
E8D1
EB81
F5FB
00C2
0252
FF2C
FDF2
FEA4
008A
038D
0761
0B61
0E81
0FEA
0F46
0C99
0897
0443
00F8
0046
02FF
0887
0F17
17E2
25A9
2E3F
2562
14DA
08E4
006B
FA5B
F831
FA5B
FFFC
069C
0B69
0CFB
0AC4
0504
FCB7
F440
EE76
ECCB
EF94
F60A
FE9F
06D2
0A5E
084C
035A
FAC8
F173
EA22
E503
E62B
EC0D
F34F
FC0F
042E
08B5
0892
0488
FE47
F7B8
F2C7
EFBC
EEBB
EFC4
F116
F13C
EF89
EC78
E89A
E435
DFE3
E0F1
E9DD
F3E6
FD4B
06F4
0E4A
128A
1425
139B
11F7
105A
0F87
0F99
0FFC
0FC0
0DF3
09D4
02FE
FAC2
F3FD
EFB0
EF17
F38C
FB2C
04C0
0DC7
1405
16A5
1460
0ECF
07CF
013D
FD53
FD6B
010C
074D
0DA1
1187
1287
0F66
0940
01FF
FB68
F7DB
F89D
FDDA
0635
0E36
13E3
15D2
1280
0BF9
02C4
F90C
F2F9
F1C7
F58A
FE38
0980
1285
1963
1BD7
16DB
0F3C
0668
FCB7
F5F4
F3B6
F589
FA88
0147
073A
0A54
0A15
06AC
00B7
FA65
F5EE
F231
EE7B
ECD0
ED75
EE99
EE4B
EC3B
E9A2
E79A
E82C
EBDB
F1A5
FA44
0482
0EDF
18D8
1DA3
1B02
15A6
103E
0A32
044B
001A
FE3B
FE5A
FF8C
00A9
0099
FE8B
FA3C
F488
EF2A
EA53
E548
E2AD
E579
EB28
F080
F5F8
FC10
0196
058A
07AA
0819
073A
0593
0380
010D
FE19
FAF7
F76B
F073
E497
D95A
D548
D849
DE4D
E49D
EA62
EFE1
F643
FE00
0551
0A2A
0C07
0B1D
07CC
02A0
FCB1
F7A7
F4C7
F486
F6D4
FB5B
0110
05FD
088E
084E
0568
0088
FAE5
F611
F37F
F40D
F7CF
FDAC
03BF
08F1
0C7D
0CF5
0A6B
05F0
0005
FA14
F5F3
F45B
F50D
F74C
FA07
FBEF
FBE2
F9A5
F5FA
F15F
EB3B
E570
E4D1
E97B
EED0
F371
F861
FCE5
FFBC
0080
FF7C
FD76
FB5E
F9B9
F882
F77F
F66C
F535
F3EF
F232
EFA9
EDA8
EE0F
F0E1
F4D4
F937
FDAC
014B
031E
02B1
0023
FC6F
F974
F89F
FA7E
FF3F
051F
09F3
0DE7
10CB
1122
0E61
0946
02F1
FCDE
F947
F979
FCFE
030B
09BB
0E71
10C8
119A
10AB
0E28
0B77
0A04
0A86
0CC7
0F95
1192
11F8
0F32
091C
009D
F631
EDC6
E2CD
CDF1
C1EC
D169
EC56
FE6B
0824
0D9D
0E93
0C8E
090F
0492
0136
009B
02D4
06F5
0B5C
0F1B
117E
11E9
1055
0DCA
0B51
092F
089E
0A6C
0CFF
0EC6
0FB4
0F6A
0DDA
0B91
0872
05D4
0675
0ACB
0FDA
132D
1513
15AE
142F
1044
0A32
02B4
FBBE
F770
F6B1
F965
FEAE
046D
07EC
0776
0260
F928
EAFE
C829
8000
8000
8000
9ACD
D521
EC97
FAF9
05F1
0E2A
10CD
0D89
0987
05B5
01E0
FF8A
FF10
FFBD
0099
0090
FECA
FB0D
F632
F1D3
EF18
EEA4
F0D1
F56D
FC08
035E
0961
0C99
0C68
08C0
0294
FB4E
F382
EE49
EF4E
F3AB
F82A
FDC2
03BE
07E6
092F
0758
0287
FBD8
F50A
EF32
EB12
E960
EA52
ED9F
F2A9
F880
FE20
02ED
06B1
0934
FD75
0444
0ADD
15C0
1F8D
1F60
191B
145F
0F96
099A
03A3
FF63
FD2A
FBD9
FCB8
FFAA
0628
12B7
1DEA
1F0D
1974
1490
1243
10B0
0E2A
0A05
0432
FD57
F6BD
F17B
EE10
ED0A
EEAA
F2C5
F97E
01AD
0927
0EA0
101D
0D54
0764
FD22
F1FE
E7D3
DA6D
D4A5
DF89
ED45
F9A1
07B6
12B1
1C5E
1ED5
161B
0B77
FD5B
EF22
E15E
CA2A
BE4F
CE94
E4CB
F2C7
FD39
0576
09FF
0AA5
0817
0369
FDF1
F94C
F6A0
F63C
F7E7
FB27
FF48
0368
06BA
08EF
0A1D
0A6D
09EE
0883
05FD
0270
FE47
FA42
F762
F65E
F744
FA2D
FEB8
032C
0630
07EF
08A8
07DB
050D
008F
FBA8
F7C6
F5AD
F573
F6BA
F8C8
FAC5
FC1B
FC8F
FC2D
FB75
FB3A
FC10
FE00
0096
0300
042F
0364
0091
FC55
F7DC
F4A5
F411
F733
FE90
08A5
1349
23C2
3B93
4527
343F
1CB4
0CAF
016A
F974
F5E5
F752
FDEB
07D5
10F1
18DE
1F43
1F3A
18B0
1064
0837
004D
FA10
F6E0
F6BE
F8A2
FB4F
FDA1
FE91
FDA0
FB2A
F7AB
F3D6
F0A9
EF11
EF85
F1D5
F598
FA19
FF3D
0426
0754
08D3
085E
0633
02EB
FE6D
FA11
F726
F606
F6CF
F9A2
FE6E
03C9
082B
0AE8
0BB2
0AC9
08BC
064D
04B2
0510
07C9
0C36
1151
16C4
1B60
1BEE
17CA
1214
0C8A
0757
039A
028B
0451
07D1
0B30
0CF1
0C48
08C0
0227
FA6B
F4B1
F13A
F100
F45E
F950
FF80
049F
0608
0393
FDF6
F693
F06C
EDA3
EEC3
F3AA
FB4A
04FA
0C1F
0E76
0C30
035A
F6F9
EC34
E6DC
E93E
F04F
F929
04E2
0F59
16E5
18C3
12A9
0911
FA69
ED14
DE28
CB13
CB1F
DC1D
E9ED
F3C8
FB8A
FFD4
00BE
FEE8
FB2C
F6EC
F3D2
F2B3
F368
F544
F75E
F8C5
F8E3
F7CC
F62C
F4F0
F4CB
F614
F8C5
FC78
003C
0304
045D
049E
0490
051E
06F7
0A3F
0E7C
12AA
1527
143C
0FFA
0858
FC61
F0A3
E690
DB8A
DA39
E4F8
EFC6
FBD0
0921
1200
1679
154D
0FA0
06FE
FBBE
F227
EC20
E935
E9EE
ED05
F08F
F3BD
F5D7
F63B
F4F9
F2C8
F09B
EF47
EF46
F0A9
F32D
F66F
FA10
FDA5
00C1
0323
04BE
059F
05D0
0546
03DF
0176
FE41
FB10
F8A9
F74F
F74A
F903
FCE7
0338
0A07
0F2C
1304
14C9
12E5
0E96
08ED
01A1
FA1F
F491
F1B0
F15C
F339
F6E0
FBEB
0183
067C
0A0D
0C0C
0CB5
0C72
0BA2
0A9E
09A6
08C5
07D1
06A3
0565
045C
039C
031B
02A4
021A
0185
00EA
0036
FF53
FE6B
FE2F
00C3
056C
0584
FF59
F973
F664
F407
F255
F1B0
F176
F1BD
F2C6
F445
F5F3
F7D0
F9E9
FC33
FE9A
011A
03A9
0643
08C3
0AF8
0CA5
0D95
0DA0
0CB0
0ACC
0817
04D9
0195
FED7
FCF8
FC07
FBC3
FBC3
FB96
FADF
F965
F73B
F4D9
F2E4
F1E3
F233
F421
F811
FE0D
04F5
0B71
11CD
181F
1C45
1C8A
19C3
1555
0FD0
0989
0311
FD0F
F829
F51D
F457
F585
F7DC
FAB3
FD90
FFF3
015A
017A
004C
FE14
FB68
F909
F79E
F78F
F8FB
FBBD
FF66
033E
0681
0892
0915
07D9
04DB
008A
FBDC
F7CB
F4D1
F30B
F26B
F2C6
F3D4
F532
F66E
F73B
F796
F7D0
F871
FA0F
FD03
014E
066C
0B81
0FE9
1319
13F4
11A1
0CB6
064D
FF5C
F912
F47D
F23C
F254
F44D
F792
FB20
FD9D
FE24
FCA6
F9F0
F763
F659
F7C5
FC44
03BF
0C42
13B7
1AB9
1F05
1BC3
1323
0932
FEA1
F550
EEF3
ECC8
EEF1
F4D1
FDA9
0604
0CB4
11B9
11C9
0D6F
080D
021C
FC53
F8B0
F82A
FA72
FE92
0333
06F8
08E2
085D
0524
FFB6
F9A1
F3F2
EEF4
EC21
ECB0
EF63
F31F
F8A3
FFEF
0749
0D2F
1151
139E
13D3
1203
0EAA
0A2F
052C
0082
FCDD
FA8B
F9A8
FA4A
FC57
FF09
016D
0380
05AC
07DB
09BD
0B28
0BE8
0BAF
0A2B
072B
02BB
FD35
F77B
F30B
F10C
F14C
F356
F7BE
FEA6
062F
0C1D
0F6C
0FE9
0DBF
0976
03FD
FE8B
FA06
F6D8
F4FA
F3DA
F294
F045
EC3A
E5C4
DC34
D0C2
C952
CCC7
D957
E5C7
EDCD
F3C9
F930
FD0B
FEAC
FE5C
FCED
FB6F
FB06
FBD5
FCAF
FDB8
0044
032E
0491
049A
03D2
02F7
0319
0414
05AC
07F0
09B3
09A4
07B3
0463
0047
FC3F
F9B8
F99A
FBC3
FF78
03A3
06D9
07E2
0645
025A
FD82
FA02
F981
FC87
02DE
0B83
1507
1DA0
202C
1929
0F14
0104
F181
D5EB
8082
8000
8000
B30C
E4F5
F736
0314
08C7
0946
0639
0137
FBFC
F903
FA05
FEF1
0635
0D65
12CD
14A7
11F9
0C26
02F0
F7F2
EF9A
EA2A
E7C8
EA54
F0A8
F836
FF58
04ED
0835
08DB
06FA
0341
FED9
FAE6
F847
F774
F83C
FA0C
FC83
FF5E
022F
0489
0619
0698
05D3
03C9
00A9
FCF0
F952
F6A1
F582
F633
F88C
FC66
0155
061D
09D3
0D01
103B
132F
1592
177E
18C4
18AC
16AC
1300
0E0C
0778
FF89
F7E7
F1A7
EDD0
ED9A
EFBC
F307
F787
FBA6
FD99
FCA5
F8FA
F3CC
EF4C
EC70
EC70
F0B5
F76B
012B
0B4A
145C
2370
2D31
2426
15D0
0E38
0B5E
0B72
0E7B
13D3
1C66
2F90
516D
6A0B
5B6D
3354
125E
FFA2
F50F
EFF8
EFB6
F37F
FAAC
0354
0A29
0D93
0D6B
0A14
0427
FD28
F79F
F523
F5FF
F9EE
0016
0689
0B2E
0CF3
0B8B
06F9
FFDB
F849
F268
EF11
EEEC
F1F3
F782
FF51
07BC
0E7A
12E2
14D6
1419
113D
0CF7
077F
0131
FB26
F6A5
F348
EF07
EA9A
EA51
EEB6
F333
F5D3
F86E
FBB2
FEC1
00F1
01F4
01A8
003E
FE56
FC73
FB17
FAC5
FB63
FC85
FDCA
FEBA
FEB6
FD5B
FAC3
F78E
F4A0
F2BD
F25A
F3A5
F692
FAB4
FEFA
020A
0315
0204
FF24
FB0C
F6BB
F364
F1C7
F1F8
F396
F602
F875
FA2B
FAB9
FA5C
F9DF
FA55
FCC5
01EB
0974
1164
1A1C
2835
3694
3593
264D
17CC
0D12
0298
F953
F2CB
EF54
EEC0
F03A
F28C
F4EA
F66D
F662
F5AB
F546
F512
F4A8
F3F3
F327
F22F
F0C6
EF48
EE48
EE44
EFBC
F2FC
F86D
FFFF
07E8
0DE0
10FB
1129
0E95
0A1D
0529
0139
FF93
00DD
050A
0ACD
0FF4
130A
130E
0FA9
093E
FFEF
F67C
F010
ED2B
EDE5
F19C
F721
FD3E
0228
0460
0371
000D
FBC1
F80E
F5D2
F55E
F68F
F8AF
FA6D
FA83
F861
F473
F02F
ECB2
EA82
EB1C
EEE9
F472
FB12
01D6
06CF
08EE
0835
054B
0145
FD4F
FA70
F955
FA1C
FC25
FE67
0006
0098
0025
FF3D
FEC5
FF7B
01B3
055F
0A0F
0EE6
1303
15C3
1687
1528
125F
0F10
0B9F
07F3
03DD
FF71
FAF9
F6A5
F29A
EF39
ED26
ECFB
EEE7
F2C1
F85D
FEFD
04F7
08DD
0A47
098E
077B
053C
0428
053B
087B
0CD3
10E7
13AD
13C8
10C1
0ADF
020E
F917
F325
F11C
F36C
FA3C
056D
105A
1A3D
262F
2AF9
2395
192C
10C9
0A1B
05E5
04A5
05C8
080B
09CB
09B7
075D
027F
FB27
F3BB
EEA4
EC71
EE12
F301
FA9C
044C
0C8F
116A
12D5
10EB
0CB7
06E1
00C5
FC99
FBB7
FE5A
038C
0ADD
15C0
1F8D
1F60
191B
145F
0F96
099A
03A3
FF63
FD2A
FBD9
FCB8
FFAA
0628
12B7
1DEA
1F0D
1974
1490
1243
10B0
0E2A
0A05
0432
FD57
F6BD
F17B
EE10
ED0A
EEAA
F2C5
F97E
01AD
0927
0EA0
101D
0D54
0764
FD22
F1FE
E7D3
DA6D
D4A5
DF89
ED45
F9A1
07B6
12B1
1C5E
1ED5
161B
0B77
FD5B
EF22
E15E
CA2A
BE4F
CE94
E4CB
F2C7
FD39
0576
09FF
0AA5
0817
0369
FDF1
F94C
F6A0
F63C
F7E7
FB27
FF48
0368
06BA
08EF
0A1D
0A6D
09EE
0883
05FD
0270
FE47
FA42
F762
F65E
F744
FA2D
FEB8
032C
0630
07EF
08A8
07DB
050D
008F
FBA8
F7C6
F5AD
F573
F6BA
F8C8
FAC5
FC1B
FC8F
FC2D
FB75
FB3A
FC10
FE00
0096
0300
042F
0364
0091
FC55
F7DC
F4A5
F411
F733
FE90
08A5
1349
23C2
3B93
E8E0
EAD9
E3F4
E5AA
EAF1
F13C
F925
0217
0964
0E33
10E5
1184
1075
0E8C
0C71
0A76
08C0
075A
063C
055B
04BC
0480
04D4
05DC
0792
09A7
0B9C
0CDC
0CDC
0B20
0745
0159
FA67
F410
EF24
EBF3
EB7C
EE1A
F2D4
F8BE
FEF4
045A
07D1
08BB
07EB
065C
0435
0214
00E9
0105
0220
039D
04A7
0473
02BB
FFEB
FCB6
F9C6
F7BC
F719
F80C
FA40
FD13
FFBB
0174
019D
FFE5
FCBC
F96D
F730
F6B9
F876
FCAA
0311
09B2
0EEE
12B2
1405
1273
0F66
0BD8
081D
04F9
031C
0288
0289
0211
0011
FBE2
F608
EFCB
E87E
DFDC
DC00
E10C
E952
F105
F9FB
0359
0A7B
0E43
0EA0
0BFE
0744
01FB
FDA7
FB2D
FAC0
FC13
FE8E
0140
0327
03AA
02C3
00E2
FEAC
FCB8
FB64
FAC8
FAD6
FB34
FB5C
FADE
F99D
F7CD
F5E0
F448
F356
F31F
F385
F43F
F4FD
F583
F5C7
F5FD
F689
F7D7
FA2F
FD91
018B
0552
0811
093A
088F
0630
028D
FE83
FB1D
F90A
F870
F90E
FA5A
FB87
FBBA
FA44
F6D8
F261
EF5F
EFB7
F2A9
F694
FB32
0063
04E4
0774
07AE
05E0
02D5
FF96
FD14
FC00
FCB7
FEEA
0174
02DD
01FE
FE70
F8DF
F2CE
EDB1
EAE1
EBAF
F002
F780
01E5
0C49
13F9
18D0
1992
156F
0EA9
0761
004F
FA71
F6D4
F5A7
F669
F842
FA4B
FBBF
FC33
FBB5
FAAF
F9AA
F903
F8CD
F90C
F9DC
FB5E
FD38
FE92
FFCD
01E5
03D9
04AC
0400
0167
FD91
F8F3
F40B
F023
EE86
F01D
F504
FC9B
05A3
0DB9
12A9
13C5
1074
09C4
010B
F84A
F2E9
F24C
F6A3
0000
0BC7
15CF
2269
2BC1
24EE
1885
1006
08B6
03B3
02F3
067F
0CD9
13C9
1A06
1CD5
1923
1252
0AD0
0251
FB96
F8DB
FA38
FEA7
0414
080D
08E9
05F0
FFE6
F8F0
F23B
EF90
F32E
F8BF
0199
0AB1
1320
1A80
1626
0DD6
077F
0056
FC19
FB46
FEF1
05BE
0C4C
1049
0FEE
0A81
FFB4
F2A9
E714
D641
CB48
D799
E879
F38B
FED1
06FD
09B0
072F
003C
F71C
EFEE
EBD4
EBB6
EF4E
F4A2
FB0F
0061
0275
00D7
FC9B
F837
F483
F26A
F607
FE16
060B
0C01
0E38
0B53
024B
F487
E64A
BDD5
8000
8000
9B97
DC0F
F445
09A4
2059
6C2E
7FFF
7FFF
6905
2AF2
1154
0653
007C
FE65
FF73
0282
061E
08F4
0A43
0A14
083C
04E0
0157
FEE9
FE3A
FF8B
02F5
07B7
0C62
109F
13E3
1534
149A
123A
0E40
093E
0414
FF9B
FB80
F754
F3B3
F10D
EEF6
ED0E
EB81
EAC9
EB6D
EDB5
F16E
F68D
FD55
0420
0931
0CFD
0D9B
099A
0418
FE40
F85E
F4C1
F410
F620
FAB1
00D5
074B
0C8B
0F95
1012
0E25
0A57
0565
003F
FBBC
F847
F61A
F56A
F5E1
F6B0
F743
F728
F632
F4F3
F3E2
F2ED
F21C
F1BF
F1E5
F249
F2CB
F38A
F495
F5E8
F7A5
F9D2
FBF4
FD4A
FD4F
FBD6
F906
F56C
F1F5
EF73
EE5C
EEEE
F123
F4CF
F970
FDEB
0145
02E5
02DF
0155
FE3D
FA95
F743
F47F
F2A3
F1B4
F1FF
F420
F7EE
FCE5
0295
0896
0E26
1229
13E9
1311
0FEB
0ADA
0405
FD5B
F94A
F895
FB57
0186
0A20
1226
18CE
1DA7
1C01
14C3
0C8D
0286
F7DD
F033
EBF1
EAD1
EC62
EF42
F268
F52B
F6FE
F7B9
F7B4
F788
F7AE
F83E
F8EA
F91A
F82C
F5D7
F272
EEA8
EAEA
E852
E8B8
EC40
F202
F9EC
0279
094B
0D58
0E4B
0C72
085A
02FD
FE36
FB83
FB5B
FD6C
00A8
03C1
05E6
06E6
0707
06ED
078D
09EF
0ED2
1669
205D
2B1F
31FD
2F34
23BC
16CC
0C64
0449
FE93
FBED
FC63
FF3F
0318
0632
075A
0640
0345
FF48
FB85
F949
F95C
FB92
FEBE
0135
017E
FEAA
F8D9
F212
EBB3
E595
E419
E99F
F11B
FAA9
0658
0F3A
1460
1568
1288
0D9F
0762
017D
FE00
FDAC
0039
04A1
090B
0BD6
0C7C
0B15
082A
0482
00EE
FE44
FCFB
FCE6
FD58
FD8D
FD01
FBB2
FA33
F966
FA1B
FCE5
0200
08A9
0EC6
1353
1721
184A
13D4
0B9D
035B
FC65
F747
F4BF
F515
F7C9
FBE8
0041
03B9
05A4
05BE
040E
00BE
FC4D
F7D1
F43B
F1CC
F069
EFFF
F07C
F1D5
F408
F6FE
FADB
0004
0548
0A28
10FD
16F5
1516
0E0C
08A4
03AF
FD63
F7D6
F337
EF1B
ECF1
ED1E
EE43
EF59
F042
F116
F1CC
F254
F2B5
F308
F36D
F3FD
F4CA
F5F4
F793
F9A2
FC00
FEA0
0162
03B6
050B
05A6
05FE
05BA
0489
0328
027A
0277
028D
022D
00ED
FE85
FAF7
F6D8
F338
F0AF
EF58
EFCE
F24A
F5DC
F9B2
FD22
FECE
FD80
F923
F2DE
EB99
E1EC
D59A
CE05
D2A6
DEC6
E944
F09C
F710
FC9B
0039
01BA
01A4
00C8
0001
FFE4
0095
01CE
02F2
0373
0344
0291
018B
009B
0051
0116
02EB
0565
07E5
09DA
0AE9
0AFB
0A3B
0900
07C5
0712
073F
0846
09CF
0B56
0C62
0CB4
0C60
0BB9
0B31
0B1B
0B84
0C2B
0C8F
0C19
0A53
070C
02A3
FE44
FB03
F98D
FB6C
00EE
0853
101D
1733
1D0B
1E59
1929
122F
0AF8
02D1
FC64
F940
F97C
FC55
00B7
054B
0800
0818
05FF
027A
FEB0
FBD4
FAE3
FC5B
FFA8
0342
059E
05BD
0300
FD4A
F5DC
EF20
EA1A
E7A4
E95C
EE19
F487
FC9B
042A
0905
0AEA
0A50
07FE
04C9
01D8
0063
00E3
02F2
05A1
07CE
0874
06DF
02E0
FD1B
F717
F264
EFD5
EFD1
F26F
F7B7
FF83
0805
0F11
149E
1873
18DB
15E5
1166
0BF3
055C
FECC
FA27
F882
FA17
FEC6
05F0
0DAB
144A
1B60
225C
2206
190B
0F1C
0682
FD57
F589
F0F0
EF67
F069
F323
F6D1
FA78
FCF3
FD9C
FC8C
FA7B
F87E
F795
F86D
FB52
0010
05BC
0B11
0F3A
11D1
128A
116F
0EEB
0B7E
07EA
0548
0422
03B7
02CC
0146
0040
0097
0218
03FD
0589
0638
05A9
0384
FFB8
FABE
F574
F08F
EC98
EA69
EAC8
EDB0
F2A6
F914
FFCB
055B
08C6
099B
07B4
0347
FDA8
F8DB
F5D1
F4B3
F592
F7FE
FB5C
FEF7
01B0
0284
0119
FDDB
F9E7
F67E
F401
F1BC
EF37
EDAF
F025
F7FB
017D
0775
0938
0896
05D9
0181
FD35
FA06
F846
F81C
F984
FC4B
FFE7
0389
0676
0858
0928
090E
083E
06BB
049D
023D
FFEE
FDD5
FC0D
FAD8
FA88
FB61
FD94
0144
0641
0BC0
10DA
158F
1AC2
20B8
2480
211E
1786
0F2F
0A48
05E2
0244
0064
0031
0108
022C
029A
0399
0730
0650
FE96
F85D
F57B
F47D
F602
F9C2
FF20
04FD
0961
0DA6
123E
1097
0941
02F3
FE12
FA31
F89A
F9E1
FE1E
0497
0B56
119A
16C8
1825
157F
10C5
09DE
00F6
F839
F1BF
EE7E
EEB5
F1FE
F7DE
FFC7
078D
0CBD
0EBD
0DD1
0A69
04E2
FE62
F923
F678
F68F
F94E
FE50
041B
08B5
0B33
0B5C
092B
04B8
FEC8
F91B
F522
F35F
F3C8
F60B
F9A6
FDEC
01D0
045C
059F
05EC
0513
03B4
02B8
0201
016D
011C
0119
016C
0226
0347
051D
0808
0B14
0D4E
0F12
0FFB
0ECC
0AFE
04BF
FC97
F409
ECD9
E728
E3F4
E5AA
EAF1
F13C
F925
0217
0964
0E33
10E5
1184
1075
0E8C
0C71
0A76
08C0
075A
063C
055B
04BC
0480
04D4
05DC
0792
09A7
0B9C
0CDC
0CDC
0B20
0745
0159
FA67
F410
EF24
EBF3
EB7C
EE1A
F2D4
F8BE
FEF4
045A
07D1
08BB
07EB
065C
0435
0214
00E9
0105
0220
039D
04A7
0473
02BB
FFEB
FCB6
F9C6
F7BC
F719
F80C
FA40
FD13
FFBB
0174
019D
FFE5
FCBC
F96D
F730
F6B9
F876
FCAA
0311
09B2
0EEE
12B2
1405
1273
0F66
0BD8
081D
04F9
031C
0288
0289
0211
0011
FBE2
F608
EFCB
E87E
DFDC
DC00
E10C
E952
F105
F9FB
0359
0A7B
0E43
0EA0
0BFE
0744
01FB
FDA7
FB2D
FAC0
FC13
FE8E
0140
0327
03AA
02C3
00E2
FEAC
FCB8
FB64
FAC8
FAD6
FB34
FB5C
FADE
F99D
F7CD
F5E0
F448
F356
12C9
121F
0E6D
0729
FC2F
F1AC
E9FD
E34A
DFE7
E295
E9B8
F211
F8BB
FC49
FD7E
FD00
FACB
F7A9
F4B2
F2C3
F275
F3C2
F6D6
FBBE
0094
051B
0B3D
1192
16C7
1C1B
1F58
1D57
1802
1243
0C31
0514
FDEB
F8DD
F57D
F2F9
F433
F878
FBA4
FE0C
006A
0221
0382
04CE
0692
092B
0C06
0E7C
103E
1107
108B
0EB6
0BCC
084F
04C3
01A0
FF51
FE00
FD70
FD33
FCE1
FC48
FB39
F997
F7F2
F6F9
F7C3
F971
F793
F44D
F712
FDEE
022B
02BA
015B
FF5B
FDC8
FD34
FDA5
FEDF
007E
021B
031F
0299
0030
FD10
FAB6
F9A6
FA53
FD13
013A
05C2
09B0
0C09
0C06
096D
047F
FDC6
F6AD
F15D
ED8B
EA56
EBAF
F246
F903
FFDC
0738
0C78
113B
14E8
1339
0E4B
0A3F
068A
0280
FF5C
FDE2
FE17
FFB0
0241
052A
0788
08BF
08C0
07C5
061D
0421
0212
0008
FDED
FB7C
F86E
F4B4
F084
EB8F
E499
DCAB
DA07
E05C
E9B4
F1C4
FB83
05CC
0CE2
1073
1016
0C58
064B
FEC4
F889
F5ED
F76E
FCB4
0463
0BF5
119E
1419
12D0
0F03
0949
0350
FF6B
FEDC
0253
0874
0F0C
141A
15E0
133E
0CC9
038E
F90B
F0BD
EC2B
EB86
EEA3
F399
F8AF
FC4D
FCB9
F97D
F40C
EE4C
E91A
E6F9
EA36
F067
F88A
021C
095A
0C35
0A5A
0435
FADD
F180
EA5C
E573
E574
EA3A
EFFA
F581
FA42
FCBA
FC46
F9B0
F68D
F483
F4D3
F833
FE60
056C
0B78
0FEF
1159
0F1A
0AB9
04A3
FDA6
F83A
F5C2
F61A
F882
FBE9
FF17
0100
011B
FF7A
FCB5
F9A0
F729
F62A
F70B
F95E
FC33
FECC
00AA
0169
00EB
FF7B
FDC2
FC87
FC6C
FDCE
0043
027D
04DD
0B62
176B
2251
25A3
2308
1ED3
1A61
156F
0FEE
0939
008E
F79B
F0C0
EC5C
EA78
EB91
EF62
F515
FBC9
0297
0895
0D05
0F85
102F
0F69
0DA8
0B37
0877
05C9
033B
00BD
FE53
FBFA
FA27
F960
F970
FA68
FC44
FE7F
00E7
02F8
03F3
03C0
02A3
0107
FF7B
FEAA
FF3E
016B
04E6
0919
0D2C
1045
11BF
1147
0EE8
0B07
05FD
0084
FC28
FA3B
FB06
FE54
03AC
0A23
1057
1542
1932
1BB7
1A12
136E
0B38
045E
FEF4
FB32
FA05
FB6F
FE74
01E9
04AC
05C2
047B
00C3
FB94
F684
F2CC
F129
F1FF
F55C
FABF
009F
051C
0714
05EE
015B
FA03
F276
EC59
E750
E4D5
E670
EA9D
EFA4
F4C5
F92E
FC30
FDA1
FDED
FDC6
FDE0
FE97
FFBD
0111
0262
02CA
0183
FEBF
FB0F
F716
F3B7
F23A
F2E7
F513
F85C
FB4A
FC78
FC64
FB49
F903
F650
F41F
F302
F346
F4E7
F77E
FA60
FCD1
FE34
FE51
FD77
FC53
FBA7
FC24
FE4E
0201
066B
0AB5
0E4E
10CC
1203
1210
1157
106B
0FCA
0FAF
1000
1063
1077
0FFD
0EE8
0D5A
0BA2
0A16
08F7
0850
07EC
0755
0607
039A
FFF5
FB7B
F729
F423
F2E5
F369
F5A8
F90B
FCB0
0047
0354
04E8
04DD
03ED
0314
032C
04A6
0740
0A45
0CCA
0DA4
0B85
060E
FB74
E490
C68B
BC6B
CDC2
E16D
EAFD
F216
F9D4
011E
064F
0757
055B
0255
FEC2
FB49
F8E1
F7E6
F809
F89D
F8DF
F83C
F699
F45C
F232
F0C0
F072
F172
F3A3
F68E
F941
FAD0
FAEB
F9CA
F7DF
F618
F5CE
F7BB
FB84
003A
04B1
079A
07E2
053B
000A
F97F
F35A
EEF7
EDFD
F0E5
F6D3
0051
0A51
111F
14BC
13AC
0EC7
06CC
FC08
F306
EDD4
ECB2
EFD0
F69F
FFFB
08DA
0F90
1310
12A9
0F44
0992
02FB
FDAE
FB4C
FCB7
01A7
0811
0E88
1515
191D
179D
1296
0C7F
04C1
FC77
F677
F405
F53A
F9FF
01D0
0A69
11C9
1857
1D70
1F0D
1D05
193D
15B5
132F
11B3
149D
232C
373A
364D
1D3A
08EF
000D
F89C
F357
EF5F
EDE8
F081
F42D
F951
FFE1
0596
0924
0A24
0881
048F
FF4A
F9E7
F574
F2AF
F1BB
F21B
F335
F496
F621
F7FC
FA52
FD52
0135
05C2
0A25
0EB3
13C8
158A
11EE
0CF8
06D4
FDA1
F485
ED34
E7BA
E6A6
EA3A
F034
F88F
02F1
0C8B
13F9
194C
1B5A
19B9
1630
128D
0F88
0D76
0C8F
0CB6
0D68
0DE9
0D80
0BA9
083F
03BB
FF0F
FB37
F8EE
F8AA
FA97
FE53
029C
05E8
0736
0600
021B
FC1C
F5E3
F167
EFA4
F128
F635
FF37
0A0E
1332
1DFF
2912
277E
19E1
0C26
00A3
F6DC
F049
EDDF
EFF5
F55D
FDC6
074C
0E5C
11DF
11ED
0F03
0A04
038B
FD11
F8A4
F6FC
F784
F936
FB09
FC27
FBEA
F9FE
F6D5
F35D
F04E
EE1E
ED41
EDE0
EFB3
F222
F41E
F440
F24B
F05D
F0C5
F25F
F22D
EFED
ED83
EBB0
EA4B
E997
E9EA
EB2B
ED3F
F021
F3A8
F78C
FB74
FEFF
01D7
03E3
0551
068C
0809
0A27
0D04
1066
13D4
16C7
188C
1843
15CF
123B
0E45
09F8
05D0
02A7
00F2
0089
00E5
015B
015C
00AA
FF60
FDD1
FC76
FC09
FD1C
FF55
01D6
0409
0554
0502
02D8
FF5B
FB78
F814
F5E0
F53C
F637
F894
FBBA
FEC1
00C7
0165
00CD
FFAB
FED2
FEFE
00C5
0446
0880
0C0B
0F08
117C
116B
0ED5
0BBF
0809
0377
FF85
FCE8
FB2E
FA02
F928
F8A8
F871
F83E
F88D
F99F
FB97
FF06
0338
06E4
0962
0A52
09A3
0746
03C6
009F
FF19
FFC7
02A4
0704
0BCF
0FE4
11E1
10E1
0DAD
087C
01A2
FBFD
F965
F9B0
FC50
00D0
0687
0ABB
0B6D
08CF
0373
FBCE
F3AD
EE61
EB27
EAC6
F04F
F799
FE3B
0534
0996
0A19
07F1
0474
00EF
FDBD
FC3C
FDAF
0173
06B8
0C2A
0F9D
108C
0FF3
0DCD
09D4
0517
0106
FE82
FDCC
FEB5
00E9
03C4
0655
07F3
086A
07CE
0652
0456
0266
00F1
0030
0020
00A0
0179
0265
0316
0354
02FF
0205
FFE8
FC27
F8B1
F920
FD14
00D1
0387
066E
092C
0B15
0C0A
0BEF
0ABA
085C
050B
019A
FEF8
FDC1
FE30
002F
0347
068D
0901
0A04
095F
072F
03CF
FFE9
FC6B
FA4B
FA11
FB69
FD59
FF1E
0089
0142
00AA
FE55
FA7F
F659
F35D
F264
F3CE
F7D9
FEB4
074D
0F35
15BB
1BD5
1F38
1CAD
165D
0F6B
06D4
FC99
F35A
EBCD
E5C6
E2DE
E429
E84B
ED30
F1F0
F68B
FAB7
FDC2
FF4D
FF98
FF3C
FEF6
FF52
007F
0246
041B
0558
05A9
0481
014D
FCD2
F875
F50E
F371
F3EE
F67F
FB8C
01C4
070C
0AC7
0B6B
083E
02FC
FBE7
F447
EE88
E8FF
E421
E4B3
EA06
EF1E
F29A
F5A9
F8B7
FBB7
FED8
0245
05B4
08AF
0B3B
0CF1
0CBF
0A86
0651
FFDE
F8E1
F3C6
F173
F220
F5C9
FC40
0422
0A91
0DD8
0D91
0992
0267
F918
F03F
E94D
E3F0
E3A3
E8C7
EF2B
F6CD
FF43
06FD
0CCB
0F23
0F95
0F1D
0CFE
09AB
05EB
01E8
FDC1
FA5C
F86A
F7B5
F800
F968
FC25
FFBC
02C6
044C
03F7
016D
FCD2
F796
F351
F0B6
F056
F2A1
F755
FD0E
0254
05FF
071E
051D
005D
FABA
F5F5
F33C
F378
F6CC
FC08
016F
056B
067D
0367
FCAB
F4C9
EC7D
E4D6
E1E8
E54B
ECF5
F6EA
016D
0B0B
1198
125A
0E6D
0729
FC2F
F1AC
E9FD
E34A
DFE7
E295
E9B8
F211
F8BB
FC49
FD7E
FD00
FACB
F7A9
F4B2
F2C3
F275
F3C2
F6D6
FBBE
0094
051B
0B3D
1192
16C7
1C1B
1F58
1D57
1802
1243
0C31
0514
FDEB
F8DD
F57D
F2F9
F433
F878
FBA4
FE0C
006A
0221
0382
04CE
0692
092B
0C06
0E7C
103E
1107
108B
0EB6
0BCC
084F
04C3
01A0
FF51
FE00
FD70
FD33
FCE1
FC48
FB39
F997
F7F2
F6F9
F7C3
F971
F793
F44D
F712
FDEE
022B
02BA
015B
FF5B
FDC8
FD34
FDA5
FEDF
007E
021B
031F
0299
0030
FD10
FAB6
F9A6
FA53
FD13
013A
05C2
09B0
0C09
0C06
096D
047F
FDC6
F6AD
F15D
ED8B
EA56
EBAF
F246
F903
FFDC
0738
0C78
113B
14E8
1339
0E4B
0A3F
068A
0280
FF5C
FDE2
FE17
FFB0
0241
052A
0788
08BF
08C0
F105
F1A5
EF30
EF3C
F055
F214
F3E1
F518
F538
F403
F1AE
EED1
EC0E
EA15
E9EB
EC14
F017
F58A
FC22
02A5
075F
093F
083E
0517
00E9
FD07
FADF
FB94
FF2A
04A3
0AE7
108D
13F3
1442
11D6
0D47
067D
FE55
F7C9
F370
EF2E
EC6E
ED5E
EFD9
F0B6
F0BD
F033
EAEB
E5C5
E955
EF53
F18B
F355
F628
F8EC
FAFB
FC42
FD5D
FEC5
00A7
0300
0589
07C5
0917
08EE
06D9
02A2
FCBF
F682
F0F4
EC55
E978
E911
EA9E
ED56
F0A5
F3EB
F6AF
F8DD
FA9C
FC28
FDB8
FF7C
0197
0400
066E
086C
0998
09C8
08F0
0732
04EF
028D
006B
FEAF
FCE0
FAB6
F8A0
F6E6
F549
F37D
F18E
EFEE
EF20
EDAF
E904
E50F
E8FB
F1D2
F7E9
FBAF
FFEB
03AA
05D8
0608
03E3
FF2E
F837
F108
EAD4
E556
E308
E63D
ECF6
F50E
FDEE
0631
0C0A
0E7B
0D5B
0947
03CC
FEE1
FBE3
FB5E
FD5E
0106
0446
056D
03A7
FEA4
F769
F109
EB20
E50C
E68C
F15C
FE52
09F2
1346
181D
1646
1087
0884
FE58
F63B
F2AC
F39D
F844
FEED
0586
0AF2
0BBB
0541
FB4C
F236
EC67
EB8D
EFFD
F98B
05AB
1235
21E7
27CE
1C15
0F8B
01EB
F320
E90B
E27A
E607
EF12
FAB3
090C
1335
19E4
19A7
127A
0991
FEB4
F534
F055
F005
F3AF
F9E6
00DF
066B
08E4
07C3
034B
FCC9
F6B5
F300
F24E
F4B0
F9F5
013E
0865
0DCD
10F0
118C
1029
0D5E
0999
05DE
0333
0212
028E
0468
06F1
0967
0B46
0C22
0B90
0937
0510
FF6F
F8FF
F2F7
EE6A
EBAE
EB2A
ED3E
F148
F73C
FF0F
06A5
0C02
0E98
0E38
0AFD
05FB
00B8
FBEB
F87A
F760
F8E4
FD3A
0346
08ED
0D28
0F9B
0FD7
0DD9
09EF
0469
FE0B
F75C
EFCE
E826
E315
E16B
E178
E20E
E372
E658
EACB
F00A
F5EE
FCE9
0454
0AB8
0F9D
12F0
13C6
11DF
0EC3
0B88
0804
0452
0101
FE5A
FC49
FA93
F8EC
F6C1
F35C
EEFF
EB01
E84B
E727
E7B8
E9BD
EC77
EF44
F19F
F2E9
F2BC
F139
EF08
ED3F
ECBA
EDFB
F1F9
F888
0076
08BF
0FEA
154E
1833
1749
1344
0E02
086E
0300
FE7C
FBB8
FAFF
FBDE
FD81
FF2E
006C
0106
0112
00E1
00CB
00F5
0142
0170
0102
FF66
FC8B
F88A
F45F
F152
EEB8
EDBE
F0B1
F5B7
FAF1
008B
056E
0820
082E
05C8
01B6
FD67
FA22
F8BA
F9A6
FCAF
0117
05DA
09D7
0C50
0CFF
0C11
0A1A
07D4
05F9
051A
056C
06C5
08AF
0AAD
0C51
0D5D
0DCB
0DBC
0D3A
0C4C
0AF3
0905
0604
015A
FB4A
F47D
EB4C
DCF3
CCCF
C517
CB7A
D9D3
E670
EEE8
F647
FD97
0341
062E
0684
0500
02A3
0095
FFCB
00A7
02FF
0646
0996
0BFC
0CE7
0C40
0A39
0732
03CF
00E9
FF2F
FEDB
FFBB
014A
02CE
039C
0356
01E9
FF97
FCEE
FAAB
F973
F99F
FB34
FDDF
00ED
0370
048E
03AA
0084
FB6E
F58C
F049
EC45
E9C1
E9E6
ED0C
F1CC
F79E
FE81
04A6
0847
0903
0707
0295
FCAE
F75D
F3D7
F298
F3E7
F779
FDAE
053A
0BB9
11B7
1641
15CD
1144
0C1D
069A
0023
FA08
F5C7
F3C8
F3E2
F5C2
F914
FD58
01A3
04E8
0690
06A5
056C
033A
00A4
FE5C
FCF1
FCF5
FE92
011E
03D8
063A
078F
0727
0469
FF6F
F9B8
F4BB
F103
EF41
EFFB
F2EF
F813
FF11
061A
0B52
0E18
0E91
0D28
0A89
078A
0502
0384
0349
041D
056E
0696
0733
073B
06D3
0629
0566
04C6
054B
0864
0C64
0C88
08B9
05B1
04CB
04A0
0539
0748
0B15
1011
15BA
2033
3526
485B
43D9
2CEC
19FB
1062
0A0B
04C0
0166
00A0
0229
05F0
0BF3
1001
0DCE
095B
0685
033D
FF6E
FCC2
FB9F
FC80
FF3E
032E
07A2
0B9F
0E37
0EF7
0DB3
0A5E
04DB
FDA5
F669
F0C0
ECF2
EB1C
EBAA
EE65
F2C7
F854
FE31
0345
06B7
0805
0738
04F0
020F
FF4F
FD3B
FC53
FC52
FBE5
FAEB
FAAE
FAA8
F950
F791
F79E
FA56
FFBC
0794
1137
1E79
3A46
6B39
7FFF
7FFF
6A2E
3D7E
2265
15A4
0FB8
0D31
0CF8
0E4C
1034
11D4
128B
1206
1067
0E18
0B90
0944
079C
06D1
06D0
075D
0830
090E
09BF
0A16
0A35
0A74
0ABD
0ABC
0A45
08B1
053F
007A
FB72
F692
F32D
F33C
F667
FB1E
012E
07B8
0C83
0E3F
0C89
0757
FF46
F64F
ED91
E337
D936
D6E9
DDB3
E6FF
EE47
F413
F9A2
FEE6
036A
0700
09C4
0BEC
0DA3
0EEB
0F9A
0F64
0DF3
0B3A
0809
0537
02A9
0089
FFB8
0086
0288
051B
07C0
0A6C
0D19
0F7A
110F
11C2
1177
0F13
0A9E
0484
FB9F
F23F
E8B8
D731
C3B3
C406
D77C
E8FB
F429
003A
0B70
1308
18B7
1BAC
19F9
1547
10A8
0D7B
0BA5
0AC4
0A5F
09E8
08D5
06B9
0369
FF5C
FB9F
F901
F7CA
F7FC
F92C
FAB9
FC0C
FC90
FBF4
FA74
F8CA
F7DC
F876
FB20
FFE7
05DE
0B4E
0F6C
1233
122C
0DE6
069D
FE86
F700
F107
ED5E
EC59
EDA8
F082
F421
F7EA
FB20
FD0D
FD58
FC10
F988
F644
F2CD
EF7D
EC60
E974
E70B
E5D2
E660
E899
EBA8
EEC7
F19F
F3DA
F4F4
F4A0
F31E
F13B
EFF8
F03D
F2B4
F7AC
FF36
0879
10FA
17B8
1CFD
1D92
178A
0F05
06A9
FDE7
F694
F347
F427
F85F
FF1F
0699
0C9D
109E
12F7
137B
1232
0FEF
0DB2
0C39
0BA0
0B75
0B2B
0A9E
0994
07E9
05B2
02CF
FFCF
FD94
FC57
FBE3
FBB8
FB59
FA50
F83C
F50F
F146
EDC4
EAB9
E7F2
E82D
EE16
F634
FE09
067C
0D78
11AC
1379
126C
0F85
0BD4
0773
0342
004C
FEE7
FED6
FF90
0074
010C
0138
0136
018C
02C8
0542
08E8
0D0E
10BB
134A
1415
1213
0D80
071E
FECA
F652
F048
ECBE
EBB9
ED97
F13E
F55C
F945
FC54
FE07
FE68
FE0A
FDC6
FE68
0076
03FA
0869
0CD6
1084
132D
14A8
14E2
141E
12D0
1159
0FD9
0E44
0C6A
0A04
06CA
02B8
FE75
FB1C
F978
F9D5
FC54
00CF
05E5
097A
0ADF
09CF
063C
0079
F829
F0E7
EBA5
E486
E2F9
EC42
F681
FD54
0375
07C0
0878
05E1
00E6
FAC3
F517
F100
EEAA
EDD1
EDEA
EE69
EF75
F19D
F443
F63D
F7E0
FA46
FD90
0104
03AA
04A0
0376
0043
FB8C
F65D
F28F
F155
F283
F672
FC42
01AE
0668
0A30
0B8D
09E1
05B1
002B
FB43
F8C3
F937
FC71
021F
0920
0EF8
12B2
14A7
13E4
10F7
0D7F
099E
05BF
02FC
01CF
0205
0309
041C
04AB
0489
03C6
0285
0106
FF9C
FE89
FDD5
FD5F
FCF6
FC6B
FBA9
FAB7
F9CE
F92C
F8F0
F90E
F967
F9FF
FB17
FD0A
FFFE
03A9
077A
0B27
0EA2
1192
1323
12A2
1033
0C49
06C7
0010
F9FD
F650
F593
F7B1
FC79
036B
0AD1
108E
1439
15B6
147C
116D
0D7C
08BD
0420
00EA
FF76
FF9C
0106
02F7
0490
0566
05A5
05B4
05B7
05BF
05F0
0654
06C8
0727
0745
06EB
05F6
045C
023C
FFDF
FDA1
FBCF
FA9E
FA28
FA6F
FB55
FC72
FD41
FD55
FC8D
FAF2
F899
F5B3
F2BC
F065
EF30
EF3C
F055
F214
F3E1
F518
F538
F403
F1AE
EED1
EC0E
EA15
E9EB
EC14
F017
F58A
FC22
02A5
075F
093F
083E
0517
00E9
FD07
FADF
FB94
FF2A
04A3
0AE7
108D
13F3
1442
11D6
0D47
067D
FE55
F7C9
F370
EF2E
EC6E
ED5E
EFD9
F0B6
F0BD
F033
EAEB
E5C5
E955
EF53
F18B
F355
F628
F8EC
FAFB
FC42
FD5D
FEC5
00A7
0300
0589
07C5
0917
08EE
06D9
02A2
FCBF
F682
F0F4
EC55
E978
E911
EA9E
ED56
F0A5
F3EB
F6AF
F8DD
FA9C
FC28
FDB8
FF7C
0197
0400
066E
086C
0998
09C8
08F0
0732
04EF
028D
006B
FEAF
FCE0
FAB6
F8A0
F6E6
F549
F37D
F18E
EFEE
EF20
EDAF
E904
E50F
E8FB
F1D2
F7E9
FBAF
FFEB
03AA
05D8
0608
03E3
FF2E
F837
F108
EAD4
E556
E308
E63D
ECF6
F50E
FDEE
0631
0C0A
