0738
0846
0AC8
0CB5
0DC0
0D9D
0C3D
09BE
0655
0283
FF36
FD2D
FC88
FCF4
FDD5
FE5F
FDE5
FC17
F920
F597
F238
EFB8
EEAC
EF47
F160
F4C2
F953
FEA8
03DE
0810
0B19
0DF4
1176
1497
15E2
160B
166F
16E4
16CE
15B7
133E
0FEB
0C45
0787
0160
FB20
F5DA
F17C
EE00
EBEC
EBA3
ECE8
EF14
F175
F362
F430
F370
F12D
EE04
EAE4
E8DB
E8EB
EB69
EFA0
F4F4
FB09
007C
0393
038A
009C
FBF2
F76A
F4A7
F48B
F782
FDC0
0661
0E54
141A
1890
19FA
1721
1305
1005
0E0A
0D95
1156
1A8F
216F
1D2D
142A
0E4F
07A8
FF72
F8E4
F563
F6B9
FBC0
03E4
0D12
13FC
1889
17B4
1206
0A45
FF76
F543
EEE2
EC3A
EE2F
F396
FAFA
0382
0AFC
0FCE
11EE
11E1
1038
0D7A
0A59
076B
0451
0089
FCA7
F92B
F660
F4E3
F4E4
F6E9
FB8C
01CA
07F0
0CAE
0F0A
0E90
0BC6
07ED
0489
02B9
038C
071D
0D0C
1945
278C
2792
1B7E
11E2
0869
FBE6
F0C2
E6CD
E0E5
E396
EAAB
F20F
FAD2
0398
092C
0AC6
0902
049F
FE4E
F7D5
F36D
F148
F0E9
F266
F520
F8BE
FD90
030F
0813
0C0B
0ED4
1039
0FF6
0DF0
0A41
050D
FEB5
F8A2
F46B
F210
F159
F2BA
F594
F895
FB3C
FD58
FE8D
FEB8
FE17
FD08
FBD6
FA99
F933
F764
F4F6
F1F5
EEAD
EB8C
E938
E8E3
EB50
F00A
F6A5
FE3C
04D6
0983
0B58
09A3
04BF
FC5A
F318
EBB6
E407
DE19
DEC2
E407
E9F5
EF99
F4C7
F90B
FC22
FE53
0001
0146
0248
0310
036F
0324
01D1
FF3D
FBA3
F7C1
F46C
F229
F130
F199
F363
F694
FAC9
FF17
02D8
05D9
07E2
0897
08B0
0989
09A6
07BA
061E
055A
03D5
01C0
FFB4
FE1B
FD28
FCC0
FD61
FF3B
01C5
0476
06DF
087E
08E1
07BF
050A
00D8
FB7F
F5C1
F0E0
EDC1
EB55
E7EB
E616
EB29
F683
0234
0AB2
0FD5
1204
11A9
0F89
0C6F
0907
0616
0448
03CE
0434
04C3
04CC
0377
00BD
FCD2
F87F
F59C
F48D
F5CA
F920
FE3B
0488
0968
0C3D
0C71
0A6E
071E
029B
FED7
FD39
FE0C
0116
0501
07E4
097A
0744
0160
F992
F104
E9A2
E02E
DD2A
E559
ED86
F532
FDFC
0506
08E8
097A
074A
0229
FC3C
F748
F43B
F43B
F6B4
FB34
01BD
08E7
0F5B
1750
23B3
2ED7
2E3A
23E1
1A89
13D3
0E59
0B37
05B8
FCE2
F75F
F657
F7B8
FB41
FF3B
018A
0140
FDD4
F77C
F02E
E967
E28A
DF3D
E3E7
EC14
F4BC
0011
0B12
1282
1706
1804
1589
11A2
0D95
09EB
0759
0650
06A4
07B8
08D6
0977
0970
08F1
086A
0851
08EE
0A38
0BDB
0D65
0E71
0EBE
0E3A
0CFB
0B3B
0954
0793
060E
0482
027E
FF90
FB9D
F719
F2DE
EF86
ED6D
ED4E
EFBC
F42A
F9D8
0080
0725
0BEA
0DF1
0DDF
0C8C
0ACB
096E
08C8
08BA
0907
0A0E
0B72
0BE0
0BD9
0BF3
0B81
0A8B
09B1
093C
08ED
0838
06B8
0475
01B2
FED0
FCA9
FC35
FD51
FFF2
042A
08B2
0C4E
0DB1
0C12
0815
02BF
FD56
F96E
F84A
FABE
00F2
093B
10B1
16E0
19DC
1631
0F7B
06F2
FC3F
F43D
EFA1
F05B
F6C9
FFF1
0A90
135C
19E7
1B89
16AA
0F8A
072B
FF01
F9D0
F8F0
FC55
0346
0BC0
125D
1698
168F
111A
0899
FE29
F44C
EBCC
E4F5
E4D5
EB50
F2D6
F9F4
00DE
0623
08B2
08B9
0711
04D7
0332
02E9
0419
0637
0843
0926
082F
052C
0066
FADB
F632
F3BE
F3D6
F649
FABC
0096
0627
0973
0A03
0855
0526
0142
FD69
FAE9
FADA
FD1F
00D7
04F1
0874
0AAE
0B61
0AD7
09BE
08E5
08ED
09F7
0B9A
0D01
0D3E
0B8B
0760
00F3
F9DF
F465
F20E
F3AD
F97D
027D
0DA1
1C46
27EC
2356
15BC
0AE7
FE1F
F1CB
E966
E491
E762
EE80
F76E
0268
0B0F
0F0B
0E69
09AC
0184
F87B
F19E
EDBC
ED27
EF47
F2D6
F715
FB14
FDD9
FF2C
FFA1
002B
0195
0431
07CA
0BA2
0EB0
0FF5
0EC9
0B1A
05C1
0021
FB4D
F80D
F6C5
F751
F94A
FBBD
FD6A
FDA4
FC79
FA93
F90A
F8F9
FAE4
FEB4
03B7
08AA
0C2A
0D77
0C8D
09DB
0611
025C
0038
007F
0340
079A
0AC7
0A81
07F4
041F
FDEC
F6E2
F1B9
EF66
F069
F4C2
FC6C
0578
0D06
11DC
1307
10E0
0C04
0551
FEEC
FA9B
F93C
FA87
FEBE
04DB
0A8E
0FBE
1356
1397
11E1
0F6A
0B8B
0636
0045
FA79
F556
F159
EF07
EED7
F0DE
F4D6
FA73
00A5
057D
0778
05BE
FFCC
F678
EC9C
DF04
C668
B2A1
BC85
D77F
EA12
F54D
0017
0836
0BEE
0BD1
08E6
0456
FF80
FBE6
FA4C
FA78
FB8D
FC6E
FC22
FA4A
F75B
F40B
F0F2
EF53
F042
F33B
F81F
FEFE
057F
0970
0ABC
0973
05E7
0143
FC6F
F7F3
F462
F249
F1D5
F2CE
F4CB
F76B
FA76
FDCF
0151
04B5
0798
09C8
0B72
0C9B
0C3E
0954
04E3
00FD
FE6B
FD32
FDAA
FFCE
02F8
0666
0966
0B68
0C1F
0BA1
0A41
0850
0601
0360
0060
FCD6
F8A9
F417
EFA0
EB44
E6A0
E28B
E11B
E2F8
E6BB
EADC
EE7E
F105
F206
F181
EFF7
EE44
ED4F
EDDB
F027
F3EB
F8C6
FE24
02E5
05EB
06E1
0641
04E1
039C
032F
03C9
0491
04EC
0573
05AB
047A
01E6
FD44
F6F7
F1C2
EF3B
EF94
F29C
F817
FF9A
0730
0CAB
0F73
0FBA
0E00
0B02
078C
0485
02D1
02DB
0465
06B1
090F
0B27
0CC2
0D86
0D43
0C3B
0ADF
0970
07E0
05FF
03D5
01AD
FFE3
FEB7
FE58
FEDE
002F
01EA
0383
047E
0474
0313
0040
FC59
F826
F475
F1BA
F01C
EF89
EFC7
F084
F176
F261
F313
F385
F3E6
F4A0
F64B
F918
FC7A
FFEC
033E
0603
07D1
0842
071C
0492
00E9
FC86
F850
F43C
EE94
E932
E82F
E9B9
EAE6
ED00
F0AA
F6C6
FFF6
0817
0BB6
0CD0
0E0A
0F5A
0FEE
0FAE
0F0B
0E71
0E06
0D98
0CBC
0AE3
078D
026F
FBE7
F535
EFB5
EC1E
EB3C
EDAB
F2FC
FADF
0476
0D02
1293
153B
148A
1016
0962
024D
FBAE
F691
F3ED
F36B
F3FE
F493
F48C
F3D2
F20F
EE23
E869
E5BB
E90A
EE43
F326
F99A
00BF
0616
08A6
082A
0474
FE42
F809
F354
EFF3
EF1C
F1B9
F635
FB13
0004
0483
07A0
08DC
0890
079E
06D1
069C
06F8
077B
077D
0658
0394
FF40
FA41
F5F7
F36E
F321
F528
F949
FEA2
0380
063C
05D1
019D
FA12
F1DB
E926
DE0B
D802
DD95
E744
EF69
F7AC
FFCB
05E8
0921
0976
07A0
052F
03B3
0427
06CB
0A95
0E58
12F9
1599
11DC
0BC5
05B9
FE08
F72D
F30E
F1AF
F2D7
F5D7
FA4A
FEF8
024B
0395
02DC
0082
FD5A
FA72
F871
F76E
F72C
F73D
F72B
F6A2
F5A6
F48A
F3B6
F373
F45D
F714
FB4A
0026
0511
0965
0C5E
0DA5
0D69
0C18
0A3E
0863
06F9
0648
0661
0730
0895
0A71
0CA7
0EFE
1128
130F
14EC
1685
168B
13CD
0EFC
098C
03D8
FE0A
F91F
F617
F55A
F6C8
F9D8
FDBC
018C
0490
0669
0712
06D9
064C
0624
06E4
0897
0AC8
0CB5
0DC0
0D9D
0C3D
09BE
0655
0283
FF36
FD2D
FC88
FCF4
FDD5
FE5F
FDE5
FC17
F920
F597
F238
EFB8
EEAC
EF47
F160
F4C2
F953
FEA8
03DE
0810
0B19
0DF4
1176
1497
15E2
160B
166F
16E4
16CE
15B7
133E
0FEB
0C45
0787
0160
FB20
F5DA
F17C
EE00
EBEC
EBA3
ECE8
EF14
F175
F362
F430
F370
F12D
EE04
EAE4
E8DB
E8EB
EB69
EFA0
F4F4
FB09
007C
0393
038A
009C
FBF2
F76A
F4A7
F48B
F782
FDC0
0661
0E54
141A
1890
19FA
1721
1305
1005
0E0A
0D95
1156
1A8F
216F
1D2D
142A
0E4F
07A8
FF72
F8E4
F563
F6B9
FBC0
03E4
0D12
13FC
1889
17B4
1206
0A45
FF76
F543
EEE2
EC3A
EE2F
F396
FAFA
0382
0AFC
0FCE
11EE
11E1
1038
0D7A
0A59
076B
0451
0089
FCA7
F92B
F660
F4E3
F4E4
019C
0010
01E5
03E2
0625
07FD
08EB
08C2
07B3
0633
04DB
0444
04A0
05D5
07BA
09AA
0B06
0BB6
0B8C
0A80
088F
0593
01E7
FE5E
FB9B
F9FA
F9AC
FABA
FCE8
FFB6
0279
0482
053D
0456
01CA
FDF4
F99A
F5BD
F32E
F25E
F36C
F647
FAAF
FFE0
0496
07B8
08D5
07FB
058A
022A
FEEE
FCE2
FC80
FDAE
0001
02DC
0590
077E
081F
0774
062E
0522
04F7
061C
0833
0A16
0B46
0BE7
0ACB
076E
03C4
FF92
F99F
F494
F283
F2AE
F4CC
F82B
FBB8
FF23
018D
01B4
FF38
FA9F
F501
EFA0
EB06
E71B
E485
E448
E61D
E8D0
EB81
EDC7
EF68
F055
F0C9
F13C
F211
F38B
F5DD
F94C
FE24
0405
09A8
0E1B
1166
135A
1369
11AD
0E93
0A0D
043F
FE1C
F8C5
F4C5
F21D
F09A
F005
F026
F0D4
F1F2
F371
F543
F748
F943
FAD3
FB7C
FADE
F8DE
F5D1
F26F
EF38
EC49
EA7C
EB69
EED4
F2C8
F67D
F9F3
FC66
FD13
FC0A
FA1F
F89C
F8D0
FB90
00FE
084A
0FE1
1758
1ED3
227E
1EBC
175C
10B1
0A70
04AE
00FE
0032
01D0
0489
06F0
0803
0759
04E9
0185
FF0E
FEC1
0173
0757
0F47
186E
24B2
31B2
316C
2302
160B
0C85
035E
FBEC
F6FF
F824
FE0B
043F
09E4
0D7D
0DCA
0B75
0744
0204
FCEC
F951
F818
F965
FCF5
0240
07F1
0C8B
0F57
1033
0F3C
0CB6
08DF
0409
FEF9
FAC1
F849
F814
FA58
FEED
04FE
0B20
1040
137D
1350
0F89
08C0
FE5A
F34D
EB03
E47E
E308
E8D2
F137
FAA9
0478
0B9D
0E80
0D13
07D8
FFB7
F7B3
F2BE
F1AA
F439
F99C
008C
06B9
0953
0743
002D
EFBD
D673
C84A
D23B
E237
EB17
F29D
FB37
02F8
0824
0A85
0A35
06BF
018B
FC52
F7F3
F4B3
F2D1
F259
F2B9
F362
F426
F538
F6F1
F97E
FC8B
FF53
00DE
0049
FD1A
F7B4
F1A7
EB86
E3A2
DE49
E3A4
EDC5
F60C
0058
0996
1021
1374
0FEB
0A0B
02E3
FA81
F49E
F17A
F1DA
F4B4
F914
FF15
0467
085C
0AD8
0B38
0A96
0A2A
09FE
09D6
0986
08E5
07CC
064A
04AB
0363
02E7
0373
04D9
0676
0758
067B
0336
FDBE
F6FD
EFAE
E87A
E26F
DE11
DB21
DB2D
E247
EF83
FA91
FF06
FEFF
FC8B
F965
F6E5
F5B3
F680
F9DE
FE71
0173
02F5
0388
022F
FDD3
F76C
F25A
EFA0
EF23
F119
F4BD
FA0B
FFFB
046C
06AB
06FC
05CC
03AA
016D
FFF8
FFB6
0095
0229
03D7
0523
05E7
0640
0663
0675
0693
0725
08AE
0AB2
0B8A
0A18
06F3
0370
007B
FE82
FDB1
FE12
FF68
0122
0273
029F
014A
FE96
FB37
F82A
F625
F56E
F628
F886
FC4A
0061
039E
0597
05C6
043C
0381
04AC
04C9
02D0
0191
0328
06FB
0B34
0E95
10C4
119D
113E
1004
0D61
0890
0316
FEBB
FBAE
FA85
FC02
002A
0669
0D3F
1322
180D
1A9F
183D
12A4
0BBB
0297
F950
F348
F121
F27F
F6F6
FD03
0264
060B
0802
07AE
04F8
0184
FF53
FFC8
0378
0937
0F26
14B7
1697
12D6
0C78
0206
F5B9
EB8A
E171
DEBA
E643
EEED
F70B
FF08
03C3
0391
FE91
F6BA
EFC8
EB7D
EAEA
F027
FA25
071C
1667
231B
21BD
1538
0A1B
FDD6
F1B2
E938
E2B3
E3A7
EC42
F671
FFEC
07B7
0C44
0C95
0A6E
09A6
0990
06FE
0462
060D
0AE1
0E64
0FF4
0FC5
0CC8
0876
0395
FE19
F968
F65E
F485
F304
F136
EEDF
EC29
E9A5
E8A7
EB0E
F150
FAB6
071E
1548
2C75
532B
678A
4D29
277B
1372
061F
FA74
F379
F156
F364
F8A2
FF1F
0434
0670
0576
015E
FB5C
F606
F31C
F2FE
F594
FA60
004C
054D
07B0
06D5
02E9
FCC2
F5F2
F03C
ECB6
EBCF
ED8F
F140
F5AA
F9CA
FD02
FEED
FF95
FF89
FFA2
0095
029E
0565
0826
0A0A
0A4B
0856
0406
FE13
F838
F439
F31B
F554
FB22
0413
0D5C
14B6
1AA4
1C53
17DE
1036
068C
FB0C
F010
EE27
F311
F79B
0045
0A27
1865
252F
20DE
1779
1044
0729
FDE8
F6FD
F360
F437
FA6B
0649
1B27
2C67
2F28
2C52
2992
247D
1B22
127B
0E01
0BC7
0AF6
0D0B
10B4
1385
169B
1A6A
2246
2F04
3764
3428
29DA
2026
1890
1171
08C5
FC4B
EF4B
DF98
B601
8000
8000
A0D4
D3E7
ED84
FDCA
0BB5
14C5
1973
1811
1187
092D
FFFD
F7A2
F236
F04C
F179
F4D1
F94D
FDBC
010C
02DD
036B
0364
03B1
051B
07D5
0B2C
0E10
10CB
12F3
11A1
0D49
0867
01D5
FAD2
F638
F39C
F32D
F4FF
F87F
FDE6
03F5
08D6
0BEC
0D17
0C41
0983
0544
0017
FAE4
F6FF
F507
F4E3
F698
F9B7
FE48
0354
06EE
0896
0772
03DA
FD9D
F63B
EEFC
E30B
DC38
E490
EE20
F452
FC32
0331
08A1
0953
04FE
FF81
F908
F3A4
F127
F1A0
F529
FACB
0172
073F
0A50
09EF
061F
FF9C
F7D3
EFD4
E906
E5C7
E634
E885
EBAD
EF0E
F212
F4B7
F7D0
FBB1
FF1B
0258
0820
0EF1
133C
1530
1535
132A
0F6B
0B41
0885
0787
0840
0A85
0E38
1240
141E
1344
0F72
08CF
0142
F956
F20B
EDB5
EC89
ED7C
EFC2
F257
F433
F4DB
F493
F435
F4CC
F734
FBE8
0281
0947
0E2D
0FF1
0DD5
079C
FE0F
F3CB
EA9D
E2C6
E030
E55D
EE1B
F731
FFF6
06B0
099F
0878
0485
0009
FD24
FD55
018B
0939
115E
191B
20C5
214C
1939
1031
063F
FB90
F462
F1E8
F3FE
F9BF
0221
0A21
0ECA
0F7D
0C56
05E8
FD25
F512
F043
EEF5
F13A
F65E
FD0C
03D1
08F9
0B6A
0AE8
07B3
0268
FC51
F70B
F398
F22E
F28F
F44F
F6F2
FA26
FDB1
0141
0469
06DD
086F
08E3
081F
063F
03A9
00F7
FEDA
FDE0
FE4D
000A
02A5
0579
07F6
09BB
0A99
0A72
0980
0866
07BD
07C0
082F
085C
0765
050D
01A4
FD48
F891
F479
F22A
F26B
F528
F9D0
FFAB
0562
0903
09F9
08D6
0650
03DD
0311
0535
0A9A
123D
214B
4FC4
7FFF
7FFF
7FFF
7FFF
5B0B
2341
0E78
FF92
F3BF
EBD8
E591
E087
DDE1
DE1A
E0B3
E4BF
E957
EE15
F368
F9FA
013F
0771
0B37
0C3A
0A9F
06C7
0177
FBEE
F783
F524
F539
F76A
FAA3
FDEA
0014
FFD2
FD7A
FA63
F764
F544
F4B5
F601
F90A
FD4C
01BD
0528
06C1
065C
0464
01A5
FF04
FD61
FD77
FF6A
02B1
06E6
0B4C
0E8C
103D
10E5
10C4
0FD6
0E3A
0C14
097D
0699
03AB
00EB
FE86
FCC2
FC01
FCAE
FEF6
02B1
075E
0C1B
1011
12F6
1497
1499
1321
10B9
0DC1
0A78
072E
0422
0179
FF20
FCCA
FA05
F679
F23A
EDCD
E90F
E212
D927
D47C
D8CF
E222
EA2E
F000
F580
FB06
FF80
01F8
0223
0046
FD13
F97B
F65C
F45E
F3D1
F494
F617
F787
F816
F738
F4C8
F12E
ED6C
E8E1
DFBA
D20D
C95C
CDAE
DB5F
E998
F385
F8CD
FA8C
F9D8
F7AE
F524
F353
F31C
F4E4
F841
FC51
0049
02C1
026A
FFF1
FC89
F8B4
F563
F3A1
F3EA
F651
FA6A
FF79
04DE
08ED
0995
07F6
0644
047A
0275
0108
00D3
01E5
03E2
0625
07FD
08EB
08C2
07B3
0633
04DB
0444
04A0
05D5
07BA
09AA
0B06
0BB6
0B8C
0A80
088F
0593
01E7
FE5E
FB9B
F9FA
F9AC
FABA
FCE8
FFB6
0279
0482
053D
0456
01CA
FDF4
F99A
F5BD
F32E
F25E
F36C
F647
FAAF
FFE0
0496
07B8
08D5
07FB
058A
022A
FEEE
FCE2
FC80
FDAE
0001
02DC
0590
077E
081F
0774
062E
0522
04F7
061C
0833
0A16
0B46
0BE7
0ACB
076E
03C4
FF92
F99F
F494
F283
F2AE
F4CC
F82B
FBB8
FF23
018D
01B4
FF38
FA9F
F501
EFA0
EB06
E71B
E485
E448
E61D
E8D0
EB81
EDC7
EF68
F055
F0C9
F13C
F211
F38B
F5DD
F94C
FE24
0405
09A8
0E1B
1166
135A
1369
11AD
0E93
0A0D
043F
FE1C
F8C5
F4C5
F21D
F09A
F005
F026
F0D4
F1F2
F371
F543
F748
F943
FAD3
FB7C
0CC9
0863
04F1
01BF
0076
0195
0524
0A67
0FEB
14D6
18EC
1ABA
18A0
1358
0C52
0421
FBD4
F480
EE90
EB7B
EC40
EF50
F417
FAD0
00E6
0440
051E
03C0
0086
FAFC
F45B
F023
EF06
F101
F5A8
FBEB
035F
0916
0ACA
089E
031A
FAD2
F261
ECCA
E9C2
EB00
F045
F64B
FC9E
0147
01BA
FD9F
F613
EDE3
E621
DDB9
DCE9
E789
F304
FD60
073D
0CAA
0C82
06FA
FC9A
F1D3
E92E
E0CB
E1E1
EBEF
F5CC
0198
0BE7
1101
112C
0CE7
04E5
FA6E
F240
EDDE
ED41
F02D
F515
FB02
003E
0306
0310
0174
FFCC
FF48
00AF
04D2
0BB3
12E1
19AF
20F1
2271
1BE3
1483
0ED7
09F7
0736
079D
0ADA
0F70
1349
15A3
15AB
11D0
0B8A
05AA
0154
FF40
006D
050B
0B58
10E6
1499
153D
1252
0CE1
050E
FC86
F657
F3A7
F470
F806
FD61
030E
0703
07E1
056A
0052
FA11
F447
F007
EDFC
EE61
F0F6
F52E
FA37
FF2E
0388
071F
09FB
0C20
0DA2
0EA9
0F2C
0EF5
0DD0
0B70
07AB
032D
FF04
FBD1
FA34
FA91
FC60
FEB9
00DE
021D
01EB
0036
FD6A
FA14
F6C7
F522
F6F8
FB43
FFF1
04F9
098E
0BFE
0CBA
0BF5
08FB
04C8
00F1
FDE6
FC07
FBDF
FD2A
FF05
00CD
021C
0284
01A6
FF61
FC0B
F895
F5EB
F45A
F3DD
F47F
F634
F8F8
FCD0
013F
055F
088F
0AA9
0BB6
0BBA
0AD0
095B
07CD
0650
04DC
0375
0225
00ED
FFF5
FF91
0030
022C
05C1
0B2A
12BA
1BE2
2310
22A6
1A5B
10A1
0713
FADE
EF90
E576
DB15
DA9E
E510
EFAA
FA98
0651
0E8A
1256
1166
0CDF
0627
FEC2
F994
F86A
FBA6
02B2
0AE0
1111
143A
1335
0E3C
057F
F9B5
EFE3
E8FB
E476
E5A0
EBB4
F2D5
F8DA
FCBA
FDF7
FC94
F934
F5A7
F385
F34C
F50B
F81F
FB9C
FE67
FF3C
FD90
F9F9
F5E5
F301
F28C
F521
FA92
01A1
086A
0D66
0F3A
0D68
082E
FF8A
F674
F036
ED1A
ED97
F11B
F66A
FCD7
026A
052D
04B1
0199
FD31
F93C
F73E
F7D8
FAAB
FE8A
01E4
034C
01B9
FC6C
F4E8
EC58
D9F4
BF3B
BAD3
D413
EB8C
F8CC
0640
1110
19A6
207A
1ECC
1705
0F59
0693
FC49
F3BD
EE16
EABB
E9C4
EB25
EDFF
F188
F56B
F950
FCB6
FF32
009E
0120
0122
0139
01FA
03CF
06C2
0A54
0DC8
1097
1246
1228
100B
0C05
05D7
FE4B
F779
F2C0
F06B
F07F
F2CD
F6EA
FBF3
00C9
049E
070B
07ED
074C
05AA
03EC
0299
019D
00D2
0039
FFA6
FEBC
FD43
FB4B
F913
F6F0
F52D
F3FA
F356
F322
F33F
F3AB
F496
F5D5
F58A
F00C
E416
D7A6
D43E
DC6C
E909
F1D9
F4F0
F4F8
F49C
F4E5
F5F1
F7B2
FA13
FCDD
FFC4
02A2
0568
07FD
0A11
0B28
0B18
09EB
0797
041C
FF55
F9DE
F55D
F1FB
EFB8
F061
F374
F70D
FB8D
006A
03B5
04AA
033E
FFB9
FACF
F58B
F11B
EE16
EC83
EC25
EC75
ECC9
EC9C
EBAA
EA2C
E910
E9B3
EC95
F120
F7CC
0147
0AD0
11B7
166B
17C7
14CB
0FB7
0995
028D
FC8E
F94B
F8F4
FADE
FDF7
00CB
01FC
00CB
FD44
F849
F35D
EFBB
EDFA
EE5B
F09B
F437
F8A8
FCFE
0025
019C
019F
00EF
008A
0145
038A
0743
0BF7
10E9
153A
17CD
17B0
152A
1171
0D3E
08D3
04C6
01D6
006D
0081
01B4
036A
04FB
0602
066C
065B
05FF
0598
055F
0588
062D
0738
0868
0995
0AE6
0C9F
0E8A
0FD5
0FC0
0E65
0C9C
0B39
0A88
0A63
0A7D
0A97
0A82
0A29
0992
08DD
0847
0818
0887
099F
0B37
0CF1
0E60
0F11
0EB3
0D2C
0A95
073A
03BD
00F7
FF83
FF71
0049
012B
011C
FF54
FB84
F62D
F0A8
EC04
E8A4
E7E0
EAFC
F0F1
F7EF
FE74
02ED
043A
01F3
FC76
F578
EF69
EBF8
ECEC
F248
FB42
06BE
113F
1C69
2612
2459
1A7C
11DA
0AC8
045E
0037
FF2F
00A0
02EB
043A
0332
FF3D
F906
F2B2
EE23
EC3D
EDD0
F27C
FA0C
0334
0A5D
0DAB
0CD5
07F9
0058
F952
F4A0
F341
F67C
FCE8
060B
0F28
156B
17DC
1520
0F3C
06E5
FD33
F5CA
F20A
F1E5
F50C
FAE4
0125
05A7
0860
0973
0925
0858
07E4
085A
09D8
0BE3
0D9B
0E32
0D0E
09E3
04A7
FE1A
F80A
F3F5
F239
F2C0
F525
F89B
FC63
FFEB
024B
0310
02EF
0235
00AB
FEFC
FD98
FC12
FA2B
F7CC
F4F3
F208
EFAD
EDF7
ED12
EDC4
EFA2
F237
F645
FA68
FCED
000A
0490
08B6
0CE2
10D0
158D
1EDD
286B
2921
2189
18D6
124D
0C99
06AF
0191
FEC0
FEBA
00FF
0492
0845
0B0A
0C3A
0BB7
09D7
0742
04E4
03B0
0432
063D
08F5
0B38
0C2B
0B41
0817
027B
FB76
F544
F0DC
EE34
EDF3
EFFF
F34E
F76F
FC25
00B7
0490
07A5
0A49
0CE5
0FDA
139B
183F
1C95
1ED7
1EAD
1D37
1B61
16A6
0B67
FE48
F688
F37A
F3CE
F7E0
FE2B
0535
0BC3
1030
126F
1543
1577
0E72
0686
0191
FD34
FA30
F89E
F806
F880
F918
F9F3
FB84
FD5E
FF1F
0095
01AA
021A
015E
FF2C
FBA8
F745
F2A6
EE81
EB58
E9BA
EA50
ED15
F15B
F6D5
FD71
043C
09C7
0D66
0F56
101E
102F
0FCD
0EEF
0D5C
0AE7
075A
027B
FC3A
F52B
EEF1
EA18
E733
E8A9
ED8C
F4E8
FEFA
0A6F
17E2
1F76
1B96
155C
0F2E
06E2
FE5A
F7C4
F4DB
F4A9
F6F3
FBEA
01E9
06DD
0900
07E9
01D1
F3EB
EAD7
F1F7
F9C6
FAA0
FBFF
FE90
02A1
059D
0558
0593
0778
0986
0B45
0CD7
0E0F
0E59
0D1E
09F4
04AF
FE0D
F7DA
F2B1
EEC4
EEDE
F3A9
F9E7
0071
0743
0CA9
0FB0
10DE
10D4
100A
0EEB
0DA0
0C19
0A5F
0881
05B6
00C7
FA5E
F429
EE23
E9C1
E9FC
ED78
F2A7
FACC
040E
0CAD
143A
1706
1429
0FB9
0B82
06F6
02EE
00D8
0101
02B3
04FF
0766
0972
0A4F
09AA
07DE
04E5
00BE
FC0C
F785
F372
EFFF
ED04
E9EB
E789
E844
EBE8
F03E
F5C1
FD70
05CE
0CBD
1115
1303
137D
11AD
0BE3
04CE
00C9
FF71
FE5D
FD3A
FCB1
FCEF
FDC7
FF19
00E2
032F
05F2
08D0
0B39
0CC0
0D23
0C0B
0961
0587
0105
FCBF
F9D4
F904
FA84
FE25
0338
083B
0B75
0C4D
0AEF
074C
0257
FDEB
FA1B
F65F
F3DD
F383
F4D1
F6E9
F942
FBA5
FDE0
FFB8
0121
023C
0328
03D4
040E
039E
026E
008F
FE3A
FBD3
F9D6
F8B1
F89F
F9A5
FB94
FE0A
0092
02C6
045B
050C
04AB
0336
00C9
FD8A
F9AE
F5A4
F20F
EF7E
EE6D
EF55
F290
F8A6
01F3
0C26
14DA
1F2C
2AE6
2D56
22D1
1518
0988
FEF2
F5FC
EF8A
EBDF
EB26
EC40
EDB1
EE91
EE50
EC94
E931
E4A3
E15B
E27B
E795
ED29
F1A8
F56E
F80D
F8A4
F72E
F48C
F1EA
F076
F117
F404
F96A
00A9
0717
0AC3
0B84
0990
05B5
0127
FD35
FB24
FBB9
FEEA
0380
0741
084E
058C
FE72
F46D
EA5C
DA99
BFED
B179
C2D4
DD8C
ED32
F865
0332
0A5D
0D35
0C9C
09C7
05EC
0273
00DF
0196
03EA
072E
0A8A
0CB9
0D24
0BDB
08DA
04F1
01BF
0076
0195
0524
0A67
0FEB
14D6
18EC
1ABA
18A0
1358
0C52
0421
FBD4
F480
EE90
EB7B
EC40
EF50
F417
FAD0
00E6
0440
051E
03C0
0086
FAFC
F45B
F023
EF06
F101
F5A8
FBEB
035F
0916
0ACA
089E
031A
FAD2
F261
ECCA
E9C2
EB00
F045
F64B
FC9E
0147
01BA
FD9F
F613
EDE3
E621
DDB9
DCE9
E789
F304
FD60
073D
0CAA
0C82
06FA
FC9A
F1D3
E92E
E0CB
E1E1
EBEF
F5CC
0198
0BE7
1101
112C
0CE7
04E5
FA6E
F240
EDDE
ED41
F02D
F515
FB02
003E
0306
0310
0174
FFCC
FF48
00AF
04D2
0BB3
12E1
19AF
20F1
2271
1BE3
1483
0ED7
09F7
0736
079D
0ADA
0F70
1349
15A3
15AB
11D0
0B8A
05AA
0154
FF40
006D
050B
0B58
10E6
1499
153D
1252
0CE1
050E
FC86
F657
F3A7
F470
F806
FD61
0D1D
0EDC
0FEA
0F3C
0C80
07D0
039A
0159
010B
0297
0545
080A
0A18
0AB9
0959
05D3
0138
FD21
FA4F
F904
F95A
FB16
FDBF
0079
0271
035E
0394
03C0
049E
0696
0972
0C9E
0FF7
1339
1419
1057
096C
022B
FB5D
F5A3
F243
F1A3
F33E
F635
F99A
FCCD
FF7F
01B6
03F5
070F
0B93
1167
18E6
2620
3C0E
4D07
4510
2BFF
18B5
0D27
0225
F8DA
F39D
F25D
F462
F8B4
FDF8
0287
0558
064B
05F4
0554
0571
06D7
0954
0C12
0DE1
0DA9
0AB0
0443
FAF0
F1FC
EAD9
E567
E56D
EB0E
F21E
FA98
0398
09D2
0C07
0A70
05A9
FEF6
F88B
F41F
F240
F2C9
F4F3
F7D3
FA4D
FB3C
FA09
F708
F32C
EF3C
EBDD
EA23
EA67
EBDC
EDF1
F04E
F267
F3E8
F4D7
F590
F68C
F847
FB12
FEA7
021C
0473
04FF
0364
FFA6
FA5C
F4C9
F02A
ED09
EBB7
EC6F
EEF9
F2B0
F6C2
FA54
FCC0
FDA0
FCBA
FA40
F6F5
F3DE
F1BA
F112
F238
F54E
FA5D
00F0
078B
0C5F
0EA3
0E3B
0B28
0560
FD08
F47D
EE31
E9E0
E889
EB70
F0BB
F7E8
0159
0A5B
10B2
14A8
168C
1653
14A4
1298
110A
1031
0FBB
0F25
0DD9
0B48
06DC
0024
F7F9
F096
EAD3
E691
E621
EA7D
F139
FABF
06E3
1176
1BC9
2697
2863
1F48
1504
0BC9
0180
F81F
EFC4
E9EE
EAF1
F1B4
F9B5
00F3
06BF
0A46
0B02
08D3
03E9
FDAC
F863
F52B
F433
F573
F872
FC9B
00C9
036F
038F
010B
FCE4
F8BE
F3CA
EC02
E58D
E6C6
ED46
F287
F545
F730
F88B
F899
F760
F59F
F3D1
F246
F196
F211
F35B
F4DF
F62A
F708
F780
F7CE
F84C
F956
FB03
FCFA
FECD
0035
00F9
00E5
FFF4
FE68
FCB8
FB5D
FA9B
FAA2
FB9A
FDA1
00B2
0496
08E8
0D2A
112F
1533
1903
1B51
1B15
1872
13E4
0DDD
073F
0171
FD2F
FA4E
F97A
FB71
FF2F
0344
06A0
089D
094D
08A6
06D9
04E2
03C6
0408
0577
0726
0866
092C
0831
04AF
009A
FD6F
FC24
FE44
03A2
0B1D
1689
29C3
3FD2
46C1
36EB
20BB
1104
0475
F94A
F19A
EE10
EE7F
F1D3
F6D1
FBEF
FF5B
0011
FE2A
FAAB
F72E
F50D
F508
F741
FB75
010F
0686
0A29
0B8A
0AFE
0915
068D
03EB
019B
000A
FF27
FE7A
FD85
FC01
FA1E
F870
F7AF
F882
FB26
FED9
0244
0596
0966
0B8F
0A5D
0751
0341
FE46
FA00
F815
F8D3
FBB3
FFB9
03A7
0658
0708
058D
0223
FD07
F798
F37B
F00F
ECC3
EB02
EB1F
EB7C
EAF1
E97E
E781
E57A
E448
E552
EA06
F1D6
F9E9
011F
07E1
0C9D
0EC9
0F29
0D96
0B51
090D
0676
045F
035F
0383
0453
0528
054C
0453
028B
FFF4
FCB4
F922
F5D2
F386
F232
F19A
F19A
F204
F2F1
F462
F611
F7E4
F9FF
FCA9
FFF4
0392
070C
0A04
0C24
0D11
0C85
0A5F
06B1
01F4
FD4D
F9F3
F7CB
F595
F346
F356
F7B6
FE07
01E9
01EF
FF1C
FB45
F8A3
F760
F711
F84A
FA84
FE0E
0350
080B
0ACC
0C24
0CB8
0CF9
0D0D
0D1B
0DDB
0F28
1013
107A
0FB9
0D20
0959
058E
02EC
01FC
0304
0621
0A33
0DC3
0FD2
0FAE
0D0D
0857
02DB
FE5C
FC50
FD65
01D3
08CF
0F79
14A8
17EC
164F
1038
0891
008E
F9E7
F640
F615
F926
FE9E
0471
0855
0950
077C
03B1
FFD2
FE0C
FF93
04AF
0C83
1501
1E63
273D
259F
198E
0D8D
01B6
F634
EE91
EBC3
EDD3
F30C
FA8B
023B
06E0
0721
02F6
FB97
F416
ED69
E6B0
E4E9
EB77
F494
FB9B
00ED
03FA
03A0
0088
FBF4
F6F4
F293
EF98
EE2B
EDAD
ED61
ECC1
EB80
E9D5
E836
E7CE
EA02
EE1C
F370
FAF3
0338
09CE
0E11
0FEA
0F7F
0D4C
0A33
0769
05CB
059C
067B
07AD
0895
08D4
082F
0692
0443
021D
0122
01E8
0482
085D
0C57
0F81
1163
11A2
1025
0D22
08D4
03A3
FEC1
FB02
F6C1
F185
F051
F5B7
FC5C
0067
030F
04EF
0575
048E
0255
FEF2
FADF
F714
F478
F38E
F495
F7B3
FCDA
032E
08F6
0CC7
0E11
0CAD
088F
01D8
F9F7
F365
EF23
ED41
EE37
F1A5
F6A3
FC88
0221
0611
07A4
06BE
03B8
FF24
F9CB
F4EE
F1A5
F043
F0BF
F2E6
F68A
FB90
0148
0680
0A6E
0CE3
0DF7
0DF0
0D31
0C2D
0B56
0B0A
0B91
0CE7
0EB0
1063
1113
1029
0DF8
0921
019D
FD10
FCFC
FCA7
FB91
FC0B
FE0C
00A5
0327
0505
0595
04C0
0304
00F2
FEE2
FCC9
FABF
F906
F799
F642
F502
F42D
F447
F5A6
F87D
FCE6
029A
08D9
0E60
11FD
12F5
10D3
0BB2
0413
FB56
F390
EDAD
EAC2
EBD3
EF97
F54F
FCB8
0349
06E5
0720
040C
FE0F
F63C
EE77
E795
E2F1
E3D4
E97B
F03F
F83F
018F
0940
0D7C
0E2A
0B87
05DC
FDF1
F606
EF9C
EA8F
E815
E979
ED4D
F176
F51F
F7E2
F93D
F8FB
F761
F4E0
F1D9
EF2E
EEA8
F12A
F539
F91F
FCF5
011E
04D7
0757
08AD
090B
0871
06F6
04A1
014A
FD1A
F8D1
F550
F32B
F2A8
F3E5
F6CE
FB09
FFB1
036D
0516
043C
012C
FCD0
F86E
F53E
F418
F536
F864
FCFE
016D
03CD
02FB
FEB3
F803
F155
EC52
E9DC
EB60
F03F
F7B2
00AC
0771
0A5C
08D9
02EA
FA9B
F1DF
EB20
E992
ED98
F4A0
FFAB
0C12
1588
1E39
21A1
1C2C
1483
0E10
0840
0426
02DF
0418
066B
0825
0812
059A
00C4
FAF7
F68B
F480
F4FA
F7BC
FBFD
00F5
04C6
058C
0308
FE24
F879
F3EC
F1F9
F34E
F80B
FFCE
0832
0E29
10AD
0F8B
0AF2
036F
FB77
F581
F20A
F1E4
F475
F91F
FF6B
04DE
080B
0920
087D
067C
040F
02DE
0389
0509
06F9
09F5
0D55
0FDA
116E
127A
1323
1353
12CC
113E
0E7C
0A66
0491
FD89
F763
F375
F247
F41A
F919
0158
09FE
1152
17E6
1A03
15A2
0EA3
0716
FF87
F9B4
F615
F48C
F5E2
F910
FB66
FCC2
FEBA
012F
0377
0509
0637
09E9
10AB
153A
13C3
0EF9
0A0B
043F
FD42
F744
F3F1
F386
F5AF
F9CD
FEB4
02A5
0442
0328
FFEE
FBF6
F8C6
F770
F89D
FC88
02FB
0A45
1000
1338
1387
1114
0CA9
06CE
00F2
FD1C
FC4A
FE75
0306
08F2
0FAF
1809
2204
29EA
2A7F
22B2
171D
0D1F
05D5
FF17
F80A
F1E8
ED51
EA11
E8AA
E9A9
EC81
F067
F4EA
F957
FCBC
FE63
FE12
FBF7
F893
F4DE
F1DB
EFD8
EE93
EE50
EFC7
F294
F59C
F97B
FF01
04E0
0DE6
20BB
3575
3714
241D
10A2
0532
FBD6
F30E
EC7E
E7CD
E60F
E80A
EBE6
EFCE
F33F
F5CD
F6F4
F698
F54D
F437
F422
F52C
F7EA
FC5F
0111
04E4
0763
08AF
0995
0AA5
0C36
0EB0
1287
188E
209D
2669
23E3
1AC4
11D9
08E5
FE08
F4E1
EFB1
EE30
EFEA
F3D5
F918
FE66
0207
0329
0225
0006
FE23
FDAC
FF43
02A9
06B0
09EF
0B59
0A4D
069D
008A
F98E
F3F8
F0E1
F0A0
F380
F8F0
FF98
0605
0B13
0E31
0F50
0E96
0C3F
08B2
046A
FFF7
FBE3
F885
F5FC
F461
F3FD
F52E
F816
FC7F
01F2
07B6
0C94
0F48
0FEA
0F3C
0C80
07D0
039A
0159
010B
0297
0545
080A
0A18
0AB9
0959
05D3
0138
FD21
FA4F
F904
F95A
FB16
FDBF
0079
0271
035E
0394
03C0
049E
0696
0972
0C9E
0FF7
1339
1419
1057
096C
022B
FB5D
F5A3
F243
F1A3
F33E
F635
F99A
FCCD
FF7F
01B6
03F5
070F
0B93
1167
18E6
2620
3C0E
4D07
4510
2BFF
18B5
0D27
0225
F8DA
F39D
F25D
F462
F8B4
FDF8
0287
0558
064B
05F4
0554
0571
06D7
0954
0C12
0DE1
0DA9
0AB0
0443
FAF0
F1FC
EAD9
E567
E56D
EB0E
F21E
FA98
0398
09D2
0C07
0A70
05A9
FEF6
F88B
F41F
F240
F2C9
F4F3
F7D3
FA4D
FB3C
FA09
F708
F32C
EF3C
EBDD
EA23
EA67
EBDC
EDF1
F04E
F267
F3E8
F4D7
F590
F68C
F847
FB12
FEA7
021C
0473
04FF
0364
FFA6
FA5C
F4C9
F02A
02F4
FDC5
FE0D
FF8F
0306
07C9
0CB4
1067
1211
119A
0F5E
0C24
08DD
0660
0540
05BA
0794
09F7
0BE2
0D13
0E01
0E94
0DB8
0B4F
0958
0948
09F2
09E1
0921
0747
03FD
0194
0207
03C6
04E7
0584
0607
0630
0581
0388
0021
FBB2
F6E0
F258
EED7
ECF0
ECB2
EDC2
EF80
F136
F24B
F276
F1CD
F09C
EF72
EF32
F05B
F2B3
F5FC
F9E9
FD86
FFAF
FFD2
FE21
FB83
F94F
F8C2
FA7C
FE70
040C
0A11
0ED3
114A
113F
0E57
088A
0107
F9A5
F3E5
F0AD
F035
F203
F51B
F873
FB2D
FC92
FC6B
FB0D
F936
F7BE
F6D4
F6C5
F804
F9E7
FB60
FBCD
FB12
F97D
F7F0
F737
F73E
F88C
FB5A
FEC2
0223
04DB
060A
054F
02CD
FF19
FB46
F861
F6BE
F66E
F761
F92A
FB27
FCDA
FDFA
FE6A
FE4A
FDE2
FD88
FD78
FDBF
FE3C
FEB6
FEFA
FF02
FEFC
FF42
001D
01B3
0415
070B
09FB
0C1B
0CA4
0B06
0709
00EA
FA07
F496
F196
F170
F4C2
FAD7
0351
0C49
12DC
1825
199A
140E
0C63
03F1
FA14
F2A0
EE71
ED87
F011
F43A
F96A
FEAA
01E3
0200
FEEE
F962
F32C
EDFF
EA10
E837
E9AA
ED51
F189
F5E1
F9B3
FBF2
FC0A
FA2F
F732
F40E
F198
F05B
F091
F227
F4A3
F72E
F8EC
F947
F817
F59A
F25E
EF47
ECD8
EA02
E5D0
E2B8
E4E1
EC00
F340
F852
FD72
03D2
09F9
0F1F
134E
159B
152C
1245
0D53
0607
FCEA
F4C2
EFA0
ED32
EDB6
F0DC
F525
FA9E
FFED
024E
0161
FF78
FE9D
FCFD
FB08
FBD3
FF71
063C
0E10
12CC
14C6
158A
1507
1357
1135
0F4E
0E10
0DEB
0EA5
0F36
0EF2
0CEA
07D7
0045
F7B9
EF7D
E939
E697
E834
ECDA
F2C1
F977
FFD6
0375
0364
002D
FAC5
F503
F174
F07D
F1F0
F5B3
F9E9
FE2C
0179
01DC
FF32
FA62
F566
F14F
EEAE
EE82
F0EB
F525
FA68
FFBB
038E
0516
04B9
034F
01C0
010B
01D2
040B
070A
0997
0A4F
089D
047D
FE50
F73A
F035
E9E7
E507
E299
E35D
E65F
E9FC
ED70
F099
F384
F639
F8F3
FC58
00B3
056B
0960
0BA5
0BED
0A2C
0686
021A
FDD1
F9BE
F6DC
F672
F88B
FC55
00BD
0479
0670
064C
046B
0186
FEAA
FD02
FD2D
FF0B
01FA
04EB
0681
05A9
0208
FC06
F513
EF54
EBB0
EAAD
EDAA
F3BD
FBCF
05A3
0E76
14C9
18C8
1955
167C
11D9
0CC4
082B
04A0
020C
FFE9
FDE5
FBAF
F8F0
F5B1
F259
EFA0
EE4E
EECD
F121
F51C
FA94
00C0
061C
0985
0AC8
0A49
085E
0527
0156
FDBF
FA88
F860
F794
F696
F5FA
F817
FBB5
FEC3
01B5
0493
064C
0678
0518
022F
FE18
F98A
F549
F235
F177
F367
F744
FD0C
0434
0A23
0D34
0D67
0AF3
064F
0007
F98A
F4E3
F32B
F495
F916
003E
082F
0EBC
13D6
171F
1662
11CC
0C1B
061D
FF7C
F995
F5E6
F4BD
F607
F9E1
0043
07FE
0FA8
17A9
21D6
2FA7
3EC9
4604
3C8C
27D7
1626
0C4A
064F
0245
00FC
02F7
07A0
0D4A
1379
1C2E
24F8
2661
205D
1913
1251
0B67
04AF
FEED
FACB
F89C
F8BE
FAF8
FE52
0217
05C3
08D2
0ABF
0B37
0A47
0817
04C6
00CE
FD12
F9DF
F704
F55E
F639
F975
FDDB
028E
0735
0B66
0E86
100D
0FAA
0D59
094B
03EA
FDC7
F7B7
F2DB
F01E
EFC9
F1E8
F63F
FCD3
0546
0CEE
1437
1FE2
2B6B
2BCD
221F
1852
127F
0EFE
0C3B
09E0
07DD
05F7
03E9
0184
FECB
FBF4
F978
F7E4
F77F
F82A
F981
FAFB
FBF0
FBD8
FAA1
F8B9
F6A0
F51F
F554
F7D0
FC82
0348
0AD5
10F3
1469
145F
10FE
0B1E
02F9
FA7E
F4A3
F2A0
F45D
F91F
FF8D
05EE
0A98
0C62
0B7E
08AD
0473
0005
FCF2
FBFB
FCD8
FE88
FFD7
FFC7
FDA4
F972
F4D5
F08F
ED3A
EDBF
F0FC
F539
FB66
0113
0450
03E3
FFDF
F969
F231
ECA6
E836
E7CA
EC04
F08C
F551
F9AF
FBC0
FAF1
F7D0
F408
F18A
F23B
F68F
FDAE
0661
0FA2
1799
19A7
14C3
0D35
0295
F683
EDA9
E7CB
E868
EFB3
F9A7
0618
119F
1D2C
2C83
3801
3835
312A
2A19
2687
271A
2B1F
3002
30FD
2A7D
1F50
15B3
0EA9
06D7
FDE4
F623
F077
EC75
E9D7
E87E
E821
E870
E93E
EA86
EC4D
EE81
F114
F423
F7B1
FB35
FE0F
FFFD
00EE
0112
00F2
00E5
00EF
0103
0108
00C5
0002
FE9F
FCB9
FAB6
F90D
F81E
F836
F97D
FBED
FF26
0275
0504
0632
062A
0558
0343
FF8B
FB68
F7F3
F57A
F4AE
F5FB
F93D
FE5F
052E
0C61
129E
1915
1F4C
20F8
1D10
1674
0ED0
067D
FDF8
F64A
F178
F0C8
F395
F9C9
01AF
07CE
0CA9
10A0
1188
0F1F
0A45
0441
FDB8
F707
F215
EFA0
EECE
EF24
F015
F13F
F2DF
F4E2
F6C3
F8B6
FB3B
FE3C
017F
04CE
07AB
097E
09E4
08A9
05B2
0125
FBF9
F79A
F467
F20C
F11B
F1BB
F2F9
F4B3
F724
F8D9
F870
F724
F692
F61F
F544
F56A
F7F5
FCF9
03AA
0AAD
1087
145C
156A
1332
0E6A
0776
FED3
F70A
F250
F129
F372
F8E1
0090
07FD
0D38
0FBA
0EA6
0A34
03ED
FD64
F826
F55E
F594
F8AE
FE59
0562
0B79
0F36
107B
0FA5
0D5C
0A86
0801
0684
0662
075F
08BA
098A
090B
06B4
0243
FC76
F6B7
F115
EB9E
E973
EC52
F108
F57B
FAEF
015E
06FE
0AFE
0D80
0E8F
0E44
0CF2
0AF0
0879
05E0
03A2
024C
024A
03D0
06B6
0A68
0E15
1124
133E
13FD
1319
10CD
0D83
096E
04FD
0116
FE86
FDA4
FE4E
001B
027B
04E0
06CE
07F6
082E
0764
05A1
0314
0021
FD58
FB4C
FA78
FB22
FD50
00C5
04F9
0932
0CAA
0EAB
0ECA
0CE7
08ED
02FD
FC2F
F63C
F234
F02B
EFC8
F07A
F197
F293
F330
F34F
F277
F07E
EFB9
F303
F8C7
FEAF
0576
0BE6
101B
1266
11CE
0E7D
0A46
0516
FFBB
FC21
FA9E
FAE8
FC7B
FE46
FF69
FF6A
FE15
FBBD
F918
F6B4
F4E2
F3B1
F304
F29C
F224
F14A
EFE3
EE44
ED4F
EDBE
EF6F
F220
F5EB
F9FB
FCAD
FCFB
FA84
F57F
EEAC
E6FC
E0EE
E0BE
E678
EDA0
F567
FDD1
03E0
05B5
02FD
FC11
F295
E893
DD00
D4A4
D9D2
E7C7
F581
036C
1240
22F9
2D88
2799
1A89
10EA
07C3
FE25
F748
F435
F4AB
F7FD
FD64
03C2
0966
0D19
0E9B
0E28
0C41
0998
06E4
04D3
03EE
0469
05F2
07ED
09C5
0ADB
0A94
087C
042F
FE38
F85C
F41C
F221
F2CC
F653
FCBA
04C0
0BBB
0FDE
10C0
0E34
089A
0117
F8CB
F0F4
EC7C
ED21
F0E8
F723
0033
090A
0F15
123E
1286
1076
0D0A
08DF
04C9
01BA
000F
FF7A
FF4C
FECD
FD89
FB7B
F916
F6F8
F5A8
F57E
F69F
F8FA
FBFE
FEC1
00A6
015E
00F2
FFE8
FECE
FE08
FDF9
FEBD
000A
0176
0298
0329
0322
02C6
027D
029F
034A
042F
04DC
0548
0580
0529
03C7
0139
FE28
FBDC
FB30
FC44
FEDF
027F
0639
0912
0A77
0A5A
0918
0781
0679
0667
072C
089B
0A7E
0C33
0CDD
0BF2
0965
059E
01A0
FECC
FE0D
FF8F
0306
07C9
0CB4
1067
1211
119A
0F5E
0C24
08DD
0660
0540
05BA
0794
09F7
0BE2
0D13
0E01
0E94
0DB8
0B4F
0958
0948
09F2
09E1
0921
0747
03FD
0194
0207
03C6
04E7
0584
0607
0630
0581
0388
0021
FBB2
F6E0
F258
EED7
ECF0
ECB2
EDC2
EF80
F136
F24B
F276
F1CD
F09C
EF72
EF32
F05B
F2B3
F5FC
F9E9
FD86
FFAF
FFD2
FE21
FB83
F94F
F8C2
FA7C
FE70
040C
0A11
0ED3
114A
113F
0E57
088A
0107
F9A5
F3E5
F0AD
F035
F203
F51B
F873
FB2D
FC92
FC6B
FB0D
F936
F7BE
F6D4
F6C5
F804
F9E7
FB60
FBCD
FB12
F97D
F7F0
F737
F73E
F88C
FB5A
FEC2
0223
04DB
060A
054F
02CD
FF19
FB46
F861
F6BE
F66E
F761
F92A
FB27
FCDA
FDFA
FE6A
FE4A
FDE2
FD88
FD78
FDBF
FE3C
FEB6
FEFA
0202
00A8
FD34
F9F8
F6F4
F47A
F3BE
F5A2
FA0C
0000
05F1
0A6A
0CB0
0CAF
0ABB
0765
0388
002D
FE17
FD80
FE29
FF6D
0081
00E2
0066
FF15
FD51
FBA1
FA88
FA9E
FBC1
FD1F
FE96
001E
010A
0121
00A5
FFDE
FF16
FE60
FD9A
FC7D
FAC5
F87C
F5AE
F248
EEB8
EC4F
EC5E
EEE4
F2EF
F84F
FF14
05C2
0A6E
0C58
0BA3
08DA
04D0
00AE
FDF5
FDD5
0064
04CC
0A52
1064
15D0
1923
19AB
17CB
14A3
1172
0EC6
0CB8
0B8C
0B74
0C43
0D7B
0E86
0EF1
0E5C
0CB3
0A35
0729
03BD
001D
FC9E
F9AD
F7B1
F6D9
F71F
F868
FA57
FC96
FF4E
021E
03C0
03A7
022E
0035
FE96
FDBB
FE93
020B
0767
0D4A
134E
1847
1905
14D0
0E5E
05AC
FAB3
F16A
EB25
E7F0
E925
ED5A
F2C9
F8D4
FDDB
0077
0063
FE28
FB1D
F92C
F989
FC6A
016C
0769
0CAE
0FF3
10D5
0F10
0A47
038B
FCEF
F822
F642
F727
FA6F
FFC8
055F
092F
0A48
0883
0478
FF74
FAE4
F809
F734
F80E
FAB8
FE2E
0097
00C0
FE18
F8B5
F22C
EBFF
E5AC
E114
E19E
E6B6
EE2E
F6BE
FEF8
0505
082D
08EE
06F3
01BD
FA9C
F3F0
EF20
EC98
ECC4
EF80
F45A
FB17
0256
082D
0BAE
0C6A
09EC
04D7
0012
FC37
F77B
F4A1
F65A
FAC3
00EA
0847
0F08
142F
15BD
11BC
0AB8
035A
FBBD
F606
F41B
F5F2
FB3F
0369
0B12
1B6F
4922
6B90
4C14
1832
FF8B
F44E
EEDF
EE19
F1C5
FA06
03DA
0DB5
1561
1B60
1D02
18DC
1342
0DC9
0876
046C
0286
02D0
048C
0677
077A
06EA
0463
FFEA
FA90
F5CA
F25B
F0A7
F0CF
F2B7
F5F4
F9C1
FD56
0034
01FF
02BD
02DA
02E8
0364
0487
0635
0800
095C
09DF
093B
0746
03FA
FFAB
FB25
F763
F514
F48B
F5C5
F85A
FB97
FF18
02D0
0610
07E8
0811
0657
02B0
FDF3
F944
F573
F305
F24C
F350
F5EB
F9DC
FE8C
02F2
0631
07E8
07DC
05E2
0268
FD59
F606
EF4B
EC34
EA1B
E640
DFA7
D1CE
BC7E
AE13
B595
CD62
E2E4
EEE3
F76E
0083
0821
0C87
0DE8
0CD4
0A06
068B
036B
0165
00DB
01E0
03D0
056F
05CB
045F
00FE
FC02
F6B9
F2C3
F108
F1F5
F586
FB40
02F1
0B27
0E18
0A28
0568
00F6
FB72
F732
F550
F5EC
F8BB
FD25
024A
05F1
06D3
04F0
0080
FA4D
F37D
ECF5
E773
E40F
E366
E4C8
E719
E9BA
ECA4
F016
F431
F91F
FF86
0757
0EBA
1482
1896
18E9
14D4
0EAB
0671
FCEC
F5C7
F2DE
F460
FA42
03B9
0D3A
1456
18EB
188D
139E
0C60
03FD
FCD4
F884
F7C3
FAE6
014D
0700
0B2B
0E73
0C02
05FC
00C8
FAC5
F554
F336
F4B9
F949
0007
06D8
0B6A
0CF6
0B97
07A7
01F2
FC54
F87F
F715
F82E
FB7E
FFD2
038E
05F8
06F6
069E
0536
0356
01E6
0175
01F9
0308
0402
0436
0345
0165
FF54
FE2A
FEF8
026F
0862
0FB9
1919
2AC1
4873
6365
650C
4D18
2FA7
1AA9
0E24
0613
005E
FC7E
FA2F
F919
F8CB
F8F1
F96C
FA4F
FBBC
FDC9
0058
0309
0538
0628
0531
01F8
FCB2
F699
F152
EDBE
EC5B
EDB0
F192
F779
FE76
0535
0A82
0CB5
0BBA
0985
069A
02ED
FFD3
FE53
FE73
FFC1
0180
02E5
0334
020D
FF98
FC86
F9AC
F788
F6A1
F6EC
F7AD
F929
FB1B
FCB2
FD95
FC94
FA8E
F92C
F901
FAFA
FE38
025A
0798
0CBC
10CD
12F5
143A
1478
1113
0BFD
0895
0648
0452
0317
029E
028C
025B
018D
FFDD
FD62
FA77
F794
F537
F3E7
F412
F5F5
F99A
FED9
052A
0B71
1083
1420
1656
162A
12B8
0D1B
0697
FF00
F72D
F14B
ED4F
E9F6
E8E9
EC1F
F16D
F604
FA53
FF0E
0310
058D
06A7
061F
03A7
FF8F
FA4E
F48A
EF34
EB06
E8E9
EA0A
EDFB
F3E9
FC3B
0540
0BB7
0E5B
0CEE
077D
FE7E
F461
EB4C
E41E
E476
EBCB
F4EA
0277
0FB3
1B55
27F9
280C
1C3D
1151
0696
FC27
F409
EFD6
F0EA
F3E5
F691
F88C
F88C
F5FD
F199
EC9C
E83F
E684
E917
EE83
F525
FCCE
033C
05D7
041F
FEEE
F80B
F180
ECF8
EC05
EEDD
F4AD
FD43
0645
0C64
0E82
0C9C
071F
FF2F
F727
F0F3
ED4F
ECD2
EF20
F37F
F9B4
00D5
075E
0C70
100A
1273
13E1
1450
139E
11B8
0ECE
0B33
0751
03D4
019B
015D
0341
06A7
0A3D
0CC0
0D6A
0BD5
07F8
0234
FBDC
F6F7
F4D7
F5DD
F9E2
0013
069A
0BA9
0E80
0EFC
0D9D
0B27
089B
0752
0808
0A65
0D48
0F30
0EC2
0B1D
0418
FB35
F30A
ED38
EC09
F011
F76D
01F6
0C04
1265
1422
103A
0830
FBC2
F04D
E7F6
E201
E5A1
EF18
F8BC
0391
0C1D
0FED
0F80
0C01
06CD
0183
FE5E
FE8C
01AB
0641
0A34
0BB6
09F1
0510
FE2C
F743
F269
F0E5
F310
F8A1
007D
0836
0D7A
0F5B
0E08
0A82
0653
0323
020A
034F
066B
09E5
0BFA
0B89
0806
0176
F982
F2DF
EEED
EE57
F0EE
F5EC
FCA6
02DC
065B
0685
03CD
FF9B
FC35
FB90
FEAF
0586
0DFB
15CB
1E22
2315
1E0D
14D4
0C92
03AA
FC52
F95A
FB0B
0068
071E
0C46
0E22
0BE6
052F
FA96
F064
E864
E238
E2D2
E937
F007
F6C6
FC6E
FEA9
FCC2
F7E5
F1E9
EC07
E982
ED07
F2F7
FA83
03B6
0A1B
0D4E
0C0B
053E
FC32
F329
EC21
E811
E81A
ED1E
F438
FB6B
025B
06FC
083D
0725
04C3
0224
007B
0058
018D
033C
0426
032D
FF8F
F95D
F233
EB8F
E4AD
DE94
DDAD
E2E2
EAE4
F2F4
FB13
0665
135C
18F1
147E
0D1A
073C
0200
FD30
FA22
F995
FB54
FEAB
02AA
0643
089E
0962
08A9
06D0
0442
0172
FEE7
FD10
FC00
FB62
FA87
F8DB
F671
F3BE
F134
EF59
EEC3
EFD1
F296
F6F8
FC8A
022E
067A
0896
0840
0581
00B3
FB08
F63F
F356
F262
F33D
F577
F87E
FBB2
FE48
FF9A
FF86
FE7D
FD47
FCB9
FD72
FFB4
034C
0779
0B41
0E07
0F98
0FF0
0F1D
0D51
0B31
0993
085E
0674
0367
FFEA
FC6B
F8EA
F5D6
F3E7
F3A7
F549
F8BB
FD68
022C
05B9
0714
05B1
0162
FB1D
F529
F110
EF95
F163
F626
FD7A
05E5
0C89
100F
1009
0C83
0665
FF08
F879
F480
F480
F898
FF7F
077F
0EE6
1498
15DB
11BB
0AFF
01EF
F7A4
EFBF
EB58
EB25
EEFD
F5E6
006C
0B9D
142E
1C50
2323
22F0
1BE9
13A5
0C8C
05D9
FFB5
FB7D
FA34
FBEF
FFF6
0551
0B2E
106B
13A7
1483
136B
1063
0BAD
0647
0164
FE3B
FD33
FDE8
0042
03E2
0784
09F6
0A99
0936
05F5
018F
FD3E
FA30
F93E
FAFB
FFB3
0693
0D9F
13F5
1A00
1E73
1EC1
1B14
1625
11BC
0E0D
0B38
09B1
09AC
0ACB
0C48
0D4B
0D27
0B7B
0823
033F
FD82
F829
F433
F1EC
F132
F1BD
F31A
F4BF
F621
F6E9
F71B
F714
F730
F787
F807
F883
F8D3
F8C1
F81A
F6C6
F4F0
F2F3
F15F
F0C8
F18E
F3BB
F715
FB3E
FF73
026E
0336
0195
FDDB
F8EF
F478
F1B9
F0F0
F21D
F4E0
F900
FDD7
0166
0238
006A
FD34
F9F8
F6F4
F47A
F3BE
F5A2
FA0C
0000
05F1
0A6A
0CB0
0CAF
0ABB
0765
0388
002D
FE17
FD80
FE29
FF6D
0081
00E2
0066
FF15
FD51
FBA1
FA88
FA9E
FBC1
FD1F
FE96
001E
010A
0121
00A5
FFDE
FF16
FE60
FD9A
FC7D
FAC5
F87C
F5AE
F248
EEB8
EC4F
EC5E
EEE4
F2EF
F84F
FF14
05C2
0A6E
0C58
0BA3
08DA
04D0
00AE
FDF5
FDD5
0064
04CC
0A52
1064
15D0
1923
19AB
17CB
14A3
1172
0EC6
0CB8
0B8C
0B74
0C43
0D7B
0E86
0EF1
0E5C
0CB3
0A35
0729
03BD
001D
FC9E
F9AD
F7B1
F6D9
F71F
F868
FA57
FC96
FF4E
021E
03C0
03A7
022E
0035
FE96
FDBB
FE93
020B
0767
0D4A
134E
1847
1905
14D0
0E5E
05AC
FAB3
F16A
EB25
E7F0
E925
ED5A
F2C9
F8D4
FDDB
0077
0063
FE28
FB1D
F92C
F989
FC6A
1045
0B22
0810
05B8
0561
06FD
0A37
0E21
116C
136C
1407
1367
122B
10E1
0F67
0DA7
0C13
0AB5
08C1
059E
01C2
FE39
FBF6
FBAE
FDC2
01A0
05FE
0AC4
0E8A
0CF4
06DC
0068
F97F
F3F5
F1CB
F26B
F740
FF8B
08B7
10F4
16FB
1A50
1947
1465
0F2B
0AED
07A0
05FB
0622
0749
0852
081A
05B3
00B5
FA34
F43A
EFC0
ECF7
EC41
ED4B
EF15
F0C5
F1CC
F1E9
F15F
F0E5
F158
F36B
F78F
FDEB
0550
0B47
0E91
0EEB
0C75
07D4
017C
FBC2
F892
F76E
F963
FE96
0416
07E7
0917
0681
0067
F8DD
F18D
EAAB
E5DE
E62F
EAEB
F0FF
F800
001C
07CF
0DC7
11EB
14B3
169F
17D8
1840
17BA
164C
13F7
10D6
0D5C
0A1D
071A
045E
026D
0155
00CA
002C
FF0E
FDB7
FCE0
FCF0
FCEF
FD90
0088
048F
06BC
05BC
0240
FEFA
FEEC
FF69
FCE3
F9EB
F998
FC61
01B6
07EE
0C64
0E33
0D15
08A2
0254
FB9C
F604
F375
F4F0
FAC2
04BE
0F57
18E7
2533
2E48
2A51
1DE5
11B9
07F7
00B0
FC6A
FB7C
FDCB
02D3
0917
0EC6
133C
16D0
198B
1B1A
1B4C
1A37
181E
154D
120B
0E87
0AEA
0786
04DD
0363
0343
043B
05AD
06D8
072E
0681
0517
03AE
0342
0478
0761
0CF0
1792
2509
2A87
233A
18B7
0F3D
03B2
F88A
E81F
CEB8
C0C3
CA91
DC73
E84C
EE1B
F0AB
F0B9
EEA7
EB47
E76E
E4F3
E684
EB91
F1B3
F915
00E1
062C
0783
04C9
FE5B
F5DC
EE32
E6DA
DE9B
DB1B
DFE4
E78C
EDAA
F31B
F8E8
FEA5
03C2
080B
0B6F
0DDC
0F2A
0F24
0D9B
0A99
0652
0103
FBBE
F847
F722
F827
FBC6
012D
0799
0D8D
121F
1A4B
2324
20DE
16E5
1053
0D12
0986
058D
01C4
FE51
FB4B
F91D
F838
F8AE
FA71
FD58
00D6
03E5
05AE
05CE
0417
008C
FBD7
F761
F46F
F3A2
F54B
F978
FF9F
063D
0BB2
0F2B
1051
0F28
0C28
07E1
0350
FFD0
FE4C
FEFF
01B5
0582
08CC
0BE7
0F62
0F1C
09E1
04E4
0119
FD6F
FB70
FAA5
FB5F
FEB9
02FD
0730
0AFC
0D4F
0E86
0F2A
0EFC
0EB7
0F1D
0FCD
1078
119A
1369
14B6
13F9
1184
0E7A
0A52
044C
FD92
F7B8
F34F
F092
EFB2
F0AE
F33C
F6E6
FB35
FF91
030C
0509
05B0
052C
03DB
021E
FFFC
FE08
FCBE
FC28
FC2F
FCAE
FDB9
FEF3
FFE7
004A
FF99
FDEE
FBAC
F910
F6A7
F4FF
F465
F4EA
F65B
F843
FA16
FB52
FB96
FADD
F921
F661
F44E
F4D5
F70D
FA39
FF57
05BD
0B41
0EC5
0FE4
0E81
0AD3
051E
FE7F
F905
F60D
F5DB
F847
FD06
0324
08CF
0CBA
0EBE
0F19
0E32
0C85
0A99
08EB
079C
0654
0481
01BC
FDE8
F937
F446
F021
EDEA
EE5E
F198
F75F
FFA7
08B0
0F48
12D0
1342
104E
0B4E
053C
FF31
FB45
FABB
FDAF
0326
0947
0EA0
11E0
11DE
0E71
0746
FF07
F705
EC2C
E47C
E63D
EB30
EFA6
F514
F9EF
FCC3
FD8C
FC37
F92C
F5CD
F3B6
F3EC
F6D7
FC33
028C
082F
0C65
0D83
0A4F
03EB
FA74
EFBE
E4F0
D6D4
CCA3
D20D
E0F3
EE30
F890
0101
069F
08D3
081F
052D
0127
FE43
FE3C
01CA
0852
0F71
1703
2032
2297
1A1C
10DB
077B
FBF7
F301
EBF6
EA38
F027
F865
017B
0A49
103C
12A9
1154
0D0E
06E5
0028
FAB1
F7AA
F74F
F96B
FD3A
011D
039E
041E
029E
FF96
FBE0
F8AE
F6FE
F745
F97E
FD3B
0196
0565
07D1
0896
07EA
064B
047E
0350
0327
03D7
0519
06D9
0898
091D
07D2
050E
00A9
FB0F
F63D
F3A6
F373
F582
F9B7
FF7B
04F2
0861
093C
075F
029C
FB89
F4C7
F021
EDC1
EE9C
F257
F8AA
018E
09CE
0F1B
1142
1016
0BD2
04A5
FC9A
F62C
F1D1
EFF6
F07F
F24A
F461
F5C0
F565
F319
EF98
EBC5
E869
E7A5
EB1B
F152
F9D1
0456
0DAA
149D
17A2
14BC
0F0F
06F3
FC75
F36E
EB12
E5DC
E75B
EAB0
EE19
F21E
F674
FAEA
FC10
FB22
FBBF
FE1D
01D1
058B
0910
0C0D
0D78
0CC3
095E
03DF
FD86
F798
F3B7
F27D
F2E8
F578
F993
FCE5
FF67
0063
FFC7
FE10
FA86
F644
F292
EFA8
ED9A
EC10
EA79
E7D1
E1AD
D4AA
C230
B54A
B93A
CB11
DDD3
EA57
F366
FDA1
07F3
0F30
1474
17FB
16BB
11E9
0D61
0A27
080F
074E
07C6
08EC
0B1D
0F44
11D9
0C8C
0111
F620
EDDF
E823
E5E1
E84E
EDE6
F55F
FFC5
0A36
1232
18BE
1B10
1791
1217
0C2C
04C1
FCF2
F6B6
F29F
F05E
EF7F
EF8D
F025
F0FF
F1F7
F301
F429
F582
F715
F8E0
FACD
FCC3
FEB0
0090
026C
0446
0618
07C8
092A
0A06
0A1A
0929
070E
03F7
0064
FD00
FA56
F8B2
F81B
F855
F8EF
F95C
F926
F818
F657
F445
F267
F13A
F115
F212
F411
F6BA
F981
FBCB
FD2D
FD99
FD5E
FD08
FD2D
FE34
0038
02F6
05D9
0830
0983
09B0
08E1
076B
05AE
0402
02A8
01A3
00B5
FF7C
FD96
FAEC
F7C7
F4D4
F2E5
F298
F43D
F7E1
FD27
02D8
0757
0993
092B
062D
0158
FC72
F923
F840
FA29
FE6C
03FF
0944
0C8A
0CDD
09F5
03DB
FBBC
F476
EFDB
EE30
EFBE
F3EE
F962
FE8F
0206
02DB
00CF
FC66
F740
F34B
F181
F22B
F539
FA18
FF29
02D0
04A7
04C1
033B
004F
FCE6
FA87
F9E8
FAB3
FC40
FE02
FF72
0019
FFFF
FFBE
002F
022B
061B
0B4E
110E
1855
2050
23FE
20D5
1A2E
136D
0D06
06B7
00E5
FC71
F9E8
F8DD
F835
F6E6
F46D
F10D
ED79
EA91
E95E
EACF
EE9A
F451
FBC2
0377
0B23
10B4
0FB7
0A80
05AC
00BC
FBCD
F8BB
F804
F956
FC25
FFBD
0316
052C
059B
049B
02BE
00E1
FFFA
00B7
0343
0738
0BA2
0F71
1203
12FC
123F
1026
0D55
0ABC
0972
0A4A
0D88
12D0
19B2
21BB
27A4
2521
1B09
10E8
05D4
F80F
ED08
E295
D8DC
DA58
E4EA
EE87
F78B
0162
08F6
0CAE
0CD3
0A0B
050E
FF14
F9C9
F645
F4BE
F4FA
F690
F915
FC45
FFEF
03E1
07CF
0B69
0EA5
11C9
147E
152C
12BC
0E4F
0922
0306
FC73
F70F
F3D3
F2B6
F32E
F47A
F5A7
F5D7
F492
F1F1
EE98
EBA5
EA79
EBEA
EF91
F51C
FC9E
0467
09EB
0C6E
0C39
09B8
05EB
020C
FEF4
FD21
FCA4
FCD8
FC9A
FAEC
F75F
F286
EDBE
E9D1
E7FF
EA66
F01F
F8A2
048D
0F2A
167D
1A6E
1775
1038
0591
F71A
EAC8
D8BA
B7BE
9C1B
9D5F
B605
D26A
E7F4
F640
FFE0
06A9
0B60
0E36
0F3F
0E98
0C69
08CF
0410
FEF7
FAA7
F7BE
F638
F5EF
F680
F711
F6D4
F58F
F3AE
F1C5
F01F
EF4F
F06E
F393
F893
FFFD
07AD
0CE4
1054
11B9
0F6B
0ADD
069C
038A
01DF
020C
0423
074D
0A2A
0BB8
0B8F
09B6
068E
02BC
FF24
FC9B
FB84
FBAF
FC7C
FD28
FD1F
FC33
FAAA
F927
F860
F8C4
FA58
FCAF
FEE5
FFEB
FEE6
FB94
F6A4
F18C
ED57
EA9F
EAB1
EDDB
F2D4
F90A
FFCD
0545
0818
0832
064D
03AD
01C4
01B5
03FB
0834
0D0C
1114
13A6
1424
125F
0F52
0BAE
0810
05B8
0561
06FD
0A37
0E21
116C
136C
1407
1367
122B
10E1
0F67
0DA7
0C13
0AB5
08C1
059E
01C2
FE39
FBF6
FBAE
FDC2
01A0
05FE
0AC4
0E8A
0CF4
06DC
0068
F97F
F3F5
F1CB
F26B
F740
FF8B
08B7
10F4
16FB
1A50
1947
1465
0F2B
0AED
07A0
05FB
0622
0749
0852
081A
05B3
00B5
FA34
F43A
EFC0
ECF7
EC41
ED4B
EF15
F0C5
F1CC
F1E9
F15F
F0E5
F158
F36B
F78F
FDEB
0550
0B47
0E91
0EEB
0C75
07D4
017C
FBC2
F892
F76E
F963
FE96
0416
07E7
0917
0681
0067
F8DD
F18D
EAAB
E5DE
E62F
EAEB
F0FF
F800
001C
07CF
0DC7
11EB
14B3
169F
17D8
1840
17BA
164C
13F7
10D6
0D5C
0A1D
071A
045E
026D
0155
00CA
002C
FF0E
FDB7
FCE0
FCF0
FCEF
FD90
0088
048F
06BC
05BC
0240
FEFA
FEEC
F71A
F8DF
FBD6
FEBC
01F3
0514
07BD
09B8
0ACC
0AB6
092E
0601
0134
FB6D
F5DE
F171
EE8A
ED82
EE5F
F090
F381
F69F
F921
FA5F
FA42
F94A
F84D
F81E
F941
FBB6
FEED
01DB
0365
02BF
FF9D
FA79
F4C9
F028
EDF2
EF60
F417
FC79
0775
1121
23BB
41CC
472D
287E
0AFA
FB5F
F08D
E9F5
E184
DCD6
E70B
F4B5
FC0C
004B
01E3
00ED
FEEC
FC54
FA5B
FA15
FBA3
FE7D
014F
0294
0164
FDB5
F814
F160
EAA8
E498
DFC9
DE37
E19C
E76B
EBBF
EE1F
EF7D
F040
F0D9
F21D
F531
FA87
010B
07CC
0DEB
1212
1352
13B9
150E
1075
055F
FD4F
F933
F73C
F76D
F822
F894
F7F5
F6A2
F5BB
F594
F64E
F85C
FC86
01CB
04EA
05A6
04CB
026C
FDA6
F4CC
ECAB
E4BB
DD99
E1C5
EBDB
F4CC
0048
0A86
10F8
13DC
11E6
0CF5
057C
FC43
F4D6
F0B6
EFA7
F13B
F4BE
F99A
FEC3
02CE
04F1
053E
0453
02FF
020D
0211
0362
061A
09C7
0D76
10C8
13B6
1561
1503
1300
0FD2
0B52
059B
FFAD
FACB
F7B7
F6B0
F7A6
FA2E
FD99
011B
0409
05E7
068C
062E
054E
04BE
0556
0771
0AC4
0E51
110D
1241
1149
0E08
0875
0092
F894
F301
F082
F133
F50F
FB8A
025F
0791
0A8D
0A77
075D
0145
F91A
F20D
ED6F
EB38
EBD9
EEAB
F2CC
F7B6
FC64
FFBE
0142
0114
FFCC
FE3E
FD26
FCFE
FDEC
FFAD
01A8
0353
047B
0515
051F
04B2
03FE
034C
02F2
0326
03AF
040E
0405
0379
021B
FFA7
FC42
F881
F516
F289
F11C
F0F2
F210
F477
F821
FC7F
007E
034B
048F
0416
01C2
FE14
FA5C
F763
F523
F3E9
F3D4
F49A
F623
F805
F94F
F96A
F858
F670
F465
F302
F2D8
F435
F733
FBAF
0110
0660
0AC0
0DA8
0EEA
0EA2
0D0F
0A78
070B
02A9
FD71
F868
F42A
F02D
ECB9
EBB2
EE05
F27C
F7E1
FE07
045C
099E
0CF9
0E2E
0D61
0AF4
076E
03CB
013A
0069
0162
03B6
068F
08F5
0A44
0A4F
0945
079C
05FB
0512
0548
068B
084E
09C1
0A37
0959
0710
0376
FF15
FB2D
F8F9
F8DE
FA9A
FDAC
0166
0517
0815
09E2
0A5E
09D3
08D1
07FF
07F4
08F0
0AD1
0D11
0EF2
0FE0
0F9B
0E22
0BA4
085E
0460
FFD9
FB72
F7C7
F500
F2FD
F1B8
F151
F1F5
F3CA
F702
FBD3
01CC
07BD
0D39
1233
155F
1619
152F
12E9
0F3C
0A8F
0562
FFB4
F972
F3B6
EF89
EC85
EA99
EAD7
ED6F
F1A1
F792
FF7F
07AD
0F24
18B0
2332
259D
1E91
1768
1370
0FD0
0BD6
07BB
03DF
0029
FB78
F5E1
F0DC
ED14
EA7D
E9B2
EB24
EE47
F268
F732
FC04
FFB2
0166
0113
FF1E
FC4F
F9C3
F740
F413
F271
F2F8
F281
F075
EE83
ECF9
EC00
EC46
EE03
F172
F5AD
F9C8
FD59
FE8B
FCC4
F950
F5E8
F1D0
EE93
F051
F48B
FB77
04E8
0C87
139F
169B
1340
0E00
060C
FCD9
F620
F262
F224
F4E6
F9DE
FFFF
04EC
06EE
05B0
0208
FD9F
F9DC
F7BF
F83F
FB84
0159
089E
0EE8
12D2
13D1
11CD
0D9B
07CF
014D
FBD6
F8A3
F7F2
F97F
FCCA
00FE
0502
0802
09B7
0A25
095E
0761
0415
FF75
F9C7
F34D
EAA6
DC94
CA3F
BF2B
C610
D82F
E6E6
EF95
F75A
FF2A
0523
0858
08E4
0769
04FE
0307
02A2
045C
07D2
0BBC
0EE5
1050
0F1E
0B15
038A
F965
F03F
E8D8
E2F8
E212
E716
EE64
F5F6
FD9A
0405
07C2
0872
0698
034D
002B
FEA9
FF4B
01BA
0558
0986
0CAB
0D02
0A51
055F
FF51
F976
F531
F3CE
F5F1
FB9E
03AE
0B1E
0F86
103C
0CFE
05DF
FB21
F0BD
E8F7
E38D
E539
EC40
F524
0095
0AA3
1114
1331
10D4
0AB7
025A
FB36
F672
F536
F7CB
FE11
06AF
0DA7
11A6
124D
0FA2
0A34
02FB
FC82
F8C0
F886
FC21
0292
093D
0E5D
1121
10ED
0DC4
0828
0285
FEFB
FDDA
FF53
032B
08BE
0F0A
147E
1722
15AC
117B
0C63
06A3
00EE
FCCC
FB18
FBB9
FE02
0122
0429
0612
06CB
0743
07E1
086B
0907
09FC
0B40
0C70
0CF1
0C34
09D4
05B1
002F
FA86
F62F
F404
F463
F79C
FE0D
06D3
0F73
1856
241A
2E94
2E82
2377
16D4
0C51
FFE6
F2DE
E70C
D36B
B696
A538
AEDF
C887
DF24
EC86
F485
FA96
FEF2
00E7
0063
FDF5
FAA5
F7A9
F57C
F43C
F4A4
F677
F892
FB26
FE2A
0097
01FD
024C
01B3
0054
FE49
FC17
FA1F
F865
F6DB
F571
F41F
F2F2
F1ED
F119
F091
F08B
F144
F2F1
F5AE
F999
FEC5
049A
09CA
0D56
0EEB
0E5D
0BA3
06BD
FFB6
F7EB
F187
ECEC
E937
E784
EA02
F03F
F779
FE49
04D3
0A81
0E57
1047
10A8
0FC6
0DEC
0B28
0798
0398
FF8F
FBDA
F8FA
F75F
F701
F796
F8DB
FABD
FD3A
0006
027D
0430
051D
0555
04C3
0342
00D6
FDDD
FA96
F6D4
F28F
EE2A
EA32
E756
E689
E876
EC78
F19C
F832
FFFE
06F5
0B52
0CA4
0AF6
0678
FFFB
F929
F273
EC03
E97A
ED33
F368
F911
FF1A
055C
0A38
0D20
0E5A
0E4C
0D5C
0BF7
0A91
0981
08D3
0851
07D5
083A
0B15
0FEA
133D
128D
0F1E
0BBF
09B6
0886
072C
0522
0290
0011
FE54
FDB6
FE3A
FFB3
01C6
0402
05EF
0725
0773
070B
0669
0618
067A
07AD
0982
0BA7
0DA4
0ECE
0E8D
0C5C
088A
0473
0120
FF43
FFD8
03A7
0A15
10A2
1759
20B2
26B1
212E
15C9
0C45
0360
FB18
F695
F754
FD72
07A1
1427
29AE
4C11
5BFC
420B
201D
0BAA
F882
E3C8
B383
8000
8000
8000
BEE3
E9F5
FE4D
0B4B
133E
156C
1244
0BBE
017C
F5FA
ED21
E555
DF47
DF01
E39D
E9ED
F0B5
F7AB
FE91
0483
08B8
0B1E
0B6B
0987
062D
0260
FF08
FCFE
FCFA
FF74
0460
0AAC
10A0
153B
1766
15A2
1086
08BF
FE59
F442
ED07
E974
EAB6
EFB2
F74D
012E
0A21
0F34
0FF8
0CC0
0676
FE96
F6EA
F17A
F041
F317
F867
FFB1
07BF
0E91
13B8
1731
1891
1828
16CF
1502
12C3
0FCA
0BD9
06DD
00BD
F9F5
F407
F04B
EF76
F1E6
F7CD
0149
0BAE
1436
1C80
222D
1FDD
188A
11CD
0CA6
0939
08A2
0B3F
0FFC
167E
217E
2F67
345C
2AD8
1D3B
13E2
0D2B
06F1
01CF
FE60
FC5F
FB1B
F9E2
F84C
F657
F46A
F333
F36F
F5D3
FA96
00B6
06CF
0C12
0ECF
0D65
0915
036D
FCD4
F6BF
F2DD
F1B0
F300
F63B
FA7F
FE75
00B9
009C
FE36
FA5A
F64D
F329
F187
F19C
F325
F59A
F865
FACD
FC28
FC3B
FB4B
F9F8
F8F7
F8CA
F9A5
FB6A
FDB2
FFEB
0198
0276
0295
024A
020F
0255
0355
04FD
06F3
08BC
09F1
0A61
0A24
099B
095A
09F6
0BC0
0E8F
11DE
152D
17D6
1886
1664
1252
0D35
072C
013D
FD29
FBED
FD9D
01A0
0687
0A90
0C90
0C11
0904
03AA
FD2E
F79B
F45F
F3E0
F5FF
FA50
FFD0
04D3
07ED
088A
06AD
02B0
FD60
F866
F54A
F471
F5A3
F867
FBF4
FF69
01F2
02E7
0213
FFBB
FC95
F98F
F767
F664
F684
F79F
F973
FBD6
FEBC
01F3
0514
07BD
09B8
0ACC
0AB6
092E
0601
0134
FB6D
F5DE
F171
EE8A
ED82
EE5F
F090
F381
F69F
F921
FA5F
FA42
F94A
F84D
F81E
F941
FBB6
FEED
01DB
0365
02BF
FF9D
FA79
F4C9
F028
EDF2
EF60
F417
FC79
0775
1121
23BB
41CC
472D
287E
0AFA
FB5F
F08D
E9F5
E184
DCD6
E70B
F4B5
FC0C
004B
01E3
00ED
FEEC
FC54
FA5B
FA15
FBA3
FE7D
014F
0294
0164
FDB5
F814
F160
EAA8
E498
DFC9
DE37
E19C
E76B
EBBF
EE1F
EF7D
F040
F0D9
F21D
F531
FA87
010B
07CC
0DEB
1212
1352
13B9
150E
1075
055F
FD4F
F933
F73C
F76D
F822
F894
F7F5
F6A2
F5BB
F594
F64E
F85C
FC86
01CB
04EA
05A6
04CB
026C
FDA6
F4CC
ECAB
E4BB
DD99
E1C5
EBDB
F4CC
0048
0A86
10F8
13DC
11E6
0CF5
057C
079D
0937
0AEB
0C5C
0D8F
0E10
0DB7
0CEC
0C09
0B17
0A3D
09C4
09BD
09E3
09A8
0867
0599
012B
FBC2
F683
F24D
EFA7
EF44
F18C
F5ED
FB5E
00AF
0498
061A
04AE
0046
F997
F277
EBF7
E5FF
E26E
E380
E788
EB7E
EE89
F0BF
F1DB
F1BD
F0CA
EFBC
EF52
F01A
F222
F4E3
F795
F988
FA67
FA35
F945
F818
F717
F6A7
F70A
F849
F9D4
FA6E
F955
F6C1
F356
F000
EDF7
EE4A
F142
F710
FFDC
093B
100D
13C4
13FD
10E5
0BD0
05E4
00FB
FEFF
00A5
0561
0CAF
1A9B
34B8
4DC6
4A91
2BEA
0DA4
FD20
F524
F196
F1BD
F485
F886
FC6B
FEA5
FFAA
0182
0115
FCD2
FA3C
FBB6
00FF
085D
0E2C
118C
11E1
0F10
0952
01F3
FC20
F9AE
FB84
024F
0C54
15E4
2324
3285
32D5
23E7
156B
0ADC
019B
FAF5
F8B2
FAE5
0022
0631
0AF6
0CFA
0B8A
0705
00DB
FADC
F68D
F513
F6F9
FB51
003C
046F
06E5
06E5
0423
FF44
FA1F
F632
F427
F44F
F688
F9BA
FC7F
FE30
FE7C
FD42
FB38
F9CB
FA15
FC4C
001F
04D6
0958
0C38
0C3C
0959
044E
FDC2
F730
F267
F05A
F150
F506
FB2D
0277
084F
0B21
0AC0
0783
0228
FBE0
F607
F1B6
EF6C
EF06
F001
F1AE
F34E
F452
F49A
F484
F4AE
F5B6
F80F
FBF3
00D8
0559
084D
0914
0775
036B
FD2E
F738
F28D
EF01
F019
F565
FB28
00EC
05A3
0761
0570
FFE7
F889
F16F
E7EE
DDC0
DE8F
EA5C
F616
FE88
04D3
084E
0862
0558
004A
FB55
F895
F928
FD5C
047E
0C27
1217
1595
15A6
1249
0CF6
06D6
0168
FE94
FF9B
043D
0A67
1137
1809
1946
13AD
0CDE
04C9
FB14
F395
EFA7
EF19
F149
F53D
FA02
FDF2
FFBC
FF26
FCEE
FA6A
F915
FA19
FE14
04C0
0C3C
128D
1798
1A53
18BB
1402
0E3C
07CD
01A7
FD5F
FB9B
FC2E
FE9B
022E
05C5
0827
08DA
0822
0642
03A6
0196
00E8
0091
FF5D
FD9F
FC1B
FB18
FA87
FA06
F972
F915
F914
F987
FA71
FB6A
FC3D
FD08
FDC8
FE7F
FF2E
FF8C
FF2A
FDB3
FB0C
F77A
F3B5
F089
EE90
EE4E
F030
F419
F958
FEFC
03F1
0740
0858
0721
03FF
0019
FD1C
FC6E
FEC2
0404
0ACD
10D9
15D9
19E1
1971
138E
0C77
051A
FCD6
F668
F346
F29A
F3A1
F57E
F773
F91B
FA27
FAA3
FB10
FC1F
FE3E
0171
0586
094D
0B2A
0B82
0AE7
084C
0404
FFE4
FD41
FCD1
FEA8
029F
0792
0B7A
0D39
0C4E
0888
01C2
F941
F202
ED1D
EAE7
EC30
EFDE
F4DC
FAB9
FFB9
0211
0121
FD45
F7DA
F2CC
EF65
EE55
F00D
F43E
FA35
00BA
0618
08F9
089E
054A
FF94
F891
F26B
EEA1
EDC7
F007
F513
FCF6
060F
0D51
1229
1482
1303
0E0F
0775
009C
FAB1
F69F
F4F6
F5BA
F86D
FCA3
0198
05EE
08AD
09B8
0969
084E
0707
063E
0668
079A
098E
0BB7
0D57
0DCC
0CCF
0A89
0768
03FF
00ED
FEC4
FDE5
FE69
0009
0237
0456
05F1
06BC
0689
054C
030A
0039
FDAC
FBED
FAEC
FA69
FA40
FA44
FA63
FA69
F9F3
F956
F97C
FA76
FC25
FF5F
0402
08B2
0DDC
1424
1866
1777
13A7
10BB
0EEB
0D4F
0C57
0CBA
0EAF
1193
13DB
1446
12B2
0F0D
08E9
0118
F9A3
F3FC
F0EB
F0D8
F3BC
F958
001A
05CC
0971
0AB9
09BB
06D9
02B5
FEB9
FC4F
FBF1
FD60
FFF2
02A8
0464
0468
029D
FF76
FBC4
F872
F640
F57C
F606
F74C
F895
F939
F8EB
F7D3
F680
F5B5
F600
F7A2
FA97
FE9A
02F0
0674
0877
0956
09AE
09B4
09C9
0AD3
0D2C
0FA1
10EA
114F
101C
0B5D
04F9
006D
FCAA
F904
F85D
FB1B
016F
0C51
1351
0E8F
05F0
0045
FB23
F711
F5E4
F7B2
FC34
0257
083E
0BCE
0BBD
077B
FF0A
F515
ED67
E876
E86F
EE09
F6CB
0269
0DB0
167B
1BE3
1B5F
1698
10F5
0BCC
07BE
0538
03FA
02F1
00BE
FC64
F5F9
EF3E
E8E6
E241
E201
EB52
F612
01D1
0CEE
132E
13FE
0E6B
0445
F79C
ED2E
E5E5
E722
EFB4
FC35
0C2C
1ACE
2FDB
37E6
277C
1634
0941
FE43
F6BA
F672
FCF0
0560
0D66
12B0
1384
0FC1
0846
FE30
F586
F0DB
F077
F3DB
FA24
01B7
0774
0997
0818
03C4
FE51
FA31
F90F
FB4D
005C
0681
0B1F
0C69
0A12
0459
FB97
F23F
EE4D
F13D
F592
FA9D
01C9
0824
0BAF
0C42
0A51
06B5
031F
018E
031A
07AB
0D79
12E8
1921
1D15
198C
12D0
0E0D
0B05
09FE
0BC1
0FDF
154C
1B4A
1F4E
1CC0
14C8
0BBA
011E
F67D
EF54
EBD4
EBC6
EE5F
F1BF
F477
F58C
F49D
F22F
EF4B
ECD4
EBDB
ED2C
F043
F48D
F9D3
FEDD
0243
03AA
038E
02A1
0175
0053
FF38
FDD7
FBC6
F8D5
F559
F227
F037
F06B
F388
F9C5
0254
0B84
14DB
1D74
1F49
18FE
1134
0959
00BE
FA68
F85F
FAC0
00BA
07FA
0D76
0FA8
0DF7
0851
FF6E
F617
EDA1
E50D
E137
E5E5
EDE4
F524
FC63
037B
0912
0CAB
0E95
0F2E
0E97
0CC1
098F
04DC
FE91
F7C4
F2A3
F089
F24F
F8A8
040B
1167
250C
6184
7FFF
7FFF
67B9
2785
0E99
FD76
F26F
EE45
F030
F728
0255
0CF2
1368
154A
11FF
0B6B
01F1
F8A2
F34F
F2A7
F654
FD5B
05B2
0C7B
1013
0FEB
0C30
052A
FC5C
F4C4
EFA8
ECFE
ECA9
EDF3
EFF4
F203
F3C8
F543
F6C4
F8AB
FB3D
FE8F
0281
0691
09C7
0B6E
0B88
0A84
08E1
0700
0522
037F
0234
0122
FFFA
FE75
FC8C
FA98
F904
F7FF
F7A0
F7CA
F829
F85F
F808
F6E9
F535
F359
F166
EFE2
F100
F520
F95A
FD46
00EF
02ED
0801
12AF
1773
0E78
0200
FC6C
FCD6
0185
08B3
0DF2
1078
105E
0C27
0541
FE6F
F94A
F6C8
F71E
FA16
FF6F
0550
0907
0911
04B6
FBEE
F188
E75B
D5FD
BE68
B6F4
C876
DF83
EDFD
F77B
0034
068D
090F
087D
05BF
01FF
FE6F
FADB
F717
F474
F3CD
F4D3
F70A
FA38
FE2C
01EE
0411
03FE
01C6
FD79
F75E
F199
EE00
EBF6
ED0B
F1E9
F77E
FD2F
0200
0327
FFE8
F8D3
EEB1
E17D
D0C8
C377
C73A
D993
E9D3
F48F
FE4F
05F9
09A3
099A
0705
0374
00BC
0055
02BF
0751
0C45
1025
12C5
138C
124E
109B
0F43
0EC4
148D
2B7B
50BD
659A
539E
3063
1A06
0F53
0485
F94E
F000
E8A7
E486
E46C
E702
EA5A
ED51
EF9E
F16B
F319
F513
F7AF
FAF8
FE7B
0151
0288
0185
FE4A
F9B8
F528
F1B7
F060
F1B3
F568
FB4D
026E
087A
0BE3
0C75
0A94
0714
02FD
FF4E
FCE6
FC35
FCFA
FE50
FF15
FE78
FC60
F92E
F576
F319
F407
F72F
FBC2
023B
089B
0CA8
0DAD
0B80
0638
FECE
F791
F248
EFB6
EFF8
F297
F670
F9E1
FB90
FAD6
F7C8
F3E0
F069
EDB0
EE70
F317
F98D
02B1
0C30
134F
192B
1BCD
1973
14EE
10A5
0D06
0A6F
0966
09E2
0B4B
0CA6
0D01
0BE5
08D8
0366
FCE5
F6B1
F02C
EAC0
EA02
ED94
F1BF
F4FD
F81E
FB68
FE4E
007E
022A
03B6
0575
0767
094B
0AEB
0C5C
0D8F
0E10
0DB7
0CEC
0C09
0B17
0A3D
09C4
09BD
09E3
09A8
0867
0599
012B
FBC2
F683
F24D
EFA7
EF44
F18C
F5ED
FB5E
00AF
0498
061A
04AE
0046
F997
F277
EBF7
E5FF
E26E
E380
E788
EB7E
EE89
F0BF
F1DB
F1BD
F0CA
EFBC
EF52
F01A
F222
F4E3
F795
F988
FA67
FA35
F945
F818
F717
F6A7
F70A
F849
F9D4
FA6E
F955
F6C1
F356
F000
EDF7
EE4A
F142
F710
FFDC
093B
100D
13C4
13FD
10E5
0BD0
05E4
00FB
FEFF
00A5
0561
0CAF
1A9B
34B8
4DC6
4A91
2BEA
0DA4
FD20
F524
F196
F1BD
F485
F886
FC6B
FEA5
FFAA
0182
0115
FCD2
FA3C
FBB6
00FF
085D
0E2C
118C
11E1
0F10
0952
01F3
FC20
F9AE
FB84
024F
0C54
15E4
2324
3285
32D5
23E7
156B
0ADC
019B
FAF5
F8B2
FAE5
0022
0631
E847
EC80
EECC
F277
F569
F844
FB31
FDD7
0077
0302
05E7
09D8
0D47
0EA1
0E59
0BE5
0751
01F8
FB9D
F520
F0A8
EEC8
EF31
F153
F482
F7A9
F99A
F9D3
F840
F5A5
F3BB
F36D
F4B7
F792
FB5F
FFC9
046E
079D
0829
0628
020C
FC7A
F701
F33B
F113
F023
F0CF
F2CE
F530
F793
FA00
FC57
FE51
FFB7
0060
002D
FF10
FD0D
FA43
F703
F3D5
F156
F015
F06F
F27E
F638
FB68
012B
0644
09F1
0BE9
0C20
0AEE
08A5
0572
01CF
FE8A
FC55
FB95
FC7B
FF1C
034F
086E
0DB2
1323
1916
1D68
1CB6
17D1
1204
0B1B
02A0
FAEF
F57E
F29F
F272
F48A
F89C
FD75
0137
02FB
02A1
006F
FD47
FA8D
F943
F9A2
FB60
FDE2
0025
0102
FFC0
FC6C
F806
F424
F1BD
F152
F349
F71B
FC29
0197
055E
05EF
0328
FDCB
F75E
F1F3
EF20
EFAC
F3BE
FAF1
03FC
0CC4
1404
1801
1700
12D4
0D71
0670
FECA
F8BA
F535
F410
F4CB
F6D9
F9BA
FCF6
001D
02EB
0544
0731
08BD
09E0
0A86
0A8F
09DF
08A5
0761
0685
0632
065A
06CF
0715
068E
04D7
01F1
FE45
FAAB
F823
F73E
F812
FA64
FDD6
01CF
052F
06A9
05AE
0279
FDAE
F835
F320
EF4F
ED39
ECF5
EE3B
F089
F37D
F6C1
F9F6
FCE1
FF7C
01D1
03CE
052F
0591
049C
0228
FE85
FA74
F617
F19D
F014
F3BB
F982
FF92
06CF
0D33
118B
1480
14B9
1217
0EC5
0BCC
0941
078C
06F7
0748
07E9
0837
07D3
06B6
051B
036C
0225
01AA
0219
0326
043B
04AD
03FF
020A
FF1E
FC01
F9AE
F8F4
FA1E
FCF1
00BE
0483
0733
07F4
0653
0249
FC9B
F700
F2D0
F04A
F006
F2A5
F71D
FBC2
FFCC
0297
0355
01DE
FEF5
FBAD
F8E3
F731
F6DC
F7D5
F9C1
FC07
FE11
FF7E
002F
0043
003E
0107
038C
082E
0E2A
1461
1BE5
2608
2D67
29D4
1DFF
12FF
08BF
FC46
F158
E957
E30B
E21B
E736
EDC0
F469
FBA8
01B6
04DC
04C8
0203
FDE0
FA2F
F824
F84B
FA98
FE65
02DF
0601
0648
0469
0075
F94A
EFB0
E773
E4D5
E807
ED6B
F392
FB0D
020A
05FC
05F8
0243
FC1E
F5D9
F1AC
F0A4
F326
F8F5
00D1
0859
0DC4
0FFF
0E93
0A13
029D
FA5B
F4C6
F2BF
F445
F8EF
FF9C
0709
0D6D
1133
11BA
0F45
0A94
0478
FDD5
F7FC
F420
F236
F13C
F06A
EF75
EE42
ED1A
EC7F
ECC6
EEA9
F1FC
F5FC
FB7A
0174
0668
0A5E
0B86
0A22
0878
0636
0326
0065
FE80
FD73
FCF9
FCCC
FC86
FBC8
FA6D
F89A
F6CA
F5B5
F5D7
F756
FA37
FE55
033E
0827
0C31
0ED0
0FA8
0EA0
0C17
0899
04C1
015F
FF65
FF64
0151
0477
07A7
09D3
0A61
0909
05DB
0119
FBCC
F7E0
F6BD
F8F2
FEBF
072A
0F24
1787
237F
29AB
2155
14DB
0BD6
028D
F9B2
F459
F2C9
F4A6
F9C9
017E
090D
0F52
15FB
1C0F
1E37
1C19
185F
151D
12AB
10A5
0ECD
0D2B
0BF0
0B53
0B83
0C82
0E24
1016
11DA
12C2
123D
1033
0CAF
07EA
02D7
FECE
FCB8
FCE3
FEFC
01EA
042F
04AD
02D4
FE96
F8D5
F390
F081
F095
F43E
FBEA
069D
1019
17F7
1EE1
1E42
14AF
0853
FCAD
F36B
EE65
EEA4
F443
FE1E
08A8
1430
1EE0
1F13
172E
0F28
0573
FB00
F3C0
F09A
F143
F4FB
FA84
FFE4
0350
03F9
01D9
FDC7
F978
F6A5
F645
F8B7
FDC0
0402
0996
0DBA
100C
1007
0E4B
0BCF
091F
06EB
05F0
065D
07BD
092D
09D9
095D
07C4
0568
02DB
0085
FEAA
FDE4
FE97
0071
02D4
0542
073F
083A
0814
0742
0654
05FD
066E
071C
07BE
07FC
076A
05EE
0398
007D
FCF6
F9B1
F744
F601
F62C
F816
FBE7
015D
07CC
0E1D
1366
18BB
1FB4
2474
210B
1881
11B8
0C4E
0640
0173
FF1B
FE98
FF8B
01DE
04D2
06E2
06CC
03F6
FE79
F7C9
F146
E97A
E10F
DE48
E2E2
E947
EE1D
F1A8
F3C7
F3C6
F1A4
EDB8
E5DE
D731
C9D3
CD14
DDE2
EBB9
F4E0
FF67
0933
100A
1519
17B4
1720
14C2
1202
0F40
0C6D
097B
065A
02F8
FF6C
FC0F
F957
F79D
F713
F7CC
F9BF
FCCB
005C
0338
0469
03CD
01CB
FF11
FC3E
F9B6
F800
F7A4
F8A1
FA53
FBC9
FC1B
FAC5
F7D9
F411
F06F
EDC4
ECB5
EDBF
F0FE
F5FB
FBE4
01E2
073F
0B7F
0E64
0FEB
104F
0FF2
0F28
0E13
0C9E
0A96
07C8
0429
000B
FC12
F8E6
F6E4
F612
F629
F6AF
F716
F6CD
F589
F370
F10E
EF1D
EE5E
EF60
F236
F6BC
FC66
019C
0494
0471
0139
FBCB
F5DE
F163
EFAD
F17D
F705
FFC0
09A5
1261
19C1
1EB3
1E58
18BE
10FD
09A2
03CC
FFDA
FDED
FDC3
FE70
FEAD
FD89
FAA4
F65A
F1C2
EDDE
EB46
EA9A
EC17
EF04
F288
F617
F920
FB30
FC38
FCA0
FD19
FE45
0083
03CC
07A9
0B23
0D91
1126
1AEF
295F
2ECC
2324
121D
08AD
04AF
002A
FA92
F4B8
EEB5
E8C5
E368
E000
E0D7
E5BC
EB84
F09B
F577
F9C0
FC9B
FDD3
FDF6
FDF7
FEC3
00F1
04C7
09D6
0E52
11F6
184E
2079
2253
1B8B
12D3
0D4B
0AFE
0A56
0A12
0984
0850
0644
0361
0012
FD28
FB82
FBAF
FDCF
017F
05BE
0946
0B2A
0B0F
08FC
0543
00AB
FC5D
F960
F816
F823
F87F
F855
F7F2
F7B6
F6BE
F554
F604
F998
0214
1502
2B40
30BD
2384
166F
1082
0A2E
01EB
F8EC
EF1A
EB17
F087
F947
0137
0865
0E04
1126
11A6
0FF9
0CEF
0959
060C
03B7
0293
0263
02A3
02D5
02B6
0250
01E5
01CA
022A
02F2
03CB
0446
0405
02D3
00C6
FE8E
FD42
FD9A
FFA9
030B
06F4
0A35
0B82
09F2
04C7
FBBC
F21F
E9BB
DF7C
D926
DE64
E82A
EFD0
F6AD
FC5B
FEDC
FD8B
F964
F4CC
F0EE
EDB3
ED83
F125
F563
F85F
F9B0
F8AE
F5A2
F1E3
EEEB
EE54
F120
F7FF
02E6
0E77
1E01
3352
37F1
2508
138D
0805
FB0F
F165
E752
D74D
CBB7
D052
E11F
F0A9
F867
FBFC
FFBF
041D
08C8
0DA4
1185
1328
11F8
0D8D
05C5
FC19
F344
ED64
EC0D
EF46
F647
00B3
0AEE
1185
13B3
1160
0BD7
049D
FE09
FAC4
FC47
028C
0AC4
11D4
1633
143D
0D40
0133
F223
E468
CE83
C6ED
DB99
EE2D
FF25
10A2
2836
4EB2
5905
3B92
1F7C
1126
070E
FF5F
FB4F
FAB7
FCA3
FFBE
02A7
047F
052D
052F
0540
05F8
0777
0953
0ACA
0B16
09A6
0644
0139
FB5D
F59F
F0BE
EDDA
EDC6
EFC1
F264
F505
F7A0
FA72
FDCA
01FB
0706
0C65
1153
153C
16D2
149A
0F22
060A
F92E
EDB1
E1D6
D23F
CD74
D96E
E756
F0FC
F90D
FEC9
00CA
FF04
FA88
F535
F127
EFB7
F163
F605
FD39
0506
0A8F
0CA0
0B18
061D
FE40
F60F
F02B
ED32
ED87
F0D5
F6A0
FE6C
05FE
0B4B
0DA3
0CF8
096A
0317
FB35
F422
EF69
ED4E
EE1B
F1E2
F7FB
0030
098A
114A
16DA
1A6A
19A2
151C
0FCD
098B
02D2
FE2D
FC6E
FCFA
FEE3
00F8
0247
023C
0083
FCF3
F7E2
F293
EE68
EBB6
EA85
EB8F
EECC
F277
F569
F844
FB31
FDD7
0077
0302
05E7
09D8
0D47
0EA1
0E59
0BE5
0751
01F8
FB9D
F520
F0A8
EEC8
EF31
F153
F482
F7A9
F99A
F9D3
F840
F5A5
F3BB
F36D
F4B7
F792
FB5F
FFC9
046E
079D
0829
0628
020C
FC7A
F701
F33B
F113
F023
F0CF
F2CE
F530
F793
FA00
FC57
FE51
FFB7
0060
002D
FF10
FD0D
FA43
F703
F3D5
F156
F015
F06F
F27E
F638
FB68
012B
0644
09F1
0BE9
0C20
0AEE
08A5
0572
01CF
FE8A
FC55
FB95
FC7B
FF1C
034F
086E
0DB2
1323
1916
1D68
1CB6
17D1
1204
0B1B
02A0
FAEF
F57E
F29F
F272
F48A
F89C
FD75
0137
02FB
02A1
006F
FD47
FA8D
F943
F9A2
FB60
FDE2
0025
0102
FFC0
FC6C
F806
F424
F1BD
F152
F349
F71B
FC29
0197
055E
05EF
0328
FDCB
F75E
F1F3
EF20
FBBB
F5A5
F239
EF71
EE70
EF94
F2CC
F799
FCF1
016A
03E5
03DF
0151
FCC6
F7BC
F404
F298
F3A4
F6F5
FC0B
01AA
05D6
0732
058E
0172
FBDE
F64C
F24F
F106
F2C6
F72A
FD40
03B3
0904
0BEF
0BEA
0952
052B
009C
FCA2
FA2D
FA0D
FC2B
FFBA
03F7
085A
0C9A
1040
12F9
150F
168D
16BD
153E
1236
0D5B
06A1
FF6C
F90D
F3E6
F150
F2B1
F71E
FD37
03F0
097A
0C22
0B4F
075D
0096
F912
F417
F2CB
F573
FBA6
0422
0C2F
1126
11DC
0DEA
0579
F9DB
EFC5
E7ED
E459
E90F
F161
FBD2
0750
0FA8
13A9
1242
0D33
05BA
FD19
F6F2
F4F2
F6F9
FC44
0321
08BE
0B24
09C8
04C9
FD31
F5D5
F13F
F034
F2D5
F8A2
0095
0827
0CF0
0E27
0BE7
06AC
FFB1
F9A9
F68D
F66A
F8EC
FDC8
0459
0B0E
0F68
106B
0F69
0D6B
0AD8
08C8
0852
09BF
0CA7
1056
139A
148B
120F
0D92
0904
047F
0004
FCE4
FBB9
FBCB
FCC8
FE61
FF6E
FF14
FD39
FA37
F6B5
F309
EF3A
EBB9
E94C
E8B3
EA4B
EDC2
F2CC
FA0C
0341
0BC9
11CB
157B
15C5
11B2
0AE6
022B
F82A
EFFB
EB1C
E9B1
EC22
F0C7
F635
FBF0
000C
010A
FF2D
FBA6
F7FB
F588
F56E
F890
FF20
0785
0EDF
13EA
16A6
161C
1261
0D4E
0835
03BB
0087
FED7
FE3F
FDD9
FCBA
FA56
F6C2
F2D1
EFC1
EE7A
EF60
F257
F6C4
FC2A
0161
046D
0489
0244
FE90
FA5C
F731
F6BA
F8FF
FD07
017C
0524
07B6
088C
0707
03E6
0086
FE09
FD25
FDB2
FEA1
FE89
FC17
F6AD
EF0F
E509
CD5E
A76D
978E
AE67
CFCF
E9A7
FD5E
0A87
0EBD
0F81
0D04
0556
F319
CD50
BE17
DAC8
F48C
FF32
077D
0C44
0D6B
0B4A
067A
FFE2
FACD
F8A9
FAD8
012C
09CA
1263
1A3D
21F1
20D6
1705
0E03
04CF
FAE6
F3E6
F036
EF36
F045
F265
F4EB
F790
FA40
FD21
00B2
059B
0BAC
119D
15EA
1759
153C
1015
08FB
00E9
FA38
F7C2
FAD8
0343
0E8B
1CC8
3DC6
6F82
76A2
4485
1B75
082D
F666
EAA4
DE15
DB54
E8CA
F522
00D6
0B73
115E
14AE
111B
082F
FF0E
F6BC
F0CE
EE2B
EE97
F138
F537
F9D8
FDDE
0091
020F
030B
0431
05B0
0774
0967
0BA1
0DB8
0EB8
0E50
0CB6
09E9
0608
019E
FD85
FA48
F7E0
F60C
F486
F2F3
F16F
F08E
F05B
F0A3
F19D
F365
F5C2
F8CE
FCAB
00B1
03E9
05C8
061A
04B5
017F
FCC0
F74E
F22C
EDF3
EAD8
E97C
EAB4
EE49
F3AB
FB4D
0492
0CBF
1262
15A9
15F6
133C
0E99
0896
01F7
FC7D
F949
F884
F9EB
FD13
0179
063D
0A2C
0C8E
0D5A
0CDB
0B60
0925
065D
035C
0071
FDCF
FB78
F977
F7E8
F6FB
F6DB
F7A2
F943
FB85
FDEF
FFEC
00ED
00A6
FF16
FC9A
F9DC
F7A4
F68B
F6E3
F8A9
FB79
FE8E
0108
0235
0193
FECC
FA0F
F4B5
F027
EBC5
E73E
E5A6
E904
EEA6
F3F7
F972
FF55
044E
0748
0827
074A
0547
02F0
0141
0106
0294
064C
0E22
1D5B
30FD
39C3
2CBF
16F3
09A8
02BB
FC8D
F8D1
F7EA
F9CC
FE5F
042B
09D6
0D79
0DDC
0AED
051D
FD61
F5CE
F0B5
EF04
F0E9
F5FF
FDBC
05FE
0BB7
0DAF
0BC9
0674
FF03
F7D6
F309
F274
F60D
FD6E
0803
1164
18E9
1DBA
1B61
1486
0CEB
0531
FF4B
FD28
FF7A
05DF
0DC0
1459
18E5
1835
122E
08D6
FAE8
ED9A
DE54
C361
AF33
B93E
D41D
E7F2
F221
F8E9
FD7D
FEDF
FD47
F9B3
F53D
F0DE
ED4A
EAD4
E9A5
E9DB
EB78
EE7C
F2FC
F902
005F
087C
1058
178B
1E2E
2143
1D6B
15FB
0ECC
069C
FDC8
F713
F3A1
F346
F568
F8E9
FC4D
FE55
FDEE
FAEF
F667
F197
EDDC
EC5F
EDD5
F216
F913
028D
0BB1
1239
1665
1780
1526
1100
0C02
0668
016F
FE80
FE42
0094
04C0
0991
0DC3
1073
111A
0F6A
0B6D
0587
FE7C
F74E
F122
ED24
EC07
ED79
F0E9
F65D
FD7F
04AC
0A39
0D84
0E8F
0DA3
0B4F
0824
04C7
01E6
FFF8
FF12
FEE8
FEFE
FED9
FE2F
FD01
FB9F
FA9C
FA96
FBDA
FE5B
01C8
05A2
092C
0BBE
0D24
0D73
0CAE
0AE7
0896
0668
04E6
0453
049D
057A
06AC
07F9
0905
09CA
0A85
0B1B
0B3A
0AD1
09FA
08B2
06CD
042E
0103
FDB2
FAB0
F887
F7A3
F6CA
F3DC
F144
F3C3
F87B
F9D1
F917
F912
F9ED
FB66
FCF4
FEEA
01FB
0523
0708
077F
06EA
058E
038B
0155
FFCC
FFA4
010A
03C0
0717
0A1F
0C1E
0CA7
0B85
08DC
052F
0104
FCBE
F8A0
F570
F32D
EDE2
E4BA
E06B
E525
EBA1
EF13
F1CB
F607
FBC1
0218
07C2
0B7B
0CE4
0C6D
0AC2
08A4
06E3
0676
07F8
0B51
0FE4
14ED
1940
1AC7
1832
12E2
0BE1
0325
FA58
F1A7
E93D
E72A
EE5D
F7AB
FEF2
0629
0BBE
0F61
13A8
1506
112C
0D39
0B9A
0A92
099B
0920
0947
09C8
0A15
09F2
09FC
0A31
09F6
09D4
0A32
0A4E
09B2
0899
074C
05E8
0469
02CB
0111
FF46
FD72
FB9C
F9D6
F842
F720
F6BC
F739
F871
FA14
FBBC
FD02
FD70
FC97
FA55
F706
F363
F028
EDD4
ECBC
ED1E
EED8
F180
F4C4
F84D
FBA6
FE67
007D
0234
03E5
05A5
076E
092C
0A3C
099D
06AE
0155
FA2F
F316
EDA3
E963
E764
E9FB
EF3D
F4E6
FB3C
00FA
0419
03E7
00B6
FC22
F86E
F642
F64A
F91B
FD4B
02DC
08CD
0BDA
0AAF
057D
FCDC
F296
E867
DC59
D2C9
D6E2
E410
EF1A
F92A
03A0
0B1E
0E57
0DBD
0A16
0453
FE35
F9BB
F7E4
F8CF
FC2E
016E
071E
0B81
0E0A
0EF2
0E75
0D3E
0C25
0BA6
0BE9
0CF1
0EAC
110C
13D8
163A
172B
1685
14F3
12EA
107F
0DE3
0B86
09B0
0884
0817
0846
08AB
08DE
08A5
07EB
0694
0489
01DF
FF01
FC6D
FA68
F913
F88E
F8FE
FA67
FC78
FE9C
0062
0191
021A
0211
01AB
013D
0111
014F
01F6
02E0
03D0
0494
051E
058D
0626
0734
08EB
0B3F
0DDA
1022
1161
10DE
0E19
08EC
01CC
F9C6
F1EA
EC9F
ECE7
F11E
F76B
01DC
0CEC
175E
24FF
2B01
222B
16D3
0E88
0611
FECE
FB15
FB94
0030
0712
0D9B
13F8
174E
1440
0F40
0A45
0464
0024
FF08
0151
06A5
0D81
1448
193C
19EC
1626
1096
09ED
0245
FBCF
F83E
F797
F8FF
FB1B
FC47
FB27
F745
F195
EB56
E313
D7FD
D18F
D738
E4A5
F23C
FD57
0578
0A1B
0B34
08D6
038D
FDFD
FA1F
F826
F82F
F9E5
FC91
FED3
FEFB
FC45
F715
F0F0
EB78
E747
E675
EAEB
F21F
FB8E
0720
107D
16CC
1A07
1868
13C9
0E47
0894
0416
01EE
0246
049B
07CF
0A74
0B70
0A41
06CF
017A
FB34
F52E
F048
ECD4
E9BB
E3DF
D9F7
D233
D44C
DD69
E4CE
E8B1
EC16
F045
F521
F932
FAE2
FA37
F6DA
F177
E9F4
D4CF
A8F3
8190
877F
B37E
DB66
EF65
FA9C
037A
091E
0AEC
0931
048B
FE40
F874
F4B4
F34D
F400
F64B
F998
FD48
007D
0284
0347
0334
02E0
02BF
02E7
0313
02C5
0171
FEB6
FABB
F63C
F239
EF71
EE70
EF94
F2CC
F799
FCF1
016A
03E5
03DF
0151
FCC6
F7BC
F404
F298
F3A4
F6F5
FC0B
01AA
05D6
0732
058E
0172
FBDE
F64C
F24F
F106
F2C6
F72A
FD40
03B3
0904
0BEF
0BEA
0952
052B
009C
FCA2
FA2D
FA0D
FC2B
FFBA
03F7
085A
0C9A
1040
12F9
150F
168D
16BD
153E
1236
0D5B
06A1
FF6C
F90D
F3E6
F150
F2B1
F71E
FD37
03F0
097A
0C22
0B4F
075D
0096
F912
F417
F2CB
F573
FBA6
0422
0C2F
1126
11DC
0DEA
0579
F9DB
EFC5
E7ED
E459
E90F
F161
FBD2
0750
0FA8
13A9
1242
0D33
05BA
FD19
F6F2
F4F2
F6F9
FC44
0321
08BE
0B24
09C8
04C9
FD31
F5D5
F13F
F034
F2D5
F8A2
0095
0827
0CF0
0E27
0BE7
06AC
FFB1
F9A9
F68D
F66A
F8EC
FDC8
0459
0B0E
0F68
106B
0F69
0D6B
0AD8
FF9B
02E7
062B
0A21
0D6D
0F8D
102E
0F20
0D08
0B2C
0A52
0A93
0BE0
0E92
1393
185C
171E
1195
0BC1
02C0
F95E
F168
E73C
E40D
EBB3
F3F0
FB0B
0237
064E
05D1
00D5
F839
EE98
E3EB
D446
C7F8
CCE8
DCD7
E9D6
F2D0
FB1D
0231
06F2
0975
0A27
09A8
087D
0687
0354
FEFA
FA31
F593
F174
EEDF
EFA3
F408
FAD7
0343
0B79
115C
1358
1082
08EE
FC31
EF60
DFBB
C73C
C007
D46F
E856
F647
03AA
0D43
1292
1184
0BF3
028C
F6FC
EE7A
E90F
E7B8
EB25
F063
F62F
FBA2
FED2
FEA0
FB39
F5FE
F101
ED66
EBB6
ED17
F11E
F674
FD74
0484
0988
0E23
0FAC
0A76
0368
FCA0
F558
F001
EAD7
E816
EBE3
F116
F68B
FE2C
0547
0B07
0E00
0D7A
0BBF
0979
06E0
054F
05CA
084F
0BC4
0EC3
1035
0F32
0B58
0432
FB7F
F41C
EFA9
EFD2
F3F7
FD56
09A9
2146
4F91
695A
4FD3
2CA5
1A58
1034
093D
05AE
0633
0975
0DB5
10FA
11B7
0F54
0A14
0271
FA4A
F492
F279
F3F1
F877
FEFE
0541
08E2
08E1
059E
0074
FB44
F838
F851
FB72
0269
0A32
1252
1A63
1808
0F1D
06C8
FB19
F0C7
E535
D8F4
DB15
E757
F0E6
F8F1
018B
0848
0BED
0CCB
0B77
0883
047C
0026
FC2C
F8A6
F56D
F2B6
F0D7
F00D
F0D1
F31A
F62B
F972
FC59
FE1D
FE71
FD99
FC4D
FB81
FBF9
FE15
01C8
0695
0BA5
0F7E
0FC7
0BB6
0558
FDA2
F549
EF07
EB8F
EB21
EF39
F655
FE14
0580
0AF9
0D1D
0C00
0889
03E6
FF52
FBCF
F9E6
F9A6
FAA5
FC27
FD54
FD96
FCC3
FB15
F909
F712
F579
F44E
F37B
F2DC
F25F
F221
F26F
F3B0
F652
FAAA
008A
06C5
0BC9
0EB2
0F44
0DA4
0A49
0612
0287
014B
0333
07CA
0D61
12A7
1691
15BA
0F92
065A
F94A
EC74
DCF7
C625
BFC9
D342
E6F0
F27C
FCBF
043D
066E
034B
FBA9
F253
EA1A
E12D
DA1C
DCFA
E68C
EECE
F660
FE98
0548
09A1
0C6B
0E78
1057
1249
1520
1A05
1FA1
22C1
22B5
2107
1E9F
1B6A
1770
13A9
111F
0F9D
0DEB
0B4D
07CD
0323
FD12
F5E6
EE61
E62B
D7D2
BE4F
A451
9F67
B518
D2EF
E6F1
F187
FAAF
03DE
0A84
0DD0
0DEF
0B2D
060E
FF31
F852
F396
F1F3
F3AD
F8D3
0112
0A60
1285
1AA5
221D
2372
1DA4
1623
0FDE
09DF
03FC
FF5F
FCC0
FBFB
FC87
FDC1
FF13
000F
0083
0070
FFFD
FF51
FE90
FDD0
FD22
FC9D
FC69
FC8F
FCEA
FD8E
FEF8
0152
040B
066E
0819
08DD
08B1
07C9
0696
05B2
05B0
06EA
0958
0C68
0F41
117F
12D3
125E
0FE8
0C50
07DF
0289
FD17
F897
F576
F388
F262
F19B
F0F0
F032
EF16
ED9F
ED56
EFB9
F364
F7C4
FEE0
072D
1091
20AA
325C
3666
2BD2
1F13
15CE
0D86
04CD
FC1C
F447
EF28
EE65
F12C
F55E
F9AF
FDA3
00BB
026B
026E
00D6
FE1A
FAFE
F840
F654
F54F
F512
F560
F606
F6DE
F7EB
F94B
FB2D
FDB2
00CB
0415
06E9
08AD
08F8
07AC
04F1
0148
FD8F
FAD8
F9F0
FAD4
FCA2
FE9B
0074
0159
0031
FCC1
F863
F511
F36B
F3C6
F663
FB29
01F3
085A
0BF2
0C62
09CA
0472
FCED
F583
F082
EE4F
EEA2
F0BC
F384
F5D9
F6C1
F5DF
F3BD
F183
F087
F1DD
F642
FE25
0780
0F03
13C2
1480
10F7
0A56
009A
F709
F12A
EF8E
F1FC
F79F
FF16
05BB
0915
0824
0348
FCB0
F6E8
F354
F398
F7CF
FF9B
0955
10C7
1449
12D3
0CEC
0293
F65B
EB7E
DAE9
CB3C
CF65
E2FD
F4E9
FF9B
04F7
05E6
023F
FB6B
F42A
EDE9
E922
E6E5
E795
EA29
ED4E
F027
F26F
F457
F656
F8E7
FC41
001B
0397
05B1
05BD
037E
FF3B
F9FA
F567
F2EF
F353
F6D5
FD3E
04A6
0A69
0D6D
0C64
0738
FF62
F63A
EECA
EA65
E9C7
EE55
F5AE
FE64
0777
0D68
0FD8
0F88
0BCD
0682
01E0
FE38
FC35
FC13
FCDE
FD95
FD5A
FB99
F877
F4C7
F156
EE7B
EC59
EAFE
EA4C
EA0B
EA0B
EA45
EAE6
EC3F
EE7E
F187
F536
F93E
FC92
FDE1
FCA0
F918
F45C
F045
EE75
EFC0
F47B
FBF8
04C8
0CE9
11FD
123D
0E40
065A
FB00
F159
EBE8
EBA2
F0D3
FAF6
095A
15FE
2763
3ACC
37E2
245A
15BE
0CAA
056B
017E
01F2
05FC
0B56
0F9A
1175
104E
0C4A
0607
FF1C
F99D
F6A0
F687
F8A9
FB9C
FE15
FEFE
FDBF
FAA9
F6FC
F441
F386
F549
F98D
FFB6
0601
0A4E
0B8B
097A
0466
FD7A
F6D3
F221
F005
F087
F336
F736
FB17
FD71
FDA8
FBEA
F905
F654
F537
F68D
FA99
00F8
0809
0D9F
10A1
10CA
0E2B
0956
0306
FC87
F78E
F52A
F597
F899
FDB4
03CF
096C
0D93
102F
11A4
1258
12A4
12C5
12D2
12B0
1215
10CB
0EFA
0D2A
0BD8
0B2A
0B08
0B5A
0C43
0DD5
0F16
0EE2
0D53
0A5D
0520
FE11
F73B
F251
F02E
F15A
F60F
FE05
07E0
1293
1F24
2A6B
2AC6
1FE4
149B
0B1D
FFB3
F568
EF3A
ED03
EEED
F44E
FBF6
0452
0B71
1009
1170
0F93
0B1C
055C
FF84
FA8C
F749
F609
F6E2
F999
FD6C
0182
0537
0818
09E6
0AAB
0A7C
094F
06FE
037F
FF11
FA49
F61B
F388
F2DD
F3F6
F6AC
FA3F
FE07
01BA
03EB
035E
0063
FBF8
F762
F404
F2C2
F400
F809
FE8C
0584
0A53
0B9E
0911
02EE
FA7E
F220
EB7C
E8A0
EB22
F0D4
F95E
0444
0CFC
11A0
11EE
0E4F
0777
FE41
F66E
F231
F1C2
F5BF
FD3C
0668
0FC8
192C
2232
27F4
282F
242E
1EED
1A6D
1730
14D7
12C1
1071
0DA4
0A5A
0701
0480
03D3
0566
08F7
0E3B
1597
1DEE
21C3
1D29
14D9
0E61
0908
03FF
00FD
012D
047F
09F6
0FAF
148A
190D
1BAD
19CE
1569
11EE
0FC9
0EBA
0F1A
10F1
13A0
1640
184D
1993
1872
1339
0C5F
0713
02B5
FEAB
FBC0
F9E8
F899
F769
F65C
F5F2
F671
F7C7
F9E4
FCC2
0036
0376
054A
04D8
01CA
FC4E
F5AA
EFC3
EB0F
E7CB
E79C
EA83
EE88
F2A5
F63A
F802
F71D
F3D6
EF5F
EA05
E377
DF67
E2D0
EB82
F4A3
FD73
05B0
0C02
0F21
0EAB
0C1B
0899
0486
0140
0025
0147
03FB
076E
0AA8
0CB6
0D1D
0BE9
093F
05AC
0273
00C2
0107
0305
0610
093A
0BB5
0D12
0CFA
0AE7
06BD
015D
FBDF
F6EE
F305
F06F
EF40
EF67
F0D0
F364
F717
FBC5
00E0
057A
08D2
0AA3
0AF2
09F1
07EA
0554
02D1
0105
004E
00A4
0191
0258
0229
0067
FCE9
F849
F3C5
F085
EF47
F08F
F47C
FB27
03B1
0B33
0FA3
1087
0DA1
071E
FD39
F30B
EB35
E4C9
E285
E69A
ED83
F4EC
FC27
01C3
049D
049C
0241
FE4D
FA6B
F849
F8B0
FBE6
0162
0776
0E82
1787
1C4F
17B5
0FF2
0AB5
067A
0261
FFC9
FF78
0167
051E
099B
0D98
1068
11D4
11AC
101C
0D87
0A25
0658
02C7
FFFF
FE37
FD46
FCBB
FC0E
FAC8
F8AD
F5D2
F2A6
EFD1
EDF1
ED70
EE94
F142
F4FC
F933
FD50
008B
023B
024D
0142
FFFC
FF64
0026
0287
062B
0A21
0D6D
0F8D
102E
0F20
0D08
0B2C
0A52
0A93
0BE0
0E92
1393
185C
171E
1195
0BC1
02C0
F95E
F168
E73C
E40D
EBB3
F3F0
FB0B
0237
064E
05D1
00D5
F839
EE98
E3EB
D446
C7F8
CCE8
DCD7
E9D6
F2D0
FB1D
0231
06F2
0975
0A27
09A8
087D
0687
0354
FEFA
FA31
F593
F174
EEDF
EFA3
F408
FAD7
0343
0B79
115C
1358
1082
08EE
FC31
EF60
DFBB
C73C
C007
D46F
E856
F647
03AA
0D43
1292
1184
0BF3
028C
F6FC
EE7A
E90F
E7B8
EB25
F063
F62F
FBA2
FED2
FEA0
FB39
F5FE
F101
ED66
EBB6
ED17
F11E
F674
FD74
0484
0988
0E23
0FAC
0A76
0368
FCA0
F558
F001
EAD7
E816
EBE3
F116
F68B
FE2C
0547
0B07
0E00
0D7A
0BBF
0979
06E0
054F
05CA
084F
0BC4
0EC3
1035
0F32
0B58
0432
FB7F
0CD8
01C0
FDE2
F71A
F1C9
EED2
EEF0
F26C
F907
02F5
0CE2
13FF
1869
17D8
11FC
092E
FE18
F2DC
E925
E309
E4B2
EB8C
F3D2
FF65
0B66
13BE
19A2
1AFD
15EE
0E2E
04D8
F9AF
F011
E8FD
E3FE
E3D1
E881
EEE2
F69B
FEE3
055B
0A69
0D94
0CC4
0958
04C3
FEB5
F957
F6EF
F780
FAE1
0086
06FB
0C63
0EB2
0CE4
083F
0236
FAC7
F3AE
EF6E
EC35
E4FE
D99A
D4B5
E25B
FBBA
0C3C
0E3E
0B2C
0778
02E9
FF10
FDAB
FF4B
0343
07D2
0B91
0D80
0C87
0875
008B
F664
EDDA
E4EE
DBE8
DAC1
E209
EA4E
F0F2
F74F
FCFD
00A5
01C3
00B9
FE65
FBCD
F9C3
F8A4
F85C
F894
F8DC
F8BB
F7EC
F65F
F448
F228
F08C
EFE9
F073
F1DA
F392
F512
F633
F73B
F84F
F98B
FB1F
FD1D
FF91
02A5
05FE
087A
0908
0735
0313
FD47
F737
F262
EF98
EF35
F11A
F4D7
F9D2
FEAE
01B1
01C9
FED9
FA05
F47B
EDCA
E922
ECA0
F4A9
FCF4
07E5
1201
1E11
313D
3C77
353F
26A4
1A6E
10F7
08FC
025A
FD26
F924
F654
F4E7
F500
F6A1
F9B2
FDD5
0263
0685
093B
095C
05F7
FFA2
F7FF
EE49
E053
D37D
D393
E001
EC4D
F699
027E
0C5A
12B1
157A
132E
0DB6
07DF
0379
0209
0456
0A3B
132F
1F1B
2B3D
2F20
2750
1B1C
1018
063D
FD86
F704
F407
F521
F908
FDD6
0199
034E
0337
00AB
FC35
F7A5
F3FC
F1D2
F186
F345
F676
F9F7
FCDD
FEB5
FF4B
FE62
FC1E
F908
F5E3
F34C
F12B
EF5D
EEA4
EF60
F0E9
F377
F74E
FB4B
FE32
FF21
FD68
F94A
F410
ECEF
E326
DC50
DD84
E430
EC9D
F615
FFFE
0883
0DE1
0F2F
0C6D
0607
FD1A
F4EA
EFB5
EC54
EC2C
F10A
F70A
FB63
FE9B
FFC8
FF8B
FFB8
FF03
FD0C
FC30
FDA3
0185
06D5
0B1E
0CCD
0B95
0781
00DE
F952
F346
EFBE
EEB3
EFD6
F260
F564
F7CB
F887
F734
F450
F0C2
ED59
EB62
EC00
EEC6
F357
F98B
FF94
03C1
0569
041E
FFC9
FA4B
F5B6
F0D0
ED9C
EFD5
F483
FAB4
03B0
0BF3
12BD
18E1
1BFB
1B5B
185A
13EC
0EEB
0A9C
07A6
05D2
051C
057D
069A
07DE
088F
0852
0762
05F9
0467
02A2
00A2
FE9D
FB73
F864
F7C1
F729
F4B3
F232
F0EB
F0B4
F171
F33F
F672
FACE
FF47
0347
06A6
094F
0B17
0C1E
0D17
0E45
0F78
1068
1081
0F30
0C3A
079C
01A2
FB7A
F6D8
F4CC
F5AF
F958
FEA1
03E7
08F2
0D13
0DFF
0C00
08D2
04D3
013C
FFE4
01B0
065E
0C4F
1194
15B4
177A
1535
105D
09F3
018F
F98C
F45F
F222
F25D
F472
F78B
FAE1
FDD3
000C
018F
029A
0362
03E3
03DF
0308
011F
FE00
F9EC
F5C1
F2BE
F1C8
F2EB
F657
FCEE
059C
0D39
12AE
155C
13EA
0FAE
09D1
0254
FB73
F774
F682
F7FD
FB0C
FEB7
0211
0473
05D6
06CA
0802
0A09
0D68
128D
18A9
1D1E
1D55
1918
1223
0994
0021
F7A4
F25B
F19A
F59E
FDA8
079C
106C
1640
1922
17FB
103B
04E4
FD53
F95B
F5F1
F57B
F863
FC79
FFBB
00B3
FFC5
FCAE
F827
F414
F166
F0C6
F28A
F6E9
FD74
04C6
0B60
1003
123E
1293
112D
0E40
0B11
081E
0519
0277
0131
019B
02DF
0410
0512
05BF
0540
02AA
FDBE
F770
F187
ED25
EB03
EC4A
F0E8
F904
04D1
0FF7
1A2B
26B3
2C99
253C
1A1A
120D
0BCC
0720
0528
0614
08F9
0C3B
0E58
0E74
0C5F
0867
0364
FEF8
FCA1
FCE9
FF73
02F6
05A1
0617
03B3
FE76
F7AA
F1E7
EE9E
EE7F
F1BF
F774
FF03
05B1
0898
06DF
005B
F6A4
EDD9
E27F
D571
D9C8
EC24
FBDA
0904
133A
1963
1885
11DB
0885
FC19
F1E7
EC5C
EB8F
EF65
F65D
FF55
07BA
0E3F
11B2
1150
0F32
0D77
0CCD
0D5D
0EE8
10C0
1205
11E9
0FE9
0C3C
07B9
038F
00F2
00BE
0346
07EA
0CD4
1053
11E6
1118
0E18
09BA
0463
FF7A
FCF7
FD7A
007F
0508
09E4
0DDF
0FE4
0F4D
0BFC
0640
FF1D
F81D
F203
EC9A
E8A5
E833
ECAC
F544
FF9E
09AC
12B1
1AD1
2263
26C8
22B2
186F
0F79
0739
FE0F
F741
F39F
F30C
F5C3
FA56
FF6D
03E8
069F
0718
059A
02F6
004C
FE90
FE28
FF8F
02A2
05F9
0933
0B66
0AB2
084D
0593
0220
FEC1
FCB4
FC5E
FDA4
0027
033A
060D
081C
094B
09C2
09C1
098F
094B
08E1
0814
069C
0436
00AF
FC51
F82D
F4E2
F24F
F1B5
F333
F511
F80A
FC00
005D
072F
0CD2
0AB9
03B9
FE6A
FBE6
FAC1
FA90
FB1C
FBCB
FC11
FB9C
FA5A
F876
F674
F500
F49B
F575
F77C
FA88
FE70
02D6
06D0
095B
0A5F
0A3C
0935
079C
05A5
0354
00F8
FF2C
FE4F
FE5B
FF17
002D
0133
01CB
01CB
0145
008C
001C
0072
01DD
0460
07AB
0B19
0DD9
0F32
0EAE
0C34
081E
0377
FF8F
FD0C
FC4C
FD83
0062
0454
085F
0B24
0BA0
0982
0524
FF5B
F96B
F476
F11B
EF85
EF54
EFE2
F065
F032
EF13
ED65
EBDD
EB61
ECF1
F0C3
F679
FE71
076E
0E45
1236
1396
11F2
0E5B
0A01
052E
00ED
FE76
FDFD
FEFA
00B1
025A
033D
0319
022B
00E9
FFAF
FEB2
FE0D
FDA7
FD38
FC85
FB88
FA92
FA39
FB1E
FD87
0147
05B3
09BB
0C30
0C38
095E
0382
FB90
F452
EFAB
ED94
EFB2
F6BA
0088
0B1F
15DB
1EF9
202B
18F8
1083
076F
FCF8
F4BD
F06A
EFC8
F21F
F68E
FC49
019B
04F9
0629
05B4
0466
0325
02AA
0351
04F6
06FC
089F
0950
08B9
06A3
0303
FE60
F9CE
F5D9
F217
EE5D
EB92
EAC4
EC1F
EF15
F361
F9B5
027F
0BF4
14F8
20B7
2F19
3679
307F
23C7
18A5
1066
099F
0416
0012
FD8C
FC18
FB0C
F9B1
F76A
F3F2
EFF5
ECBD
E98A
E3EB
DE92
E0BE
E9F9
F257
F6BC
F8F2
FA46
FAEB
FA79
F92E
F77D
F54B
F2FB
F128
EFE5
EF16
EEDA
EF65
F0D0
F310
F614
F989
FCAD
FF3D
00D1
FFF1
FD7D
FB9D
FAA8
FB3B
FD47
FFD9
02A6
04F3
05D7
04C9
01B2
FD51
F913
F662
F5EE
F78A
FAB2
FE6F
0160
0237
FFFF
FA9F
F3B9
ED6B
E7BF
E3E7
E68B
EED8
F802
01DF
0AA6
0F0E
0EC0
09C9
011C
F6A3
ECEE
E3F3
DBD9
DA9A
E1D5
EB3C
F29D
F7C3
FAC4
FB72
FA27
F7EC
F606
F55A
F64C
F8D5
FC96
00C2
045D
06BA
07B8
07AF
0732
06E3
0742
0885
0A8A
0CF1
0F39
10E4
1199
1131
0FC1
0D58
09FF
05F4
01C3
FD94
F92A
F4C1
F0E2
EE11
ECD5
ECE5
EE93
F2A7
F7DE
FCDA
0181
0569
07FB
0935
0980
098B
0A1A
0BC7
0E94
1200
155A
18C8
1CEA
1D78
1720
1027
0B3D
0572
FFE2
FBC8
F988
F8F8
F917
FA33
FC35
FE62
0076
029C
0501
077D
09E9
0C57
0EB9
10A1
1182
113A
0FE2
0D2F
0997
061A
02E7
0037
FEA2
FE7F
FFB7
01E0
0448
063C
0748
0715
0553
01DC
FD35
F858
F40D
F0D1
EEF6
EE8E
EF6B
F133
F3A3
F641
F7CC
F795
F795
F9A1
FBA0
FCD2
FF4D
028E
0829
1010
113B
0A5B
03BC
FDE2
F71A
F1C9
EED2
EEF0
F26C
F907
02F5
0CE2
13FF
1869
17D8
11FC
092E
FE18
F2DC
E925
E309
E4B2
EB8C
F3D2
FF65
0B66
13BE
19A2
1AFD
15EE
0E2E
04D8
F9AF
F011
E8FD
E3FE
E3D1
E881
EEE2
F69B
FEE3
055B
0A69
0D94
0CC4
0958
04C3
FEB5
F957
F6EF
F780
FAE1
0086
06FB
0C63
0EB2
0CE4
083F
0236
FAC7
F3AE
EF6E
EC35
E4FE
D99A
D4B5
E25B
FBBA
0C3C
0E3E
0B2C
0778
02E9
FF10
FDAB
FF4B
0343
07D2
0B91
0D80
0C87
0875
008B
F664
EDDA
E4EE
DBE8
DAC1
E209
EA4E
F0F2
F74F
FCFD
00A5
01C3
00B9
FE65
FBCD
F9C3
F8A4
F85C
F894
F8DC
F8BB
F7EC
F65F
F448
F228
F08C
EFE9
F073
F1DA
F392
F512
F633
F73B
F84F
F98B
FB1F
FD1D
FF91
02A5
05FE
087A
0908
0735
0313
FD47
F737
166E
1241
0DA4
057E
FA34
EE87
E01B
BC7F
94BE
99CB
C482
E629
F5A9
00EF
09AA
0E37
0FD1
0ECF
0C2B
0956
0681
0396
00ED
FEAC
FCBB
FB20
FA4F
FB0A
FDA7
01C2
06AC
0B2F
0D87
0CB1
085C
FEDD
F270
E4C0
C397
9319
8D16
B945
DEF9
F135
FE9B
07BB
0B39
082F
00A2
F6F3
EEA3
EA00
EB05
F1BC
FCB0
08D8
1592
2673
2C30
1EE6
0EF8
0334
FA1A
F4C0
F415
F72B
FD4B
048A
093B
09C9
0607
FE7B
F517
ECCC
E58D
E041
E13E
E76E
EDC7
F2DB
F73E
FABF
FD2C
FF10
014E
0493
08DE
0D75
1167
13DC
13C9
1103
0CA3
077A
0249
FE9A
FDA8
FEC9
FFD5
FF8D
FDC7
FA56
F58C
EEF8
E5CB
DA1B
CFC0
D004
DB90
E7B9
EFF9
F6C0
FC71
FFC9
009D
001A
FFED
0159
04E7
0A7C
1157
184D
1DBB
1E2F
18B1
114A
08E9
FEF3
F6BB
F29C
F283
F5BD
FB51
01B0
06B5
08FE
0834
04A2
FF26
F97F
F563
F386
F3D7
F5DF
F8D1
FB84
FCE3
FC67
FA1C
F6BD
F3D0
F32B
F568
F94C
FD7A
0195
053A
0780
07A8
0589
0183
FC71
F766
F349
F092
EF69
EFBE
F14E
F3C0
F6BA
F9FE
FD54
007C
0340
057A
071D
082C
08B6
08D5
08A2
0827
0759
064E
0596
05F3
070B
0794
0757
0777
0870
09A8
0A73
0A89
09D3
0854
066B
04A8
030F
014E
FFC2
FF30
FFDD
0185
039B
0571
0671
0633
0477
0138
FCD7
F82C
F42D
F16C
F02B
F08C
F296
F63F
FB1B
0054
0532
094B
0C66
0E28
0E53
0D3C
0B6B
0942
070F
04F3
02EC
0109
FF7B
FE68
FDDE
FDCA
FE0D
FE7B
FEE9
FF39
FF5A
FF4A
FF0C
FE99
FDEA
FCF6
FBA9
F9ED
F7DF
F5F7
F4A5
F3EB
F3DF
F4E7
F71E
FAF8
00E8
0738
0C59
10F6
145C
14F7
1371
10B3
0CB5
07BE
0285
FD98
F961
F627
F3D4
F202
F070
EF22
EE59
EE6E
EFAA
F243
F670
FC4D
0314
0930
0D95
1013
1094
0F2A
0C59
08A4
049A
0120
FF20
FF03
0091
0318
05BA
07A5
0835
0703
0403
FFC6
FB52
F7B1
F5A4
F58F
F774
FB01
FF74
0397
0632
06A7
04FA
018A
FD1D
F942
F77E
F822
FAF7
FF11
031D
06FA
09EA
09F0
0697
0121
FB0F
F605
F3F2
F5CC
FB05
031F
0C44
1438
1A66
1B74
165A
0E6D
0476
FA91
F36D
F048
F18E
F746
000A
0793
0D70
0F99
0B63
03C0
F9C0
EE62
DF94
CE1F
C9B0
D8D1
EBF6
F812
0020
05D3
078C
064D
0357
0010
FE23
FEA9
01D2
0619
0C0E
1299
1673
17C6
17CC
18EB
1919
12D6
09A8
0404
01E9
0108
004B
FF37
FD9E
FBA2
F9C4
F8B1
F8F1
FAA1
FD91
01AA
069E
0B70
0F27
1130
1118
0ED2
0AAB
0506
FE39
F716
F0DB
EBDE
E7B7
E512
E556
E86C
ECBB
F1A4
F75C
FCB9
004D
01E3
0192
FF4B
FB57
F701
F3E3
F2BB
F3B5
F6CD
FBAD
0140
0625
0967
0A7A
0929
05D2
0146
FC5F
F7FD
F534
F44C
F473
F5EC
F91D
FD05
0179
06AB
0BBF
0FEF
130B
1513
15B3
13DB
0F8D
0ACC
064F
020B
FF83
FFD9
02E9
07F2
0DBB
127F
14FC
1460
107E
0A67
0295
FAA1
F54B
F3E9
F6C8
FD9E
06C6
1026
1A14
2282
23E3
1E5E
15E1
0C79
02EB
FA04
F39F
F0E2
F105
F312
F67C
FA7D
FE10
007E
01AD
01FC
01FA
021A
029D
0377
046F
0541
059B
051D
0390
0176
FFF3
FF74
FF7E
001D
0227
05D4
09C9
0C71
0D75
0CF9
0B10
07F0
03AB
FEFD
FB7F
FA2A
FB05
FDDA
0270
07FA
0CBC
0F82
1024
0EA4
0B24
055A
FE1D
F80A
F37A
F005
EF1F
F040
F22A
F579
F91A
FB68
FD11
FE16
FD86
FC11
FAD8
FA2D
F9C8
F939
F890
F7E3
F76D
F73B
F686
F5AD
F575
F50E
F479
F4C9
F5CF
F6C5
F728
F6CB
F603
F520
F4E8
F5D2
F5C3
F3D1
F3D0
F78E
FAF1
FAD8
F853
F550
F277
EF2B
EBD4
EA67
EB5D
EDB8
F132
F5EF
FB9A
0156
05D4
085E
096E
093B
0807
06C7
05A0
0453
0329
0243
0173
0066
FEF9
FD74
FC7B
FC6F
FD20
FE87
00F9
04CE
0A2E
1194
1CEA
2CE0
39D6
36CD
246C
13B8
0CFC
0A7B
08FA
091A
0B58
0F78
13A1
169F
180F
1832
15D0
0EA8
04F9
FC5F
F597
F0DD
EE85
EE5A
EFD7
F270
F5E4
F9FC
FE9C
03D1
098A
0F2D
14B5
1C3B
271E
3105
32FB
2BD0
205A
14FB
0B30
0330
FD3C
F9D9
F998
FC65
0128
0662
0AD7
0D9C
0E38
0CCC
09ED
0635
022A
FE30
FA69
F705
F452
F271
F166
F164
F2C6
F5D7
FACA
014B
080F
0DDF
12A5
1594
1539
124A
0EC8
0BB0
099D
0959
0B34
0E8F
1257
15BA
1799
1682
12C0
0D8A
0709
000C
FA77
F75C
F6A1
F792
F93B
FA95
FAC2
F96C
F6F0
F436
F233
F18F
F292
F527
F8EF
FD31
00BF
0299
029A
0147
FF70
FDFE
FDD4
FF70
021F
04DD
077B
0938
08F7
0669
0123
F9FE
F355
EE4E
EB03
E9D6
EB2F
EEE3
F3FF
F9E2
00E7
0823
0DE3
132E
18A4
1B15
18E1
1492
100F
0AC4
0478
FEB4
FB43
FB0F
FE23
03B8
0A11
0F4E
1252
1259
0F64
09F5
028F
FB76
F71C
F644
F8DC
FE63
058D
0BF4
0FD5
1054
0D3A
072E
FF58
F7B9
F1DF
EE91
EE20
EFEF
F339
F719
FA51
FBF0
FBB5
F9FE
F799
F55F
F3DF
F364
F3EF
F529
F6CA
F8C0
FAF9
FDC9
01C6
0653
0AC5
0F3A
1279
1314
118B
0E23
084A
00EB
FA08
F51A
F2DB
F36B
F69B
FBA4
00E5
04C2
0650
0557
0256
FE8C
FB91
FAB0
FC98
0103
06BB
0C74
1108
132D
12C0
1032
0BCC
06AE
0252
FF92
FE7A
FF0F
00D1
0291
03B5
038D
0242
007C
FE62
FCD8
FC30
FC28
FCAC
FCC9
FBB0
F964
F657
F319
F03F
EE9D
EF12
F227
F7CD
FF5B
0781
0E84
132A
1517
13ED
0FF9
0AAA
04FD
FFC6
FC79
FC1D
FED2
0406
0A50
0FF6
1453
1725
1768
14F9
110C
0C32
066A
0090
FBF8
F943
F83E
F871
F95C
FA70
FB14
FAE6
F9DA
F83E
F70A
F728
F8D3
FD8E
0419
0577
00A0
FBF3
F8D7
F57D
F276
F06D
EFB0
F095
F32E
F785
FD29
02E5
0772
0A37
0B65
0BA9
0BE3
0CDE
0F3B
1400
1CF9
2A95
37EB
3BD2
31F3
2198
1499
0ABF
FFF6
F67A
F100
EEAA
EEFF
F134
F3CE
F641
F832
F900
F87D
F727
F5A3
F44C
F35A
F2C9
F245
F171
EFEC
EC95
E641
E063
E25E
EB4C
F2FD
F929
00CF
078E
0BAB
0CEA
0B68
07A2
01A5
FB6D
F6C5
F3E5
F353
F45A
F5A4
F6E4
F7B6
F785
F637
F432
F224
F0C6
F08E
F182
F348
F555
F73C
F8D9
FA31
FB5D
FC9E
FE33
0011
01E5
0372
0481
04BC
03CB
01A6
FED0
FC26
FA7E
FA46
FB7A
FDAC
0019
01E2
0260
015A
FF2F
FCCE
FB70
FC0A
FEDB
0359
087E
0D9C
1191
1261
1017
0BDE
053F
FDA4
F801
F52D
F508
F72E
FB27
FFD2
0305
0379
012C
FCBB
F729
F1B3
EDA3
EC0F
ED24
F00C
F41F
F921
FE43
0248
046D
0492
02F7
0008
FC48
F84C
F4A8
F1F7
F0CA
F15B
F3DD
F8EF
0033
0797
0E51
13C4
13B4
0DA4
057E
FA34
EE87
E01B
BC7F
94BE
99CB
C482
E629
F5A9
00EF
09AA
0E37
0FD1
0ECF
0C2B
0956
0681
0396
00ED
FEAC
FCBB
FB20
FA4F
FB0A
FDA7
01C2
06AC
0B2F
0D87
0CB1
085C
FEDD
F270
E4C0
C397
9319
8D16
B945
DEF9
F135
FE9B
07BB
0B39
082F
00A2
F6F3
EEA3
EA00
EB05
F1BC
FCB0
08D8
1592
2673
2C30
1EE6
0EF8
0334
FA1A
F4C0
F415
F72B
FD4B
048A
093B
09C9
0607
FE7B
F517
ECCC
E58D
E041
E13E
E76E
EDC7
F2DB
F73E
FABF
FD2C
FF10
014E
0493
08DE
0D75
1167
13DC
13C9
1103
0CA3
077A
0249
FE9A
FDA8
FEC9
FFD5
FF8D
FDC7
FA56
F58C
EEF8
E5CB
DA1B
CFC0
D004
DB90
E7B9
EFF9
F6C0
FC71
FFC9
009D
001A
FFED
0159
04E7
0A7C
1157
184D
1DBB
1E2F
18B1
114A
08E9
FEF3
0AE0
0892
04D4
FDE2
F66A
F003
ECCD
EDA4
F143
F785
002B
0852
0D9B
0FA1
0EBA
0B97
06ED
01D6
FDB8
FB63
FAD4
FB81
FC9C
FD7B
FDDF
FDF9
FE59
FFD2
02AD
0694
0B30
0F7B
122A
12BA
10E6
0C9D
06C4
00F1
FCB5
FB28
FCC9
01A3
0875
0ED8
1385
15E8
1521
11CA
0CD0
0723
028D
0008
FFD4
0214
05CA
08CB
0A31
0A47
0938
0773
0536
0323
024D
0340
0599
08AC
0BC3
0DCC
0E28
0CF0
0A67
06E9
0356
0080
FE68
FCC8
FB34
F976
F744
F2E5
ED11
E94C
E7C8
E736
E7E6
EA49
EDC4
F17D
F5B1
FA08
FD0E
FEA5
0009
018B
02DD
0435
05A9
06E9
0784
072E
05EC
0420
027D
017D
0142
0257
04D4
07E7
0ADB
0CF9
0DA2
0C75
0934
0424
FE55
F961
F69E
F65D
F827
FB2F
FE92
0169
028E
0130
FD92
F8CF
F427
F0B6
EF5C
F070
F3BE
F913
FFA0
056F
08DB
0965
0722
0272
FC70
F6FC
F37D
F25C
F391
F6DE
FBAF
00B7
0481
0656
0612
03E0
0039
FC28
F8EA
F730
F6FB
F7F3
F989
FB13
FBE2
FB87
F9FB
F7AF
F55D
F3C0
F362
F494
F777
FBF0
013C
0609
0961
0B02
0B19
09F8
081A
0626
04E1
04D3
061C
086A
0B1C
0D85
0F3D
1023
1043
0FBE
0EC9
0DA8
0C8C
0B7D
0A49
086C
054F
0101
FC2A
F751
F302
EFEF
EE92
EED6
F050
F27D
F4B1
F61C
F610
F470
F1C0
EED9
ECE3
ED65
F12D
F830
0233
0D58
1D94
3FB4
68A3
7177
52D9
2E9D
1980
0E5C
0612
FFBD
FC6F
FC60
FE82
0163
03D1
04D6
03CB
009F
FC23
F787
F404
F28E
F24F
F179
F259
F7B7
FDD7
0148
02C5
02EF
0206
00A4
FF4E
FE7A
FE5C
FEBC
FF61
FFF5
0027
FFF4
FF71
FEDE
FE75
FE79
FF0D
0006
00DB
0128
00CC
FF34
FC0D
F82C
F4BB
F222
F099
F095
F23A
F593
FA5B
FF80
0392
0572
049D
0123
FBA9
F5A7
F0D7
EDE7
ED3E
EF99
F46D
FAF7
02C4
09EB
0E96
1052
0F1A
0B22
0471
FBD4
F3DC
EE3A
EA7C
E8EE
EAB8
EF23
F492
FA91
00B7
05F8
09EF
0D68
10EB
12A0
0F93
08BD
02ED
0079
0064
01F6
04CE
0854
0C17
0FA0
1276
1459
1541
1546
14BE
1411
1396
1395
14BD
17E7
1AB0
166D
0B89
0294
FA35
F233
E0C6
9E19
8000
8000
B3E8
E573
F586
0017
07A9
0BEC
0D09
0AE2
059E
FEDB
F7D9
F2E1
F06A
EF38
F048
F34E
F702
FA48
FCED
FF77
0196
0324
047D
0675
0937
0C56
0F14
10B3
11CB
11BE
0F6C
0C43
098E
06F6
04AE
036E
0384
04C1
06AA
08A2
0A17
0AB9
0A76
097B
0823
06ED
064E
068C
07A4
0937
0AA2
0B6D
0B3F
09C6
06D2
01FC
FB85
F542
EF8F
E9AF
E632
E78D
EB83
F00A
F611
FDB6
0533
0AF5
0E42
0EDF
0CE7
0881
01F4
FAB3
F4D9
F14D
F00B
F0FC
F3D1
F86C
FDD7
0234
048D
04B7
0283
FDF9
F87A
F3F3
F07D
EE35
EDE9
EEFB
F0F5
F3B9
F5BE
F5E6
F4EB
F39F
F1F6
F023
EF05
EF54
F12B
F44D
F844
FC12
FE67
FE72
FC1A
F7E6
F2FD
EEF3
ECF9
EDB9
F188
F7CF
FF62
0726
0D78
1048
0EAA
08FE
FEE9
F055
E293
DDF4
E2B4
E97C
EEE5
F46E
FA1F
FDE3
FDED
F9F9
F38B
EBC3
E214
DB2D
DEEE
E90D
F2BF
FF47
0BCB
1447
1AB3
1986
1075
0601
FA7B
EFE5
E81D
E471
E6FA
ECA5
F2BB
F8DD
FD89
FF5A
FE26
FB1B
F840
F6E3
F7A3
FABD
0046
0781
0D83
108B
1064
0D20
06C2
FDC9
F57D
EFD7
ECEE
ED11
EFB5
F419
F91C
FD6E
004A
018E
018F
0147
01B2
0320
05E0
09AD
0CF7
0E9D
0E93
0D01
0A34
0677
02E2
00FC
016E
0419
084D
0C7E
0F28
0FB1
0E0F
0A9B
05DA
00F8
FDA8
FD08
FF37
0352
07A5
0AA6
0B6F
0985
04F0
FE50
F79A
F2E0
F12A
F316
F819
FF1F
06DA
0CB6
0EFF
0DEE
09E9
03D8
FD93
F899
F641
F771
FB76
00BD
05D4
0973
0AA4
08F9
050E
0065
FC93
FAC6
FBB5
FF8A
0577
0B9A
1063
136C
1458
1314
1092
0D9B
0A90
081D
06C1
0662
0674
063B
051C
02E0
FFBC
FC3F
F936
F756
F6D7
F782
F8F2
FAAE
FC49
FD72
FE25
FEB5
FFB9
01CD
0554
0A2F
0F6B
1496
1C45
26AB
29C6
202E
1497
0D48
0640
FEFF
F9A6
F6F7
F71A
F9EA
FE5A
0362
07D9
09E7
09BA
083C
04D3
FF43
F8D1
F34C
EF78
ED32
ED2D
EFC8
F3E5
F980
008B
0706
0B47
0CAE
0B3B
08B0
06CC
02E0
FC43
F80D
F75C
F966
FE03
029D
063A
0895
08D8
06D9
02B5
FDFE
FA98
F979
FB16
FF9B
0644
0CFF
1252
15C2
1603
130B
0E2B
0725
FF0C
F7DA
F254
EF23
EDB7
EDD1
EF4F
F178
F3DE
F636
F986
FE91
02A1
06A2
101D
182A
1905
1851
1769
1705
1298
08EA
0242
FF02
FE03
FF72
022A
0611
09DD
0C6E
0CBC
0AA3
06F7
0278
FDE3
FA16
F831
F873
FA6F
FDC3
020E
068C
0A28
0CA8
0E36
0EEA
0EE0
0DFB
0C1F
096D
0603
01DB
FD02
F814
F3F7
F10C
EF36
EE96
EF4D
F12D
F44D
F8D9
FDDA
01D7
04D7
07DD
0AA9
0C5D
0D65
0DE2
0D15
0E01
13D4
17B9
1223
0930
04CD
031D
017D
005F
FFEF
00AB
02B7
05B1
0963
0CD9
0F7D
118D
124A
10DD
0DDF
09D7
0479
FE20
F83F
F40C
F1DE
F19E
F30A
F5AC
F8DC
FBCF
FDD5
FE7A
FDB5
FBF8
FA0C
F8D3
F948
FC5B
022D
0960
10C9
1A0C
253C
2A5A
2364
17DB
0DD5
0124
F3B4
E880
D922
CBFE
D084
E04B
ED03
F71B
00F6
0862
0C90
0CE6
0950
0370
FCF3
F722
F2FB
F0F6
F0E9
F230
F3FA
F57A
F611
F58E
F434
F2AD
F1FF
F2E4
F5A3
FAE4
0225
0899
0CDC
0EA5
0CB0
075A
FEC5
F3E7
E923
D8CE
C018
AFD3
B6E6
CD40
E2E2
F15F
FA61
00C3
0520
06C8
0674
0593
0497
0441
05AC
08AD
0C02
0EF4
11C8
13DE
13F4
123B
0F71
0B9B
06FA
0283
FF47
FDFE
FEC9
013B
0494
07DF
09F2
0A01
0874
05E4
0202
FD41
F941
F6EA
F697
F8AA
FC97
0116
0507
0795
0817
0644
02EC
FF84
FCB0
FA7E
F949
F932
F9D6
FA88
FA74
F906
F63C
F2A5
EF13
EC5A
EB4A
EC60
EF50
F381
F896
FDC4
01C2
03D2
0422
0379
02D3
031A
04CF
07B9
0B2D
0E70
108E
10CF
0F30
0BC7
06DA
017C
FD20
FAB9
FA78
FBD2
FDBF
FF2C
FF46
FDC9
FB52
F8F5
F7AC
F84D
FB2B
006C
06FB
0C43
0ED5
0E05
0981
00DE
F5E0
ECA5
E421
DDAB
DFD0
E8E4
F343
FD22
0551
0A24
0B11
089F
02D1
FB21
F4A7
F0F9
F05B
F28F
F717
FD08
02A8
0694
0866
082F
063F
0320
FF8C
FC3A
F986
F792
F6DF
F77A
F8AB
FAE2
FEC5
03C8
09BA
0F5F
13F8
18CE
1A51
1567
0E8B
075E
FE50
F5E7
F091
EE99
EFFC
F464
FBB0
04EE
0D8F
1444
1A51
2059
242D
2354
1E2F
176B
10F6
0A3E
01C1
F825
EF62
E6CB
DE18
DA61
DEE1
E6EC
EE06
F448
F9D7
FD5B
FDD8
FB7A
F797
F418
F269
F32E
F688
FBBA
0177
0684
099D
093B
04D4
FDE2
F66A
F003
ECCD
EDA4
F143
F785
002B
0852
0D9B
0FA1
0EBA
0B97
06ED
01D6
FDB8
FB63
FAD4
FB81
FC9C
FD7B
FDDF
FDF9
FE59
FFD2
02AD
0694
0B30
0F7B
122A
12BA
10E6
0C9D
06C4
00F1
FCB5
FB28
FCC9
01A3
0875
0ED8
1385
15E8
1521
11CA
0CD0
0723
028D
0008
FFD4
0214
05CA
08CB
0A31
0A47
0938
0773
0536
0323
024D
0340
0599
08AC
0BC3
0DCC
0E28
0CF0
0A67
06E9
0356
0080
FE68
FCC8
FB34
F976
F744
F2E5
ED11
E94C
E7C8
E736
E7E6
EA49
EDC4
F17D
F5B1
FA08
FD0E
FEA5
0009
018B
02DD
0435
05A9
06E9
0784
072E
05EC
0420
027D
017D
0142
0257
04D4
07E7
0ADB
0CF9
0DA2
0C75
0934
0424
FE55
F961
F69E
F65D
F827
FB2F
FE92
0169
028E
0130
FD92
F8CF
F427
F0B6
038F
FAB2
F7E1
F704
F958
FE93
057F
0C00
10BD
1367
13AC
11DA
0EE5
0B97
08C5
075C
07D9
09F3
0CB5
0EFE
1018
0FA7
0D67
095E
042C
FEE0
FA96
F7FA
F72D
F7FF
F9FA
FC2E
FD8D
FD75
FBE2
F96A
F726
F65B
F7E7
FC1B
033D
0EFF
221E
3977
477F
42C7
334E
2504
1A2D
108D
0787
012C
FE2C
FC1F
FAA9
FA85
FAD3
FA82
F8F4
F637
F321
F0A7
E9E4
DA12
CEC5
D6E6
E7E4
F1DB
F505
F6A0
F7E5
F87E
F85C
F7DE
F7A7
F7F3
F82F
F85F
F920
F9DF
F98B
F824
F632
F424
F237
F0B2
F00D
F0CB
F346
F7DB
FEB7
06B7
0DC5
1333
16DA
1705
1394
0E6A
076D
FEC1
F719
F24F
F087
F16D
F466
F8CA
FD79
00F2
0253
01A2
FF9B
FD6A
FC33
FCB3
FF1B
0319
07B7
0B8E
0D6E
0CD8
09D9
04EF
FF7F
FB9B
FAB8
FD55
0320
0A33
0FE8
1371
1408
10D9
0B97
0547
FF24
FC22
FDB4
0363
0B84
13F3
1B51
1E11
18ED
1085
0628
F9B2
F16A
EDE5
F004
F916
04C1
0FA2
1703
17E5
134B
0B2F
FED0
F2E2
E9F0
E75B
ED70
F773
078C
1718
3D0C
7FFF
7FFF
7FFF
5121
1E24
080B
FB14
F278
EE29
EB8B
E9AE
EAE7
EE9F
F128
F276
F4F3
F927
FE86
047D
0A56
0F18
1189
1105
0DB0
07EE
0013
F7F0
F219
EF19
EEA8
F06C
F396
F7A5
FBC3
FE8A
FF07
FD00
F8C1
F32B
ED2F
E5E4
DA26
C8CD
B805
B31E
BF0F
D387
E451
EE3E
F591
FCBB
02A0
05ED
0662
045B
0085
FC00
F82A
F5F5
F590
F6A6
F8A8
FADD
FC87
FD45
FD3B
FCB9
FC2A
FC1C
FD02
FF06
01E3
04FC
07A6
0968
0A0C
097A
07BF
056E
0351
01DF
0174
01F7
029D
02D5
0247
00CA
FEB4
FC7E
FAB8
FA2C
FB42
FC5B
FBEE
FC93
0059
042D
0571
047B
01EF
FEA6
FBB8
F9D5
F953
FA3A
FC42
FEF7
01F1
04AD
0690
07FD
09AA
0A42
08EF
077C
063D
03DA
0046
FC2F
F7FA
F400
F0BD
EE79
ED0A
EC36
EBD7
EBC2
EBD6
EC07
EC97
EDBF
EF52
F180
F4C2
F8E4
FD33
0114
03F2
052A
0480
0259
FF4E
FBDF
F8BE
F6F6
F6FE
F88D
FB60
FECA
0259
06E7
0C79
114B
1525
197A
1C49
1971
124D
0AB1
013F
F5CC
EC27
E1CE
D52B
D0D0
D9A3
E5DD
EF18
F753
FF55
057F
08DA
099F
08AF
073D
0661
06C4
0873
0AD3
0CF9
0E2D
0DFD
0C19
089A
049E
0180
FF61
FE2F
FE79
0069
02EE
0483
046D
02BC
FFBF
FBE2
F81C
F5BB
F56A
F728
FAA7
FF4C
03F7
0778
0936
092A
07A7
0545
02C6
00BF
FF77
FEF1
FEDF
FEB1
FDF7
FC9B
FA7B
F7AC
F4FF
F343
F281
F268
F2A1
F2E7
F2FF
F298
F167
EF89
ED8F
EC2A
EBEB
ED2B
EFEB
F3D7
F847
FC50
FF08
FFC4
FE3F
FA89
F574
F0A1
EC9F
E943
E88B
EBA3
F019
F504
FB4C
01AA
067A
095D
0A5E
096B
06F2
03FE
016F
0085
00C6
011B
01A7
01D5
0150
FFE1
FD92
FABB
F886
F70F
F515
F58A
F93D
FC6F
FE5E
FF62
FEEE
FCCE
F98A
F648
F254
EC25
E9A6
EF42
F549
F8E2
FDC1
02E6
0874
0EB3
1392
17B2
1D0A
25AA
33AA
4063
3D75
2ACD
18AF
0DA3
03EB
FAC1
F52B
F3F2
F6C0
FD08
051E
0BDC
0F52
0EF6
0AC3
02CF
F8F8
F12A
ECA0
EBFC
EF6B
F586
FE1F
06D4
0C3E
0DFE
0CCD
09C6
0685
047B
04B4
0794
0C2C
10B1
13F6
14EE
1231
0B3C
00B3
F509
EE0B
EF77
F49C
F93A
FEAB
041B
06F2
0620
019D
FA89
F3A8
EF3B
EE25
F0E2
F712
FF8A
0806
0ECA
1014
0AF9
0327
F872
EE47
E3E3
D3A6
CB45
D6A1
E8C9
F585
FE3F
0535
0991
0B15
0ABB
09B5
08FC
091D
0A04
0B42
0C79
0D78
0E09
0E17
0D9A
0C85
0B28
0A1B
0976
08F5
088F
081D
0740
05F1
04B3
0416
0472
05D6
07FA
0A4F
0C30
0D15
0CAD
0AD5
078A
02FB
FDB6
F88A
F409
F04A
ED02
E9A3
E59B
E106
DDA1
DE04
E2C1
E93D
EF42
F56E
FC52
025F
05DC
062B
0371
FE65
F89B
F3F3
F179
F180
F3F7
F886
FE5E
03EC
07A7
08C4
0725
037A
FF42
FB97
F8FA
F808
F916
FC65
00FE
04B6
073A
08EC
0917
0785
03E8
FE6A
F90C
F44C
EEA9
E8DB
E575
E562
E7A9
EB03
EEC2
F2EE
F7C4
FCD4
011A
03CA
0496
0380
00B5
FC92
F7C9
F32B
EF31
EBD6
E8E6
E675
E4F3
E503
E6FE
EA86
EEB9
F30D
F7C6
FCFE
01D6
053A
06DD
0727
0699
05C4
0572
064C
0842
0A7B
0C67
0EB8
111E
10B8
0CEB
089E
045B
FF8B
FBFE
FB1F
FCDD
00F6
0718
0D31
1163
153E
176F
1415
0D7B
0768
0188
FBF3
F831
F6F0
F7F4
FAA0
FDFD
00DE
0247
01A0
FEFC
FB55
F7B0
F478
F27C
F268
F418
F7BF
FCD6
018A
047A
050C
02E6
FE1F
F822
F2E2
EF0C
ECE0
ECEA
EEC2
F150
F3A7
F4EA
F480
F280
EFA9
ED2B
EC86
EEB2
F3C0
FC50
0708
0FA5
14C9
158B
115D
0990
FDE6
F312
EB3A
E687
EAD0
F51B
009B
0BDE
1416
17DB
1569
0E94
054E
FBB7
F574
F42B
F846
01C4
0D20
167F
202D
23DE
1C80
131F
0AC2
026B
FD05
FC7C
00D9
086F
0FDF
15AE
193E
182A
138B
0E3A
0908
050E
03B1
0528
085C
0B77
0CF6
0BFC
0839
01F7
FAE9
F57E
F2ED
F361
F692
FBE9
022A
075B
0A3B
0AC0
0989
078D
05ED
0591
06C6
090A
0A97
0983
0613
00BB
F926
F229
ED86
EBD4
EF81
F6CE
00FF
0C45
14A9
1B04
1BE2
1637
0F54
0821
0156
FD9A
FE10
0206
07AC
0F41
1909
1C01
1248
04E2
FA53
F255
ED98
ECF5
F063
F715
0045
09A6
10AC
1522
16EF
15EB
132A
0FBE
0C11
086B
0506
01EF
FF28
FCD3
FB4E
FB0E
FC73
FF8E
03EC
08AE
0CF1
0FE6
10D4
0F8D
0C1C
06C4
00E9
FC2A
F93C
F82C
F8AA
FA1C
FB9F
FC4C
FBB1
FA0E
F839
F73B
F7DE
FA85
FF15
04A5
099A
0C9C
0CF2
0A5D
055B
FF55
F9C2
F54F
F38F
F5AB
FA46
00D6
0883
0E8D
117F
113B
0E0F
084F
0028
F798
F0FD
EC8B
E9DF
E934
EA5F
ECBC
EFCD
F34A
F6E1
FA45
FD33
FF79
00E8
0158
00CB
FF9A
FE48
FD69
FD8A
FF12
01FB
05BD
09A4
0D1A
0F91
108E
0FEC
0E4A
0C8E
0AB8
0876
069D
0678
080E
0A49
0C2D
0D9E
0EEC
103C
1179
12A7
13BF
1499
1506
14BB
1344
10B9
0DC7
0AAE
0746
041C
0211
015A
01CE
033F
0536
0718
088A
096D
09CA
09CC
09B0
099F
098A
0931
083C
0657
035E
FF7A
FB0E
F6BC
F338
F10D
F05D
F0D8
F1FF
F339
F3F9
F420
F3F4
F3CC
F409
F522
F7A2
FBAC
005D
0481
0775
08A8
078F
03BC
FDEF
F827
F3A3
F114
F140
F48E
F9BE
FF6E
05A0
0ACC
0DB8
0E37
0BE9
0826
03EF
FFC1
FC79
FA40
F95D
F9A0
FA60
FB3F
FC1E
FD2E
FE8A
0028
01FE
03C9
04FB
0511
03B6
01A5
00AA
00EB
00E4
004C
FFE6
FFFA
0033
0004
FEF2
FCCB
F9CA
F689
F3F1
F2F0
F411
F767
FC94
02D2
0906
0DF0
1085
105B
0DA9
08AE
0217
FBD6
F7E1
F704
F958
FE93
057F
0C00
10BD
1367
13AC
11DA
0EE5
0B97
08C5
075C
07D9
09F3
0CB5
0EFE
1018
0FA7
0D67
095E
042C
FEE0
FA96
F7FA
F72D
F7FF
F9FA
FC2E
FD8D
FD75
FBE2
F96A
F726
F65B
F7E7
FC1B
033D
0EFF
221E
3977
477F
42C7
334E
2504
1A2D
108D
0787
012C
FE2C
FC1F
FAA9
FA85
FAD3
FA82
F8F4
F637
F321
F0A7
E9E4
DA12
CEC5
D6E6
E7E4
F1DB
F505
F6A0
F7E5
F87E
F85C
F7DE
F7A7
F7F3
F82F
F85F
F920
F9DF
F98B
F824
F632
F424
F237
F0B2
F00D
F0CB
F346
F7DB
FEB7
06B7
0DC5
1333
16DA
1705
1394
0E6A
076D
FEC1
F719
F24F
F087
F16D
F466
F8CA
FD79
00F2
0253
01A2
FF9B
FD6A
FC33
FCB3
FF1B
0319
07B7
0B8E
0D6E
0CD8
09D9
04EF
FF7F
FB9B
FAB8
FD55
0320
0A33
13DB
116A
0DC6
07CE
0070
FA6A
F7A7
F886
FCCC
035C
099F
0D77
0E19
0B49
04F6
FC14
F3D4
EE51
EBEF
ED39
F170
F7FF
005A
0828
0DBB
1123
12C2
1302
1258
1111
0F36
0CA7
08E0
02B2
FAAD
F1E8
E288
CB27
BFE3
CE22
E35E
F029
FB58
07B2
10A8
1614
17D9
1509
0F20
0836
01CF
FD01
FA3D
F956
FA13
FBF5
FDF3
FF2A
FF58
FEBE
FDE0
FD43
FD52
FE27
FF86
00EC
01D5
0257
03BE
06F6
0966
0773
0327
017F
02B5
03ED
03EE
02BD
00C2
FE07
FAF8
F92C
F944
FACB
FD24
0040
0369
04B7
0327
FD7A
F5D7
F24C
F374
F548
F683
F879
FBF8
007C
04DA
0835
0A5B
0B8E
0C32
0CD2
0DEF
0F7F
10D1
113C
1069
0DF8
09A1
03C9
FDD4
F98E
F824
F9EF
FEAC
0504
0A90
0DD0
0E59
0C25
0771
00C1
FB56
F990
FB99
007A
0609
0C57
11C4
1384
10B4
09E3
FF2A
F375
EB10
E45C
E3BB
EAC2
F29B
FB7D
0428
08A3
0894
04D0
FE98
F7AE
F21D
EF4D
EFD2
F2E7
F6F0
FA3B
FB4C
F94C
F46D
EDFC
E6E6
E041
DF0B
E53A
ED2C
F4E9
FD9B
0487
073D
05EC
0170
FAF4
F423
EEE9
ECA5
ED74
F0AE
F571
FA79
FE5B
0006
FF39
FC88
F92E
F675
F52F
F58F
F753
F9F0
FC7E
FDF7
FE0B
FC82
F97C
F62C
F38A
F2ED
F412
F5A3
F92D
FDAE
00DC
0330
0469
04EA
058C
06D1
09A2
0D6F
111F
1586
1A9A
1D30
1C19
18F0
14D1
105D
0ACD
03CF
FDEA
FB18
FB46
FE28
0343
0932
0E6D
125C
14FA
15E7
14B2
11B7
0DBA
0907
0399
FDC6
F849
F3B8
F01D
ED2C
EA99
E853
E684
E5A6
E695
E9EC
EEF4
F455
F9EF
0008
0575
08AE
0931
0712
0294
FCA9
F732
F386
F1EC
F275
F4D7
F89B
FD08
00AF
024C
0170
FE76
FA83
F721
F57B
F62C
F967
FED3
04F8
09D9
0CBE
0D4C
0A66
044E
FD4E
F77E
F402
F3E8
F7A1
FE07
052C
0B55
0F08
0F2B
0BB0
0699
01B2
FC44
F731
F5BF
F80D
FC2E
0153
065C
09B2
0A89
08EE
0587
01AF
FF00
FE78
0048
03FA
0834
0B46
0C39
0AB3
069D
0029
F933
F3EC
F09F
F029
F246
F57A
F9BB
FE06
00AE
0132
FFE4
FD88
FB29
F9EF
FAA4
FD79
0211
0748
0BBB
0EC1
1035
102C
0F0B
0D45
0B41
0961
07C2
061E
03F9
00DE
FC96
F762
F23D
EE0D
EA44
E6F6
E725
EC11
F2A2
F865
FD43
012D
03C1
050B
05A3
0655
07C8
0A28
0D13
0FD3
119B
1179
0ECF
09DA
0351
FC80
F73C
F538
F718
FCCE
0667
1081
1A5E
27FA
2FF3
27DB
1A3A
1077
07C7
FFC9
FB1D
FAA3
FDD1
030E
07CF
0A03
08BE
03AE
FB53
F156
E59C
D6A9
CDFA
D614
E4E9
EF94
F9E5
04B1
0C29
0FC3
0FBA
0CCC
0848
02BF
FD8F
FA6E
F9BC
FB08
FDAD
0109
0453
0665
0706
06B7
0543
02C7
0020
FD9D
FB5E
F9DF
F965
F9D4
FAED
FC69
FDE2
FEEC
FF1C
FE20
FBBE
F832
F4BB
F26B
F0A8
EFD2
F1F8
F5FB
FA0B
FEEF
0362
054B
04AB
0266
FEC5
FA18
F70A
F71C
F9FB
FEF2
053F
0C9F
127C
15B6
1646
12D1
0D6F
0849
03A3
00DF
0138
046A
0912
0D69
1009
0FD6
0C48
05F1
FE3A
F69F
F058
ED88
EE6A
F1F5
F82D
FEB3
0383
0646
068B
0461
00AF
FE11
FEB7
02A2
07CD
0D10
132F
191A
1D65
1DD0
17D2
0E4A
051A
FC5D
F4AA
F008
EF14
F129
F54C
FA5D
FFB8
04F6
090D
0B4D
0C43
0CC1
0D3F
0DD1
0E08
0D9E
0D4A
0CCE
0B1C
0965
0870
0734
05A3
043D
0325
0216
00B1
FEF9
FD3C
FBC6
FA7C
F961
F8AC
F87C
F8D8
F994
FA63
FB0B
FB8A
FC08
FCC1
FDE3
FF72
013C
030B
04A6
05BE
05FD
0525
0333
00B4
FE4A
FC52
FAF3
FA43
FA3F
FAA8
FB0C
FB26
FAF9
FABA
FAB6
FB30
FC3D
FDA4
FEF2
FFB7
FF9C
FE5A
FBB7
F7DF
F3CE
F0CD
EF9B
F05D
F2DA
F6A8
FB0D
FEA6
FFFE
FE74
FA5C
F45A
EBEA
E0E5
D8D7
DB29
E52A
EE5F
F518
FB90
015B
0505
0614
04F3
027E
FF89
FCD6
FB56
FB2F
FB81
FBA2
FB94
FB85
FBC7
FCC3
FEE4
0267
0715
0BF2
0FCD
12D6
14D5
12B2
0C9A
063E
FF16
F80B
F38B
F0EE
F156
F39F
F653
FA4F
FE30
0197
034B
02AE
0279
0362
04AA
0617
077E
0889
088D
06DB
03AE
000C
FCA0
FA20
F959
FAEB
FEF2
0488
0A34
0E68
1099
1226
12EA
0F22
06B6
FEBC
F923
F558
F42E
F58C
F882
FC9E
0140
05D2
09D4
0CC0
0E82
0F87
1059
1172
132B
1607
1B70
2622
3799
49C6
4E22
3D18
2453
13DF
069E
F6F8
EA57
D9C6
C7AC
CC28
E0CF
EFC7
FDC5
0BC8
14C3
1A9C
1970
1149
0717
FD2C
F59F
F218
F36A
F8BD
015C
0A56
1001
1136
0DBC
05CA
FAB3
F039
E69A
E19A
E65F
EE47
F702
01DC
0A4A
0E38
0D6A
0865
FF7F
F547
ED8B
E85C
E73B
EADA
F0BE
F84A
00B2
07B2
0C0A
0D8C
0C67
0931
0507
001D
FA33
F573
F513
F92A
FEF5
0412
07DA
0A9A
0CBC
0E7E
0FFC
1133
120F
1281
129C
123D
1078
0C6C
06D8
00C4
F9D7
F394
EF3C
E8E0
E377
E9BA
F7BB
03BB
0DF7
161D
1D7F
20A5
188E
0D83
02C1
F688
EDE6
E656
E434
EB91
F3D9
FBA8
0367
07B8
07B7
03E2
FD38
F607
F137
EFD5
F244
F829
00BC
09F3
10DA
14B5
1522
125F
0DF7
08F5
046B
0187
00A3
0130
0212
020C
006C
FD76
F9C9
F638
F546
F8AB
FEB4
06B3
0F41
164B
1C86
1DD6
181C
10C3
09B3
02EB
FE8C
FDF1
00B8
0559
09D4
0BFB
0ACA
0648
FDBA
F486
EC62
E53B
E6BD
EE00
F534
FEC2
06F3
0B53
0AEB
0609
FE4D
F568
EF2F
EC5A
EDEC
F33F
FA5E
025C
080C
0947
05E1
FE8B
F587
EDE5
E897
E782
EBAF
F280
FBE4
0650
0DB3
1104
107E
0CD2
06BA
FF3D
F89F
F472
F2CF
F31F
F49D
F67A
F7F8
F8A4
F87B
F7DE
F75F
F779
F869
FA14
FC19
FDFB
FF61
0038
00B5
0143
0253
0435
06DE
09F0
0CDC
0EF3
0F8E
0E49
0B28
068F
013A
FC53
F922
F840
F943
FB41
FD21
FDAF
FBF0
F7B7
F223
EB55
DFE8
CFCE
C653
CD6B
DD9F
EA93
F37C
FB9E
0231
059C
0584
0226
FC51
F629
F14C
ED90
EBC7
ECC8
EF24
F165
F34A
F4B4
F567
F578
F557
F59B
F6C7
F918
FC65
001F
0393
0619
074F
0753
0656
0475
0224
0006
FE75
FD5F
FC67
FB0F
F8FE
F63D
F359
F0F1
EF58
EF6F
F206
F65F
FC07
0291
07F6
0A7D
0994
0500
FD32
F487
ED2B
E73D
E484
E6FB
EC95
F324
FB08
0358
098A
0D0C
0EFA
105F
11E1
14FF
28FE
7303
7FFF
7FFF
7FFF
6B5B
2E43
1896
0E5C
0782
0384
02AD
0504
098C
0E2F
1195
12AD
10D9
0C45
05E5
FF38
F9AD
F668
F644
F95D
FEE6
054B
0A6C
0D1F
0DB4
0CB1
0AC1
07EC
045F
039E
0889
0B02
043D
FD09
F979
F67F
F4CD
F40A
F442
F552
F6B4
F872
F9BE
F9B9
F846
F644
F3FD
F064
EF74
F53E
FCD8
043E
0BBA
10CC
1302
11C5
0DC6
07CE
0070
FA6A
F7A7
F886
FCCC
035C
099F
0D77
0E19
0B49
04F6
FC14
F3D4
EE51
EBEF
ED39
F170
F7FF
005A
0828
0DBB
1123
12C2
1302
1258
1111
0F36
0CA7
08E0
02B2
FAAD
F1E8
E288
CB27
BFE3
CE22
E35E
F029
FB58
07B2
10A8
1614
17D9
1509
0F20
0836
01CF
FD01
FA3D
F956
FA13
FBF5
FDF3
FF2A
FF58
FEBE
FDE0
FD43
FD52
FE27
FF86
00EC
01D5
0257
03BE
06F6
0966
0773
0327
017F
02B5
03ED
03EE
02BD
00C2
FE07
FAF8
F92C
F944
FACB
FD24
0040
0369
04B7
0327
FD7A
F5D7
F24C
F374
F548
F683
F879
FBF8
007C
04DA
0835
0A5B
0B8E
0C32
0CD2
0DEF
0F7F
10D1
113C
1069
0DF8
09A1
03C9
FDD4
F98E
F824
F9EF
FEAC
0504
0A90
0DD0
0E59
0C25
0771
00C1
FB56
F990
FB99
007A
1F74
1736
1120
09FA
022F
FAEF
F5FD
F3E6
F492
F786
FC2B
0188
061F
08F2
09DF
0946
07C7
0624
0500
04A5
0518
062C
0775
086E
08CD
0883
0782
0594
0266
FDC6
F7E0
F15B
EA7B
E06C
CDEF
B8B7
B5D7
CA5D
E050
EC8E
F52C
FBEF
FF38
FE38
F97B
F2A7
EC3A
E6F0
E4EA
E944
F00C
F750
FF21
0451
04F1
00D0
F972
F241
EA75
E494
EA90
F6DA
0272
0D97
1535
18C2
1542
0C00
0089
F563
EC8A
E840
EB7E
F232
FB08
04DA
0ABC
0B5C
0747
FF75
F629
EF84
EE97
F105
F5CD
FE3E
06BC
0C8D
0E2E
0B9E
0592
FC48
F390
EDBD
EB05
EB92
EE8E
F280
F5BB
F6F6
F602
F3A6
F1AB
F077
F064
F46E
FBD2
03E9
0B98
1163
1467
1413
10E9
0BF4
05DD
FFEA
FB5D
F8AF
F7BF
F839
F9C0
FBE1
FE3B
00A3
030C
056B
079D
0962
0A70
0A7F
0971
0768
04CA
0239
0078
0000
00B4
0215
038C
047B
045F
030D
00D2
FE80
FD1C
FD6A
FFA1
0362
07CC
0B98
0D88
0CD2
08D8
01AF
F9C0
F367
EF5E
EED9
F1C4
F7A3
0084
0954
0F68
12D6
1363
1178
0E5F
0ABC
0721
0434
0219
005F
FE65
FBDD
F8FC
F63C
F458
F4A7
F7E1
FD9A
056F
0D7A
136F
166B
14C3
0F34
0617
F9B7
EF3F
E71C
E1F6
E415
EA7B
F1A5
F8D0
FE85
0125
FF22
F98D
F2DC
ECB1
E859
E71D
E99F
EE87
F445
FA91
00B8
0519
074D
0905
0B4D
0C66
0ADD
08F5
08F0
08E9
06E0
0337
FDA8
F817
F6AB
F7B7
F812
F9B4
FD2F
00A6
02C5
028C
FFDD
FA64
F3E2
ED61
E54B
E108
E4F0
EB60
F230
FB35
04AC
0C93
11BE
1372
124C
0EF1
09EE
046E
FFBA
FCA1
FB6E
FC0D
FE09
0085
0285
0354
02AE
00BD
FE12
FB82
F9E5
F9C4
FB5A
FE8F
02D6
0736
0AB4
0CD1
0D7E
0CFF
0BD8
0AB9
0A52
0B15
0CFE
0F88
120A
13DF
144F
12D8
0F9B
0AE0
04E1
FE84
F969
F6B1
F5FB
F681
F839
FA84
FC14
FCDA
FD74
FE3B
FF96
01FE
05D8
0A75
0E2C
1125
1352
121E
0E3E
095D
023E
FB0A
F62F
F321
F25A
F376
F5D5
F97F
FCC8
FE36
FE63
FE44
FDF6
FD9A
FDC8
FEDB
0070
019E
0175
FF5F
FB6D
F69B
F266
EFF4
F01D
F371
FA8F
04E0
0E89
16FD
1E4D
1D84
15D8
0D2B
015C
F594
ED79
E919
EAA7
F04E
F965
0473
0D29
135A
14CB
1094
09C9
009F
F6FE
F018
EC82
ECC8
F04C
F56C
FB7E
0141
04BC
052D
0332
FFDE
FC43
F965
F806
F874
FA81
FD8B
006E
01EF
0142
FE36
F980
F4C0
EF87
E4FB
D574
CF48
DC59
F078
FD61
0425
08B3
0AD1
0B05
0A4F
097D
08F9
0867
07B5
06C2
055E
03AD
013F
FD0C
F779
F2B5
F00E
EFC4
F1FD
F6F1
FE2F
0532
0A83
0DE0
0E20
0BD4
07BA
0244
FDCC
FC51
FE64
040A
0C0C
13E1
1C50
2611
28C4
201D
147A
0A85
00C5
F83F
F278
F03E
F192
F4D6
F92A
FE19
01FE
03A6
034A
0184
FEDC
FC02
F9C2
F89F
F8B0
F9BF
FB62
FD1A
FE61
FED9
FE71
FD79
FC7D
FBEF
FC28
FD60
FF96
02A1
0616
092E
0B4A
0C2C
0BCA
0A30
07AB
04C9
0219
FFDE
FE04
FC5A
FAAC
F8AB
F5F9
F245
ED75
E79A
E0DA
DABB
D97E
DFC0
E99F
F30A
FCD9
068B
0DBF
11CA
121A
0EEE
096B
0210
FA88
F52C
F2F4
F3DB
F781
FD3B
0381
0871
0B17
0B43
0913
04B7
FEB4
F87C
F390
F064
EEDC
EEBD
EFC8
F1AB
F439
F759
FAE3
FE8C
0212
054F
082A
0A75
0BF6
0CA6
0CDC
0D03
0D79
0E64
0FAB
114E
1399
1657
1846
1862
16D8
144F
1125
0D71
0939
04F3
019E
000B
0062
0267
05CD
0A1A
0E6A
11D9
13D9
13F1
11E7
0DF0
0874
022B
FC0E
F713
F417
F3C7
F5DD
F922
FCB9
FFEB
019B
0114
FE42
FA01
F5D2
F2C4
F18C
F2C5
F6AD
FC93
02E2
0844
0BCF
0CE2
0B38
0709
01B3
FCEB
F9D4
F91B
FB1A
FF6D
0492
08FA
0BBD
0C3C
09F6
04E4
FE3D
F7A0
F1B1
ECE5
EA08
E999
EB4D
EE5C
F24E
F739
FCB0
01B6
05FE
090C
09F3
096D
08B1
078D
05DC
0455
0393
03A9
0433
0473
0371
004D
FA9B
F334
EB0E
D9DC
A8F4
8000
8000
8000
8000
BE64
E17D
EDD7
F290
F4C6
F563
F514
F4C9
F57A
F7DE
FC28
016F
0616
090D
09F2
08BA
0590
0126
FD1C
FAED
FAF3
FCCD
FFB7
02AD
04B7
0533
03FB
0152
FDFD
FB36
FA14
FB1F
FE40
02B4
0720
0A45
0B85
0AC7
0861
051F
021C
0034
FFAF
0062
01D9
037B
04A8
04FD
0483
03B8
035B
040C
05F2
0898
0B11
0C5A
0B7F
07C0
0140
FA24
F1F7
E1AA
CC5B
C6E9
D755
EAD7
F628
FD53
0377
07CE
09E7
0A55
09F1
0976
0944
093D
08CF
0727
0385
FDB6
F6C5
F08F
EC1F
EA20
EBB5
F03A
F70D
000B
077A
0B1A
0B47
05BB
FC6E
F6C3
F647
F6B0
F824
FDDB
05D2
0E9E
1813
19CE
1287
0ABF
00F0
F5A2
ED1C
E524
E274
E835
EF4B
F5FF
FDC2
0418
079B
0885
0746
04EE
023B
FF93
FD76
FC19
FB42
FAA1
FA17
F9B5
F998
F9D7
FA8C
FBD9
FDC2
FFD8
0164
01E6
013E
FF7B
FCEB
FA6D
F8F3
F8D9
FA07
FC42
FF3A
027B
0547
06E8
0700
05A3
033D
0083
FE29
FCBE
FCA4
FE12
00FB
04E0
08D0
0BDC
0D70
0D2C
0AE0
06A1
0090
F960
F2DF
EE37
EB75
EB01
ECE0
F02D
F467
F93C
FDD5
0142
032F
03E9
0421
0485
0582
0717
08C2
09BB
0941
06B4
01E6
FBC8
F598
EF90
EC71
EF3B
F4C6
FBA8
04D3
0CAD
1169
12D0
101D
0AC8
042A
FDE8
FA4D
FA83
FEBB
062F
0E4F
14C7
1949
19B0
153E
0F4B
0862
00FD
FC8F
FC54
FF5F
02A0
0444
068A
0877
0776
0465
00D3
FE72
FDE4
FEF9
0230
06AB
0ABD
0D6B
0E32
0CEE
09E5
05E3
01FF
FF5B
FED0
009C
044A
090C
0DF5
1249
15FE
1961
1BEA
1CBC
1BED
1A34
1833
15AD
1141
0A97
03EE
FFCD
FF0A
0149
05AE
0A8B
0DE1
0E3D
0ABC
02FC
F8B5
EA36
D07C
BD7E
CBBE
E59C
F496
027D
0ED2
16FC
1B6D
185B
105B
0705
FD8D
F5BE
F1A2
F250
F6BB
FEB6
0920
0D40
0915
04E6
0213
FEB6
FC1A
FB2F
FBDF
FD94
FF66
0064
FFEE
FE16
FB83
F91B
F7F2
F8B3
FAE2
FDF0
011F
02EB
0222
FE71
F8E0
F29E
E955
DF6E
E08C
EACF
F290
F8BC
FFD2
0583
0913
0B06
0C24
0CED
0E0A
1058
1405
1782
1879
1649
11AC
0AA1
01E2
FA1C
F503
F3B4
F70F
FE31
0805
13EB
2246
2D1C
2B0C
20A8
17B9
1181
0CD0
0A05
0962
0A55
0BB0
0C2F
0AE3
0770
023C
FCB4
F8CE
F7D7
FA31
FF8D
06AB
0D78
1273
14C4
13C0
0FC7
09BC
029E
FC1C
F79C
F5A2
F622
F8BA
FC86
002E
02B6
03CE
0375
01C1
FEF1
FBA0
F881
F5F5
F413
F2FC
F301
F48E
F7CB
FC52
0179
0697
0AF5
0DD8
0EB6
0D53
09CC
04A6
FEDA
F9A9
F617
F47F
F499
F5D0
F785
F94C
FB16
FD14
FF78
0286
06AD
0C51
1347
1A4F
1EC2
1DE6
1839
1120
09FA
022F
FAEF
F5FD
F3E6
F492
F786
FC2B
0188
061F
08F2
09DF
0946
07C7
0624
0500
04A5
0518
062C
0775
086E
08CD
0883
0782
0594
0266
FDC6
F7E0
F15B
EA7B
E06C
CDEF
B8B7
B5D7
CA5D
E050
EC8E
F52C
FBEF
FF38
FE38
F97B
F2A7
EC3A
E6F0
E4EA
E944
F00C
F750
FF21
0451
04F1
00D0
F972
F241
EA75
E494
EA90
F6DA
0272
0D97
1535
18C2
1542
0C00
0089
F563
EC8A
E840
EB7E
F232
FB08
04DA
0ABC
0B5C
0747
FF75
F629
EF84
EE97
F105
F5CD
FE3E
06BC
0C8D
0E2E
0B9E
0592
FC48
F390
EDBD
EB05
EB92
EE8E
F280
F5BB
F6F6
F602
F3A6
F1AB
F077
F064
F46E
FBD2
03E9
0B98
1163
1467
1413
10E9
0BF4
05DD
FFEA
FB5D
F8AF
F7BF
F839
F9C0
FBE1
FE3B
00A3
030C
056B
079D
0962
F8E5
F401
EFF3
EFD4
F28D
F79C
FE4F
04DD
0987
0BDB
0C49
0B94
0A9D
0A23
0A70
0B48
0C13
0C36
0B23
0872
03C6
FD69
F72A
F2E6
F12B
F217
F59B
FBAD
0336
09C7
0DDE
0F40
0E06
0A8F
0597
005E
FC20
F997
F901
FA40
FCAE
FF55
016F
0289
026F
011B
FEBE
FBC7
F8C6
F640
F495
F414
F4FE
F788
FBCC
0196
0837
0E84
135E
162C
163D
1301
0D70
06B7
FEED
F7BD
F3A0
F2DD
F4A6
F81A
FC3D
0081
03EA
0571
053E
0454
03D0
0493
0712
0AED
0F06
126D
145F
13F3
112D
0CA6
06AF
0080
FC12
FAA2
FC59
00A0
0609
0AA4
0D30
0D4D
0B1A
06F3
018E
FC60
F8C4
F71B
F705
F7DB
F8CD
F904
F805
F5E8
F353
F178
F188
F39E
F77D
FC26
001F
03BD
060C
0527
01B6
FCB9
F88D
F6C0
F652
F854
FDF5
05D7
0DBE
1407
1A16
2285
27A9
21E1
1745
10D5
0DC4
0B21
0AB6
0C09
0B62
0A93
0B1A
0AAA
08DB
068B
042B
01E2
0036
FFCF
00A2
01E2
044D
079B
0999
0A93
0BBD
0CFF
0CBF
0B8D
0A5E
07FE
052C
026C
FF88
FC21
F882
F463
EE0D
E891
E5D2
E3E2
E249
E2A7
EA30
F678
FFCD
0789
0ECF
1323
13E6
1181
0D06
06B9
002D
FBFF
FA96
FB70
FE0F
0213
0682
09B0
0ABA
09B9
0735
03DF
0097
FE25
FCD7
FC79
FC7F
FC52
FB8F
FA3F
F8DB
F823
F8C0
FB27
FF7E
0530
0ABF
0EF5
118F
126A
11AE
0FE7
0DD4
0C7A
0C8C
0E08
104C
122A
127C
109F
0C9B
0684
FEE9
F874
F547
F57D
F8A8
FE35
04EE
09B4
0A6D
0705
FFDD
F63C
EBE3
E333
E010
E45B
EC81
F661
01B4
0C2F
13E6
1605
1328
0E6A
0794
FFEF
FA1D
F6EA
F640
F709
F867
F9D2
FA5B
F9A1
F7C6
F550
F32E
F20E
F26D
F45F
F71F
F9B6
FB74
FC04
FB8C
FA8A
F997
F92B
F99C
FB07
FD19
FEFE
0000
FFD6
FE54
FB8D
F848
F59B
F412
F39B
F3F7
F4D0
F5AB
F605
F56A
F3BE
F14F
EE7D
EB6D
E88D
E78D
EA9C
F1BC
FA5C
027F
09D3
0F17
10FF
1019
0BED
0401
FA71
F146
E9D4
E49B
E3E9
EA6B
F41D
FF2E
0B82
14F4
20AB
2D46
2ADC
1B71
0DB4
049A
FE13
FA8E
FAA1
FDFA
035A
08BA
0C73
0E05
0DAC
0C1D
0A58
0972
0A2A
0C7C
101C
1582
1C0C
1E90
189C
0D59
0204
F8BE
F27E
F03B
F1C2
F617
FCB6
038B
07B4
07E7
03ED
FC6A
F3F7
ED20
E7FB
E5F5
E852
ECC0
F148
F569
F841
F90C
F802
F638
F4F8
F52F
F738
FADC
FF58
0363
05A9
055B
027A
FDF6
F95B
F608
F4B9
F5A0
F86C
FC1D
FF24
002D
FEA7
FAD0
F5E3
F199
EF09
EEA5
F05D
F399
F78B
FAE8
FC48
FB04
F78B
F324
EF1B
EC5D
EBB9
ED4D
F074
F466
F812
FA6E
FB08
FA2A
F8C3
F808
F8DE
FB7D
FF76
03BA
0709
086C
077D
045F
FFD2
FB7A
F935
F9F9
FD68
0231
07A0
0DA5
1154
1018
0C57
06F6
FF8F
F910
F53D
F3D5
F454
F600
F80D
F94F
F8D7
F6A6
F382
F096
EEFE
EF54
F18B
F53C
F999
FD22
FE93
FDC3
FB5C
F82E
F53E
F406
F579
F933
FE01
027E
0564
0596
0281
FD34
F791
F2B5
F073
F235
F6CA
FD48
04E7
0B4A
0EFF
0FC5
0DDC
0A2B
05B3
018B
FEC8
FE07
FF21
013C
033B
0441
03DE
021A
FF84
FD05
FB44
FA68
FA4D
FA69
FA1A
F90E
F74B
F526
F302
F13F
F069
F0DE
F2C9
F643
FABE
FF3A
0333
06A8
09CA
0C8B
0EFC
12DE
1A9B
2401
27F3
2311
1A1B
12C1
0D96
0907
050F
0293
01EE
0298
0370
033E
00FF
FC3D
F5F2
F032
EB61
E8C1
EB7F
F194
F904
0244
0972
0C12
09DE
02ED
F8F0
EE53
E27F
D85D
DBB7
E84C
F42E
012B
101A
2B45
4AC6
4C15
3042
1680
0A12
0542
0414
0558
07E1
0A28
0AF3
09D2
070C
037D
0049
FE90
FF3A
01E6
0510
07D0
08F3
0723
013D
F793
EE36
E1BF
CDA5
C24B
CC93
DED0
EB6B
F409
FBED
01B3
0405
03A6
018E
FED7
FCEF
FC95
FE22
00BE
032A
051F
0607
0534
0265
FE0E
F969
F563
F27A
F107
F10E
F252
F4A8
F7CC
FC20
01C3
0754
0C9D
117F
13AD
12BF
103E
0BBE
04BE
FCED
F65A
F22A
F10D
F2FE
F784
FE11
04EC
0A28
0D54
0E6D
0DAC
0C0B
0A76
0975
0963
0A2D
0B56
0C2A
0C0A
0AA9
0829
053D
0316
02ED
0572
0A41
0FE7
1584
1AEB
1CC7
1839
10CF
07CD
FC00
F1B4
EAFD
E747
E81B
EC56
F189
F6C6
FAEE
FCFD
FCFD
FBA6
FA14
F99E
FB51
FFCE
06CD
0DCD
12A9
14C5
1310
0E00
05C6
FB15
F206
EC00
E947
EC17
F361
FC9A
0629
0E41
13B0
1586
13C1
0FD8
0AB0
04D6
FFB9
FC9B
FBC2
FCCA
FF01
0192
03BB
0504
0551
04BC
038C
01FF
0027
FDE5
FB2F
F856
F59B
F291
EF05
EC38
EB10
EB57
ED30
F07F
F4D9
F94C
FCB5
FEC6
FEDD
FCCA
F908
F416
EEFA
EAC0
E73E
E4ED
E7A9
EED4
F57E
FC68
040D
09AA
0CD2
0D4C
0B29
0736
016B
FADF
F592
F283
F1DF
F379
F6D2
FAEA
FE82
007D
0030
FD8A
F90D
F3E0
EF87
ED27
ED75
F0B1
F63C
FCE8
03FE
0A70
0DDE
0DE9
0B47
05A1
FF28
FA58
F7E5
F874
FCA8
045E
0C6A
13CD
1C3A
212F
1E8D
1810
1187
0ABD
034B
FC72
F7D8
F5D7
F5C0
F6DE
F86C
F9D4
FADF
FB2E
FA7A
F8C6
F64A
F37E
F106
EF83
EF8C
F19E
F608
FCD6
066F
14FD
2951
3B53
3E07
3023
1E76
125E
0A39
0329
FDFE
FBF1
FD24
0101
060E
09FD
0B29
0919
03E2
FC3A
F413
EDAD
EA53
EB55
F017
F800
02FF
0CD3
13A4
17B5
1682
11A7
0B77
034D
FB77
F691
F465
F488
F6AA
F9CE
FCEA
FF5E
0100
0200
02A5
02F2
0299
0174
FF9E
FD15
FA20
F78E
F599
F451
F522
F8C1
FE57
05F0
0E17
11C7
0F96
0BE8
0860
033D
FD95
F9CE
F898
F9E7
FD36
0164
052F
0787
0794
0559
019C
FD18
F8DF
F64E
F621
F84B
FC29
007E
03C6
0539
050C
0420
0397
0434
068C
0AC1
0F7C
153C
1E30
24C0
2108
171B
0E92
0769
0040
FA67
F700
F5E5
F658
F76A
F850
F89F
F86B
F84E
F907
FB30
FF1B
0490
0A6C
0F0F
1183
113F
0E2C
0868
0037
F805
F243
EF78
EFB4
F26A
F6F0
FC9B
01E2
0558
0692
05ED
0431
0238
00B9
0014
0031
00AB
010E
0087
FECD
FC93
FA41
F885
F81D
F8D1
FA28
FB8C
FC74
FC97
FBDC
FAA4
F999
F98B
FB63
FFC7
0640
0CF5
1286
16A6
183D
163E
11A4
0C07
0665
01FA
0014
0136
04BB
08EA
0BDE
0C54
0986
02F9
F993
F05B
E665
DA8D
D7D7
E29A
EE2A
F802
0448
0EAD
168C
1CE8
1E6A
1B3C
1642
109C
0A9A
04C3
FFF3
FC98
FA44
F893
F7B9
F81B
F9F5
FD43
01A1
0646
0A47
0CFB
0E1A
0D95
0B8B
083A
042F
0078
FE01
FCBC
FC6A
FDBD
017E
06F1
0BDE
0E6A
0E7B
0CBF
08B8
01DC
FA3E
F3D2
ED3B
E7B6
E877
EE5E
F4AC
FCB4
0610
0CAA
1120
12D0
0F26
08AF
018F
F9CF
F35F
EFF3
EFD4
F28D
F79C
FE4F
04DD
0987
0BDB
0C49
0B94
0A9D
0A23
0A70
0B48
0C13
0C36
0B23
0872
03C6
FD69
F72A
F2E6
F12B
F217
F59B
FBAD
0336
09C7
0DDE
0F40
0E06
0A8F
0597
005E
FC20
F997
F901
FA40
FCAE
FF55
016F
0289
026F
011B
FEBE
FBC7
F8C6
F640
F495
F414
F4FE
F788
FBCC
0196
0837
0E84
135E
162C
163D
1301
0D70
06B7
FEED
F7BD
F3A0
F2DD
F4A6
F81A
FC3D
0081
03EA
0571
053E
0454
03D0
0493
0712
0AED
0F06
126D
145F
13F3
112D
0CA6
06AF
0080
FC12
FAA2
FC59
00A0
0609
0AA4
0D30
0D4D
0B1A
06F3
018E
FC60
F8C4
F71B
F705
F7DB
F8CD
F904
F805
F5E8
F353
F178
F188
F39E
F77D
FC26
001F
03BD
060C
0527
01B6
FCB9
F88D
F6C0
F652
F854
FDF5
05D7
0DBE
1407
0D55
1740
1DB3
1C10
142B
0C22
03B8
FAB0
F3C3
EF97
ED0F
EB9F
EAF0
EA70
E9E6
E9B5
EA91
ED07
F110
F66E
FCEF
036C
082E
0A47
09B9
070D
0356
0041
FF5C
0159
05F2
0BCB
10F4
1443
14EA
11C8
0B29
02B7
FA0D
F2DF
EE9B
EDB8
EFDA
F401
F8DD
FD73
0125
0351
0414
0470
0507
0622
0812
0A4A
0B87
0B18
0919
05F8
0257
FF51
FE5D
0047
04AE
0A8C
109A
14DD
1516
1186
0AE9
002C
F4A7
EAB9
E11E
DEC2
E607
EE8D
F73C
017F
09B2
0DE9
0E65
0BDF
0725
014A
FC0A
F8BF
F7B2
F87C
FA6F
FCC7
FECC
0019
00AE
00E1
012C
01EF
0350
051A
06D9
0815
089C
086D
07AD
069F
057F
0478
03A1
02F3
0243
015C
0027
FEBF
FD77
FCBE
FCF7
FE53
00BC
03B8
0681
0855
08C9
07D7
05CA
034A
015E
010E
02D7
0691
0B84
10C3
159B
190C
1969
167B
1202
0D0C
07BE
02E6
FF8E
FE34
FE99
FFEE
015B
0248
0271
021E
01C8
01D1
0287
03EB
058E
069F
064E
0421
001D
FAC1
F53C
F10D
EF52
F09D
F50A
FCD7
0629
0F34
1DA9
2ABF
2428
13F2
0AC7
04FC
00D4
0080
0417
0ADA
12F8
1BFF
270E
2B71
211F
13F9
09E6
FEB4
F59A
F111
F0D6
F449
FA76
011B
069D
08F9
05FF
004F
FA0F
F483
F20D
F3A7
F94B
01F1
0B70
153F
1F41
223D
1B05
11F1
092C
FE9B
F5D4
F119
F001
F1E6
F614
FBC4
00B3
032D
038D
02F0
01F7
00A1
FFB8
0054
0250
04FA
0783
093E
09A9
0833
04D9
0066
FBD7
F80F
F5CD
F54A
F61F
F7A8
F954
FAB9
FBC8
FC8F
FCFD
FD04
FC99
FB8C
F96A
F5C7
F0A3
EADD
E665
E56F
E87B
ED7D
F234
F695
FB58
FFC5
0277
02C3
00DB
FD95
FA18
F782
F6A7
F7F6
FAC1
FC0D
F812
EE38
E405
E210
E73B
E985
E7B1
E640
E73D
EDA0
F76F
FF8B
0639
0C25
0FD4
113D
119A
1223
139E
1665
1AC9
1FBD
211F
1C5A
13F7
0990
FCEE
EE9F
DEC1
D47D
D897
E490
EF54
FA42
059D
0DD5
116E
10EA
0D7F
08FD
0550
03A5
048F
07D6
0BA7
0F0B
1148
1022
0C0E
0744
02A2
FF7A
FF74
0336
09CB
10C3
172E
1CB8
1D23
1778
1052
07EC
FE16
F652
F243
F1A5
F3CC
F7AE
FC3F
0038
0270
027B
00A0
FDAD
FAB4
F882
F742
F6AC
F682
F682
F625
F4DD
F296
EFBE
ECC5
E9A1
E607
E1D3
DD48
D949
D76E
D92F
DE57
E4D7
EB0F
F10B
F718
FCA1
00A9
0268
01C7
FF04
FA77
F56D
F182
EF51
EF1C
F0EA
F455
F944
FF70
05B8
0B06
0F2C
127D
1551
17D2
19C6
1A63
18DE
1584
1148
0C17
05BA
FF8A
FB1C
F8ED
F8E6
FAB5
FDD1
015F
0441
059C
0535
035A
00C1
FE39
FC61
FB71
FB3F
FB50
FB06
F9DD
F7C0
F518
F2A8
F13D
F16F
F388
F784
FCD6
0205
0574
0657
0479
FFF7
F9E3
F485
F170
F0F1
F306
F75A
FDA3
0458
0929
0B45
0AF4
08BA
0532
0172
FEC9
FDC6
FE21
FF2B
FFDE
FF38
FCCA
F7DE
EF76
E5BF
E090
E2C6
E8B4
EE06
F29E
F7D6
FD49
0199
03FA
0478
03AB
025F
0155
010E
01A9
02E0
0439
0539
0583
04E3
0387
01F5
00A9
000D
007A
01DF
03E5
063A
0888
0A6D
0BAB
0C2B
0BED
0AF9
0951
06CF
034A
FF3E
FBD6
F9C3
F907
F9B7
FC0B
0025
051F
0903
0A88
090F
03EA
FBA9
F31F
E793
D597
CCF5
D81E
E6B3
F14F
FD19
07CA
102E
14EF
141A
0FC5
083B
FE4B
F561
EEC4
EAC0
EA2A
EC6E
F021
F497
F973
FDC5
00C7
0261
02DF
02AF
0215
0154
00AA
003E
0021
0055
00D8
019B
027C
0335
037C
0346
0308
032F
0345
029D
016D
0040
FF64
FEE3
FE84
FE1E
FD92
FCD9
FC26
FBAB
FB9E
FC43
FDDE
0064
0340
05C3
076E
07D7
06B8
0436
00F6
FDBE
FB29
F997
F91C
F952
F975
F8BA
F6B6
F3B4
EF7B
E6BC
D75B
CA74
CD05
DCB7
EC6F
F6E8
FE96
04DB
0954
0BEE
0D2B
0DD6
0EC2
107D
131F
1678
1A66
1E01
1E88
1A5A
1400
0DFC
07C2
015D
FC85
FA35
FA13
FB33
FC8D
FD41
FCCE
FB30
F8E0
F6B7
F591
F5F8
F80A
FB74
FF34
01C8
01F0
FF24
F9E7
F3C0
ED59
E6E8
E4B3
E98A
F0AB
F7DD
0081
07FC
0BDD
0C0C
08FD
034D
FC4C
F6B4
F41B
F4A8
F80F
FD9D
042C
0992
0C2C
0BB3
0863
02A8
FBE4
F6A1
F3B5
F2DD
F4DA
F964
FEAC
030E
0584
0585
02FD
FE85
F99B
F5FD
F4D3
F6A9
FBB8
03B5
0C4F
130E
17F8
192A
14CC
0D89
03C1
F805
EEBC
E842
E532
E866
EF57
F75C
008A
0883
0C96
0CAA
0A34
06C4
02B2
FE29
FB98
FCC7
01AB
09F9
12EB
1C26
26B0
2AF0
2415
19BA
11E7
0BB1
069E
03FB
047C
079D
0BD6
0F69
11A1
1252
1058
0B1E
048E
FE84
F97B
F6B2
F70E
F95E
FCEE
021B
0808
0D42
1135
13C7
14FF
1504
140D
126D
1067
0E09
0B45
081A
04C1
01A8
FF4D
FE08
FE08
FF5C
0203
05BF
09EA
0DB8
10BD
1306
1490
151B
1491
133C
1170
0F4F
0CE6
0A57
07CE
056D
033E
0148
FF87
FDEA
FC50
FAA3
F8E6
F723
F53C
F2D3
EFC5
EC93
EA09
E88A
E828
E8EA
EAB8
ED33
EFEC
F2A0
F516
F6FA
F81A
F891
F8D7
F998
FB9A
FF92
0593
0C77
14EA
25C0
4253
5A52
5799
3D8C
232F
13A2
09D5
0164
FAFC
F75B
F63B
F708
F92A
FC33
FF62
01E9
03B2
053D
070B
0955
0BE6
0E31
0FC6
1045
0F5C
0CE7
0910
04C9
015A
FFBF
006C
0358
07AF
0BCA
0E37
0E28
0B32
0524
FC97
F42F
EE40
EAD2
EA49
ECFE
F131
F54B
F8E6
FB43
FBD9
FB27
FA72
FB03
FDD5
03C1
0B27
1224
1986
1D0E
1872
10D4
07D5
FC05
F224
EC65
EAB2
EDE2
F434
FBA4
02A3
0736
082D
0554
FF55
F861
F30E
F067
F063
F265
F57F
F884
FA09
F949
F68E
F2FC
F009
EF03
F087
F491
FAAC
013F
05B2
0624
0219
FA67
F106
E69C
D9F2
CFDA
D1B9
DE3B
EB68
F4DB
FB9B
FFDC
0099
FDAE
F893
F334
EEB8
EBCF
EAF0
EBD0
EDA1
EFB6
F1BC
F3A8
F5B7
F861
FC15
00E8
063B
0AEE
0DFE
0ECB
0D01
08A8
0292
FC62
F778
F556
F726
FBCF
0212
08E4
0E19
1051
0F6E
0BE0
06BF
0195
FDC7
FC57
FDB7
01AB
06A0
0A31
0B2C
094F
04A3
FD7F
F5B2
F01B
EDCE
EF19
F39F
FB16
0491
0C08
0FA6
0F88
0B1F
03D3
FB12
F284
EC81
EAA0
ED47
F349
FCAF
07C1
1033
1522
162C
1300
0D7D
05F5
FDCF
F890
F762
FA41
01D7
0DA0
1987
1E5D
1927
0FEB
0886
0246
FC87
F8F3
F8B9
FBE9
01B0
0A02
16E5
22A1
1F51
0FDB
02AD
F960
F24B
EF20
F046
F571
FD89
06CB
0E23
119D
10AA
0B80
026B
F73A
EE4F
E7B5
E438
E6FB
ECB9
F28F
F8F5
FE89
01D4
02DB
025F
013F
004D
0024
0092
010E
00E3
FF37
FBB5
F74B
F381
F130
F0F1
F32B
F81A
FF72
06AF
0B5E
0CB6
0A72
046B
FC03
F4DB
F06F
EF8F
F34B
FA67
03E5
0DC8
1712
1DB3
1C10
142B
0C22
03B8
FAB0
F3C3
EF97
ED0F
EB9F
EAF0
EA70
E9E6
E9B5
EA91
ED07
F110
F66E
FCEF
036C
082E
0A47
09B9
070D
0356
0041
FF5C
0159
05F2
0BCB
10F4
1443
14EA
11C8
0B29
02B7
FA0D
F2DF
EE9B
EDB8
EFDA
F401
F8DD
FD73
0125
0351
0414
0470
0507
0622
0812
0A4A
0B87
0B18
0919
05F8
0257
FF51
FE5D
0047
04AE
0A8C
109A
14DD
1516
1186
0AE9
002C
F4A7
EAB9
E11E
DEC2
E607
EE8D
F73C
017F
09B2
0DE9
0E65
0BDF
0725
014A
FC0A
F8BF
F7B2
F87C
FA6F
FCC7
FECC
0019
00AE
00E1
012C
01EF
0350
051A
06D9
0815
089C
086D
07AD
069F
057F
0478
03A1
02F3
0243
015C
0027
FEBF
FD77
FCBE
FCF7
FE53
00BC
03B8
0681
0855
08C9
07D7
05CA
034A
015E
010E
02D7
0691
E4FA
EE7C
F47C
FCD8
05E0
0C9C
112E
1553
17CB
1600
109C
0AB2
04E6
FDC6
F637
F0A1
ECF3
EAE6
EC12
F000
F512
FBC4
0328
0862
0A81
09B7
0648
0085
F92A
F272
EE04
EC28
ED0A
F027
F4EE
FADE
009D
04E1
0709
06E2
0516
037D
0332
02F6
018D
FFAF
FE5C
FD3F
FB78
F8C0
F59A
F2E0
F14E
F19C
F44F
F98B
01D6
0B8A
136B
1B27
219E
1FE1
182F
10BB
08E8
00DA
FB54
F9E8
FD36
04B1
0D81
17F7
29CA
3E50
45A7
3B78
2A57
1BBE
1214
0C9F
0A7E
0B25
0DD2
117A
1591
1993
1BCA
1A93
169D
11B5
0C57
064C
005B
FBCB
F954
F8F6
FA62
FD2B
00EC
054D
09A4
0CC0
0DF3
0D77
0BB2
0921
063B
0363
0179
0152
030B
062E
09D8
0CAA
0D69
0BCA
081A
0315
FDF8
F9FF
F811
F8AB
FBDB
00EB
05ED
08FB
0935
0647
00F8
FAEB
F590
F24C
F29C
F788
FFE4
0A0D
1678
1CBC
14A0
086C
FC3B
EF9E
E3EC
D8DA
DDAB
EB75
F92B
0B41
1CD9
4588
68D3
5001
2682
12CE
05DE
FC06
F822
F9C7
FFC4
07AB
0EE5
1397
1417
10EA
0B9D
04D9
FEF6
FC4F
FD7B
01E4
07C3
0C89
0E9A
0D85
097F
036B
FCD7
F798
F4F0
F529
F7F4
FC71
00BF
02F6
021B
FE30
F887
F351
EFC3
EEB0
F0EA
F5B8
FBF6
0240
06CB
0899
0797
0445
FF87
FAEB
F860
F8E0
FC11
00F2
062F
0A2F
0C00
0BBD
093B
0464
FE9E
F9CA
F70D
F6D6
F905
FCCA
00DC
03FF
0540
03EB
0001
FAAC
F52F
F06B
ED8C
ED3E
EF32
F341
F952
0054
0698
0ACE
0C4D
0AFC
072C
01B0
FBE4
F727
F462
F404
F603
FA24
FFDC
05CC
0A5A
0CB4
0CB1
0A7A
0682
01BD
FD60
FA21
F832
F790
F802
F933
FAD0
FC82
FDF7
FEF9
FF7C
FF86
FF15
FE14
FC6C
FA11
F726
F409
F154
EFBA
EFB5
F157
F4BF
FA12
0074
0610
098B
0A74
08DD
0530
0056
FBD4
F8FD
F850
F9A7
FC61
FF91
0244
03AE
0344
0106
FDDB
FB30
FA3A
FBAE
FFA0
0535
0AA5
0E6A
0FA8
0DF2
0937
01B2
F8C7
F0F6
EB6E
E64F
DF71
D9D4
DB58
E386
EC3B
F17C
F4D2
F9C5
00B4
0860
105B
1877
21D0
2C7A
2FD4
2429
1362
0784
FE56
F73F
F3F4
F44A
F76A
FC5D
0126
0417
051B
0329
FE95
F9D6
F61C
F46D
F58F
F8D5
FD23
0169
04B9
0668
0633
04AF
0307
022D
0293
0422
064D
082E
08D6
0784
0410
FF1C
F9D1
F58C
F38B
F45D
F807
FE8F
0688
0D38
1159
12C2
1176
0E2F
09BD
04EA
00EE
FECD
FEC6
0058
028C
0466
054B
0512
03EE
0243
0084
FF07
FE0A
FDAB
FDB8
FDC2
FD62
FC6A
FAE8
F921
F787
F68D
F661
F6DA
F7A3
F863
F8CB
F899
F7B2
F630
F45D
F2A2
F16D
F0FB
F14E
F23A
F38D
F52A
F6F9
F8B5
FA0E
FABE
FA8E
F953
F70C
F3C1
EF6E
EA2A
E403
DD80
D949
DB59
E2F3
EB05
F25F
FA6D
01D4
06E9
0922
082F
03F6
FE42
F941
F4BD
F1E9
F1B1
F34D
F75B
FC06
FF16
0137
01FB
0032
FC26
F7CF
F4E7
F3D1
F4DF
F866
FED4
0772
0F8D
165B
1CF4
2049
1C23
13C5
0B7F
014A
F681
EEC8
E8E2
E70F
EB1A
F0C7
F79A
000C
070D
0AFE
0BA4
0942
0439
FD3B
F683
F1FD
F035
F137
F4DD
FB1C
0325
0AB0
1049
1422
15FC
1571
12F9
0EFB
09D2
0442
FF0F
FAE2
F863
F82A
FAC4
0073
084C
101D
184F
252B
31BC
2F7B
20A3
1440
0B3D
00E8
F790
F16E
EE6F
EE0D
EF5D
F128
F232
F1A8
EF71
EC2B
E8C2
E699
E7A1
EBF0
F1FB
FA56
044F
0C6A
1112
1253
1076
0C54
06A4
0068
FB3E
F842
F764
F7CE
F86F
F870
F75F
F565
F33C
F1C6
F1B8
F386
F75D
FD17
039B
0913
0C56
0D28
0BB5
086C
03DF
FF1B
FB78
F9A6
F987
FA86
FBD4
FC95
FC35
FA99
F81D
F568
F32C
F1DD
F186
F1D2
F233
F1F5
F06D
ED3C
E8A3
E387
DF90
DF31
E3DB
EB47
F30C
FCC0
078E
0F77
14B2
17C8
1711
13AB
1005
0D0F
0B29
0A99
0B35
0CAC
0E70
0E86
0B75
06C3
00F4
F979
F2A1
EE4F
ECF2
EED7
F360
F954
00B1
0864
0CCC
0D74
0A38
02D6
FA2C
F1B8
EAB5
E695
E50A
E63D
EDD9
FA39
0455
0B97
0F4C
0F8F
0D7A
080E
0249
FD6D
FA26
F9BB
FB27
FE72
02E2
072D
0AB2
0CC0
0D53
0CE7
0BEC
0A9B
0902
070E
0470
00CE
FC58
F7C1
F36A
EFB8
EDE0
EEA8
F237
F935
0309
0CCF
1501
1C55
20CD
1EA0
1704
0E6F
06A5
FFC1
FAD7
F90C
FA58
FD88
00F7
0355
03CA
01DA
FD72
F752
F135
EC36
E890
E710
E839
EB28
EE6F
F160
F51F
FABE
0099
04A6
0785
0A74
0D65
106B
13E9
1781
1A64
1BAD
1A5A
1657
112E
0B85
0465
FCCC
F6F3
F36F
F218
F2EE
F626
FBB5
01ED
0765
0C43
0FF9
1186
1132
0FBC
0D7D
0ACA
082C
0632
0533
0534
05F2
0713
0840
092C
0996
0945
07FA
0599
0265
FEDC
FB40
F793
F40A
F11C
EF3F
EED0
EFFB
F2A2
F67F
FB41
FFF3
0333
0522
062A
04F1
0168
FE08
FC8C
FD5C
00A3
05B6
0AE6
0E95
0FBD
0D9C
07CF
FEC2
F421
E7D0
D2E9
B69F
AAC0
BC92
D7A3
E8B3
F24E
FA53
009D
03E8
0447
02B6
009D
FF66
0012
0319
0826
0DEF
1343
1820
1BCA
1BF6
185C
134F
0DE1
079A
011A
FBDE
F878
F69F
F646
F78E
F9F1
FC81
FEE7
014D
0394
0567
06A1
0739
0702
05AE
030C
FF46
FABE
F5FE
F1A9
EE75
ECFD
EDAD
F084
F567
FC72
0491
0B70
0FC0
115A
1036
0CAF
0779
01D0
FD55
FB16
FB70
FE47
0304
087D
0D2C
0FE9
1030
0E0E
09D2
0476
FF85
FC32
FB00
FBD5
FE88
023A
0553
0708
072A
05F4
03F3
01AE
0019
000A
01AB
04A4
080F
0AB5
0BC5
0AF6
0846
03E2
FE43
F8A0
F454
F200
F1BF
F36B
F6A6
FAE7
FFCF
0519
09A1
0C06
0CAD
0C0B
0985
05F6
022B
FCF1
F6A9
F19C
EE52
EC50
EBBF
EC73
EDF1
EFDD
F1B8
F327
F421
F4C9
F5A0
F778
FAC8
FF30
03D3
07E4
0AB1
0BAD
0ADE
08AB
0578
0218
FFCC
FF69
00F0
039D
061C
0709
0561
00C3
F9E5
F07F
DEB5
C4FB
BB2A
CF15
E86A
F5C1
FE7A
0549
07C4
0608
00ED
FA08
F395
EF99
EF41
F2DE
FA51
0410
0C8B
134C
17B2
15F5
0F92
08E2
026B
FCCB
FA78
FC23
0150
097D
1085
129E
125C
11B1
0F27
0AB4
057D
0027
FB0F
F778
F5C5
F4EA
F448
F3F7
F3E0
F471
F619
F699
F5E6
F62C
F552
F19F
ED76
E89B
E03A
DA61
DFD3
EB0A
F424
FDBC
0821
0F6B
12CF
121F
0DAB
05B9
FB19
F18C
E9ED
E445
E470
E9B3
EFC6
F6DE
FF8B
07A3
0E01
133D
17D3
1BCA
1EDE
2073
1FA6
1C43
1761
1242
0CDD
06EB
015F
FD9E
FC37
FD0F
FFB0
031D
05ED
074B
07BE
0811
080C
074B
0637
055B
04DB
0478
03AF
0209
FF5F
FC1C
F8FE
F6C9
F625
F79B
FB5D
00B4
060F
0A24
0C35
0BA1
0830
018B
F899
F098
EA47
E47F
E284
E6D3
EDA7
F47C
FCD8
05E0
0C9C
112E
1553
17CB
1600
109C
0AB2
04E6
FDC6
F637
F0A1
ECF3
EAE6
EC12
F000
F512
FBC4
0328
0862
0A81
09B7
0648
0085
F92A
F272
EE04
EC28
ED0A
F027
F4EE
FADE
009D
04E1
0709
06E2
0516
037D
0332
02F6
018D
FFAF
FE5C
FD3F
FB78
F8C0
F59A
F2E0
F14E
F19C
F44F
F98B
01D6
0B8A
136B
1B27
219E
1FE1
182F
10BB
08E8
00DA
FB54
F9E8
FD36
04B1
0D81
17F7
29CA
3E50
45A7
3B78
2A57
1BBE
1214
0C9F
0A7E
0B25
0DD2
117A
1591
1993
1BCA
1A93
169D
11B5
0C57
064C
005B
FBCB
F954
F8F6
FA62
FD2B
00EC
054D
09A4
0CC0
0DF3
0D77
0BB2
0921
063B
0363
0179
0152
030B
062E
09D8
0CAA
0D69
0BCA
081A
0315
FDF8
F9FF
F811
F8AB
FBDB
00EB
05ED
08FB
0935
0647
0902
0407
FF8E
FB5B
F963
F9C4
FC94
0198
0728
0B66
0D76
0CCA
0955
0411
FE58
F96E
F668
F5A9
F6B2
F8C1
FB43
FDE6
0013
01B0
02EB
0365
03C4
0447
03BF
01F1
FF0D
FBA5
F8CF
F6A2
F588
F6DF
FB2F
019F
086B
0DB9
105C
0FBC
0BD8
04A8
FB54
F356
EE9E
ED81
F00C
F59E
FDA7
05F7
0BD1
0E3C
0D5B
09E6
053D
0136
FF62
0099
04DC
0AC7
1041
145C
16AC
1637
12BF
0D03
05C8
FE2E
F84B
F583
F548
F67E
F873
FA7E
FC18
FD15
FDC2
FEAC
0057
02DC
05CF
08BC
0B61
0D44
0E0D
0DC6
0C78
0A78
088A
073C
0692
0616
04E8
0249
FE12
F8AC
F258
EA4F
E036
D7DF
D797
E008
EB7D
F54F
FC85
0151
03A3
034D
008D
FCCC
F9C9
F84B
F89A
FAB9
FE1D
024A
06BA
0A47
0BBF
0ABC
07C6
03C8
FF79
FB94
F950
F99F
FC32
FFFD
0425
0825
0B91
0E06
0F46
0F30
0DD7
0B77
086B
04FD
018C
FED8
FD32
FC06
FC59
FF4F
02DD
0663
0956
0C03
14F5
1CCE
15C1
0B68
07FF
0541
0222
FEE4
FD01
FE8E
00AB
02ED
05C7
082D
09DB
0A86
09F3
079D
033C
FDA0
F7F7
F324
EFA9
EDE9
EE27
F029
F334
F6E9
FBF2
01B4
05FA
08CE
0A7F
0B38
0D77
102F
11A8
13F1
1683
193C
1B17
1707
0F92
094B
01FD
FAEE
F6CF
F4FF
F584
F7FE
FC01
00CD
0483
05DE
047F
00C7
FC10
F7DB
F538
F51E
F89F
FFAA
07D7
10B7
1AD3
224F
239B
1F25
16DE
0D18
0406
FC9A
F7BB
F6CB
F9D9
FFB7
06C9
0D37
117D
12B3
1091
0B89
03B7
FA71
F2FB
EE91
ED3F
EF2F
F367
F93D
FFB3
04B0
06B7
0584
018B
FBC4
F55C
EF91
EBFB
EBC6
EE4D
F236
F70B
FC67
0119
0416
0514
0443
0205
FEF1
FBC3
F90E
F6FD
F580
F47E
F3EB
F3C3
F41E
F53C
F771
FB3A
00BB
06C5
0BDF
0F51
1047
0E4D
0939
002A
F594
EA98
D630
BC66
B925
D123
E8B4
F5C5
0122
0A9E
0F7E
1076
0D56
0700
FF7F
F8BB
F456
F345
F5AE
FB66
0343
0A4D
0E5A
0ECF
0B8F
049B
FACA
F197
EACE
E5FB
E596
EA27
F06F
F741
FE41
039F
0602
053B
01CC
FCE1
F81B
F498
F29A
F1EE
F221
F2B2
F332
F362
F351
F35D
F421
F649
FA5D
0041
06CE
0C6B
0FFD
10F6
0F31
0AF8
04C4
FDAF
F7E0
F522
F5CF
F96A
FF23
05E8
0C4D
10FB
136F
13C4
1282
1068
0E16
0C58
0B8B
0B07
0A8B
0A62
09BD
07BC
04BB
0166
FE22
FB4F
F959
F813
F6BA
F4A1
F1AB
EE3C
EAE7
E853
E7DD
EA74
EFFE
F971
0DB5
3367
5223
4914
2A59
177F
0F49
06FF
FE12
F683
F160
EF01
EF27
F112
F3DB
F6EB
FA01
FCB0
FE86
FF8C
0040
00E3
016A
01D4
022B
0275
02C6
0341
0402
0507
061B
06D5
06CA
05E9
0462
027B
00BE
0001
011D
0495
0A4F
1262
1E76
2C2F
2E41
2055
12A0
080D
FA95
EF6B
E17E
D5A5
DBF7
EA79
F4CB
FCDD
02C5
0491
01C6
FB58
F41C
EEEC
ECFF
EF30
F53A
FE26
07FB
0FED
142B
13E1
0FCB
0915
00E7
F957
F49D
F393
F533
F7FA
FA4B
FA7B
F890
F575
F22E
F01D
F046
F30D
F851
FF3A
05B0
09DE
0B03
092E
04EE
FFB8
FBE2
FB2D
FDE5
035D
0A60
0F4D
0EC1
0B4F
042D
F894
ED00
DD1E
CDCA
CC2D
D5F0
E45B
F400
FEB4
0292
04C8
0391
FF5C
F68E
EF30
F637
FF72
0674
0D07
1154
14A8
0FD9
0668
FCED
F3CF
EDF3
EC60
EF85
F6A5
0111
0BA1
150D
1AC3
19A7
14F8
0F12
0825
0165
FC17
F906
F887
F9D2
FBAC
FD1C
FDC2
FE0F
FE4A
FE96
FF07
FF5A
FF0E
FD85
FA69
F62A
F181
EC18
E5B3
E15D
E313
E9AA
F12E
F8C9
0094
0741
0BCC
0DBE
0D7C
0C53
0B4F
0AF7
0B98
0D1E
0F0C
10B5
116F
10C4
0EA9
0B5B
074D
0371
00E5
0047
0190
042F
0737
09B0
0B04
0B16
0A26
08AC
073B
0661
067A
0785
0927
0AE4
0C43
0CEA
0CB2
0BA0
09F5
0811
0649
04CA
0396
029C
01CA
0120
00BE
00D9
01A6
033A
0567
07B6
0981
0A28
092A
0632
013A
FB0A
F547
F14F
EFB1
F0CD
F4AA
FADB
0229
08A8
0D19
0EA7
0CFE
086C
00C7
F80E
F195
EDC7
ED12
F00E
F589
FD6B
06BA
0E55
1319
151E
1422
10DD
0C25
0650
0026
FAEC
F783
F5EA
F56C
F572
F5AD
F5BC
F580
F562
F5E6
F751
F9BD
FD1D
010D
04B9
0758
0874
07C5
0528
0107
FC65
F830
F4FC
F354
F3B7
F594
F75D
F914
FB3C
FC4E
FB0A
F83A
F553
F328
F20C
F268
F4CC
F9B0
0074
07A3
0E32
1393
1762
195A
18A2
14A3
0EF2
0968
03E9
FE9C
FAC7
F919
F977
FB7F
FE9E
01EF
0467
0541
0424
0133
FD18
F8E2
F5A1
F434
F533
F8BC
FE15
03F4
091A
0C6B
0D61
0C4B
0946
04AC
0015
FD1A
FC48
FD7B
000C
02F5
0522
05C4
0477
0162
FD7A
FA48
F8FF
FA13
FD67
0210
0649
085C
0761
02ED
FB66
F333
ECBB
E838
E768
EB00
F0FE
F84F
FE84
018F
014A
FE28
F8CD
F24F
ED43
EBBA
EE54
F457
FCFD
062C
0C8F
0E92
0BF4
04AC
F9D1
EFF9
E7DA
E158
E256
E9B1
F14A
F854
FE8B
0219
0227
FF3D
FAF0
F765
F5A2
F4F5
F5A7
F9AA
0016
0527
07D8
0889
071E
0577
04DF
0513
0703
0B24
0FB1
1371
16AD
1898
1899
178E
16C6
1749
16EB
126E
0BE3
0693
011F
F9EF
F2AF
ECDB
E887
E6F8
EA28
F14F
FA4E
0450
0DC2
14CB
184A
1769
1383
0E9A
0953
0494
01AA
00FE
01EB
0326
035A
01BC
FE22
F8F3
F351
EEEB
ECD3
ED56
F070
F51E
FA63
FFBB
0394
049C
032A
005D
FD87
FB70
FABD
FC99
00B8
05BE
0AFD
0EE5
0FDC
0EA8
0C5B
08D6
0476
0082
FE15
FDA2
FED9
00E7
02CF
03AC
02C8
FF88
FA19
F3F0
EDF2
E74C
E10A
DF71
E3E4
EA8D
F0E0
F83D
00A8
07B1
0C57
0F6D
111E
1096
0D9C
0993
0688
0570
05CA
0694
06F7
0674
04B9
01B1
FDF0
FAB9
F918
F98D
FC72
0224
09D9
10E6
16AF
1B55
1AF0
156B
0E93
0598
FAFF
F2AD
EDF2
ECC7
EF2F
F46E
FB23
0205
0826
0C31
0D6C
0C47
090D
040D
FE79
F9D0
F6FB
F63D
F768
FA0E
FD87
0102
03A2
04AF
03C1
00C3
FC2A
F6FD
F236
EE78
ECDE
EE08
F107
F56E
FB48
0108
04CD
05D1
03F3
FF85
FA3B
F5CB
F192
EF7F
F365
FAEB
020E
081C
0C12
0CBB
0A07
0486
FD4B
F680
F25C
F146
F2FD
F733
FCC6
0239
064F
0845
07FC
05E2
02E1
0024
FEAC
FEDF
009F
0367
0601
0754
0802
087D
0754
0471
0210
01D9
0401
07F1
0C81
109E
13DF
15E8
15EE
13B7
102D
0BD8
0634
FF65
F89F
F2D6
EE25
EA4B
E75D
E608
E6CE
E945
EC95
F00A
F31D
F586
F6E5
F6B3
F553
F42A
F45E
F641
F9BE
FE86
03E7
08B3
0BD1
0CD3
0BE6
09B1
072A
057D
05AA
07D9
0B37
0F57
13B7
14D9
1130
0B8A
02FE
F85F
F047
EA8E
E89F
EBDF
F15A
F889
00B2
06CA
094B
0852
0497
FF8E
FB5B
F963
F9C4
FC94
0198
0728
0B66
0D76
0CCA
0955
0411
FE58
F96E
F668
F5A9
F6B2
F8C1
FB43
FDE6
0013
01B0
02EB
0365
03C4
0447
03BF
01F1
FF0D
FBA5
F8CF
F6A2
F588
F6DF
FB2F
019F
086B
0DB9
105C
0FBC
0BD8
04A8
FB54
F356
EE9E
ED81
F00C
F59E
FDA7
05F7
0BD1
0E3C
0D5B
09E6
053D
0136
FF62
0099
04DC
0AC7
1041
145C
16AC
1637
12BF
0D03
05C8
FE2E
F84B
F583
F548
F67E
F873
FA7E
FC18
FD15
FDC2
FEAC
0057
02DC
05CF
08BC
0B61
0D44
0E0D
0DC6
0C78
0A78
088A
073C
0692
0616
04E8
0249
FE12
F8AC
F258
EA4F
E036
D7DF
D797
E008
EB7D
F54F
FC85
0151
03A3
034D
008D
FCCC
F9C9
F84B
F89A
FAB9
FE1D
024A
06BA
0A47
0BBF
0ABC
07C6
03C8
FF79
FB94
F950
F99F
1796
117B
0F29
09D8
0354
FCE6
F83A
F61C
F693
F93C
FD5C
01A8
049F
0538
0319
FEAB
F93E
F3E3
EF56
EDD1
F069
F4FF
FAFF
02C7
0A12
0F05
119A
1204
10CD
0EBD
0C7C
0AA9
09B5
09B0
0A55
0B3B
0C14
0CB7
0D2B
0D87
0DDA
0E40
0EC2
0F2F
0F12
0DED
0B65
0733
018A
FBA5
F72B
F4EB
F50E
F7B4
FC5E
01EE
0744
0B60
0D73
0D54
0BCC
0A1F
0932
0963
0ABD
0CD3
0EAA
0F1F
0D69
0916
01E7
F948
F22B
EDF7
ED17
EFE6
F5E4
FDF0
05C7
0C22
1052
1150
1047
0E96
0CC3
0C80
0FA1
1574
1A43
1ACB
1773
11FB
0928
FC92
EDA6
D4F3
B524
ADFF
C7B2
E1D2
EFED
FC01
0683
0C71
0DB6
0B05
0594
FF43
FA4C
F7A9
F77D
F958
FC71
FFF9
0276
0297
002F
FBD8
F6A5
F216
EF44
EE47
EF29
F1B6
F53A
F9AC
FF01
0406
07BE
0A30
0B99
0BF6
0B04
0899
058C
0315
0160
003A
0004
0163
0495
090F
0D7A
10C5
12BA
1372
1320
1246
1197
11A4
12A7
1488
1710
19CD
1B5E
1A38
16C3
12A8
0E6C
0A04
0626
03A2
029F
02AA
02FD
02CF
0190
FF1B
FBE1
F8D7
F709
F723
F960
FD87
02BA
0776
0A5B
0AE6
094E
0647
02C7
FFE3
FED2
0063
041E
0929
0E92
1265
13CB
1340
10B6
0CBC
089F
058C
03D9
0371
0405
04CB
0522
04A7
031F
00D2
FEBB
FD0A
FD1A
FFCC
030C
0611
07DB
0747
04C8
0091
FB4D
F620
F223
F013
EFDA
F0CC
F1F4
F26C
F1A8
EFA7
ECE2
EA13
E8CD
EAFA
EFF3
F6E5
00DD
0B00
1263
17BC
195A
16CC
12EA
0F13
0BD3
0A0E
0A21
0B80
0D07
0D83
0C19
0866
027C
FB7F
F57A
F1FA
F185
F3E1
F825
FCE3
00A9
02E5
02EC
0035
FC10
F6B7
F261
F1C1
F1EF
F1D1
F28B
F33F
F2FF
F1DA
F0BB
F10E
F3B8
F904
00E3
0A7E
1317
1C8A
2A15
2C2B
1DA5
10DB
083B
FF39
F8B8
F5E1
F62F
F8C4
FCA0
0034
0218
01CE
FFCF
FD5A
FB85
FB78
FD78
00E9
0552
086C
0B34
0C4D
0755
003E
FA26
F522
F2AD
F309
F58F
F966
FD7B
0023
002B
FD67
F894
F380
EFD9
EDF5
EEB6
F246
F6FE
FBF7
002E
0210
00D4
FCC5
F749
F257
EF37
EE84
F08E
F507
FB7E
0312
09FC
0E96
1089
105F
0EB8
0C65
0A2A
084A
06DA
05FC
05C8
0622
06D7
07C0
08A6
095A
09C9
09D8
093F
079C
04B7
00A1
FBB0
F65E
F102
EBAE
E726
E5AC
E8BA
EE7C
F474
FB1D
02EA
094F
0CF1
0EA0
0E34
0C29
08EC
03DF
FFC7
FFB4
0048
FE09
FBFB
FCEC
FFE5
0304
04FF
05C1
055E
0381
0039
FC5F
F8BD
F598
F370
F2A3
F0B9
EBF6
EA57
EDFA
EFC4
EE2A
EC31
E90C
E422
E046
DEDA
DDD9
DB46
D7D9
D949
E27E
ECA0
F31A
F933
006A
06C1
0B2A
0D79
0D7F
0B74
07E9
039B
FF94
FCBE
FB63
FB5B
FC30
FD3D
FD9F
FC7C
F998
F591
F17E
EE61
ED0C
EE23
F19C
F76F
FF7D
0795
0D2F
100A
103F
0E0C
0A50
0542
FF9E
FB32
F8CB
F7EA
F7EE
F871
F954
FAB8
FCCD
FF71
0213
042F
0570
053A
02B2
FD0D
F504
ED22
E469
D9D2
D7EC
E2F7
EEE1
FC9B
0CEB
1B75
365F
4BD5
3C7E
20F4
1088
03BD
F959
F411
F3FC
F890
0098
0880
0D38
0E11
0B1C
04E0
FCBC
F620
F365
F4F3
FAB2
039E
0C00
10E8
11AE
0DAC
05AE
FB08
EFFD
E571
DF1F
E210
E96C
EFFA
F626
FAFA
FC96
FAAB
F673
F1C7
EE1B
ED38
F02A
F5EA
FE36
07C7
0F86
147F
168B
158D
12D9
0FD0
0D20
0B45
0A73
0A59
0A62
09FC
08CE
06ED
04A1
0273
0149
01E0
0437
078C
0A86
0BEA
0B2C
084E
03BA
FDD6
F77F
F36B
F29D
F450
F8D0
FD90
00CB
043E
065A
0557
0232
FE29
FAFB
F92B
F860
F904
FB0A
FD7D
FF35
FF5B
FD4D
F858
F2C1
F210
F66F
FB41
0048
0690
0C2F
0F6F
0F89
0C0E
0501
FB65
F16A
E7CD
E097
E16E
E923
F1EB
FDAC
0AB5
1507
2220
2CF4
28E1
1C4C
12CB
0BFE
05C2
015A
FFBF
009A
02F0
0579
071C
073F
05C5
02E8
FF21
FB37
F7EB
F57C
F41D
F39E
F294
F001
EC4B
E7B3
E1DF
DA2C
D29C
D2E9
DDD5
EA18
F2B5
FB4A
037E
0872
09EC
08A7
058F
01BB
FE51
FC6B
FCAB
FEF9
0271
05A1
072A
064E
02EC
FDC0
F87D
F4CA
F399
F597
FAA1
0251
0B19
123D
17AF
1AEB
196A
148F
0F89
0AD1
0678
036F
0227
0236
02B7
02BC
01AC
FF80
FCD7
FACA
FA52
FBF5
FFD3
058D
0C06
1165
150F
182E
1936
14AB
0B83
01FD
FA8E
F5A3
F315
F270
F2F0
F3A7
F3B0
F261
EF45
EA4F
E4A4
E0EC
E155
E548
EAC0
F10A
F836
FF8B
05FC
0AE4
0E11
0F97
102E
112A
1333
1563
16B4
1738
1706
1571
11D5
0C38
04BB
FB4B
F1ED
EAAE
E259
D94E
D904
E2A7
EC5C
F33E
FA7E
018E
0693
0949
09E3
0899
062A
03D8
026A
0264
03DF
05FE
0795
0831
07D0
0641
02E2
FCBF
F61D
F14E
EB80
E6B7
E930
F01E
F627
FB49
FF7F
0120
FF05
F95D
F1BA
E582
C608
8BD1
8000
8000
940D
CAB9
E6D7
F432
002C
0AB4
11D1
16E6
1B24
1DAB
1CCB
1822
11B2
0BC6
05F8
FED7
F77A
F1E1
EE11
EBF3
EC1A
EE38
F1F9
F71F
FC5D
006C
02ED
03D9
0348
0198
FF77
FDCE
FD4E
FE15
FFB4
015A
0227
0168
FEC4
FA67
F53E
F0B2
EDB5
ECD6
EEB5
F329
F987
0119
082E
0CFA
0ED2
0DB1
09DE
03BB
FC9D
F6B5
F349
F299
F48C
F908
FFA4
06C8
0CD2
1180
14EE
16B0
1693
1506
129B
0FA0
0C12
07E1
032C
FE43
F9AA
F605
F3F0
F3B7
F53A
F818
FBC6
FF94
0275
0354
01DB
FE63
F98D
F44B
EFD1
ED34
ED21
EFDB
F51D
FC14
0392
0A26
0EAF
1083
0F6F
0BDA
05F5
FE5A
F707
F1AD
EEAC
EDF8
EF50
F234
F649
FB17
FFA5
0301
04E7
05A2
05A6
055B
0505
04D3
04C7
04AC
043B
032A
012B
FDFE
F9C0
F55B
F1BB
EE0B
E96F
E670
E86D
EE70
F48A
F890
FAB4
FB66
FABE
F919
F739
F5EE
F5ED
F7C3
FBD3
01DB
086C
0DCC
1162
12FF
124D
0F98
0BA9
0740
0340
0085
FF82
002F
0233
04CD
0712
0860
088F
07BB
0628
0445
0296
0177
00EC
00C5
00C0
0095
0051
0097
01F6
0405
05FB
0790
08F2
0A2A
0ACD
0A3C
0809
0445
FF40
F8FE
F147
E9AC
E64D
E9A2
F145
F93F
FFA9
0421
0681
06FB
0634
04D6
036D
02AA
0331
053A
0868
0C09
0F5E
11B1
1293
1205
103C
0DC5
0B88
0A4C
0A6D
0BB8
0D55
0EC0
1034
1063
0E5A
0BA6
087F
044E
FFFB
FC82
FA4D
F9A6
FA73
FC7F
FF8F
0107
FFB6
FEBC
FEDA
FEE6
FEB2
FD46
FAF7
F90C
F6D0
F31F
EE6E
E992
E4C4
E150
E1CF
E6DD
EE18
F5B6
FE02
0648
0C8B
0FEC
108D
0EEC
0BC5
07DD
045F
029D
035D
06A5
0B7E
108F
15B8
1AF2
1D84
1B52
1680
1154
0B62
049D
FE45
F8ED
F48F
F1D6
F1E9
F51C
FA9F
0128
07AB
0D72
11F1
1492
14E5
12F1
0F29
09D8
0354
FCE6
F83A
F61C
F693
F93C
FD5C
01A8
049F
0538
0319
FEAB
F93E
F3E3
EF56
EDD1
F069
F4FF
FAFF
02C7
0A12
0F05
119A
1204
10CD
0EBD
0C7C
0AA9
09B5
09B0
0A55
0B3B
0C14
0CB7
0D2B
0D87
0DDA
0E40
0EC2
0F2F
0F12
0DED
0B65
0733
018A
FBA5
F72B
F4EB
F50E
F7B4
FC5E
01EE
0744
0B60
0D73
0D54
0BCC
0A1F
0932
0963
0ABD
0CD3
0EAA
0F1F
0D69
0916
01E7
F948
F22B
EDF7
ED17
EFE6
F5E4
FDF0
05C7
0C22
1052
1150
1047
0E96
0CC3
0C80
0FA1
1574
1A43
1ACB
1773
11FB
0928
FC92
EDA6
D4F3
B524
ADFF
C7B2
E1D2
EFED
FC01
0683
0C71
0DB6
0B05
0594
FF43
FA4C
F7A9
F77D
F958
FC71
FFF9
0276
0297
002F
FBD8
F6A5
F216
EF44
EE47
EF29
F1B6
F53A
F9AC
FF01
0406
EC1E
EFDF
F0EC
F3D2
F762
FB44
FEFD
0252
0550
07FB
0A45
0C26
0D8D
0E55
0E9F
0EBA
0ECB
0E95
0DC6
0C25
097B
0550
FF48
F846
F220
EDAC
EB3F
EBCA
EF14
F496
FC69
047C
0A89
0DA2
0D4C
0A5F
0519
FE78
F93A
F6C6
F758
FACD
00B9
06DD
0B3E
0D87
0C8C
092A
04DC
FFEB
FC2A
FB15
FC9A
0015
047E
0893
0B44
0C09
0AF5
08A5
0625
04A0
04D3
06B9
0988
0C21
0D66
0C98
0954
03AC
FCFF
F78B
F4BF
F535
F931
0071
08AD
0F42
1358
13ED
1118
0BF2
049C
FCAF
F6E4
F45C
F4B7
F704
FA1C
FCD5
FDEF
FCB2
F93A
F36E
ED33
EA14
E9D7
EB32
EECC
F47D
FB1E
0151
0743
0C7E
0F61
1090
10EB
1080
0FC1
0E0D
0B9A
0BC8
0C1B
0718
017D
FFB4
FFB1
00A3
00ED
0018
004B
0139
00EC
FEAA
FB11
F780
F51B
F45E
F549
F78C
FA8A
FD8C
FFEF
0170
0236
02DA
042E
06E0
0B14
1089
17FB
239E
31CA
3831
2F64
1FB6
13F4
0B08
0248
FBCE
F8FF
FA0B
FE7E
0515
0C43
1273
1726
1A29
1ABD
1933
1712
158B
14E2
14DA
14EC
145A
1280
0F39
0A70
03FF
FCDD
F6EE
F347
F208
F2EE
F552
F83D
FAA0
FB87
FA6C
F772
F393
F01F
EDEA
ED78
EF1A
F275
F6FB
FC47
013E
046C
053C
0412
01C8
FF53
FD8F
FD0B
FDED
FFEE
0255
0439
04DB
03E6
016F
FDFD
FA95
F871
F867
FAB9
FF24
04A2
095B
0BCE
0B6A
0813
01F2
F998
F11A
EA6F
E578
E449
E91F
F0BF
F924
0316
0C22
11E8
1509
15EB
148A
11E7
0F83
0E69
0F05
1125
141E
1755
1AC2
1D0F
1A9C
1387
0CA9
068F
FFC5
FAAE
F7C1
F778
FA6F
FE4D
0349
077E
1365
32E7
4639
2FEB
0DEE
FBAD
F31C
EE15
EC09
ECBD
EF9C
F3F2
F979
FED8
0295
0418
035A
009C
FCC5
F963
F7B6
F874
FC0D
0283
0A70
11AF
1896
2065
25C6
240A
1CF3
15AE
0FD9
0A60
04FE
0069
FD2B
FB20
F9C5
F894
F74C
F65E
F636
F695
F71E
F76C
F78A
F7BB
F7ED
F833
F813
F729
F577
F3BC
F2BD
F1A5
EFF3
EE7E
ED36
EBC7
E70C
D123
B48B
BA1F
DA74
EE61
F54D
FBBC
0230
0798
0B8F
0DC6
0DBF
0BB9
0890
0505
0175
FE2C
FBBB
FA96
FAD0
FC50
FEF3
026D
0652
0A05
0CAF
0DBC
0CE0
09A9
0402
FBA9
F261
E9F4
DDA0
D3C0
D950
E5A5
EFF8
FB6E
0747
113C
174E
1882
1565
0E8E
0515
FCE7
F889
F598
F434
F591
F82F
FA4C
FAF2
FA12
F83A
F67B
F607
F7BA
FBDD
01C6
080B
0D1B
0F8C
0EE3
0AE8
0386
FAE9
F3C8
EF9C
EF19
F1E3
F768
FEAB
04F2
07A5
061D
00CD
F840
EDCE
E5A6
E4FB
EB04
F281
FA74
0325
09F3
0D42
0CC1
08B3
0138
F830
F13E
EC84
EA0F
EAD8
ED26
EFCA
F240
F2C3
F13E
F022
F02C
F03E
F156
F52C
FB5B
02AF
0A3C
104D
12A9
1107
0D53
08D2
039E
FE80
FAD7
F96E
FA2D
FC44
FE74
FF8C
FEA7
FB2A
F54E
EEAD
E755
DB15
CB57
C5EF
D17C
E1AF
ECD3
F623
FF9B
06E8
0B1C
0C16
0A03
04C6
FD2D
F67F
F096
E87F
E2A4
E55F
ED3D
F37B
F74C
FA62
FCBF
FDB6
FD33
FBF6
FAF4
FA78
FA58
FA7A
FAD9
FB45
FB74
FB38
FAAA
FA1F
FA00
FAA0
FC20
FE6F
0146
043D
06DF
08D3
09F0
0A4F
0A3A
0A19
0A4D
0B0D
0C44
0DA4
0ED1
0F88
0F90
0EB8
0CCC
098E
0529
007A
FC32
F88A
F5BB
F417
F3DC
F545
F86D
FD38
02F9
0861
0C52
0E4F
0E11
0B6D
0618
FEAB
F756
F188
EE0F
EDA6
EFE7
F464
FAC2
0187
06C0
0921
0877
05A3
0202
FF09
FDC0
FEAB
0246
07C3
0D0D
1123
1335
1262
0F34
0A27
0357
FC54
F71F
F47A
F434
F5D4
F8DD
FCAC
008B
0406
071D
09E2
0C20
0D77
0DF2
0D42
0A58
0565
FEFD
F796
F184
EE3D
EE46
F22A
F931
02F7
0C76
12CF
155C
12EC
0C8F
02F7
F867
EF95
EA08
EB8C
F1BB
F992
038B
0BFB
107D
1142
0EDD
0AE0
06F7
0500
0675
0B3B
117F
1994
260E
2EDD
2847
19B7
0E05
03FF
FB44
F5BB
F3F8
F611
FAC4
0014
042C
05E6
04B6
00AE
FB81
F74A
F48F
F380
F3F3
F526
F65A
F6A5
F557
F295
EF47
EC74
EAF2
EB9E
EE63
F239
F68F
FA6E
FC45
FB49
F7D9
F372
EFF0
EE56
EF57
F30E
F8F9
0108
08DE
0D99
0F52
0E4F
0B0A
06EB
029C
FEE9
FCF6
FCF3
FE12
FF3D
FF7D
FE34
FB63
F7F2
F511
F373
F39F
F5D8
F9A7
FE2F
0257
04F4
054C
0326
FEE0
F9BB
F585
F364
F3AD
F648
FAC4
0051
05E6
0A7B
0D57
0E4B
0D90
0B5C
07E1
0396
FF40
FBB5
F976
F89C
F8FD
FA77
FCF8
0059
03E9
06A9
07F0
078B
0574
01C4
FD21
F8E0
F632
F5A8
F76D
FB83
0146
0722
0B68
0D36
0C5E
095A
0517
0067
FC3B
F9C4
F98A
FBD2
FFA8
027F
0398
03A3
02C1
0103
FE2E
FA81
F761
F5FE
F671
F816
F9FB
FB27
FADF
F910
F65C
F290
EBC0
E3D0
E38C
ED19
F697
FC0A
00F8
0476
065D
0737
04F2
01B3
FF86
FDE3
FD68
FCD1
FC40
FDDB
000A
00E4
0111
0150
01E5
0308
04B0
068F
0822
08D4
084D
0695
0438
0221
0126
01C7
043E
0867
0D63
11C8
1447
13C4
103B
0A23
0147
F7B7
F0AE
ECF1
ECB8
EFCB
F52B
FC79
03FB
0916
0B4A
0B22
094D
0721
05ED
064F
083E
0AF3
0D81
0F01
0E50
0AF1
0481
FB36
F23A
EBB8
E7CE
E889
ED7A
F49A
FE5C
0862
0F2F
1249
11D2
0E53
08E9
031E
FEBF
FCC0
FD2A
FF71
029F
05A6
076A
070A
0422
FF11
F96E
F527
F2ED
F2F1
F618
FBB8
00EF
0458
06CB
0822
0720
03A9
FEEA
FA84
F802
F835
FAF5
FFE7
0639
0B9C
0E00
0DB2
0C15
0987
05D4
01A9
FE67
FD19
FE13
00F4
049F
07BD
0992
09E2
08AC
0620
0271
FF01
FDEB
00EB
087C
10B8
1489
1433
12A0
1096
0D21
06EC
FDDD
F4DD
EE39
E921
E783
EB58
F15C
F8BE
024C
0A95
0FCD
124C
1195
0E38
07EE
FF32
F701
EF34
E781
E3A7
E4A4
E831
ED53
F385
FB04
0341
099E
0D30
0DED
0B70
0707
022E
FDE6
FB66
FB80
FE9E
03A4
088F
0C5B
0DF7
0C91
07E4
FF87
F64D
EF62
EAEC
EAEE
EFA8
F75A
028E
0D81
1524
19B9
18B9
1364
0C9B
04CD
FE4A
FB57
FC8B
015D
0833
0F5E
15AA
180F
1486
0E1B
060C
FC1D
F3A1
EEBD
ED3E
EEB6
F20B
F61A
F9EB
FC43
FC4C
FA2A
F6BB
F316
F026
EE8F
EE93
F010
F2BF
F67D
FB2F
0079
05E9
0B1E
0FBA
13AF
185E
1E72
20E7
1B15
12A1
0CF0
0784
01F5
FE31
FCB8
FD31
FECD
00A8
013A
0053
FDC9
F85A
F0F8
EA6A
E730
E86A
ECB2
F231
F8DD
FFC8
049C
0628
047C
0074
FBB4
F832
F743
F964
FE5B
051A
0BD1
0FF6
103D
0D93
0704
FC90
F1D9
E524
D6D8
D1C3
D962
E4A2
ED6B
F4F7
FCE7
0414
08E5
0B76
0CF3
0E1D
0F1A
0FD4
1018
0FA2
0E19
0B39
06E0
0157
FB6F
F600
F19C
EEDA
EE05
EEE1
F0EC
F3D2
F762
FB44
FEFD
0252
0550
07FB
0A45
0C26
0D8D
0E55
0E9F
0EBA
0ECB
0E95
0DC6
0C25
097B
0550
FF48
F846
F220
EDAC
EB3F
EBCA
EF14
F496
FC69
047C
0A89
0DA2
0D4C
0A5F
0519
FE78
F93A
F6C6
F758
FACD
00B9
06DD
0B3E
0D87
0C8C
092A
04DC
FFEB
FC2A
FB15
FC9A
0015
047E
0893
0B44
0C09
0AF5
08A5
0625
04A0
04D3
06B9
0988
0C21
0D66
0C98
0954
03AC
FCFF
F78B
F4BF
F535
F931
0071
08AD
0F42
1358
13ED
1118
0BF2
049C
FCAF
F6E4
F45C
F4B7
F704
FA1C
FCD5
FDEF
FCB2
F93A
F36E
ED33
EA14
E9D7
EB32
EECC
F47D
FB1E
0151
0743
0C7E
0F61
1090
10EB
1080
0FC1
0E0D
0B9A
0BC8
0C1B
0718
017D
FFB4
FFB1
00A3
00ED
0018
004B
0139
00EC
FEAA
FB11
F780
F51B
F45E
0888
0E8C
12F8
130B
0FC0
0AC7
042C
FDB5
F9BF
F8A7
F9DC
FCBC
00A7
0451
062F
05D3
03A7
0055
FC81
F873
F4A8
F1F4
F0B1
F0B3
F1B8
F3A7
F693
FAAE
FFE0
057A
0A8C
0EF2
12A9
13C7
10E4
0BEB
063D
FF65
F8B0
F41D
F25E
F372
F6FA
FC0A
0142
0545
072F
0722
053A
01A8
FDE2
FB73
FB1F
FD3E
018F
0695
0B22
0EA1
0FD4
0F21
0D4F
09DB
05B2
01F4
FF4D
FEC9
FFB9
0080
00CF
00BC
004A
FFFC
007F
0222
04F0
08C6
0D55
1203
15EC
1817
17EE
15CC
129D
0EF5
0B2B
07BE
0521
0372
0280
01EF
0163
00AE
FFE9
FF57
FF3A
FF97
002B
0083
002F
FEE4
FC6F
F8EA
F51A
F235
F13F
F2F9
F809
00F7
0BDE
15F0
2519
3DC8
4DCB
4418
2D1C
1A55
0DD1
050E
FF23
FBB2
FAB8
FB91
FD39
FEC0
FF15
FD81
FA2F
F630
F2B6
F07A
EFE7
F12F
F40D
F80D
FCB8
0142
04B4
0674
066A
04DE
023D
FEFB
FB9B
F89D
F669
F538
F514
F5F0
F79C
F9BE
FBC0
FCF9
FCD6
FAFA
F772
F2F4
EE61
E9AD
E4D1
E1AD
E24B
E5E8
EA43
EE4C
F1EA
F4D9
F6B6
F774
F766
F716
F710
F7C6
F977
FBEC
FE4E
FFB8
FFE8
FF05
FD31
FAB4
F86B
F756
F7CF
F9A6
FC62
FF26
00CD
008D
FE4E
FA5B
F512
EF99
EB58
E7EB
E5CA
E764
EBE3
F02D
F39E
F6B4
F904
F9FD
F99A
F851
F6CB
F56F
F44B
F369
F2E0
F2DB
F397
F522
F759
FA2E
FDB0
01AA
0574
0885
0AB3
0BE3
0BFE
0AFE
0925
06FC
0507
03A4
030E
034A
0425
0527
05D4
05F6
04F5
023F
FE2D
F977
F4B3
F06F
ED33
EB77
EBAB
EDD4
F1AF
F747
FE40
053F
0AF2
0EA2
0FCE
0E1D
09BD
0392
FC89
F555
EED5
E9FF
E78D
E7D7
EA87
EE72
F2F9
F883
FE8A
03F6
0939
0E29
104E
0F32
0D9B
0C8E
0A97
0765
03FD
0123
FF4E
FE69
FE4B
FF33
00BF
0272
0445
05A1
0636
06E1
0825
09A0
0ACA
0B48
0AA5
0841
03A1
FD23
F5F1
EEC1
E7DE
E2F7
E2BA
E7B3
EFCD
F958
0354
0BEE
11AF
13EB
12A3
0EE7
099F
0382
FE22
FAC2
F969
F95E
F9BC
F9BB
F8F2
F77F
F602
F55B
F658
F95F
FE37
03F7
0952
0D0A
0E4E
0CE1
0910
039C
FE3E
FB27
FB06
FD04
0136
0817
0F8E
1413
14D2
1346
1067
0CCC
09A2
0816
08A1
0AD0
0D7A
0F6C
0FDE
0E7C
0B69
0726
02D9
0010
FFDA
023A
0607
0A50
1081
1728
15A7
09ED
FD10
F3A4
ED11
E9C8
EA52
EEFE
F5E3
FDB5
05D2
0B6F
0E00
0E2A
0C7C
0A4D
07B6
0530
038F
02FB
033C
039E
03B8
0360
02C7
025A
025F
02EA
03A4
041F
0420
03C7
0345
0289
01D3
01C1
02B9
04B0
072B
0945
0A3B
09E6
087E
0684
04A2
0378
03D7
063A
0A1E
0E33
113B
124D
109A
0C16
056B
FD89
F652
F1A6
F04A
F1F3
F5D2
FAAB
FE70
FF32
FC33
F655
EFFC
EACB
E80B
EA28
F035
F95A
04B7
0E51
1571
15CC
0ED4
05C8
FA05
EFF0
E8A5
E3A4
E842
F29F
FC3B
0574
0BD1
0D7F
0AED
04E7
FC57
F446
EE10
E40E
DAD5
DEF7
EA7A
F111
F36F
F56E
F7A1
FA1C
FD69
01E4
0691
0A32
0CC5
0DB2
0C86
0958
03C1
FD7A
F88F
F573
F45A
F580
F880
FB68
FD0F
FDB6
FD19
FAF0
F7F9
F57A
F445
F48D
F603
F801
F9CF
FAC0
FA68
F951
F86F
F844
F8E4
FA1F
FBE1
FE64
0122
02D9
02CD
0101
FE0F
FB5E
FA44
FB38
FDC4
00BF
04CA
0A82
0F20
1127
114C
0F65
0BFE
084B
04B9
019B
FF74
FE7B
FE82
FF2C
002B
0169
0302
0523
07D7
0AD1
0DA0
0FC8
10C1
1009
0D67
0917
03D3
FEB2
FAF8
F97A
FA4C
FD6D
02C7
08F5
0E07
112A
1227
110B
0E49
0A52
05B2
0158
FE01
FBB7
F9FD
F84C
F646
F3C5
F0DA
EDF1
EBBF
EB03
EC2A
EF02
F335
F8B4
FEAC
0383
062C
0673
047C
00A7
FBFC
F816
F610
F63E
F8AA
FD4A
03C1
0ABA
10AA
1537
1828
1883
1618
11E5
0D0D
087A
04CB
026D
01AD
0282
046C
068D
07E3
07B4
05B8
0222
FD93
F90A
F5C5
F4E7
F6F8
FB8A
0185
07CC
0D40
109F
1116
0E48
0835
FFA4
F657
EE40
E774
DEFB
D494
D160
DC90
ED96
FA06
037C
0C72
1382
1ACB
232B
2775
2461
1D29
1624
1048
0AB2
0556
013B
FF45
FFA1
01CC
04C8
0766
08B5
083E
05EF
0224
FDC4
FA11
F805
F803
F9F7
FD60
0136
0433
0569
0480
01AD
FDB3
F9C3
F6F5
F602
F74D
FAA0
FF46
0458
08B3
0B56
0BDB
0A61
075E
039B
0042
FE58
FE37
FFBF
027E
05D3
08A2
09E0
09C7
0882
05DA
02C4
FFB2
FCC7
FAF1
F9F6
F987
FA04
FACA
FB34
FB74
FBC0
FC12
FC66
FCCB
FD4F
FDF2
FEB5
FFAB
00F4
027F
0456
072C
0AD2
0D58
0DF3
0DB9
0D16
0B40
0783
01DD
FB5F
F5CF
F232
F0BF
F1BD
F513
FAF1
0306
0AA6
100F
1365
141A
1229
0E99
09E7
04A1
001A
FD7B
FCF8
FDF9
FFAE
0156
0235
01DA
004E
FE27
FC57
FB96
FC57
FEB6
0219
0537
06FF
06D0
0420
FE8A
F72D
F08F
EB1A
E6E6
E6BD
EABD
F037
F6F3
FEE8
05D0
09CA
0A94
08A8
04C1
FFC5
FAB1
F69A
F44D
F3F9
F56C
F875
FD0A
02EB
0934
0EF9
140C
18E6
1D51
1EEE
1B71
14DD
0E11
05CC
FC22
F458
EFCB
EE7F
F086
F54F
FAEE
005E
061E
0A1D
0B14
09BC
05D2
0089
FB7C
F72E
F40E
F2C1
F255
F16F
F2BB
F6E7
FB1D
007F
07E4
0F33
1681
1E9E
2513
24AC
1C04
113E
073E
FBBF
F221
ECAB
EA21
EBCA
F017
F458
F7D3
F94F
F7C8
F3C2
EECF
E871
DF7B
DB20
E147
E9E8
F017
F672
FC07
FF8C
0168
01A3
00B8
FF88
FE90
FDA6
FC27
F960
F54E
F04E
E9E1
E2FA
DE69
DEC3
E626
F3F3
033C
1109
1E06
2B0D
332D
2AF0
1921
0CD0
03FB
FDB1
FCCC
00AE
06C1
0BCA
0F11
0DEA
064A
F76A
D469
8442
8000
8000
8000
8000
BD8E
E68D
F7D6
047D
0C2B
0F72
0FE2
0ECB
0CFD
0B13
0A32
0AD9
0B16
08BA
04AF
0101
FE44
FCC7
FD43
FFFD
0411
07D1
09CB
08FE
04B5
FCEB
F1BD
E0CD
C697
AF90
B406
CE74
E3FE
EFB5
F941
00FB
0557
063E
0494
0170
FE1C
FC54
FC87
FDF2
0046
030E
0519
05A4
04B8
02D4
0115
00A5
021E
057C
0A08
0E81
1208
144E
1524
14B6
13AC
12D3
12C7
13BF
1561
16C5
16AA
142C
0F7F
085F
FE61
F4A4
EDEE
EA08
EA34
EE3D
F45A
FC43
03EE
08BE
0A98
0A05
0674
FF30
F60D
EF76
ED4E
EE13
F155
F736
FE60
054E
0B0C
0F02
10F3
1108
0FB6
0D81
0AB4
0782
047B
023D
0121
0145
02A4
0518
0818
0AD4
0CB9
0D7A
0CED
0B1C
0841
04D8
01BA
FFC0
FF5F
0085
02C4
054E
0717
0739
058E
0292
FF12
FC32
FB01
FBB3
FE51
0306
085C
0C3D
0DE5
0CBA
087E
01E9
FA42
F38F
EF5F
EEA8
F183
F7A3
00CA
09CB
0F80
1160
0F1E
091E
FFA5
F53B
ED2D
E7DA
E785
EC70
F3CD
FDA8
07AF
0ED7
12F8
130B
0FC0
0AC7
042C
FDB5
F9BF
F8A7
F9DC
FCBC
00A7
0451
062F
05D3
03A7
0055
FC81
F873
F4A8
F1F4
F0B1
F0B3
F1B8
F3A7
F693
FAAE
FFE0
057A
0A8C
0EF2
12A9
13C7
10E4
0BEB
063D
FF65
F8B0
F41D
F25E
F372
F6FA
FC0A
0142
0545
072F
0722
053A
01A8
FDE2
FB73
FB1F
FD3E
018F
0695
0B22
0EA1
0FD4
0F21
0D4F
09DB
05B2
01F4
FF4D
FEC9
FFB9
0080
00CF
00BC
004A
FFFC
007F
0222
04F0
08C6
0D55
1203
15EC
1817
17EE
15CC
129D
0EF5
0B2B
07BE
0521
0372
0280
01EF
0163
00AE
FFE9
FF57
FF3A
FF97
002B
0083
002F
FEE4
FC6F
F8EA
F51A
F235
F13F
F2F9
F809
00F7
0BDE
15F0
2519
3DC8
4DCB
4418
2D1C
1A55
0DD1
050E
FF23
FBB2
FAB8
FB91
FD39
FEC0
FF15
FD81
FA2F
F630
138C
0C4B
071E
FF1E
F6DD
EFE9
EBB9
EB7F
EEF1
F500
FD7B
0724
11E4
1E38
25AF
234D
1C63
166A
117B
0D03
0982
078D
073F
0840
09CA
0AFC
0B25
09F0
077E
044F
011A
FE8E
FD66
FE52
0135
0513
08EC
0BD9
0D21
0C7A
09CA
051A
FF47
F9F2
F66B
F51F
F5DE
F821
FB0B
FD6B
FE1F
FC90
F900
F49C
F0DD
EEE7
EFBE
F403
FBE7
065B
10C5
1C8D
28E5
2A89
1FB1
12F3
0668
F9D5
EF85
E8AD
E862
ED97
F63D
020A
0CD4
143D
1755
14BB
0DDB
0413
F9BF
F13E
EB62
E9FC
ECAE
F0F3
F5C5
FA34
FCC2
FCBB
FAA8
F7F6
F647
F68C
F8F5
FD14
01CE
05A0
0705
04AA
FE84
F6CF
EF12
E75C
E412
E7DE
EEAD
F804
02D0
0B52
10B5
1102
0D26
05C5
FBF2
F4C1
F096
F0C0
F5ED
FD29
0636
0E40
122F
1232
0E19
0712
FF9C
F976
F59D
F4AB
F723
FCEC
0446
0ADB
0F80
1200
129A
11F1
10D0
0FE5
0F7E
0F70
0F3A
0E46
0C11
084D
02E8
FC7C
F69B
F2A1
F109
F1EA
F514
FA04
FFF8
056B
085F
0934
09D8
09E9
0897
06AB
04EC
03AA
02A3
0102
FE43
FAA3
F6E8
F37F
F071
EE62
EE19
EF85
F252
F671
FB52
FFB7
0281
0335
01DC
FEF5
FB7A
F8A8
F76A
F819
FAA3
FE97
0331
077F
0AA3
0C1F
0BBD
0958
0553
00F7
FD94
FBDB
FC18
FE24
015F
04EA
07E8
09B4
0A09
0906
06F0
0437
019C
FFC1
FE9E
FD9E
FBE6
F8B6
F437
EEBD
E54E
D5FA
CC50
D4B1
E46F
EF9F
FC07
0961
1771
2863
2BE4
1E84
116D
07DC
FF3F
FA44
FAB4
00DA
0AE3
1518
2269
304D
2C6F
1BEF
0F40
01AC
F45E
EBF4
E7A9
E903
EDD1
F37B
F956
FD9F
FF04
FDCB
FB77
FA07
FB1F
FF8E
0687
0DD1
14EE
1AA1
1A13
14AF
0E12
05B2
FEB3
FB8B
FC46
0089
07A7
0F69
14E6
1661
1300
0C38
0299
F9B3
F3D3
F200
F59F
FD21
08D9
1341
224D
3D3C
494E
386D
222F
15E9
0F7C
0A94
06B3
03B7
0115
FE3E
FB0D
F7F7
F5CE
F552
F710
FB6B
0259
0A41
10D4
15D1
193D
19E6
1816
154A
1291
107C
0F5D
0F4F
0F63
0E28
0B37
06C7
0166
FB3C
F53E
F1FD
F1A8
F386
F713
FAE1
FF0C
02D8
04AE
04A0
03DA
03BC
044E
055F
06CD
07B4
0756
0537
00DA
FA82
F424
EEA2
E905
E5F0
E89B
EEED
F5AF
FBEE
011E
04A1
0651
067A
059F
0427
0253
002E
FD89
FA2D
F612
F14C
EB40
E2CA
D9F8
D80C
E0B1
ED90
F800
0022
071F
0B9C
0C4C
09D4
060E
02E9
0213
040C
086E
0DC5
11C0
12F4
1014
0928
FE3B
F28A
E974
E2F4
E5B8
EEED
FB86
0BF3
1B41
3799
4E2B
3CEF
2061
10B3
0432
F9DE
F4CA
F47F
F7BE
FCDB
01B7
044B
03B5
004A
FB86
F77A
F5AA
F6D6
FB49
029E
09CD
0E7E
1195
1127
0C5F
0722
02A3
FEF2
FE14
0057
0583
0C27
0E87
0AF8
05D0
FE12
F38F
E904
D23F
A71C
8215
8124
9E71
C055
D7BF
E45C
EAB6
EE4C
F0DA
F312
F52F
F72A
F8D7
F9F9
FA5D
F9F8
F8F5
F7B6
F693
F5C1
F552
F547
F5AF
F699
F7E8
F93B
FA61
FB86
FCB8
FE05
FFA3
0171
030E
0456
055E
064A
0738
084A
09CA
0BF6
0EB0
1137
129F
1228
0F4A
09C8
01D7
F892
F037
E9A6
E3E1
E0ED
E41E
EB28
F1B9
F786
FD57
0244
0570
06FC
0775
075C
0701
067E
05D0
04EE
03E5
0304
02C3
034F
043D
0538
06A0
0875
0960
0827
04DA
0021
FACD
F5DD
F288
F1BA
F37C
F716
FB7B
FF78
0187
0099
FD02
F745
F0C1
EDC3
EFA7
F335
F946
0266
0AAA
10AB
12BE
1082
0C03
0545
FE43
FA10
F9D4
FDB5
04D3
0C20
1114
12AF
1004
09C9
FFC0
F501
ED7E
E968
EA1A
EE9D
F543
FCFD
0348
0671
0628
0345
FEEA
FAF6
F970
FB3E
0039
0716
0D75
11AA
1304
1126
0C99
05D4
FE1B
F7DE
F473
F3DB
F59F
F91C
FD96
022A
061E
0943
0BE2
0EB8
1362
1C68
2954
30D1
28A0
180C
0D58
05EE
FD47
F680
EF7C
EC5F
F23A
F9BB
0058
0754
0C27
0E6E
0E77
0CFD
0A95
0782
0500
0397
03E9
05B4
0781
08AB
08C3
07A8
0619
0500
050C
06A1
0985
0D0D
1093
13B8
1613
173A
1704
159A
1356
10B4
0E3D
0C2D
0A68
0898
0667
03A5
0060
FCE6
F9B9
F76E
F66D
F696
F768
F88B
F9BF
FA9B
FAE1
FAD8
FAF7
FB83
FC94
FE26
000A
01D3
02ED
02F7
01DC
FFC1
FCFB
FA1E
F7F5
F723
F7E3
FA22
FDA9
0209
06A0
0ACC
0E38
10E6
1308
14C1
1617
16ED
1709
1640
149B
1252
0F9D
0C93
0962
065B
03D6
01FF
00B6
FF92
FE2A
FC45
F9A2
F60C
F27B
F033
EEDE
EE3B
EF72
F237
F4F6
F76D
F9B0
FAFE
FAA4
F8BD
F5D9
F2A6
F01B
EF00
EF92
F1BD
F56A
FA5F
FF6E
0348
0582
0612
04EF
0226
FE2E
FA0F
F6DD
F532
F53A
F6D1
F992
FCF2
006C
037B
0579
05F5
053E
03CA
01F2
0020
FE96
FD85
FD0E
FD2F
FDCE
FEDB
0057
025A
04F6
07F8
0AF5
0E40
1352
19D7
1D9E
1BC6
16F5
1292
0EB7
0A81
062C
0296
0069
FFBD
002A
00F1
013A
0081
FEBA
FBCE
F7FF
F40D
F0F6
EF88
EDA3
EAEF
EC25
F0B2
F33C
F2F3
F1CB
F087
EF46
EE5D
EE47
EF3E
F122
F39E
F610
F819
F9D6
FB26
FBD0
FBD6
FB63
FAAD
F9C4
F87A
F6A3
F443
F224
F133
F0F2
F1AE
F456
F7C5
FB5A
FF60
0284
0340
0128
FC64
F651
F12B
EC98
E916
EAB6
F035
F620
FD56
0481
08AD
0949
06B5
0196
FAFF
F444
EE72
EB1F
EBA7
EE7A
F157
F41D
F6DB
F8E0
F9D6
FA10
FA52
FB5B
FCCB
FD97
FE99
002C
0027
FD50
F8AD
F441
F0CA
EEBC
EF48
F289
F922
02C9
0C51
13D2
19A1
1CA2
1A32
1319
0B47
03A0
FC09
F6FC
F545
F643
F97C
FDFE
0353
080C
0AEC
0C7A
0CCF
0BBE
0A03
0873
0775
0735
07C2
0901
0AA1
0C23
0D06
0D15
0C6B
0B38
09B3
07EB
05D1
03A8
01FD
00E7
FFE3
FEB0
FCF8
FA7D
F7B2
F4E9
F27E
F11B
F150
F3B4
F8B8
0022
088B
0FA9
149B
17C3
1786
134B
0D9D
0760
008D
FAF8
F82B
F84F
FAFB
FF54
03C9
06D1
07B9
0651
0294
FCD3
F65B
F0F6
ED78
EC27
ED49
F08A
F59D
FC94
0473
0B2B
0F8B
11E6
128F
1107
0D75
0940
04F6
003A
FBD2
F8EB
F778
F6B7
F60E
F51D
F3CB
F245
F064
EDEA
EB8A
EA6B
EB0E
ED34
F067
F444
F83C
FB9F
FE4E
0073
01DE
02D5
040F
059A
0800
0BCC
0EF0
0F1A
0CD9
095E
0463
FDE1
F784
F2FE
F0F4
F1A0
F4AB
F9FA
0005
038E
0343
FF4E
F8F4
F093
E5AA
D574
BF6D
B6BD
C7F3
DEF0
EC92
F61A
FEE4
050F
0796
06D2
03C6
FFDF
FC91
FB1F
FC01
FD6D
FD92
FEEA
034F
074F
085A
074E
04F0
019A
FE0E
FB1D
F920
F80D
F7F4
F8B1
F9EC
FBFD
FF2C
02C9
063D
0943
0B3E
0B71
098B
0597
FFE3
F93A
F27A
EC23
E7E4
E7B5
EAEA
F055
F7F7
00DC
091B
0F2A
1204
1151
0D7A
071E
FF1E
F6DD
EFE9
EBB9
EB7F
EEF1
F500
FD7B
0724
11E4
1E38
25AF
234D
1C63
166A
117B
0D03
0982
078D
073F
0840
09CA
0AFC
0B25
09F0
077E
044F
011A
FE8E
FD66
FE52
0135
0513
08EC
0BD9
0D21
0C7A
09CA
051A
FF47
F9F2
F66B
F51F
F5DE
F821
FB0B
FD6B
FE1F
FC90
F900
F49C
F0DD
EEE7
EFBE
F403
FBE7
065B
10C5
1C8D
28E5
2A89
1FB1
12F3
0668
F9D5
EF85
E8AD
E862
ED97
F63D
020A
0CD4
143D
1755
14BB
0DDB
0413
F9BF
F13E
EB62
E9FC
ECAE
F0F3
F5C5
FA34
FCC2
FCBB
FAA8
F7F6
F647
F68C
F8F5
FD14
01CE
05A0
0705
04AA
FE84
F6CF
EF12
E75C
E412
E7DE
EEAD
F804
02D0
0B52
10B5
1102
0D26
05C5
FBF2
F4C1
F096
F0C0
F5ED
FD29
0636
0E40
122F
1232
0E19
0712
FF9C
F976
03A4
0514
0736
0729
054D
02C6
014E
00CB
0161
0429
086B
0C26
0EC2
105D
10BA
0FAE
0D23
09EA
0698
037F
00E4
FE53
FC24
FA38
F899
F7A0
F6DB
F782
FA36
FE3E
0305
073E
0AA3
0D77
0F24
0F48
0E1B
0BF6
094F
070F
05CC
04ED
03EF
034D
0300
0238
0094
FE40
FB8F
F8ED
F6D5
F5A8
F593
F6B0
F920
FCE8
01B8
06CF
0B37
0E4D
1070
122C
1249
0F7E
0BD2
09CA
0938
096D
0A6C
0C27
0E21
0F40
0EA0
0BBB
05CC
FD81
F57F
EF6A
EBCB
EBB3
EEDD
F456
FBC9
0353
0853
09AA
0768
0283
FCE2
F85E
F5FF
F65C
F950
FE5F
042F
0876
09BD
07B9
02C0
FC1B
F615
F258
F162
F32D
F711
FBD1
0016
02F2
040A
039B
0281
0210
0372
06FA
0BE8
109E
13BD
1497
11A3
0A11
0004
F686
F01D
EE58
F065
F557
FE00
07BB
0E59
108C
0E02
06CF
FBDD
F142
E6FF
DEC1
E17C
EB60
F490
FEB1
0873
0E72
108A
0F66
0C26
0837
04C8
02DE
0310
0509
07E2
0B19
0E63
1161
1416
16E8
1AEA
215B
2861
2A68
2478
1AB7
11F3
0894
FCDB
F26E
EB7E
E823
E9C0
EF05
F63C
FF39
0795
0CF0
0F0C
0E87
0C4D
0964
06C3
04F6
03D1
0285
FFE8
FB14
F471
ED73
E594
DBD1
D7C2
E044
EC0C
F76D
0643
1205
20C1
3130
2C14
189A
0A88
FF4F
F572
EFF5
EEB3
F0B9
F4DB
FA3B
FF2A
020D
02B9
01DC
004B
FEE1
FE45
FE90
FF30
FF37
FDCC
FAA1
F617
F122
ED20
EB40
EC29
F07D
F85F
01CC
0951
0D3C
0E59
0DB3
0B56
078A
03A4
013D
0121
02FA
05A4
07A7
07C1
051A
FFA2
F8BB
F2C1
EF59
EF4C
F2E2
F98C
0204
0A41
101E
1233
1036
0AB8
02F3
FB03
F526
F2BD
F424
F8FE
001A
0752
0C8A
0ED4
0E7C
0C80
0A2C
089E
0888
09E1
0C2F
0EDA
0FF1
0EB1
0B47
0456
FBC1
F10A
E6E3
E83D
EFBF
F583
FE06
0706
0E16
11F2
10EE
0D85
075A
FF25
F7D0
F286
EFBA
EF1A
F053
F2A8
F4F8
F690
F76E
F841
F9FE
FD16
0135
062A
0B8E
1075
13E6
1529
13FF
1112
0D42
0914
058B
03D4
0461
06E8
0A82
0DC2
0FC9
10B4
1024
0D97
09FD
0691
03A3
0127
FF28
FD83
FBE2
FA00
F7DC
F5CF
F45E
F419
F582
F907
FED4
0627
0D2B
12FA
17BF
1A21
1895
147D
0FF0
0B50
06D2
036E
0202
02B4
0506
0860
0CAE
11A1
1579
163A
1436
1172
0F21
0D01
0A6C
0738
03B5
005B
FD97
FBA6
FA9C
FA7D
FB4A
FCE9
FF02
012F
031E
0481
04FD
047A
0342
01C4
0058
FF50
FEEC
FF54
0081
0239
0408
0577
0629
05E9
04A2
025C
FF44
FBBE
F862
F5D4
F48B
F4C1
F676
F976
FD36
00C5
0322
03A2
021A
FED5
FAA1
F683
F360
F1E1
F26C
F51F
F9F4
002F
0641
0AAD
0CB7
0C57
0A07
0659
01DE
FD4F
F91C
F5D6
F41A
F23D
EF0A
ED9D
EF7C
F177
F28A
F4D4
F8F8
FDFC
02D0
0681
0835
0741
033B
FC80
F50C
ED53
E1D7
D66F
D78E
E340
ECBC
F309
F96C
FDF4
FF80
FE9D
FB51
F645
F1F0
EF92
EF09
F088
F386
F820
FE08
031A
066A
083F
0885
0711
039F
FEE3
FA0F
F554
F0CE
ED03
EA46
E7C4
E533
E600
EBD0
F224
F619
F94A
FC52
FE6C
FF9B
0033
0089
0145
02F7
0588
082C
09E7
0A27
08B9
05A5
011C
FBD3
F742
F4D8
F52B
F81E
FD34
0385
09B3
0E58
1099
104B
0DD0
09C3
04DB
004E
FD6D
FCD0
FE29
00BA
03A8
064E
085B
0984
097F
08A3
07B9
0776
0845
0A43
0D25
107C
13D4
16DC
1934
19E9
1837
147A
0EEF
0736
FC2E
E896
C936
AEFF
B353
CF55
E56D
F07B
FBFE
07D7
1263
1AD9
1C0F
1756
1159
0A55
02AD
FC7E
F957
F9B9
FCC2
00B7
0406
0518
0420
01C6
FE5B
FC1B
FBA8
FDA9
03EF
0D24
172A
2156
29C8
2B1D
236C
1845
0E80
071E
024F
0029
002E
0134
01A0
FFF8
FB72
F4C0
EDBA
E66F
DF44
DE51
E550
EDC4
F5F5
FE41
03D5
04BE
0081
F7DC
EE22
E291
CC0A
B376
B26B
C829
DF32
EE1B
F6A4
FAD8
FB93
F9B7
F684
F38B
F24B
F375
F695
FB5A
016C
0727
0AFA
0C9E
0C65
0ABB
07FE
04CE
01E0
FF74
FD81
FB85
F90A
F6E2
F5FC
F636
F7BE
FA90
FD76
00D6
05D6
0A77
0C83
0C00
0966
0501
FEF5
F8BD
F46C
F247
F1E0
F2CE
F46F
F646
F798
F791
F5E8
F2FF
EFC5
ED2C
EBB8
EBE7
EDDA
F0ED
F4F6
F9E6
FE79
018B
0300
0319
0203
0018
FDF8
FC48
FB63
FB57
FBF8
FCCD
FD38
FCF5
FBFD
F9FA
F6E4
F3C7
F197
F03E
EFB1
F015
F14F
F3B7
F6E6
F901
F9F6
FB2E
FB83
F984
F6F8
F59D
F4EC
F44C
F406
F473
F53C
F597
F5BA
F613
F616
F5DB
F600
F6AE
F877
FC09
0114
069E
0B96
0F26
10E5
10D4
0F1D
0C23
0897
0512
0207
FFDF
FEDA
FEE2
FF86
0029
0041
FF7D
FDC7
FB2B
F80A
F547
F3DD
F434
F645
F9E3
FED8
047A
0962
0C53
0CF3
0B63
07E7
02EC
FD81
F94E
F785
F88F
FC6C
0275
08C6
0D6E
0FB8
0F44
0C19
066B
FEA3
F76E
F33A
F24C
F493
F99C
0102
0958
0FE0
13D6
15B9
1559
1315
103C
0DCC
0C03
0A87
08A0
056F
0035
F854
EBA9
D4B2
B2D5
9A2C
A375
C497
DF5B
ED0C
F6A4
FEB7
03DF
059C
0478
01CF
FFC9
003E
0416
0AD1
1228
1AB4
277B
2DB1
22AF
1376
0888
FDAF
F520
F168
F215
F651
FC62
0216
0552
04E3
009F
F9B4
F2F2
EEAF
EE82
F2F2
FC40
09AE
15C2
2795
3F66
3F47
278C
1545
08C2
FB5F
F19F
EC64
EAFA
ECCD
F01A
F3BC
F6D9
F89E
F8CF
F7D7
F65D
F532
F52D
F67A
F85A
F9EF
FAA5
FA34
F89D
F65B
F437
F2EE
F2F8
F494
F7C5
FC49
01A4
072A
0C24
1006
127A
135B
12A6
1082
0D10
082C
01DC
FB08
F530
F13B
EF5F
EFAE
F20F
F658
FC3C
0292
07CD
0B2E
0C9E
0C4E
0AC4
0888
0600
0386
0159
FF6F
FD82
FB4A
F8B2
F5FF
F3C3
F28F
F2B8
F483
F805
FCBD
021A
074C
0A95
0BD1
0C76
0BB6
08D7
0664
067A
08B8
0BEA
0F35
1275
14C4
14A2
1222
0DF3
080C
0135
FB72
F86B
F8CD
FCA1
0345
0B00
1210
18AB
1EBB
20E8
1D3D
16E0
10BD
0A86
0426
FEDD
FBB4
FAF5
FC80
FFFC
048E
0901
0C69
0E71
0F1E
0EA3
0D59
0BAE
0A24
092B
08D7
0891
0765
04ED
013E
FBFB
F579
EF90
EA6C
E567
E403
E89D
EF2F
F4E3
FA80
FED5
FFD5
FD4D
F7DD
F009
E5EA
DAA4
D36C
D667
E1AD
ED6B
F7AC
02E0
0CDA
13A3
1B44
2387
246C
1C68
1364
0DB0
08C9
0278
FB56
F4B2
EF2E
EAD6
E808
E7C1
EA17
EDCD
F1F5
F631
F9D2
FC0C
FC9A
FBF7
FB0D
FAAF
FB82
FE07
01F5
05B4
07CC
07D0
0576
0038
F846
F0E0
EA90
E2DE
DF0A
E365
EAA8
F050
F461
F70E
F811
F7AB
F6AC
F614
F6E3
F9EE
0004
0797
0DE0
1362
1654
14DD
1130
0B5E
04B2
FF45
FB79
FA1A
FB5E
FEC9
02AE
059D
0736
0729
054D
02C6
014E
00CB
0161
0429
086B
0C26
0EC2
105D
10BA
0FAE
0D23
09EA
0698
037F
00E4
FE53
FC24
FA38
F899
F7A0
F6DB
F782
FA36
FE3E
0305
073E
0AA3
0D77
0F24
0F48
0E1B
0BF6
094F
070F
05CC
04ED
03EF
034D
0300
0238
0094
FE40
FB8F
F8ED
F6D5
F5A8
F593
F6B0
F920
FCE8
01B8
06CF
0B37
0E4D
1070
122C
1249
0F7E
0BD2
09CA
0938
096D
0A6C
0C27
0E21
0F40
0EA0
0BBB
05CC
FD81
F57F
EF6A
EBCB
EBB3
EEDD
F456
FBC9
0353
0853
09AA
0768
0283
FCE2
F85E
F5FF
F65C
F950
FE5F
042F
0876
09BD
07B9
02C0
FC1B
F615
F258
F162
F32D
F711
FBD1
0016
02F2
040A
039B
0281
0210
0372
06FA
0BE8
109E
13BD
1497
11A3
0A11
0004
F686
F01D
EE58
F065
F557
FE00
07BB
0A5F
0E5B
0F01
0C41
06C5
FF9D
F8D5
F3B9
F110
F17F
F532
FD16
06BA
10F4
2324
3896
3C93
2D07
1BEB
0FB7
0390
F7CB
EF03
E9E0
E9D3
EE1B
F4C3
FD95
05C3
0A0D
09FA
05C5
FE8B
F65F
EF89
EBA8
EC45
F0E9
F89E
027C
0AFA
1068
10DE
0C2A
0445
F96C
EF77
E768
E0CF
E099
E70C
EFB3
F83B
FFB8
0579
0934
0A8A
0978
0708
0486
02E1
02B3
0431
070B
0ACB
0EC6
11FA
14DA
1B52
22E6
1DFC
0C3A
FF73
FB8A
F634
EF3F
EA67
E757
E834
ED0C
F2FF
FA6C
0333
0AA4
0F57
1176
1153
0F75
0C67
0875
0407
FFE0
FC59
F96E
F71C
F546
F43A
F4E8
F7C7
FCB2
0353
0AD6
1199
16F2
1B34
1BF7
178F
1168
0BC2
0613
0171
FF7A
0072
03AF
07DB
0B0A
0BCF
09D1
053E
FEBC
F76D
F0A3
EBA8
E96B
E9EF
EC56
EFBF
F382
F709
F9D9
FBD8
FD4C
FEA8
0060
0298
051A
0765
08EC
0949
0858
0652
03D8
01E1
016B
0316
06D4
0BA9
1042
13F3
15C9
1465
1034
09B3
0055
F6B6
EFF3
EC35
EBF0
EF06
F43E
FB61
02DD
0802
099A
0780
01ED
FA84
F41A
EEEC
EB32
ED1A
F4D1
FDAC
062A
0E01
1372
14FD
128C
0D17
0519
FC46
F576
F224
F29A
F69E
FDED
0676
0D2F
1139
1214
0FB4
0B57
05D1
001F
FBD9
F9E9
FA3C
FC0E
FE2D
FF6B
FF20
FD54
FA9A
F7EA
F686
F754
FA1E
FE2D
02C2
06B1
08CB
0880
05E8
01BE
FD8D
FB1A
FB9D
FF70
05AF
0CB7
14F0
1DAF
1FCB
18D7
105A
0973
0273
FC87
F980
F9A1
FC44
FFF8
02F8
0437
030B
FF79
FA98
F5AE
F231
F144
F318
F739
FCCA
0289
06D8
0876
0710
031E
FDA9
F826
F3E5
F1B3
F1E4
F476
F956
0000
06DE
0D5D
1574
1E5B
2140
1AC2
116A
0AE9
04FF
FDFC
F804
F3EC
F1A3
F160
F23E
F3A5
F572
F6CE
F6F1
F5BA
F3AC
F1BC
F0F1
F1F0
F4E7
F989
FEC8
0321
051B
0335
FDDB
F651
EE73
E752
DF20
DE9A
E931
F2BA
FC6F
0633
0D8E
1439
1067
05B2
FC42
F30A
EC68
E6C0
E47C
E7AE
EB2B
EDB6
EF7E
EFCB
EF21
EF00
EFEC
F1F1
F63C
FC72
02BE
079E
09EC
08CD
04B0
FF7E
FABE
F7A8
F74B
FA2A
0023
06F2
0BF6
0E07
0C99
074E
FF04
F728
F0AF
EB2A
EAF3
F13F
F95D
FFFB
042D
05B6
04B5
00E5
FAFF
F5A3
F254
F162
F2C0
F5A1
F94E
FCE1
FF45
0013
FFBC
FF3C
FF98
0168
04B4
08A9
0B90
0C13
0993
03B0
FA80
F055
E5BD
CC04
AB6E
B14F
D5A5
ECD0
F838
02A7
09C0
0D01
0D04
0A5C
0649
0290
00D9
01C8
0418
0730
0A1F
14FC
2151
18F2
090D
01FE
FD41
FA08
F849
F809
F9FD
FC48
FF30
02AA
05E0
08B5
0B3A
0D48
0EAE
0F91
1018
1029
0F91
0E1D
0BE2
092E
062A
02C8
FF78
FCC1
FA99
F97A
F992
FA62
FC77
0049
0522
0A11
0E48
1117
1221
1148
0EBB
0B01
064F
0137
FD2D
FB16
FAEF
FC63
FED5
0129
0245
01DA
0067
FEA1
FCD0
FB40
FAB6
FBD7
FE8C
0214
055A
0775
07F2
06D4
0492
0217
008A
00C5
0327
0790
0D15
1233
1628
1850
1712
12C7
0D2C
060B
FE00
F7BB
F49C
F49A
F77A
FD05
0415
0A35
0E09
0F65
0E05
0A3A
0447
FCE0
F64D
F272
F1DD
F4BA
FB41
04D6
0E4E
164F
1E5A
222F
1D51
14E8
0C9F
0251
F7EE
F0E8
ED7A
ED53
EFC2
F3B5
F86F
FCAF
FF28
FF5B
FD98
FAC2
F811
F68E
F6B0
F868
FB50
FEC7
0216
04A7
063A
06F3
0739
0784
0831
0959
0AC1
0BEA
0C2F
0B0C
0884
0519
0172
FE3E
FC2E
FBC0
FCBA
FE4D
FF97
FFBB
FE26
FB1E
F7C7
F496
F1E9
F1CB
F4BD
F9F2
0227
0B75
12C2
18A3
1C6B
1BA1
1789
12FC
0F0E
0C52
0B95
0D2A
10CF
166D
1E1A
2588
277C
2228
1A21
1365
0D79
073B
012F
FC71
F9B0
F8FB
F9E6
FBCD
FE13
0045
01F7
02AF
0218
0039
FD7A
FA7F
F80B
F6D0
F73F
F988
FD8C
0298
0751
0A7F
0B8A
0A47
06C0
0185
FC27
F87F
F7C2
FAA0
0102
08E0
1105
1BA2
2433
2160
17D2
0F2C
0472
F89D
EF79
E83B
E49D
E659
EAE8
F040
F5CF
FAC9
FE6A
0081
016D
01E3
02A4
0437
06AF
099C
0C3C
0DDC
0E0E
0CA8
09BC
05A8
00FB
FC61
F86C
F56E
F360
F204
F120
F0A8
F0A2
F11B
F22F
F414
F711
FB7C
012A
06DE
0B3B
0DFE
0F01
0DEA
0B10
067B
0036
FA44
F679
F4A4
F4BB
F6C2
F9ED
FDBA
01B7
04D3
0624
055D
02A9
FEA1
FA2C
F625
F32A
F19F
F1A8
F30B
F566
F858
FB9C
FF6A
035D
06D0
0A88
0E04
0F95
101E
105E
0F15
0BDA
0735
01AA
FB7C
F561
F0AB
EDF0
ED23
EE46
F123
F5C4
FC32
0393
0A87
100A
13E4
1617
15D5
12EE
0E7E
083A
001A
F88D
F2C7
EF50
EF9F
F30B
F826
FE77
043D
073E
065D
014C
F857
EAAE
D0AA
A154
8000
8000
A4F5
D39F
E9E2
F572
FEBE
0492
0603
03BB
FF46
FA84
F6CD
F4D3
F4B2
F60D
F810
F976
F92E
F707
F3CA
EF7C
E8A1
E21A
E273
E849
EDA7
F25A
F7E6
FDA8
02D7
0721
0A3C
0C74
0E4F
0F73
0FA0
0E27
09F0
0339
FAFA
F25F
EAA6
E4D3
E28C
E5E1
EC6D
F2E6
FA19
003B
0299
0186
FEF9
FC52
F9AC
F8E2
FBE9
0251
0A0B
10B1
1499
1474
0FBD
0777
FCC6
F221
E8D3
E334
E5C5
EE06
F7AB
00FA
0941
0F59
10D7
0F4D
0CD3
09A3
0768
07AF
0A53
0E4B
124A
14E3
14DB
1228
0DFD
09AE
065F
0500
05F3
08A5
0BBF
0E8E
1093
10F0
0FE7
0DA7
0AC2
0963
0A0D
0BC5
0EA4
122E
14B4
1503
12B1
0E42
078E
FF8B
F8D9
F421
F181
F0F4
F1F6
F427
F68E
F82C
F8B3
F893
F868
F86B
F879
F880
F8C9
F981
FAB4
FBF7
FD14
FE47
FFF3
0248
04E7
08D0
0BEA
0B02
091D
0758
03D8
FFA3
FC47
FA79
FA7C
FC5F
FF45
0190
01E0
FF37
F935
F19C
E887
D5F1
BBBF
B27F
C474
DCFE
ED51
F7C6
FEC3
021A
01E8
FEB0
F8F9
F25B
EDCC
EBD7
EC84
F0F6
F772
FDAE
03C1
0957
0D50
0F7A
106A
10A7
106F
0FAE
0E28
0B81
0738
015E
FB27
F4DA
EDD3
E9AE
EC85
F2FA
F886
FD52
0171
0375
02AA
FF76
FB10
F72B
F53E
F635
FAA2
0281
0B90
1348
1B9C
250D
28CB
22D9
17DA
0DA6
0676
0231
0015
FFE7
01CA
04ED
0802
0A6A
0BE8
0C81
0C52
0B4F
09AA
07CA
05DC
03B4
00F7
FD95
F9F4
F699
F3E0
F22D
F206
F3E9
F7FA
FDDB
04D3
0BCE
118C
15EA
19B2
1B5D
18BB
13EE
100C
0CE1
09C9
0733
0574
0445
0304
00F6
FD9B
F8FC
F3DF
EEF2
E8C9
DFC5
D954
DD9C
E93E
F309
F9BA
FF5E
0335
0417
01E0
FD40
F7D5
F384
F159
F1CF
F4F9
FAAC
0229
095E
0EC5
1271
143E
13DC
1223
105E
0F18
0E21
0D0A
0B49
082B
02E0
FB4E
F33D
EBB6
E37D
DD6F
DEE6
E63A
EED9
F7C5
0069
06F9
0A09
08E5
0336
FA61
F1AE
EABC
E609
E5B5
EA72
F1E6
FA67
0321
0A50
0E71
0F01
0C41
06C5
FF9D
F8D5
F3B9
F110
F17F
F532
FD16
06BA
10F4
2324
3896
3C93
2D07
1BEB
0FB7
0390
F7CB
EF03
E9E0
E9D3
EE1B
F4C3
FD95
05C3
0A0D
09FA
05C5
FE8B
F65F
EF89
EBA8
EC45
F0E9
F89E
027C
0AFA
1068
10DE
0C2A
0445
F96C
EF77
E768
E0CF
E099
E70C
EFB3
F83B
FFB8
0579
0934
0A8A
0978
0708
0486
02E1
02B3
0431
070B
0ACB
0EC6
11FA
14DA
1B52
22E6
1DFC
0C3A
FF73
FB8A
F634
EF3F
EA67
E757
E834
ED0C
F2FF
FA6C
0333
0AA4
0F57
1176
1153
0F75
0C67
0875
0407
FFE0
FC59
F96E
F71C
F546
F43A
F4E8
F7C7
FCB2
0353
0AD6
1199
16F2
1B34
1BF7
178F
1168
0BC2
0613
0171
FF7A
0072
03AF
07DB
0B0A
0BCF
09D1
053E
FEBC
F76D
F0A3
EBA8
E96B
E9EF
EC56
EFBF
F382
F4E7
EEC9
E933
E35A
E1FF
E992
F487
FF5F
0A81
137A
185A
16E4
109F
06BA
F8CF
ECBE
DF93
CD15
C431
CE16
DEFE
EC12
F4E1
FB99
00FA
050F
07D4
093D
095E
086A
0683
03A6
FFC9
FAD0
F548
F0E9
EEB0
EE84
F09A
F452
F927
FF38
0477
070B
07C0
0807
08AA
0952
0A84
0BC4
0DAA
1372
15A4
0FAA
0AFC
068A
FFAE
F5FC
E1D9
D1EE
D878
E714
EE26
F05B
F1FC
F35B
F429
F494
F531
F692
F8DA
FB98
FE1E
FFC1
FFF7
FE8E
FBEB
F900
F6D1
F60A
F6EC
F953
FCB4
FFF3
01A7
00AF
FCB8
F6AF
F00C
E8F2
E196
DD78
DF71
E54D
EB81
F0E4
F598
F9A1
FCD7
FF56
0195
0422
0747
0ACE
0E07
102F
10AA
0F38
0BF4
0732
01DF
FD91
FB8B
FC42
FF71
0409
087E
0B76
0C33
0A88
06D8
01E9
FC8A
F7A8
F48B
F349
F21B
EFE0
ECDF
EB4C
EC29
ED36
EE6D
F162
F60F
FBB6
0190
05D0
070C
06AE
0436
FE92
F8BA
F531
F445
F657
FB1C
00CB
053C
06F4
053E
0019
F903
F2BE
EF0D
EEA0
F1E5
F832
0004
0720
0B93
0C59
093D
024C
F97F
F291
EED9
EEB1
F1E1
F7BD
FF96
0684
0A2F
0A54
075A
01D2
FB21
F5AE
F2CE
F258
F3B0
F60D
F89D
FA9A
FB5D
FAC4
F948
F7C2
F6DA
F6AD
F708
F78A
F7DC
F801
F82B
F8AD
F9FD
FC5C
FFB6
0364
064A
0787
067F
02CB
FC35
F4AF
EE40
E7B0
E5D9
EB76
F234
FA71
0430
0B3F
0E3D
0CFC
07A5
FFBE
F826
F32A
F2AC
F5E9
FE13
08FD
1441
2292
2D1A
2D5D
26A5
1D3E
1467
0EE8
0CC2
0C31
0C55
0E6F
0E93
0A4A
0692
017D
FC2A
F439
EA97
EED0
FBB9
0559
0D05
12C6
161B
167D
1417
1072
0C3A
082E
0542
03D3
039C
03FB
0433
03B4
0254
0062
FE83
FD6C
FDA6
FF87
0312
07A8
0C31
1003
1301
1519
1623
1618
152D
13A1
1185
0E5F
09F0
057D
019C
FDA8
FAE2
F7E9
F390
F45B
FA0F
FD5E
FE97
FF35
FF04
FE64
FCEA
FB7F
FB0F
FBF1
FDF9
FFEA
015D
0249
0222
0090
FDE7
FB0C
F908
F887
F9B6
FC44
FF89
02C2
0544
06A9
06E2
0636
0537
0494
04C3
05BD
06F8
07A1
06E5
0416
FEEF
F846
F212
ED4B
EA4D
EAEF
EEF6
F4AB
FCC5
0580
0C11
1144
13AD
1165
0D7D
0A7F
07E7
05A4
0444
03CA
03D1
03E5
03C4
0383
038D
046B
0668
096C
0CFA
104F
125A
11FB
0F1B
0A43
0391
FC41
F6BE
F46A
F581
F9CD
0078
072D
0B61
0BDC
0802
FF5B
F3F4
E909
D5DC
B57F
A446
B73A
D685
EA61
F687
010E
0900
0DBF
0FBA
0F83
0E06
0C1C
0A50
08F5
082E
07E4
07DC
07D4
07A3
0742
06C5
064A
05E7
05A5
0584
0589
05B9
0623
06DE
0800
0987
0B47
0CED
0E15
0E5D
0D84
0B6E
083C
0475
010C
FEF8
FED4
00D9
04E0
0A01
0E7C
11B7
1480
156B
11B4
0A06
0177
F9FF
F45F
F128
F0BB
F324
F823
FEF5
062B
0C66
1114
1424
1591
1567
140D
121E
1015
0E2A
0C80
0B48
0AAD
0AB6
0B41
0C04
0C95
0C8E
0BAB
09D4
0707
0354
FEFB
FAA6
F749
F579
F541
F680
F8F5
FC30
FFA6
02AB
0499
0510
0402
01A7
FE75
FB03
F7E4
F584
F410
F364
F305
F270
F166
F001
EE85
ED42
ECB5
ED42
EF0D
F214
F5D9
F9BD
FD71
007C
0231
0250
0109
FEE1
FC94
FABA
F98E
F912
F943
F9E5
FA61
FA47
F8A2
F551
F1F1
EF3B
EDF3
EEDC
F1EF
F7A8
FF1A
0766
0F3A
1561
1D4C
2497
227F
1988
1235
0CE2
06EE
00A4
FB37
F741
F504
F4A8
F623
F947
FDE3
039D
095F
0DBE
104D
1140
1035
0D35
0932
04A1
FFB9
FB88
F924
F892
F910
F9B8
F9B6
F893
F64F
F35B
F09F
EF1B
EF86
F241
F76C
FF17
07EE
0F57
14A9
184B
194B
1775
1453
1174
0FBD
0FA6
112B
13C8
169C
18AD
18DD
1670
11DC
0C77
06F7
01A7
FD97
FC06
FD1B
002B
0463
0904
0D64
10DD
1327
1472
150B
151D
14D0
144C
13A3
12E9
122B
115B
1006
0DAA
0A9C
07BC
0538
023D
FE41
FA03
F6CF
F58B
F6B6
FAC6
01D2
0A5F
121E
194B
1FB8
1FDF
18A9
100E
062E
FA8A
F1AB
ECFF
EC93
F012
F65A
FE9A
063F
0AF4
0C0F
09B8
047C
FDEE
F85D
F532
F4B9
F699
F9CD
FCBF
FDED
FC69
F85D
F344
EE77
EAF7
EA1A
EC37
F0BF
F6C6
FC1C
FD58
FB3C
F606
EF24
CD65
8000
8000
8000
98B6
DED1
F4B4
02BA
0B84
1012
1095
0DE8
08A5
01A8
FAF7
F624
F3ED
F41A
F5AB
F7AF
F979
FB2E
FD60
0047
0383
06DF
0AF9
0F4E
1270
13B0
12D0
0FD1
0B2A
05A6
0066
FCD3
FBFF
FE30
02CC
087A
0DAD
117C
1382
138A
11EC
0F60
0C95
0A25
086E
0760
0670
04D6
01D9
FD3B
F76A
F141
EB44
E5C6
E266
E338
E7BE
EDC1
F436
FABA
007E
04EB
07BE
08E5
08DE
08D3
09E6
0C3E
0EC6
105E
10B0
0F44
0BBE
0691
FFDA
F895
F31B
F0A6
F164
F53F
FBC7
02FE
089D
0BCA
0BAD
0822
008D
F749
EF96
E5E4
DE86
E26A
EBB3
F349
FA35
002A
02FE
0212
FEB0
F8B8
EA40
D302
C494
CA5F
D88C
E3B2
EC1C
F3CC
FACC
0092
0503
07AC
0879
083F
0781
0698
0570
03AD
0171
FF14
FCD5
FAF2
F9EC
FA3E
FBDC
FE61
0175
04C6
07AE
096A
09F8
09E6
09B7
09B2
09DC
09DF
0933
07D1
060D
03B6
00D4
FE2B
FC95
FCD9
FFAB
04F1
0B3A
1139
1781
1D36
1DCB
1843
111F
0A2C
029E
FC02
F86F
F881
FC01
0222
090B
0EAD
1248
13CC
1330
1104
0E05
0A9D
0738
0449
0210
0080
FF77
FEE0
FEC3
FF50
00C2
0347
06C4
0A8F
0DC6
0FF1
10BE
1002
0DCB
0A53
0646
028B
FFC0
FE0D
FD40
FCF8
FCB5
FC11
FAFB
F9BF
F8E3
F8F6
FA77
FD88
0153
0604
0DB6
13D8
0F6B
0457
FBBD
F5E7
F259
F267
F5F2
FC3C
03DB
0AD2
0F61
104E
0D48
0687
FC97
F2D5
EA9D
E394
E22D
E77F
EEC4
F591
FB7C
FF91
0152
010F
FF86
FDBE
FD10
FE71
01B9
0632
0B0E
0F41
1203
130E
1274
1094
0DEC
0AAE
071D
03DB
014E
FF2D
FD67
FC47
FC0B
FD17
FF1E
01A6
0485
0712
0881
0819
0577
00F9
FBA3
F6E8
F41B
F3C0
F5BE
F9A9
FEC4
03D1
0746
0831
0661
023D
FCFF
F7D0
F328
F0A0
F0E0
F1D0
F254
F2BD
F2D7
F253
F16A
F0D6
F165
F3B0
F7D9
FD7D
036F
080B
0A2A
096A
05D1
FFDB
F90E
F36B
EFDE
EE7A
EF10
F11B
F3DD
F66D
F81D
F8AA
F863
F804
F84F
F9D8
FCF1
015E
060D
09A3
0B52
0AF6
08CE
0567
0188
FDE6
FADE
F8B5
F7CB
F815
F907
FA1B
FB22
FC3D
FDB4
FFBA
0245
04ED
0702
0825
080B
05FD
0244
FDA7
F8A1
F50E
F39E
F437
F6D3
FA81
FF53
0364
0715
0B20
0963
01B2
FA20
F3EF
EECE
EB09
E8A3
E7E9
E8D8
EB11
EE11
F166
F538
FA0B
FF34
0350
0605
077A
0786
060D
0330
0010
FE02
FD42
FDA1
FEF6
008F
010F
FF5A
FB14
F4F5
EED0
E933
E35A
E1FF
E992
F487
FF5F
0A81
137A
185A
16E4
109F
06BA
F8CF
ECBE
DF93
CD15
C431
CE16
DEFE
EC12
F4E1
FB99
00FA
050F
07D4
093D
095E
086A
0683
03A6
FFC9
FAD0
F548
F0E9
EEB0
EE84
F09A
F452
F927
FF38
0477
070B
07C0
0807
08AA
0952
0A84
0BC4
0DAA
1372
15A4
0FAA
0AFC
068A
FFAE
F5FC
E1D9
D1EE
D878
E714
EE26
F05B
F1FC
F35B
F429
F494
F531
F692
F8DA
FB98
FE1E
FFC1
FFF7
FE8E
FBEB
F900
F6D1
F60A
F6EC
F953
FCB4
FFF3
01A7
00AF
FCB8
F6AF
F00C
E8F2
E196
DD78
DF71
E54D
EB81
F0E4
F598
F9A1
FCD7
FF56
0195
0422
0747
0ACE
0E07
102F
10AA
0F38
0BF4
0732
01DF
FD91
FB8B
FC42
FF71
0409
087E
0B76
0C33
0A88
06D8
01E9
FC8A
F7A8
F48B
F349
F21B
EFE0
03EF
FFFC
FC7C
FC3B
FE90
01C9
05E0
09F5
0CC9
0EBE
1008
100E
0EE7
0D44
0B84
098F
0732
0464
0160
FE95
FC80
FB71
FB86
FC94
FE32
FFC1
00A3
0076
FF21
FCC9
F9CE
F6D2
F4A6
F37A
F27E
F13E
F03C
EF86
EE4F
EC64
EA7D
E96F
EA05
ECA3
F0B8
F600
FC90
0318
07BD
09A2
08B9
053F
FFC7
F98D
F405
EFF1
ED42
EB98
EABF
EAAE
EB47
EC4C
EDB3
EFBD
F2C3
F708
FC81
024D
06F4
097D
09BA
07BF
03AD
FE27
F902
F5AE
F42F
F454
F5C6
F7D0
F9E0
FB66
FBED
FB7C
FAA1
FA32
FAED
FD43
011F
0580
08DC
0A82
0A39
0775
0358
FF36
FA93
F669
F4FE
F6D8
FB29
00F7
072E
0C78
0FB6
10B4
0FE5
0E11
0C01
0A67
09D2
0A71
0BF9
0DC1
0F0F
0F4F
0E3C
0BD3
083F
03E4
FF75
FBBE
F938
F7EE
F7A4
F809
F8C0
F988
FA3C
FAD0
FB3E
FB87
FBA0
FB6E
FADE
F9E7
F89A
F726
F5D0
F4E6
F491
F4B8
F516
F567
F57F
F565
F553
F5A2
F6B2
F8ED
FCC3
025B
08F5
0F1A
1436
18B2
1BD4
1BCD
1888
143A
10D3
0EBF
0DEB
0E48
0FA8
117B
12DA
1302
11B2
0F1C
0BB0
0815
0539
03F6
0491
068E
08DD
0A30
09A0
070C
02E9
FE39
F9EB
F686
F597
F841
FD93
0497
0BB4
1030
11A1
1169
0FD4
0CDB
0952
0650
046E
03A8
0371
02F2
0166
FE82
FAB7
F727
F50A
F54C
F88D
FF27
080A
102B
166A
1A29
183F
1201
09B5
FEB6
F4A9
EECD
ED3F
F033
F6B1
FEEF
06C4
0C3B
0E25
0C05
0673
FFBA
F9C1
F59E
F424
F57D
F971
FE26
01BB
0349
024B
FF23
FC1A
FAC7
FA87
FB72
FDF4
02D2
0915
0DFB
1067
104A
0DDE
0A4E
070A
03AC
0025
FE0E
FD7C
FD5A
FCFB
FC07
FAA2
F97F
F9B5
FC0C
00BE
0763
0E31
134C
16A0
15FC
10AB
0930
FE35
F3EF
ECCD
E80A
EB3C
F2B0
FC50
087C
11A5
17B8
1993
162A
0FD4
0847
0136
FC21
F9F6
FB55
FD6E
FD23
FE16
0113
01C8
FED5
FA61
F730
F61F
F71B
FA37
FEE9
0317
0565
05E7
04B6
01FD
FEC4
FCE8
FDC7
01DF
0875
0F44
15A6
1BE5
1DF6
1A49
1445
0D7E
06CF
01BD
FF68
0069
02C2
0275
046F
0A70
0AAC
0666
FF1F
F5CC
ED76
D5C5
B636
B471
CE59
E4D9
EE85
F1E8
F2F3
F252
F096
EED1
EE1C
EF4D
F2AC
F811
FF43
06AC
0BEE
0E05
0CF4
08FA
028C
FB82
F692
F4D4
F66F
FB2F
0235
0A43
11AB
16CC
17F5
1527
1033
099F
0227
FC0A
F8AA
F838
FA50
FDE9
0196
03F6
03FB
00F6
FAFA
F413
EE61
E9B7
E79D
EA0D
EEF5
F58B
FE4C
06A2
0C86
0FE4
10E8
100F
0DFD
0BBF
0A6F
0A76
0BAC
0D8D
0F22
0F55
0D6E
0912
0231
F9C3
F1B6
EA66
E2D6
DD3F
DDB6
E3E1
EBA1
F2C3
F9B4
0090
0669
0A84
0CAF
0CF5
0B76
085E
03D2
FE57
F91B
F540
F346
F33A
F4EF
F7F7
FB66
FE0E
FF11
FE0E
FAFD
F667
F1AF
EE4D
ED23
EEA7
F2A9
F92A
018C
0902
0D5B
0E41
0BCB
0670
FEFC
F73A
F144
EE38
EE60
F15E
F666
FC0D
00A0
02CD
023B
FF3F
FA43
F51B
F17A
EFCE
F067
F310
F7FF
FE2E
049B
0ADB
0D2C
0B5B
09CA
084D
057C
0265
FFC5
FDF9
FD2E
FCF9
FD2E
FDFA
FF77
018A
03EC
062E
07E1
089A
0808
0601
029E
FE86
FAD3
F856
F73B
F835
FBED
013F
06D9
0BE8
0EEB
0F6A
0DB5
0A27
05D0
0186
FE33
FCFB
FE41
0193
05E9
09BA
0BC2
0B6E
088C
032E
FC1B
F566
F0CA
EEB0
EF5D
F376
FBB3
0748
11B0
1644
1637
1554
146F
12F0
110B
0F6A
0E82
0E5F
0ED4
0F85
0FDF
0F58
0D87
0A2A
0576
0031
FB7C
F86B
F78F
F8E6
FC2D
00B4
04F8
07A9
08C5
0882
071E
04C2
0154
FDFB
FC3B
FC67
FDE4
003B
0382
071C
09A9
0A78
0985
06E7
02D1
FE19
F9E3
F6D3
F522
F4EE
F648
F912
FCD4
00B4
03CA
0570
055D
0397
007B
FCCF
F99A
F7B1
F7A3
F9F0
FEC4
0514
0C48
1629
211A
2662
242A
1F1F
1A95
16FC
144C
12CF
12A8
1387
14D0
15D4
15AA
13B7
1084
0C8F
07D3
0344
0062
FFE6
01AE
04FC
089F
0B53
0C09
0A13
04DF
FC71
F378
EC20
E45A
DE7D
E12C
E9A7
F1A9
FA88
04B5
0C80
1124
1377
1312
1054
0C9C
08D9
0586
0319
01EF
0226
0395
05E8
08AC
0B69
0DBC
0F4C
0FC1
0ED9
0C5C
07F2
016F
F9C3
F2C9
ED55
E927
E6FE
E808
EB92
F022
F578
FB56
0064
0349
0375
00F2
FC77
F75D
F273
EDEF
EB5D
EC2F
EF1D
F2C2
F781
FD52
02E7
06E4
0896
081F
05CC
019F
FD5E
FC56
FE7C
0108
0337
0584
076C
0810
06ED
03BF
FEA3
F887
F2E6
EEAE
EC0F
EB55
EC82
EEF1
F1EA
F4E9
F74D
F884
F862
F746
F5DF
F4DD
F4A3
F54C
F6B4
F891
FA85
FC2F
FD55
FE10
FEBF
FFE4
01E2
04D2
0867
0C0C
0F1A
10EE
1112
0F8A
0CE5
09F5
07B0
0707
088E
0C03
1047
1480
1859
1A1C
185B
140D
0E51
0890
03FF
0079
FEC8
0015
0472
0A08
0E48
1050
0FED
0D1B
07C5
0050
F8EC
F37C
F087
F02A
F246
F689
FC6D
02EB
0888
0C3A
0DE8
0DE6
0C95
0A29
06C7
0357
0090
FF11
FFB7
01E8
04FA
08B7
0BDE
0DBE
0E37
0D04
0A5A
0640
0101
FBE6
F83B
F69E
F713
F940
FC7F
0003
02FE
04C4
051B
0471
038B
0325
03B2
054B
07A6
09B8
0AFD
0BF9
0BE9
0974
059A
0255
0058
FFCB
00D6
0319
05AC
079D
080A
0633
0228
FD60
F8F0
F45F
F0E3
F084
F23A
F4CD
F89D
FCC6
FFB6
00F9
00CF
FF92
FDD2
FC4F
FB94
FBB4
FC64
FD1F
FD5E
FCCA
FB5B
F95F
F76E
F638
F60A
F6A5
F777
F7D2
F715
F4DF
F13C
ECA0
E710
DFF0
D929
D7FC
DE17
E698
ED7B
F335
F883
FC6D
FE00
FD22
FA75
F723
F484
F376
F417
F663
FA68
FFAF
0540
0A41
0DF6
0FA6
0F1B
0C8B
084C
029D
FBE6
F5A3
F11B
EE07
EC8D
ED4B
EF84
F25A
F5DA
F9F4
FE2B
0231
060A
09D6
0DC2
1251
18CC
2320
31F1
40A7
44D7
388F
247B
1516
0AF6
0155
F8C0
F364
F131
F14F
F2BF
F46D
F58F
F5BF
F510
F40E
F373
F3E9
F5DE
F972
FE55
036B
073C
08DF
0828
0572
0196
FDD7
FB5B
FAA6
FB92
FD51
FE9A
FE59
FC4F
F898
F325
ED0A
EA07
EC9B
F229
F97C
032D
0B8F
0FB4
0EFC
0926
FDD0
F0F2
E4A8
D073
C21F
CDBC
E266
F02B
FA63
01C9
0455
0147
F99B
F11B
E903
E0A7
DF0F
E5CC
ED5C
F445
FAF0
FF29
FFB1
FCCE
F836
F480
F303
F42B
F817
FD83
0366
08D4
0BD8
0B46
07D0
030A
FE94
FB99
FAAB
FC4F
FFFD
03D5
066A
06F8
056D
0204
FD9A
FA1B
F8C7
F9E3
FD42
023E
0720
0A2E
0AF8
09A3
06CC
032F
FFD3
FE00
FE21
FFA2
0176
0262
014C
FD9F
F7F8
F22E
ED9B
EAF3
EB60
EEC4
F426
FB30
0203
0605
060A
01FB
FACE
F334
ED72
E9FC
EA23
EE36
F498
FC3C
03C7
097C
0C5F
0C1C
0904
0481
FFE2
FC7C
FC3B
FE90
01C9
05E0
09F5
0CC9
0EBE
1008
100E
0EE7
0D44
0B84
098F
0732
0464
0160
FE95
FC80
FB71
FB86
FC94
FE32
FFC1
00A3
0076
FF21
FCC9
F9CE
F6D2
F4A6
F37A
F27E
F13E
F03C
EF86
EE4F
EC64
EA7D
E96F
EA05
ECA3
F0B8
F600
FC90
0318
07BD
09A2
08B9
053F
FFC7
F98D
F405
EFF1
ED42
EB98
EABF
EAAE
EB47
EC4C
EDB3
EFBD
F2C3
F708
FC81
024D
06F4
097D
09BA
07BF
03AD
FE27
F902
F5AE
F42F
F454
F5C6
F7D0
F9E0
FB66
FBED
FB7C
FAA1
FA32
FAED
FD43
011F
0580
08DC
0A82
0A39
0775
0358
FF36
FA93
F669
F4FE
F6D8
FB29
00F7
072E
0C78
0FB6
10B4
0FE5
0E11
0C01
0A67
09D2
0A71
0BF9
0DC1
0F0F
0F4F
0E3C
0BD3
083F
03E4
FF75
FBBE
F938
F7EE
F7A4
F809
F8C0
F988
1C62
103F
0B9A
075B
033C
FF1F
FA85
F32F
E9C4
E167
DC3B
DB89
DFE8
E714
EDD9
F42B
FA3D
FDF2
FD96
F938
F246
E9C2
E037
DBA4
E11D
EA38
F31B
FCF3
05C2
0CF3
0F96
0B9D
0571
0111
FFB0
0205
07CC
0E9C
14F4
1A8F
1B1A
157F
0E07
041E
F91D
F18E
EE41
EEDC
F270
F7D0
FD65
011B
01F8
003A
FCEB
F979
F729
F6B7
F82A
FAC6
FD1D
FD99
FB5C
F6BE
F169
ECF6
EAA9
EC6F
F253
FC33
095D
153E
25B7
3D3C
4415
31AE
1CD7
10B4
06F4
FD5E
F607
F149
EE20
EB7F
E8A8
E533
E18D
DFAE
E1E7
E7B6
EE7A
F5BA
FE04
057E
09DE
0A7E
07C9
02DB
FD67
F93F
F7D7
FA16
FFED
0745
0E00
13F0
1699
13E6
0E8C
0692
FBF5
F325
ECC0
E893
E985
EE55
F421
FB34
02F3
0906
0C54
0CFF
0B63
07CC
02B4
FD2A
F863
F509
F341
F2F1
F3DE
F5A9
F7CA
F990
FA50
F9B9
F7F2
F564
F1B3
EBBE
E581
E5AE
EE2D
F79F
FE40
04BA
0A32
0D82
0F73
0EE4
0C8C
09C7
05D5
0104
FC77
F894
F58C
F3E7
F40C
F5C4
F8E4
FD42
0312
0A18
1072
152F
1821
17F7
1488
0EC3
079A
0037
F9D4
F5B0
F465
F682
FB29
0044
04D8
0802
08F9
077F
03B1
FE7F
F988
F637
F460
F314
F386
F62D
F80D
F7F0
F718
F623
F520
F449
F435
F5C4
F912
FC7A
FF61
0253
0457
0477
02AC
FF6A
FBC2
F8EA
F7CA
F8C6
FBD5
00A1
068C
0C54
1096
13C0
1619
151C
10D5
0C77
082D
02E2
FD84
F904
F56D
F292
F05D
EECD
EDEA
EDD0
EEB8
F0E6
F49B
F9FD
00AA
0785
0D31
10E5
125C
118A
0EE5
0B1F
0708
0412
03BC
06BC
0C7F
137B
1DAF
33CC
5578
6B37
614F
42D4
25B8
123D
068F
0013
FD43
FD0B
FE5D
FFD9
0011
FE4C
FAB1
F62C
F1DC
EEA5
ED43
EE14
F0E6
F4E9
F8D9
FB6C
FBD1
F9E5
F64A
F254
EF6D
EE9A
F06C
F4FB
FC59
0521
0C65
10C6
1208
1023
0BA2
04BE
FCDF
F698
F338
F2CF
F516
F9A9
FFB3
058F
09AF
0B6A
0AC1
081C
044B
0041
FCD8
FAC1
FA7C
FC59
004B
0565
0A40
0DE4
0FBF
0F4E
0C39
06BD
000C
F923
F229
EC6C
EA57
EBF3
EF88
F4E5
FC30
03CA
09A0
0CBF
0D0B
0AD4
06A5
0149
FC00
F850
F710
F829
FB34
FF9E
04AB
0953
0C5E
0D41
0C25
0965
054A
0066
FC65
FA07
F912
FACA
FF54
04B9
0990
0CE8
0DD9
0BEF
0707
FF72
F745
F113
EDBA
EDA5
F0BB
F682
FE96
0685
0B7B
0C68
0924
01FD
F898
EF43
E604
DEE1
DF49
E5FD
ED29
F39E
F9EA
FE9F
008B
FFDC
FD8E
FAF1
F94A
F979
FBC8
FFBE
0415
074C
0863
0706
0362
FE3B
F922
F5BF
F4D3
F650
F9C6
FE68
032A
06FD
0918
0932
0778
046A
00B2
FD09
F9FC
F7CC
F687
F61E
F683
F7A9
F983
FBEA
FE8C
00E2
0241
0200
FFB1
FB84
F65F
F10C
EC15
E921
E9C6
ED1D
F1DC
F826
FF04
0433
0645
0507
0115
FC10
F84B
F785
FA90
0191
0B6A
1613
256A
3F1B
5215
45CE
26B7
0F9D
0151
F528
EC17
E623
E3FE
E689
EB2C
EFA1
F3DE
F7D4
FAFD
FD0D
FE1B
FE64
FE1F
FD7C
FCB3
FC0A
FBD3
FC66
FE18
0113
0538
09E1
0DF6
1091
1122
0F5B
0B42
04F6
FD54
F623
F0C3
ED92
EC51
EC75
ED42
EDEE
EE26
EE20
EDE7
EDED
F032
F49F
F972
FFAF
05D1
09E4
0C05
0A4A
065E
01E8
FD27
FAA7
FAF9
FE3D
03D0
0A24
0F1A
1115
1044
0C05
0564
FEA3
F91D
F673
F792
FC44
0381
0AF2
1040
1456
17D8
1730
1172
0B60
07EF
0606
0492
0354
01EE
FFF3
FD2D
FA2F
F84A
F84B
FA4A
FE16
0268
0538
051D
01D9
FB75
F284
E669
CDE9
AB0D
A363
C359
E226
F197
FF93
0A5E
1008
1109
0D8D
07DA
00D2
FAD4
F84E
F97C
FD69
0298
070C
0900
07B5
038D
FDED
F8B9
F565
F4B3
F683
FA16
FE42
0144
0194
FE96
F90C
F32F
EE62
EAE3
EB00
EF53
F520
FC20
0394
083B
0927
070B
02EA
FE5D
F9E2
F5E6
F422
F53E
F838
FC27
000D
02DF
0498
05D2
06CC
076B
0782
06DE
054F
02B4
FF1C
FAD9
F69A
F353
F1C4
F23D
F4A3
F89E
FDAB
02D9
06D5
08DF
091B
080F
0645
043D
0296
01A4
0143
0105
0025
FE0C
FAF2
F7CD
F465
EF79
EB40
EAA6
EBC9
ECFA
EED3
F0D2
F2FF
F582
F767
F95E
FC71
0004
0366
05F5
071C
06BD
0436
FF52
F978
F451
F0BE
EF56
F044
F334
F7CB
FD53
0255
05A0
071B
0782
07D5
0909
0BB3
0FD7
1535
1C20
242E
2871
23F7
1A4D
1126
08AA
008D
FA41
F6B7
F692
F973
FDE5
028F
0682
092F
0A7C
0ABA
0A80
0A7A
0B1B
0C68
0DFA
0F39
0F92
0E9F
0C4E
0907
0577
0238
FFC1
FE82
FEBF
005A
02D0
0553
0740
086A
0910
09A6
0AA5
0C5B
0EC2
1190
146D
16F6
1851
178C
14C0
10BA
0BA5
056A
FEC9
F90C
F51E
F338
F315
F441
F636
F85F
FA31
FB30
FAF8
F971
F701
F467
F287
F221
F3C9
F805
FF25
07BB
0F6A
1771
1EB1
1D68
1496
0BDA
0295
F8A0
F1C4
EEFF
F04F
F52F
FD1B
062D
0D10
1087
1067
0D16
0726
FF65
F876
F486
F3D8
F606
FA86
00B5
072F
0C5E
0FD3
11F0
1321
13BA
140C
13DC
11D4
0D5C
07C9
00BD
F80D
F0BB
EB79
E921
EB88
F0C6
F8C5
02BF
0AE7
0F5D
0F58
0ACE
019D
F6B3
E9F8
DC92
DBE0
E673
EFB4
FA3B
067E
0FC3
1565
15AF
1180
0A84
0048
F5CF
EE82
EA66
E9B5
ECEF
F2A8
F979
00FD
081B
0D42
0FDA
1019
0E75
0B61
0742
02D0
FF2C
FD2E
FD27
FEF6
022B
05EA
0920
0B0B
0B61
0A43
0827
05EA
04B0
0581
08C9
0DF3
1404
1BF6
2778
312A
2F2B
22F1
1719
0E7C
0605
FE35
F930
F767
F85C
FB5F
FFA6
0411
0772
0929
093F
07FB
05B3
02C4
FFAA
FCD7
FA91
F8FB
F847
F8C9
FAE9
FEDC
045A
0A7C
1029
1503
1917
1B2B
19B8
15C1
1145
0C8D
079A
035F
0090
FF27
FEAC
FEA8
FEB7
FE9E
FEC6
FFA3
00D4
01C1
02ED
0576
08F7
0B61
0B7F
0995
05ED
012D
FCDA
FA1C
F8F7
F91F
FABD
FDB5
00EB
02ED
02BC
0003
FB34
F5B2
F118
EE4F
EDDF
EFFD
F45F
FAEC
02CA
0995
0D97
0EB5
0D1F
0930
030B
FB26
F3CB
EEAC
EB70
EAB5
ED05
F13D
F7B0
0028
07AC
0D55
1185
125A
0F8F
0B53
06A1
020A
FF10
FF00
0236
07D9
0DD8
130D
1793
1909
1564
0FAE
0A2F
043B
FF02
FC28
FB8B
FC51
FD51
FD80
FC48
F9C3
F6B2
F3D5
F211
F236
F4ED
F99E
FDC3
0012
009D
FEDD
FA1D
F336
ED48
E9E0
EA25
EED7
F608
FE8F
068C
0B58
0BCE
07DF
FFFF
F718
F0B4
EDD1
EF4B
F43E
FBFA
04E7
0B39
0D7C
0BE7
0731
0093
FAF5
F8BD
FA63
FF79
068D
0D42
1156
11B1
0E42
07E8
FFCA
F8B5
F57A
F6B4
FBCB
033D
0A88
0F1F
0FB7
0C19
04C7
FB29
F320
EF04
EDC9
F10E
FA1C
0562
0F43
1667
1AA2
1C14
192E
1222
0B9A
075B
033C
FF1F
FA85
F32F
E9C4
E167
DC3B
DB89
DFE8
E714
EDD9
F42B
FA3D
FDF2
FD96
F938
F246
E9C2
E037
DBA4
E11D
EA38
F31B
FCF3
05C2
0CF3
0F96
0B9D
0571
0111
FFB0
0205
07CC
0E9C
14F4
1A8F
1B1A
157F
0E07
041E
F91D
F18E
EE41
EEDC
F270
F7D0
FD65
011B
01F8
003A
FCEB
F979
F729
F6B7
F82A
FAC6
FD1D
FD99
FB5C
F6BE
F169
ECF6
EAA9
EC6F
F253
FC33
095D
153E
25B7
3D3C
4415
31AE
1CD7
10B4
06F4
FD5E
F607
F149
EE20
EB7F
E8A8
E533
E18D
DFAE
E1E7
E7B6
EE7A
F5BA
FE04
057E
09DE
0A7E
07C9
02DB
FD67
F93F
F7D7
FA16
FFED
0745
0E00
13F0
1699
13E6
0E8C
0692
FBF5
F325
ECC0
E893
E985
EE55
F421
FB34
02F3
0906
0C54
0CFF
0B63
07CC
02B4
FD2A
F863
F509
0940
0259
FD79
F88A
F498
F206
F10D
F1A3
F38D
F670
F9BA
FC82
FDF1
FDC9
FC67
FA78
F873
F6E3
F6D3
F91D
FD7A
02B1
0748
09FA
09E6
06A9
008D
F917
F2A9
EED8
EE03
F02B
F49A
F99F
FD6E
FEC7
FC78
F668
EEFB
E3A2
CF5D
C31E
D111
E72C
F667
04AB
10A6
1BB4
22A0
1CC6
11CB
0760
FBF3
F299
ED2D
EBFF
EE82
F305
F8CB
FEA2
02D5
04B4
04B3
03D7
0340
03BE
0590
0820
0A41
0B0B
0A19
073B
02D2
FDBF
F8FC
F5A5
F492
F606
F9EA
FFAF
05B2
0A26
0C3E
0C08
09FE
06FF
0452
0335
0460
07BC
0C4B
10A2
13A5
144C
1211
0D65
064C
FDC4
F6CE
F331
F373
F7AF
FF59
08B7
11F8
1C7B
259B
2470
1AA4
1155
089A
FEA0
F68E
F245
F15E
F320
F6CD
FB7C
FF40
0053
FE47
FA1C
F5E7
F297
EFF9
EF04
F0EF
F5B0
FC5B
03B7
0A34
0E4A
0F47
0D5A
0904
02CA
FC2C
F753
F54D
F63E
FA56
014E
08DC
0FE5
1839
1F18
204B
1DD1
1A82
16D7
118C
0A9A
0541
01CE
FEA4
FBD6
F90F
F5B5
F18B
ECFF
E80C
E19E
DBF3
DB8D
E06C
E811
F17D
FBE9
0613
0ED8
14AC
1C1F
2706
2404
135D
0968
04D1
0110
FECB
FD53
FF06
00D0
00A4
FF3C
FD3D
FB68
F904
F75B
F77D
F9F1
FE8E
038E
07FE
0B55
0CFB
0C9A
0A66
0740
0407
0145
FF4C
FE2C
FD7A
FC9B
FB19
F8D0
F66B
F4F5
F4EE
F673
F980
FDDC
030C
07E4
0AF8
0B92
09B2
05C5
00CA
FC71
FA2B
FA76
FD13
0139
05A3
08E1
09D5
0810
0414
FF4A
FB15
F8C3
F93D
FBB9
FF6F
0386
05E1
0536
0179
FB3C
F3FA
EDAD
E968
E850
EB98
F18E
F8D0
013F
0873
0C85
0E0E
0DEE
0CF1
0C63
0D4F
0FB8
12C1
15D8
18C4
19CC
16BD
102B
084D
008C
F9E4
F572
F3B0
F37D
F366
F31C
F2C9
F24D
F184
F0B2
F0AA
F20B
F49C
F7FA
FBA6
FE67
FED5
FC4E
F758
F18F
EC04
E659
E1D9
E1AD
E616
EC62
F22C
F61C
F789
F669
F386
F053
EE6C
EF1A
F2C4
F8E4
0081
07FD
0E1E
11F7
1313
1211
0FA7
0D22
0C21
0CA1
0D62
0DD1
0E0C
0DB1
0BD4
07EE
0286
FD16
F91F
F763
F7DA
F9EE
FC88
FE44
FDFC
FB48
F6CC
F211
EE78
ECEF
EE42
F27A
F9A6
02C8
0AC0
1079
13C2
1366
1092
0CED
08D4
0559
03D7
04B5
078C
0B48
0EA5
1104
1256
12AD
124D
1195
10CA
1037
1010
1028
103F
104A
1051
1060
1088
10E1
1160
11D3
11D7
10E0
0E98
0B24
06EA
0276
FEBF
FCD3
FD62
009F
05F7
0BA1
0FD9
12E3
14FB
13AC
0D7F
05E2
0111
FF0D
FDF0
FDB2
FED8
00A1
01D8
01B1
FFE4
FCBA
F91B
F626
F49D
F4CB
F6A5
F9B5
FD11
FFC3
012A
0119
FFCA
FDD6
FC1E
FB6A
FC16
FE15
00F1
03E0
0621
0748
0750
0674
052C
0408
0375
0391
0422
04B3
04C4
0409
028D
00AF
FF06
FE42
FEDB
00A4
02F4
0543
071C
07D3
06F6
0460
006B
FC7B
FA06
F9B3
FBAC
FFD6
0523
099D
0C15
0C3C
09FC
054A
FE3C
F6DB
F18C
EDF1
EC00
ECF6
F007
F36F
F6FB
FACA
FE3E
00B7
021E
029C
0243
00F9
FE9B
FB3F
F758
F387
F059
EE54
EE15
EFFF
F42A
FAC3
0312
0ABC
0FE8
1244
119A
0E22
088B
0129
F982
F409
F144
F0B8
F28A
F60F
F9D8
FD45
FFED
0100
0044
FE27
FB3E
F82B
F598
F41D
F41E
F5C5
F915
FDCF
0315
079B
0A59
0AC1
086E
02FF
FABF
F1F3
EA11
E0C2
D81C
D8C9
E26A
EC26
F464
FD2A
0457
0798
067B
01B3
FB55
F4BB
EBEA
E38A
E40A
EC23
F3A3
F898
FBDA
FC6B
F979
F3D9
ED7E
E696
DEC2
DBC4
E22F
EBB6
F46A
FEDF
0912
0FD1
1350
13FA
126C
0FA8
0C59
092B
06BB
051D
03FB
02E9
0175
FF81
FD9D
FC7D
FC6B
FDC3
00A8
046D
0820
0AC6
0B62
0979
0543
FFB5
FA69
F70E
F6B9
F9F7
00CA
0985
1146
17A1
1BF9
1AB9
14D9
0DA8
04AA
FB1C
F3FE
F067
F05B
F360
F8AA
02BB
153B
25BA
23A0
12E6
03B2
FBDF
F8CC
F837
F957
FB8E
FE07
FFE8
00BA
0076
FF7F
FE86
FE53
FF75
0217
05BF
0962
0BE9
0C9C
0B16
0741
0169
FAC2
F52C
F1CC
F113
F31C
F7B4
FEB1
06F2
0E18
1308
1646
1784
1612
12ED
0F69
0B4E
0645
0102
FC30
F7CE
F3E3
F0E0
EF14
EC81
E6BD
E13B
E246
E974
F0D3
F501
F6E1
F861
FA82
FD78
00FE
0487
0766
08FC
08C0
064C
0193
FB07
F3F2
EDE4
E998
E84A
EAE9
F002
F6F8
FFB9
0772
0BC4
0C55
095F
039F
FC9B
F650
F205
F0AB
F26C
F6CE
FDFE
058A
0AA1
0E9A
10E8
0EEF
0AF0
0802
0634
05A8
0683
092D
0E8B
1487
16FD
14FD
10FE
0CDA
0881
03D3
FFB6
FD3D
FCEE
FED0
027C
06FB
0AFC
0DB2
0EE7
0E95
0CE0
09FF
063A
0237
FEBF
FC65
FB3F
FAFA
FB06
FAC5
F9B4
F7B3
F4FF
F1C8
EDE4
E9DF
E75C
E742
E92D
ECAB
F159
F692
FB92
FF91
020B
02E4
024F
00CA
FF11
FDDA
FD91
FE48
FFB0
0132
0231
0245
014F
FF84
FD71
FBDB
FB4D
FBBB
FCD0
FE5D
0018
0164
019C
0065
FDD8
FA74
F6F3
F429
F2A8
F2F2
F5E3
FB4D
0249
0ADE
125A
1445
1203
0F1C
0A3F
01FD
F88E
EFFA
E8C3
E43D
E461
E91B
F066
F8D2
016F
08AE
0D08
0DAC
0AF5
0590
FE63
F7AD
F367
F23A
F434
F91D
005A
07A6
0C8E
0E58
0D1E
094E
03AA
FDF1
FA56
FA0D
FD26
02A3
08E8
0F1F
13E9
149B
11C3
0D38
066D
FF0E
F9DE
F764
F77C
F9B4
FD6C
01AA
04E8
062B
0568
0327
005E
FE2A
FD61
FE4D
009F
0383
05E0
06C8
05BE
02D9
FEE5
FAEE
F7A2
F593
F537
F6A7
FA1C
FF06
03B0
0735
09B6
0B2C
0BA9
0B7B
0AE1
0A19
0965
08F1
08BE
08B2
08AD
088A
082B
077F
069B
05C7
0538
04F2
04ED
0537
05DF
06D1
07C3
0851
0814
06B9
03FF
FFE8
FB45
F777
F582
F5F2
F934
FFA2
07E8
0F4C
15B5
190E
15EF
0FB2
060A
F946
EAB5
CF79
B6BC
BF3F
D947
E9BF
F391
FD09
04A6
091C
0A9E
0A0D
08C2
083B
0960
0C45
104B
146B
1714
1690
131E
0E69
0921
03F5
0089
000C
025E
062F
099A
0AEF
0906
0358
FAF1
F1F8
E8CE
E19D
E17F
E726
EDE0
F4E3
FBA0
003F
0178
FF1E
FA7F
F5F0
F327
F314
F62C
FC7B
0406
0AB1
0F9B
1004
0C30
06FB
00DF
FB19
F7C1
F79F
FA7F
FF88
0504
0912
0ACF
0A29
078B
03BE
FFFE
FD7C
FCC2
FD8C
FEFF
FFF5
FF63
FCCA
F87D
F3A7
EF73
ECA4
EC33
EE7D
F2C5
F8EA
009A
07C9
0CBE
0F91
10F5
111B
0FE0
0D79
0AB3
0829
0560
01A6
FD67
F998
F6D2
F57A
F5E1
F875
FCF9
01F7
0646
08D2
0841
0515
0048
FA5F
F52E
F26B
F2A6
F5FE
FC6F
04E4
0C88
11D0
1493
1425
1103
0C51
065B
FFF3
FA90
F6F9
F502
F420
F3BE
F378
F32D
F303
F34E
F471
F6C0
FA76
FF8B
055D
0AD0
0F00
11B5
12D6
124F
103E
0CD5
0841
02EA
FD79
F88A
F498
F206
F10D
F1A3
F38D
F670
F9BA
FC82
FDF1
FDC9
FC67
FA78
F873
F6E3
F6D3
F91D
FD7A
02B1
0748
09FA
09E6
06A9
008D
F917
F2A9
EED8
EE03
F02B
F49A
F99F
FD6E
FEC7
FC78
F668
EEFB
E3A2
CF5D
C31E
D111
E72C
F667
04AB
10A6
1BB4
22A0
1CC6
11CB
0760
FBF3
F299
ED2D
EBFF
EE82
F305
F8CB
FEA2
02D5
04B4
04B3
03D7
0340
03BE
0590
0820
0A41
0B0B
0A19
073B
02D2
FDBF
F8FC
F5A5
F492
F606
F9EA
FFAF
05B2
0A26
0C3E
0C08
09FE
06FF
0452
0335
0460
07BC
0C4B
10A2
13A5
144C
1211
0D65
064C
FDC4
F6CE
F331
F373
F7AF
FF59
08B7
11F8
1C7B
259B
2470
1AA4
1155
089A
FEA0
F68E
F245
F15E
F320
F6CD
FB7C
FF40
0053
FE47
FA1C
F5E7
F297
EFF9
EF04
F0EF
F5B0
