08AA
0AF5
0E1E
1140
1357
1391
1196
0DA4
0881
0341
FEF2
FC4F
FB87
FC32
FD75
FE44
FDBC
FB64
F758
F242
ED2D
E93D
E763
E81F
EB6C
F0C8
F75E
FE49
04C5
0A5B
0EEA
129A
15B7
188B
1B3C
1DC0
1FD6
2123
2140
1FDB
1CC3
17F4
1198
0A02
01A8
F922
F11A
EA3F
E52F
E256
E1D3
E35E
E64C
E9A4
EC52
ED68
EC69
E971
E542
E11E
DE74
DE7F
E1DE
E857
F0D3
F997
00B6
049C
0482
00BB
FAA7
F45F
F028
EFCF
F422
FCB2
07EB
1380
1D10
22D5
2417
2164
1C51
16FA
1352
1284
1494
185C
1BEE
1D3B
1AC5
1431
0A7B
FFC9
F6D0
F212
F315
F9E4
04F4
1180
1C3D
223F
21C0
1A9B
0E53
FFAF
F1F9
E829
E42B
E67A
EE1C
F904
04B3
0EDD
15F0
1954
1957
16E0
12FF
0E93
0A10
0586
00D2
FBEB
F715
F2FC
F090
F0B7
F3EE
FA05
0201
0A4C
1118
14E2
14F2
11A0
0C49
06F8
03CB
044D
08EF
10D0
19E2
2172
24E3
226B
19A4
0BB8
FB25
EB24
DEE1
D8AD
D977
E09B
EC17
F915
04A9
0C78
0F3C
0CED
069F
FE1F
F572
EE59
EA03
E8EA
EAE6
EF5D
F586
FC93
03CD
0A94
105A
1491
16B5
165B
1358
0DDF
068F
FE6C
F6AE
F088
ECDB
EC04
EDC5
F15D
F5BC
F9D1
FCCB
FE4A
FE63
FD7F
FC21
FAA9
F92C
F76F
F506
F193
ED0A
E7D9
E2F2
DF96
DF07
E221
E8FF
F2D2
FDF9
084B
0F97
122E
0F51
0761
FBD6
EEDE
E2E2
D9F5
D567
D585
D9AD
E08A
E882
F020
F669
FAFB
FE00
FFF6
0167
02AA
03C0
0456
03F2
0227
FED0
FA2F
F4F0
F001
EC5D
EAC7
EB9C
EEBE
F39B
F95D
FF1A
040E
07C2
0A15
0B2F
0B64
0B0D
0A68
098C
086E
06F1
0504
02B3
003B
FDFB
FC65
FBE1
FCAF
FECD
01F3
0596
08FD
0B60
0C0F
0A92
06C7
00EF
F9B4
F214
EB40
E66C
E496
E654
EBA8
F3F8
FE17
0881
119B
180F
1B10
1A89
171C
11F8
0C87
080F
055C
048E
051A
05FA
060D
0473
00E8
FBE3
F67F
F230
F053
F1BF
F676
FD97
058C
0C79
10BF
1174
0EAC
0972
037E
FEB0
FC7D
FD7F
0134
0627
0A50
0BB3
08FA
01E5
F771
EBA3
E104
D9FF
D83A
DC28
E4EC
F092
FC8D
0660
0C2F
0D2C
09B3
031F
FB62
F48B
F04B
EFA9
F2E1
F97D
0285
0CC4
16FE
201A
272D
2B83
2C9F
2A43
2487
1BEB
1165
0652
FC47
F4C5
F0E1
F0F1
F466
F9D4
FF41
029C
024C
FDA3
F526
EA76
E000
D85E
D5B3
D91E
E267
F00F
FFA9
0E71
19FB
20B5
223E
1F57
199A
12F8
0D2E
095F
07E1
084D
09C5
0B52
0C3E
0C46
0BA6
0AEC
0AB8
0B77
0D36
0F9C
1207
13C6
1459
1395
11B1
0F28
0C83
0A1E
0805
05E8
033D
FF7F
FA6E
F445
EDC5
E813
E477
E3F9
E716
ED8B
F65F
0017
0910
0FEB
13DC
14D1
1368
10B2
0DDD
0BDF
0B35
0BDA
0D57
0F03
1040
10B4
1058
0F70
0E5C
0D66
0C9E
0BCD
0A91
088C
059D
020A
FE81
FBF2
FB48
FD0F
0135
06EC
0CCF
1139
12BB
109A
0B13
0370
FBBB
F63E
F4DA
F877
00AA
0BB6
16F0
1F68
22B7
1FA8
169F
0991
FB94
F016
EA00
EAEF
F2C6
FFB0
0E93
1BDD
246E
2661
2187
176D
0AEE
FF6A
F7EC
F654
FAE5
0436
0F95
19BB
1FAC
1F74
18A7
0C74
FD55
EE6B
E2B9
DC6C
DC5F
E201
EB8C
F690
0098
07C9
0B45
0B4B
0900
05FE
03CD
0367
04F2
07C0
0A8D
0BF1
0ADB
06F3
00C3
F99A
F336
EF42
EEDD
F240
F8A9
0089
07EF
0D13
0ED0
0CF6
084B
0257
FCE8
F991
F937
FBDD
00AA
063C
0B1C
0E34
0F21
0E49
0CA6
0B63
0B63
0CE4
0F58
1188
11FD
0F8C
09D1
017F
F851
F0A7
ECDF
EE99
F624
023A
1036
1CAA
2442
24AA
1D41
0F51
FDD5
ECB7
DFD8
DA0C
DC62
E5E6
F3E6
02B1
0E92
14C6
1423
0D4D
0269
F672
EC57
E63A
E4F0
E7F4
EDB8
F444
F9DD
FD89
FF46
FFE5
00A4
029C
064F
0B68
10CC
14F8
1682
149B
0F59
07C2
FF81
F865
F3DB
F283
F405
F741
FAB1
FCF4
FD46
FBBD
F93F
F72A
F6D9
F921
FDFB
047E
0B1D
1026
124D
111C
0D20
07BB
02BB
FFBC
FFA5
0250
0697
0AA3
0C8E
0AFD
05A1
FD67
F43F
EC98
E8B2
E9ED
F061
FAC8
06D3
11C3
1927
1B7B
188C
1172
083E
FF64
F914
F6B9
F8AB
FE3A
05F6
0E1E
150E
199D
1B38
19DE
15F5
1014
08DD
00F0
F8EE
F18E
EBA5
E811
E790
EA7B
F086
F8A6
011D
07C8
0A9F
083D
0053
F3E3
E520
D6FD
CC7E
C7FD
CA90
D3C1
E1AA
F16D
FFEF
0A9D
0FFF
1002
0BDB
058D
FF46
FABC
F8B9
F8F9
FA62
FB78
FAEF
F828
F36A
EDD9
E918
E6CB
E80E
ED1B
F52C
FEAD
07A4
0E38
1122
0FFD
0B49
043D
FC68
F54B
F000
ED13
EC84
EDEA
F0B4
F459
F879
FCDC
015E
05D0
09DE
0D0F
0EDF
0EE4
0D03
0986
0520
00CA
FD88
FC25
FCF9
FFD5
040C
08A7
0CA8
0F4D
103A
0F7F
0D81
0ABF
079E
0442
0088
FC1D
F6B6
F049
E92D
E221
DC27
D83E
D712
D8C2
DCC4
E200
E71B
EAD5
EC66
EBBE
E987
E6F8
E570
E612
E965
EF27
F664
FDB9
03C5
078D
08CA
07F8
0626
049A
0462
05F0
08F3
0C63
0ED6
0EF1
0BE0
05A6
FD35
F439
ECB3
E86C
E882
ED12
F535
FF39
0911
10D8
1546
15F5
1367
0ED3
09C3
05AB
038E
03CF
062B
09E5
0E09
11AE
142F
1540
14E9
136B
111C
0E4B
0B34
0802
04DD
01FB
FFA3
FE24
FDBF
FE89
0053
02AB
04E5
0642
0622
0431
007C
FB7C
F5F0
F0B6
EC8B
E9E5
E8D8
E91B
EA2D
EB7F
ECA8
ED82
EE35
EF22
F0B9
F353
F707
FB9C
008D
052C
08C3
0AC7
0AEC
092F
05CF
0135
FBD6
F61F
F074
EB29
E698
E323
E139
E143
E38D
E827
EEC9
F6D8
FF6D
0789
0E45
1307
15A6
1668
15EA
14E2
13E3
1325
126E
1123
0E7D
09DA
0305
FA6F
F134
E8EF
E35E
E1F4
E56B
ED86
F903
05D8
11A2
1A2D
1DF7
1C84
1676
0D5B
033C
FA1B
F370
EFD8
EEFA
EFC0
F0B9
F093
EE8F
EABD
E5FE
E1C3
DF9D
E0C0
E59B
EDA9
F77E
0122
0886
0C12
0B0C
05C9
FD9E
F484
EC9D
E7AD
E6B4
E9B7
EFD6
F797
FF52
05A5
09C7
0BA6
0BCC
0B1E
0A77
0A5B
0AC4
0B2F
0ACB
08D3
04E7
FF45
F8D4
F2F2
EF16
EE5C
F11D
F6C4
FDD5
0446
0803
0780
0230
F8BE
ECF1
E148
D858
D42C
D5BC
DCB2
E783
F3DB
FF3C
07A3
0C03
0C82
0A50
0741
0535
0581
088D
0DB4
137A
17FE
1990
1732
10ED
07D0
FDAA
F491
EE53
EBFC
ED9C
F250
F889
FE87
02CE
0482
0393
00A4
FCC3
F90E
F655
F4E9
F491
F4B9
F4B1
F3FE
F28A
F0B6
EF3E
EEF9
F091
F449
F9DC
0089
0745
0D00
10E9
129F
1240
1057
0DAB
0B07
090C
0817
083E
0965
0B5C
0DF5
1110
148F
1841
1BCE
1EAD
2032
1FB2
1CB5
172A
0F85
06BB
FE19
F700
F28F
F15D
F352
F7AD
FD3A
02A4
06CF
0923
09A9
08FB
0805
07B6
08AA
0AF5
0E1E
1140
1357
1391
1196
0DA4
0881
0341
FEF2
FC4F
FB87
FC32
FD75
FE44
FDBC
FB64
F758
F242
ED2D
E93D
E763
E81F
EB6C
F0C8
F75E
FE49
04C5
0A5B
0EEA
129A
15B7
188B
1B3C
1DC0
1FD6
2123
2140
1FDB
1CC3
17F4
1198
0A02
01A8
F922
F11A
EA3F
E52F
E256
E1D3
E35E
E64C
E9A4
EC52
ED68
EC69
E971
E542
E11E
DE74
DE7F
E1DE
E857
F0D3
F997
00B6
049C
0482
00BB
FAA7
F45F
F028
EFCF
F422
FCB2
07EB
1380
1D10
22D5
2417
2164
1C51
16FA
1352
1284
1494
185C
1BEE
1D3B
1AC5
1431
0A7B
FFC9
F6D0
F212
F315
F9E4
04F4
1180
1C3D
223F
21C0
1A9B
0E53
FFAF
F1F9
E829
E42B
E67A
EE1C
F904
04B3
0EDD
15F0
1954
1957
16E0
12FF
0E93
0A10
0586
00D2
FBEB
F715
F2FC
F090
F0B7
0148
011B
0284
0513
080C
0AA0
0C30
0C74
0B8C
09EF
0842
072A
0715
0824
0A1D
0C82
0EAB
0FF8
0FED
0E55
0B46
0722
0280
FE12
FA84
F861
F7F7
F947
FBFF
FF83
0305
05A8
06AD
059F
0275
FDA0
F7FE
F2AF
EEDD
ED72
EEDF
F2F8
F8F9
FFAC
05B2
09DA
0B6A
0A4C
0715
02D6
FED6
FC36
FBA6
FD38
0065
043D
07AE
09E1
0A75
099B
0806
06A8
0665
07BF
0AA1
0E5B
11CC
13AF
12FD
0F41
08C1
007D
F7F4
F0C8
EC56
EB5C
EDC9
F2C1
F8D5
FE59
01CC
0230
FF3A
F95D
F1A6
E972
E21E
DCBD
D9E7
D9A5
DB83
DEBA
E26A
E5CB
E85D
E9F8
EAD2
EB69
EC5E
EE53
F1C1
F6D8
FD73
0510
0CE9
140B
1987
1C96
1CC2
1A00
14AC
0D7E
0566
FD59
F62E
F077
EC78
EA2A
E953
E9A5
EAD5
ECAF
EF0E
F1CF
F4BB
F779
F98E
FA70
F9AD
F71A
F2ED
EDCE
E8BE
E4DF
E329
E423
E7B3
ED18
F316
F847
FB8B
FC5B
FB01
F893
F6A4
F6D7
FA5C
0185
0B9B
16F4
2160
28B3
2B5E
28E2
21F3
184E
0E3B
05F3
0101
FFE1
01E9
0591
08FB
0A92
0995
065C
023F
FF2D
FF0D
0314
0B51
168A
227D
2C73
31F8
3190
2B21
2005
12B0
060F
FCC6
F881
F98F
FEE4
0669
0DA1
1251
1318
0FBD
092C
0124
F9B3
F4AC
F332
F586
FB04
026A
0A28
10C5
1525
16AE
154E
1167
0BB0
0514
FE9A
F94B
F61E
F5D3
F8C7
FECE
0714
1022
180E
1CD8
1CE0
175C
0CAE
FE73
EF45
E233
DA03
D886
DE0C
E946
F786
056C
0FB9
142B
1211
0A75
FFCE
F54D
EDF3
EBC0
EF20
F6D5
0058
0899
0CDE
0B90
04AE
F9C9
ED95
E323
DD0F
DCCE
E255
EC32
F7FB
0300
0AFD
0E9F
0DBC
0933
028C
FB71
F541
F0C2
EE1C
ED03
ECFF
EDB4
EF04
F10A
F3EB
F79B
FBAA
FF3C
0132
007F
FC91
F59C
ECC2
E3E4
DD3C
DAC5
DDAD
E5EA
F227
0006
0CAE
1585
18CF
1625
0E82
03FB
F930
F09B
EBFA
EBF0
EFFD
F6C4
FE80
058B
0AC8
0DD2
0EEB
0EBF
0E0E
0D5E
0CD7
0C4C
0B69
09F1
07F0
05CA
041D
0380
043B
060F
0827
094A
0831
03FB
FC86
F29E
E7E6
DE72
D844
D6B4
DA11
E179
EB17
F498
FBD7
FF6E
FF17
FBB7
F70A
F31C
F19E
F363
F820
FE82
0495
0863
088C
04B5
FDA8
F51E
ED3E
E808
E6C6
E9B9
F00E
F82C
002A
0659
09B4
0A0F
0811
04E4
01D1
FFDB
FF7F
00A3
02B8
04FF
06D4
07E1
0831
081C
0814
0869
0926
0A04
0A82
0A20
0890
05E3
0291
FF58
FD04
FC25
FCDF
FED1
012C
02F5
034D
01C3
FE77
FA20
F5D7
F2C7
F1D7
F361
F71A
FC22
0147
0555
0772
0752
054B
0234
FF2D
FD47
FD47
FF75
0393
08F2
0EA5
13B2
1740
18BE
17ED
14E1
1000
09F1
0395
FDF0
FA0D
F8D6
FAE1
003C
084D
11D0
1AFC
21DE
24C0
229C
1B73
1062
0375
F737
EE18
E9CB
EAD8
F077
F8C9
015D
07E5
0AE2
0A10
067A
0219
FF39
FFA8
0419
0BCB
14AE
1BEE
1ECB
1B79
11BC
031F
F2A1
E3EB
DA51
D7DF
DCBE
E722
F3C7
FEDF
052D
04F9
FE90
F434
E971
E212
E0FC
E74B
F3F2
03F9
134C
1DDD
20C9
1B28
0E4D
FD67
ECA4
E006
DA5F
DC95
E585
F275
FFE6
0AA1
108F
1137
0DBB
0855
0391
017D
0307
07CA
0E41
1452
1803
1815
145C
0DB5
05AD
FDED
F7AE
F35E
F095
EE59
EBA5
E7ED
E382
DF9C
DE16
E0D4
E914
F6E0
08C9
1C11
2D3E
38F1
3CC3
37EE
2B8E
1A64
0829
F89E
EEA2
EB82
EEBD
F641
FF13
0630
0960
07CC
0220
FA46
F2C2
EDEC
ED3F
F0EC
F7D4
FFE2
06AB
0A21
0923
03CD
FB61
F1E8
E99E
E454
E2FE
E584
EADE
F179
F7B2
FC54
FEE1
FFA8
FF8B
FFA6
00DF
038B
074B
0B1E
0DB6
0DE0
0AF7
052B
FD91
F5F3
F05E
EE9D
F1BB
F9A5
051D
11EF
1D6F
2513
2714
22DB
193A
0C3D
FEBD
F3BC
EDB4
EDFE
F486
FFC8
0D27
198C
2218
24D2
211D
17DC
0B3A
FE2C
F3BE
EE5F
EF58
F685
0266
1087
1E16
288B
2E37
2E99
2A60
232C
1B14
141E
0FC7
0EBD
10D4
1538
1AC1
204D
2510
28A8
2B10
2C69
2CB8
2BB2
28B4
22E1
1979
0C33
FB95
E917
D706
C828
BF22
BDDA
C4EE
D374
E70C
FC51
0F8E
1D86
2422
22E2
1AE3
0E8B
00EB
F4FC
ECF9
E9EB
EB8F
F096
F71C
FD44
01B9
0402
0485
0449
048F
0658
0A03
0F2C
14BD
193C
1B3A
19C2
149E
0C75
02A5
F8F2
F121
EC8E
EBE7
EF10
F537
FD0C
050E
0BD4
104D
11E4
1084
0C8E
06C2
0017
F99E
F460
F139
F0B4
F2F3
F793
FDB2
0406
0915
0B7E
0A52
055A
FD37
F357
E9B5
E261
DF0A
E088
E699
EFE6
FA4B
035D
0905
0A0A
0669
FF54
F6E5
EF8D
EB70
EBCC
F0A6
F8C7
020F
0A0A
0E92
0E5F
0953
0077
F5A8
EB13
E2A2
DD8D
DC28
DDF1
E1DE
E6CB
EBDB
F0B0
F574
FA9E
00A4
07A4
0F35
1669
1C0D
1F06
1EBB
1B5E
15F0
1010
0B86
09BB
0B49
0FBA
15A0
1AF1
1D9D
1C28
161C
0C34
002D
F448
EAAE
E4D8
E32D
E4FF
E8D1
ECE3
EFCD
F0F3
F0B5
F040
F118
F479
FACD
035A
0C59
1366
1633
1343
0A7B
FD49
EE65
E121
D88D
D69B
DB9A
E619
F350
FFE9
08F3
0CB4
0B24
05E2
FFAD
FB8C
FBD6
0179
0BA1
17F3
2331
2A2A
2AAE
2433
1808
08FF
FAAA
F063
EC65
EF34
F786
02A7
0D3E
143B
15A7
1123
07EA
FC73
F1B2
EA51
E7FB
EB00
F256
FBF2
0566
0C7D
0FC3
0ECA
0A23
031D
FB5F
F477
EF8B
ED30
ED6D
EFDD
F3DF
F8C5
FDEE
02D5
0707
0A26
0BE4
0C11
0AB1
0804
0493
0117
FE5C
FD0B
FD80
FFA9
030E
06EA
0A69
0CDF
0DFD
0DE1
0CFE
0BF0
0B36
0B00
0B10
0ACD
097C
0684
01C1
FBA7
F53F
EFE8
ECFC
ED61
F13B
F7C9
FF92
06C3
0BB7
0D76
0C0E
08A2
0520
03C2
0666
0DFC
1A28
2944
38B0
456C
4CD0
4D26
460B
387C
268A
12D3
FFE6
EFC0
E37A
DB49
D6AF
D4DD
D511
D6D9
DA24
DF1E
E5F1
EE7A
F81C
01BC
09F6
0F6E
1137
0F1D
09C1
0279
FB01
F500
F1A1
F146
F376
F70A
FA90
FCB7
FCB9
FA92
F6FA
F32B
F07C
EFFC
F219
F683
FC46
020C
0684
08BF
0873
0605
026F
FEF0
FCB6
FC91
FEC2
02F4
085F
0E02
12E8
165C
1805
17E8
164D
139C
1038
0C72
0881
0494
00E2
FDBC
FB8C
FAC4
FBC6
FEBA
0379
0984
100E
1625
1ADE
1D88
1DD3
1BD8
1812
1339
0E12
093E
0514
0196
FE77
FB3C
F763
F297
ECCC
E64F
DFC4
DA06
D5FD
D46D
D5C8
DA10
E0CB
E914
F1BF
F98D
FF66
0292
02DA
0092
FC88
F7D0
F386
F08F
EF5D
EFD5
F15E
F305
F3C9
F2E0
EFF9
EB5B
E5DE
E0B6
DD25
DC21
DE14
E2B2
E90A
EFC1
F56B
F8E9
F9B9
F813
F4D9
F158
EEE0
EE6B
F052
F435
F911
FD96
007E
00F3
FECE
FAA4
F59E
F12A
EE97
EEB7
F1AD
F6E3
FD38
0350
07F5
0A61
0A6F
0896
05C1
0303
0148
011B
0284
0513
080C
0AA0
0C30
0C74
0B8C
09EF
0842
072A
0715
0824
0A1D
0C82
0EAB
0FF8
0FED
0E55
0B46
0722
0280
FE12
FA84
F861
F7F7
F947
FBFF
FF83
0305
05A8
06AD
059F
0275
FDA0
F7FE
F2AF
EEDD
ED72
EEDF
F2F8
F8F9
FFAC
05B2
09DA
0B6A
0A4C
0715
02D6
FED6
FC36
FBA6
FD38
0065
043D
07AE
09E1
0A75
099B
0806
06A8
0665
07BF
0AA1
0E5B
11CC
13AF
12FD
0F41
08C1
007D
F7F4
F0C8
EC56
EB5C
EDC9
F2C1
F8D5
FE59
01CC
0230
FF3A
F95D
F1A6
E972
E21E
DCBD
D9E7
D9A5
DB83
DEBA
E26A
E5CB
E85D
E9F8
EAD2
EB69
EC5E
EE53
F1C1
F6D8
FD73
0510
0CE9
140B
1987
1C96
1CC2
1A00
14AC
0D7E
0566
FD59
F62E
F077
EC78
EA2A
E953
E9A5
EAD5
ECAF
EF0E
F1CF
F4BB
F779
F98E
FA70
1092
0BB1
0644
01F2
0022
019D
065C
0D90
15CF
1D66
22B3
2478
220E
1B86
119C
059D
F934
EE24
E606
E201
E296
E779
EF94
F92A
022B
0899
0AFE
08C9
0280
F9B1
F09A
E9A7
E6CB
E8FA
EFD4
F9B0
0400
0BF4
0F42
0CCA
04F6
F9A8
EDBE
E44D
DFC0
E125
E7D3
F197
FB49
01BC
02A8
FD65
F32B
E6C2
DBC8
D59E
D66F
DE7E
EC01
FB94
0920
1105
111B
095B
FBE6
EC77
DF5C
D846
D946
E23C
F0E5
017C
0FCD
1857
193A
12AC
06D1
F90C
ED03
E596
E425
E848
F015
F8D8
FFF2
03B1
03C4
0148
FE4F
FD28
FF8C
0603
0FB3
1A91
240B
29CB
2A75
2616
1E21
1502
0D65
0963
09E9
0E70
1531
1BB4
1F99
1F54
1AAF
12D7
0A03
02C9
FF50
00A5
0667
0EDB
176E
1D6F
1ED9
1AEA
1257
0718
FBD8
F337
EF0E
EFF1
F518
FC9A
0406
0910
0A2D
06F9
0039
F79A
EF2E
E8DC
E5E7
E6B3
EAC8
F110
F83F
FF2D
051C
09CA
0D5E
102A
126C
142B
1523
14E7
1314
0F8A
0A92
04E2
FF78
FB58
F941
F971
FB8A
FEAB
01AA
036F
0345
0111
FD63
F94B
F611
F4D4
F638
FA34
0012
0699
0C63
1033
114A
0F8E
0B8E
0655
011F
FD0F
FAE3
FAD3
FC89
FF43
020B
03F1
0448
02C5
FF90
FB2D
F665
F216
EF09
EDCF
EEAE
F191
F619
FBA8
0181
06EA
0B48
0E36
0F95
0F89
0E63
0C8E
0A6F
084D
0647
045F
028C
00D8
FF7C
FEE2
FF9B
022E
06E4
0D8B
1556
1CDE
225E
240F
20A1
17A8
09E9
F952
E8B3
DB2A
D36F
D324
DA61
E79A
F7F0
07D5
13EF
19E8
1903
124D
0849
FE44
F768
F5DE
FA33
0332
0E38
17F2
1D4B
1C48
1496
07A1
F82F
E99D
DEFA
DA33
DBA5
E216
EB25
F408
FA5C
FCCD
FB5E
F74D
F290
EF29
EE77
F0C9
F54C
FA5E
FE20
FF27
FCF9
F84A
F2CA
EEA0
EDBC
F128
F8A9
02B3
0CCD
1444
16EC
13CC
0B6A
FFB1
F36D
E988
E440
E48B
E9E2
F272
FBAC
030B
06C4
0647
0252
FCA5
F76A
F47F
F4DE
F84A
FD65
0218
0437
0239
FBB4
F192
E5E8
DB73
D4E9
D448
DA52
E65F
F67F
07ED
17AE
232D
28BE
27DD
2129
162A
08E6
FB7A
EFB9
E6EC
E1BB
E031
E1DD
E5F7
EB8C
F1A1
F756
FBFF
FF38
00F4
017D
0167
0173
0260
04B5
0899
0DB4
1338
1801
1AD9
1AC7
174F
10A3
07A5
FDBE
F495
EDB1
EA24
EA51
EDDD
F3CD
FAC5
0162
0683
0984
0A51
0953
073F
04DA
02C0
0144
0062
FFD3
FF30
FE1B
FC5C
F9F5
F71C
F42D
F189
EF86
EE54
EDFF
EE70
EF75
F0D7
F25B
F3CE
F505
F5DD
F63A
F611
F564
F44F
F304
F1C9
F0EB
F0B5
F158
F2EC
F560
F88D
FC34
0015
03F2
0792
0ABD
0D37
0EB5
0EE6
0D7C
0A4C
0566
FF2B
F857
F1E6
ECEE
EA5E
EAC2
EE10
F39D
FA36
005E
04A8
060A
0425
FF57
F8A1
F15E
EAE8
E637
E3A8
E2ED
E33C
E39A
E346
E1FF
E035
DEEC
DF76
E300
EA2A
F4B2
0168
0E61
1961
2070
2258
1EFA
175D
0D6C
0378
FB9F
F744
F6BE
F94B
FD5B
0107
02A5
013D
FCCF
F64B
EF45
E97D
E661
E6A8
EA25
EFDF
F663
FC34
0038
0203
01EF
00F2
004E
0128
042F
0963
1011
1707
1CE1
206B
20EB
1E51
1932
129D
0BD6
060C
0211
0040
0070
0218
047A
06D8
08A0
0988
0992
08FB
0829
0784
0760
07E7
091A
0ACE
0CBB
0E92
100B
10F5
1140
1100
1061
0FA0
0EF4
0E81
0E4F
0E44
0E33
0DEC
0D52
0C6B
0B6B
0AA8
0A82
0B45
0D03
0F85
1245
148E
15A3
14FD
1275
0E5E
0978
04BE
0122
FF3E
FF1B
0023
0141
0135
FEF5
FA15
F2FC
EAE9
E3A7
DF17
DEA4
E2C4
EAC1
F4CC
FE6A
051B
070C
03AE
FBEC
F206
E900
E3D8
E4AF
EC2F
F948
0976
195C
25AA
2BFA
2B6C
24D4
1A6C
0F27
05D1
0045
FEF2
00D3
03D6
05A1
045A
FF54
F750
EE4A
E6E0
E37E
E58D
ECF8
F815
0418
0DD6
12B6
1177
0A95
0032
F57D
EDCB
EBA7
F00D
FA26
0780
14B6
1E69
2224
1F06
15F4
094D
FC3A
F1CD
EC36
EC41
F13E
F958
0233
09A5
0E4E
0FDF
0F10
0D3A
0BD2
0BD8
0D86
103F
12C8
13BD
120E
0D61
0639
FDD6
F5E0
EFEA
ED08
ED84
F0DC
F5F0
FB5D
FFE7
02C2
03BB
0323
019A
FFC4
FE0A
FC79
FACC
F896
F580
F183
ECF9
E89C
E54C
E3D5
E4AF
E7D7
ECD3
F2DC
F91A
FEEC
0410
08AB
0D2B
1203
176C
1D30
229F
26B4
285F
26DD
2207
1A74
116C
089F
01B9
FDF4
FDC6
00BF
05AE
0AF8
0F0C
10D7
100A
0D2A
0960
0612
0473
051B
07D7
0BAF
0F2F
10D2
0F7B
0AC7
0334
FA05
F0ED
E9A1
E56B
E4DD
E7BF
ED2D
F3E8
FABA
00C6
05C0
09E4
0DC9
1212
171C
1CC7
2260
26CA
28C6
2753
2203
1932
0E05
0238
F7C6
F078
ED7F
EF34
F508
FDA6
0744
1005
165E
195F
18CE
1524
0F56
0894
0203
FC81
F88B
F63C
F563
F5A9
F6B2
F83B
FA17
FC2A
FE56
0061
01EF
0289
01B6
FF1E
FAB1
F4C1
EE06
E788
E26C
DFBC
E027
E3D8
EA68
F2F4
FC4B
0534
0CB1
122A
1580
16F7
170B
1630
14A7
125C
0EF8
0A08
0345
FACF
F159
E828
E0DE
DD23
DE32
E477
EF58
FD33
0BA9
1818
2035
2290
1EF1
1665
0AFE
FF55
F5EB
F093
F00B
F3E5
FAB0
026C
0914
0D20
0DDB
0B7F
0708
01D7
FD4C
FA67
F98F
FA96
FCE6
FFC3
0297
051E
0768
09BD
0C5E
0F4E
122E
1446
14B2
12AD
0DE3
06A5
FDF7
F55D
EE8C
EAF7
EB6D
EFE4
F775
009E
09A0
10F7
15B3
17A5
174D
1596
1377
1194
1007
0E5B
0BC6
077F
0123
F8FB
F012
E802
E297
E14B
E4D9
ECF5
F84E
04D2
102E
185B
1C1B
1B3F
16A4
0FEF
0915
03D5
0152
01D3
04CA
0912
0D4B
103B
1115
0F9C
0C14
070E
0137
FB1B
F519
EF5E
EA0E
E561
E1BF
DFC1
E00F
E32D
E947
F202
FC76
074F
110C
1851
1C37
1C78
197B
1431
0DD1
0791
025A
FEAF
FCA2
FBF6
FC50
FD61
FF04
0139
040F
077C
0B3A
0EC0
1151
122A
10C7
0D11
0785
0128
FB51
F757
F63A
F856
FD42
03E1
0AA9
0FFC
1291
11C4
0DB7
0743
FFB8
F888
F2EE
EFAB
EEED
F05A
F33E
F6CD
FA56
FD6B
FFE2
01C9
033E
0457
0507
0525
047E
02F1
008B
FD94
FA88
F7F9
F66F
F641
F77D
F9EB
FD15
0069
0356
056A
0657
05F8
0444
0147
FD20
F811
F289
ED38
E909
E70A
E837
ED3A
F61F
022F
0FE9
1D36
27CB
2DA4
2D82
273D
1BDB
0D5B
FE41
F101
E76B
E244
E12D
E2D3
E567
E72C
E704
E4B9
E107
DD4C
DB13
DB82
DEF5
E4D1
EBB3
F1D5
F5A5
F645
F3DF
EF9C
EB54
E900
EA16
EF0F
F73B
00E3
09CB
0FDA
11BA
0F45
098F
0299
FCAF
F9B5
FA86
FEA7
0462
093E
0ABF
0727
FE0F
F09D
E14C
D350
C9C7
C6E7
CB6B
D66A
E590
F5C0
03E3
0DA2
11F4
113B
0D0D
07A7
033E
0168
02B6
06A4
0BDA
10A2
1377
1372
1092
0BB1
0644
01F2
0022
019D
065C
0D90
15CF
1D66
22B3
2478
220E
1B86
119C
059D
F934
EE24
E606
E201
E296
E779
EF94
F92A
022B
0899
0AFE
08C9
0280
F9B1
F09A
E9A7
E6CB
E8FA
EFD4
F9B0
0400
0BF4
0F42
0CCA
04F6
F9A8
EDBE
E44D
DFC0
E125
E7D3
F197
FB49
01BC
02A8
FD65
F32B
E6C2
DBC8
D59E
D66F
DE7E
EC01
FB94
0920
1105
111B
095B
FBE6
EC77
DF5C
D846
D946
E23C
F0E5
017C
0FCD
1857
193A
12AC
06D1
F90C
ED03
E596
E425
E848
F015
F8D8
FFF2
03B1
03C4
0148
FE4F
FD28
FF8C
0603
0FB3
1A91
240B
29CB
2A75
2616
1E21
1502
0D65
0963
09E9
0E70
1531
1BB4
1F99
1F54
1AAF
12D7
0A03
02C9
FF50
00A5
0667
0EDB
176E
1D6F
1ED9
1AEA
1257
0718
FBD8
F337
EF0E
EFF1
F518
FC9A
10E0
1504
160E
13F2
0F6C
09D4
04C2
0198
011E
0342
0721
0B4C
0E37
0EB3
0C4F
0774
0146
FB4A
F6EC
F514
F5EB
F8D6
FCBF
0071
030E
044D
0491
04B6
05B2
082E
0C32
110C
1576
17FA
1767
1340
0BEE
02B6
F962
F1C4
ED33
EC34
EE62
F2A3
F793
FC07
FF74
0218
04DD
08F5
0F4E
181D
229B
2D15
354D
391B
3711
2EF5
21EF
1248
02E6
F689
EF1D
ED48
F053
F67C
FD88
0375
070A
081F
0786
06A1
06C9
08C0
0C55
1064
132D
12E8
0E6B
05A7
F9D1
ED2B
E274
DC29
DBD4
E193
EC0B
F8BF
04B3
0D39
109A
0E82
07FF
FF23
F661
EFDF
ECE3
ED8D
F0E9
F54B
F8E1
FA3B
F8B2
F487
EEBE
E8C2
E3EF
E134
E0D8
E27D
E555
E872
EB1F
ED14
EE82
EFF4
F20A
F531
F96D
FE3F
02C0
05E0
06AE
04A7
FFE0
F90F
F162
EA43
E4FC
E276
E305
E65A
EB9D
F19C
F714
FAF1
FC82
FB9B
F89C
F457
EFEC
EC8F
EB4F
ECDE
F165
F874
0105
09A5
10B4
14B1
1493
1006
0791
FC89
F0DB
E6AE
DFF6
DE09
E159
E95D
F4AF
0162
0D6A
1716
1D5F
2015
1FCB
1D9E
1ACD
1861
16D9
1610
154F
138D
0FCA
096B
0081
F5DE
EAFE
E1C2
DC08
DB3F
E014
EA37
F861
0882
181F
24BD
2C5F
2DDA
2913
1F04
118B
0317
F62E
ECF4
E8C8
E9FC
EFCF
F899
0228
0A3D
0F09
0F91
0BE3
0509
FCC3
F51A
EFD6
EE15
F002
F4D4
FB02
00B1
042D
045E
0109
FADC
F338
EBD0
E637
E37C
E3E8
E6FD
EBA4
F083
F45C
F65E
F650
F48C
F1D4
EF0E
ED00
EC19
EC64
ED96
EF3B
F0E1
F246
F367
F477
F5C1
F781
F9C4
FC57
FED5
00C4
01B9
017E
0024
FE05
FBA8
F9A5
F87F
F88F
F9FA
FCB9
00AA
059A
0B50
1185
17D9
1DC1
2290
2581
25E5
2351
1DCD
15F0
0CD7
03F6
FCC6
F874
F78C
F9D7
FE69
03DC
08B5
0BCA
0C97
0B53
08DB
065A
04E2
0509
06B3
0917
0B07
0B5C
0973
057C
008D
FC69
FB03
FDDB
057A
111E
1EC4
2B96
3496
3769
32F8
27C7
17E2
065C
F68A
EB34
E5EA
E6AE
EC10
F3AC
FADF
FF86
0088
FE15
F973
F48D
F14E
F10F
F432
FA18
0159
0841
0D4E
0F9C
0F19
0C6A
08A6
04EC
0205
0032
FF29
FE50
FD0F
FB1B
F8AC
F674
F565
F65F
F9CD
FF6E
0649
0CE7
11B3
136F
1195
0C89
0580
FE39
F879
F599
F620
F9A6
FEF6
0465
084D
097F
0788
02C8
FC43
F54B
EF19
EA77
E798
E61B
E546
E456
E2CD
E0AA
DE6E
DCFA
DD4C
E026
E5CE
EDEF
F79C
018A
0A57
10E0
147C
151D
1348
0FE6
0C07
089F
0651
0551
056A
0619
06B6
06A3
0575
0306
FF7D
FB3C
F6C7
F2A8
EF51
ED0B
EBEC
EBDF
ECB1
EE25
F00C
F24C
F4EC
F807
FBB9
0008
04CE
09A8
0E01
1126
1270
1172
0E26
08FD
02D7
FCDD
F83E
F5E1
F628
F8CE
FCEF
0140
0460
053F
0365
FF22
F977
F3DB
EFD4
EE8D
F088
F57A
FC63
03DD
0A81
0F4C
11DE
128A
1220
11A0
11D6
130E
14F9
16CA
1789
166F
1345
0E87
0954
051B
0323
041D
07D9
0D3C
1290
1602
1637
12C6
0C6D
04E8
FE7D
FB45
FC8D
0259
0B50
1513
1CDF
205E
1E56
170E
0C43
00A5
F719
F1DB
F1E0
F68E
FDFB
058A
0AC6
0C2A
09A2
0493
FF67
FCC7
FEAE
05BA
10D5
1D6F
282E
2DDE
2C6C
2385
14C9
035F
F322
E793
E2EA
E57E
EDBD
F8A9
02BA
08DE
0952
0410
FABF
F01E
E734
E26A
E2E3
E83A
F0BA
F9E9
014C
0517
04A0
006B
F9E6
F2DA
ECD9
E8C8
E6B6
E5F4
E57F
E473
E275
DFE0
DDB5
DD42
DFAD
E583
EE76
F960
0481
0E00
1460
16ED
15E1
124C
0DB6
09AE
0752
0708
0875
0AA8
0C7B
0CFA
0BB9
08F5
0586
0293
0139
022D
0582
0AA1
106A
1587
18C1
194F
16FD
1235
0BD9
0505
FED1
FA16
F752
F6A2
F7CB
FA59
FDB5
013D
044F
065C
06F1
05C8
02DF
FE86
F968
F477
F0C5
EF51
F0BE
F524
FBF0
03F0
0B8C
1119
133C
1141
0B4B
025D
F821
EE8E
E77B
E434
E538
EA1F
F1BB
FA60
0245
07E5
0A46
0927
04F7
FEB2
F7A5
F128
EC64
EA21
EAB3
EDFA
F36D
FA3E
017C
0836
0DA7
114F
1306
1306
11D9
103D
0EF9
0EAB
0FA0
11BD
147F
1719
18AA
1875
161A
11B9
0BEE
05B2
001F
FC2B
FA6A
FAED
FD42
0093
03E6
065B
075E
06CB
04DC
0210
FEF6
FC01
F969
F72D
F52C
F348
F196
F06A
F055
F1F9
F5D1
FBF1
03DC
0C7D
1451
19AF
1B34
181D
108E
059F
F930
ED89
E4DE
E0CF
E205
E80A
F15F
FBCD
04E2
0A7D
0B42
06E6
FE3E
F313
E7B7
DE8E
D98C
D9CB
DF59
E936
F588
0202
0C57
12AF
13FF
103A
084A
FDD4
F2E1
E96D
E2FE
E061
E186
E598
EB37
F0DA
F525
F73C
F6EB
F4A1
F14B
EE0D
EBF3
EBB6
ED96
F15A
F66D
FC0B
0174
0610
097F
0B94
0C42
0B8B
0975
060F
0186
FC39
F6C5
F1FD
EEC6
EDDC
EF9A
F3C7
F98C
FF98
046D
06C2
05EB
0213
FC3E
F612
F15E
EF91
F144
F5FD
FC40
01F5
0504
0400
FEA1
F5FB
EC3E
E427
E038
E1EE
E947
F4A3
0127
0B83
10DC
0FA7
0825
FC65
EFBA
E5DD
E1DF
E555
EFE2
FF54
103B
1EDE
283D
2AD1
26E6
1E61
141E
0B09
0541
038B
0531
0863
0AE3
0AD5
0763
0103
F950
F27D
EE92
EEBF
F2EB
F9B5
00DE
0605
0765
0471
FE0A
F63C
EFA7
ECA9
EEA1
F57B
FFA7
0A8C
1342
1768
15D8
0EF1
047D
F92A
EFC8
EA83
EA57
EEE1
F694
FF3F
06B7
0B6E
0CD4
0B5C
083F
0504
0304
030B
0537
0906
0DA3
122E
1606
18E3
1AC5
1BC7
1BEE
1B06
18A8
1467
0E14
05FF
FD17
F4D4
EEED
ECE4
EF91
F6CD
015A
0D1F
179B
1E87
2063
1CD5
14BE
09F2
FEB9
F53B
EEF7
EC7B
ED6A
F0BC
F52F
F9B9
FDCC
0170
050F
0924
0DE1
12F1
1775
1A3B
1A23
168D
0FA9
0688
FCEE
F4DA
EFFB
EF2E
F23E
F7EA
FE43
033E
0550
03E7
FF99
F9F5
F511
F2E2
F4A7
FA7F
035E
0D4D
15FC
1B5F
1C43
189C
1181
08E0
00F4
FBB3
FA57
FD20
035A
0BA0
1443
1BB0
20BE
22D3
21DD
1E2B
1840
10AC
07F9
FEAD
F55E
ECBB
E58A
E092
DE6B
DF57
E319
E8F0
EFB9
F621
FAF4
FD5F
FD1B
FA78
F638
F15C
ECE2
E98F
E7D8
E7E3
E99E
ECE2
F187
F769
FE54
05E6
0D75
140B
1883
19C5
1714
1056
0638
FA29
EE15
E3F9
DD6C
DB3B
DD33
E23B
E89E
EE8F
F2A1
F431
F37F
F18C
EFBD
EF5E
F138
F550
FAF4
00FA
0636
09E1
0BE5
0CE7
0E06
106B
14D0
1B21
225A
28BD
2C4E
2B64
2540
1A58
0C56
FDBB
F137
E8FF
E635
E8A6
EEE6
F6C5
FDF4
02B1
043C
02FB
003F
FDC4
FD10
FEEB
031B
086D
0D1C
0F5F
0E00
08C7
0097
F736
EED7
E97C
E872
EBFD
F34F
FCCE
0685
0EA0
13DD
15B7
1465
10A3
0B68
0598
FFE0
FAA8
F631
F2B5
F085
F009
F1A3
F585
FB7A
02D0
0A65
10E0
1504
160E
13F2
0F6C
09D4
04C2
0198
011E
0342
0721
0B4C
0E37
0EB3
0C4F
0774
0146
FB4A
F6EC
F514
F5EB
F8D6
FCBF
0071
030E
044D
0491
04B6
05B2
082E
0C32
110C
1576
17FA
1767
1340
0BEE
02B6
F962
F1C4
ED33
EC34
EE62
F2A3
F793
FC07
FF74
0218
04DD
08F5
0F4E
181D
229B
2D15
354D
391B
3711
2EF5
21EF
1248
02E6
F689
EF1D
ED48
F053
F67C
FD88
0375
070A
081F
0786
06A1
06C9
08C0
0C55
1064
132D
12E8
0E6B
05A7
F9D1
ED2B
E274
DC29
DBD4
E193
EC0B
F8BF
04B3
0D39
109A
0E82
07FF
FF23
F661
EFDF
ECE3
ED8D
F0E9
F54B
F8E1
FA3B
F8B2
F487
EEBE
E8C2
E3EF
E134
E0D8
E27D
E555
E872
EB1F
ED14
EE82
EFF4
F20A
F531
F96D
FE3F
02C0
05E0
06AE
04A7
FFE0
F90F
F162
EA43
01C4
FDE0
FCA3
FE9C
0380
0A3A
113A
16DF
19ED
19E1
170B
1271
0D7B
0986
0782
07BB
09CF
0CDD
0FD7
11DA
126D
11A1
0FF7
0E2B
0CE9
0C94
0D28
0E42
0F4B
0FB8
0F3A
0DE2
0C10
0A4E
0914
088F
0889
086C
0776
04FC
00AC
FABB
F3E4
ED3D
E7E9
E4C4
E41D
E5A0
E86A
EB55
ED52
EDC3
ECAA
EAAB
E8D3
E83E
E9B0
ED4F
F289
F83B
FD08
FFC8
FFEE
FDBE
FA48
F71A
F5CA
F77C
FC76
0401
0C8C
140E
1899
18DB
1483
0C5C
0211
F7C4
EF7E
EAA8
E9BC
EC36
F0CD
F5DE
F9E8
FBF0
FBBD
F9CE
F71E
F4C2
F390
F3DA
F55E
F76C
F927
F9DE
F94A
F7AD
F5B9
F45C
F465
F646
F9DB
FE79
0310
0680
07E6
06E3
03B2
FF1A
FA31
F613
F392
F308
F447
F6B9
F98F
FC09
FDA9
FE49
FE1E
FD90
FD0F
FCE9
FD30
FDBF
FE55
FEB7
FEDA
FEF0
FF61
00A1
0301
067F
0AA7
0E9C
1146
119B
0EF0
0944
0157
F89A
F0EA
EC23
EBA8
F005
F8B5
0434
1042
1A62
2068
20F9
1BDB
1207
0572
F89B
EDF9
E76D
E5DB
E8FE
EF80
F757
FE43
025C
0283
FE9B
F78B
EEFA
E6DF
E108
DEAB
E01D
E4D0
EB77
F268
F805
FB24
FB4E
F8D0
F49B
EFF9
EC31
EA2F
EA51
EC52
EF6C
F296
F4CB
F555
F3F6
F0EB
ECDB
E89D
E505
E2B7
E20C
E316
E5B7
E9BE
EEFF
F55A
FCAE
04BA
0D07
14D0
1B11
1EB1
1EBF
1AC2
12EC
0835
FC3F
F10B
E88A
E42C
E484
E91E
F09D
F90C
0062
0507
063C
0447
005B
FC39
F9AD
FA0C
FDCD
0471
0CA5
14AC
1AE1
1E31
1E60
1C15
1895
1551
1366
133B
1456
1580
1529
11F1
0B2C
0131
F55F
E9D8
E0EE
DC83
DD7B
E375
ECD4
F72C
FFE0
04D7
0509
00C1
F983
F194
EB52
E88A
E9F5
EF0A
F62D
FD2E
01EF
0301
000D
F9EA
F259
EB7D
E744
E6D7
EA50
F0BF
F87B
FFA8
04C0
0705
06A6
04A1
0261
0144
021D
04F0
08E9
0C9E
0E7C
0D43
086B
0053
F62A
EBA2
E27C
DC19
D926
D988
DC7E
E0F0
E5CE
EA62
EE7A
F258
F67E
FB5F
0112
0730
0CD6
10E9
1263
10B9
0C12
0557
FE00
F7BC
F3F5
F374
F622
FB14
00CB
05A5
0859
0855
05E2
020D
FE4B
FBFE
FC03
FE62
0240
0621
084F
076E
02E7
FB33
F1C7
E8C5
E274
E0A4
E438
ECE0
F92F
06EE
13AA
1D43
226B
22DA
1F48
191D
1203
0B6A
062F
027D
FFDD
FD81
FA9E
F6C4
F20D
ED22
E908
E6D6
E75A
EAD9
F0F0
F8A9
00B1
07AB
0C81
0E99
0DEA
0AF2
0681
0182
FCC8
F8EB
F63E
F4DB
F4BB
F5C6
F7DF
FADE
FE80
0256
05C4
080C
087B
0698
0255
FC34
F53E
EEDC
EA8C
E97E
EC48
F2A6
FB80
0518
0D6D
12B5
13C8
1072
0981
009C
F7DF
F161
EEB7
F099
F6BF
FFF6
0A6E
1421
1B44
1E9F
1DC0
1903
1166
0852
FF4F
F7C2
F2C4
F106
F2CB
F7F3
0003
0A34
157B
20A3
2A5F
3177
34F0
3442
2F7B
2750
1D11
1276
0954
0346
0158
03D1
0A1D
12EE
1C7A
24DA
2A6A
2C17
298E
2342
1A4A
101B
0644
FE1F
F89C
F627
F6A4
F98B
FE0D
0338
0824
0C0E
0E6B
0EEF
0D93
0A8F
064E
016A
FC93
F87E
F5CD
F4F9
F63C
F986
FE7D
0483
0AC9
106D
1495
1690
15EE
1297
0CD0
053D
FCCE
F4AB
EE05
E9F2
E938
EC2E
F29D
FBC7
067D
1150
1AD2
21D8
25AE
2638
23E8
1F99
1A56
1517
1084
0CDC
09F9
076F
04C7
01B3
FE35
FAA5
F793
F596
F50C
F5ED
F7BB
F9A3
FAB4
FA3B
F803
F486
F0D9
EE6E
EEAB
F271
F9C8
03B7
0E6B
17A1
1D33
1DB6
18E1
0FB1
0438
F91C
F0E7
ED61
EF1C
F553
FE27
0728
0E07
1132
1039
0BDA
05B5
FFBB
FB91
FA0E
FAFF
FD46
FF46
FF77
FCF5
F7D8
F13F
EAF6
E6EB
E689
EA38
F12A
F986
00EB
0524
04CB
FFC1
F739
ED66
E4D6
DFB6
DF29
E2FC
E9B7
F118
F6CE
F936
F7E5
F3CF
EF03
EC02
ECF6
F2EF
FD79
0AA0
1760
207D
2363
1EEB
13BD
0439
F3E4
E68C
DF53
DFF4
E859
F6BD
082B
194B
2739
302A
33BD
32E2
2F67
2B5D
2874
2783
2864
2A18
2B29
2A27
261D
1ED1
14D3
0948
FD96
F309
EA88
E472
E0A9
DEBD
DE23
DE6D
DF63
E107
E379
E6D0
EAFE
EFBD
F499
F909
FC9A
FF0C
0066
00E7
00F4
00EC
0107
0144
016B
0127
002C
FE5D
FBE0
F926
F6CE
F579
F5A4
F775
FAB3
FEC9
02E7
0634
07F9
07CF
05AD
01EE
FD35
F855
F428
F175
F0D8
F2B3
F721
FDF1
069E
1055
19FC
224C
27FD
29FE
27AF
2110
16DF
0A86
FDEC
F31E
EBEB
E980
EC2B
F33C
FD2E
07F1
115A
1795
1982
16E8
106E
0766
FD7B
F44A
ED10
E878
E68E
E6E1
E8B6
EB4F
EE1C
F0DB
F396
F689
F9F8
FDFF
0278
06F3
0AC6
0D32
0D97
0BA1
0762
015C
FA6A
F39C
EDFD
EA5B
E91E
EA31
ED07
F0BC
F44B
F6CB
F7A9
F6D8
F4D2
F28A
F12E
F1DD
F558
FBBF
046E
0E15
16EC
1D1D
1F2D
1C69
151B
0A92
FEE2
F476
ED7E
EB6E
EE9F
F632
0043
0A5C
120E
1586
1406
0E0A
0528
FBA9
F3ED
EFD7
F059
F540
FD4D
0697
0F0E
1505
1796
16CE
138F
0F3F
0B55
08EA
086A
0980
0B3D
0C61
0BC6
08B9
032D
FBCB
F3C0
EC78
E748
E51D
E652
EAA6
F15A
F960
0195
08F9
0ECE
12A5
145F
141C
122C
0F08
0B41
077E
046A
02A3
02A0
0495
085D
0D77
1310
182A
1BCC
1D34
1C0B
1870
12FB
0C9A
065B
0138
FDE2
FCA8
FD6C
FFB8
02DE
061E
08CC
0A68
0AA8
097F
0717
03C7
000E
FC87
F9D6
F897
F93A
FBEC
0077
063F
0C49
116C
1485
14BB
11BA
0BCF
03E0
FB3A
F349
ED3B
E9BA
E8CB
E9D3
EBD4
EDBE
EECA
EEBC
EDF9
ED64
EE15
F0FA
F675
FE33
0723
0FB9
1652
19A1
1910
14E8
0E3F
06AD
FFDE
FB1F
F90C
F975
FB7A
FDE2
FF7A
FF75
FDA0
FA5F
F682
F2ED
F049
EECC
EE32
EDE0
ED2F
EBBA
E990
E744
E5BC
E5DF
E834
EC9A
F22F
F777
FAC6
FAC0
F6D3
EF82
E661
DDBC
D802
D712
DBA8
E50F
F139
FD34
05E9
08F1
053F
FB79
EDE1
DFCF
D4E5
D029
D345
DE22
EEE8
0274
1512
235B
2AEE
2AEC
240D
185C
0AAD
FDEE
F487
EFE9
F05E
F51F
FCA1
0503
0C7C
11B6
1408
137A
10B5
0CC6
08DD
0607
04F7
05DF
0866
0BB9
0EBB
1043
0F67
0BBD
0589
FDBD
F5D8
EF94
EC82
ED9C
F2F9
FBAD
05EB
0F66
15D4
1781
13C1
0B2C
FF81
F34A
E941
E3A9
E3C5
E98D
F3B9
0014
0C11
1569
1A9D
1B45
1806
124B
0BCC
060F
0207
FFE7
FF33
FF0B
FE84
FD05
FA79
F751
F459
F26C
F227
F3B0
F6A9
FA4F
FDB9
0020
011D
00C2
FF8C
FE2E
FD56
FD6D
FE7E
0033
0203
0363
0405
03EF
037B
0332
0391
04D5
06D3
0902
0A9C
0AE5
0971
0650
0220
FDE2
FAB7
F98A
FAC3
FE27
02E3
07CA
0BB0
0DC3
0DCB
0C36
09F1
0816
078B
08B2
0B44
0E65
10E6
11B1
1025
0C56
0717
01C4
FDE0
FCA3
FE9C
0380
0A3A
113A
16DF
19ED
19E1
170B
1271
0D7B
0986
0782
07BB
09CF
0CDD
0FD7
11DA
126D
11A1
0FF7
0E2B
0CE9
0C94
0D28
0E42
0F4B
0FB8
0F3A
0DE2
0C10
0A4E
0914
088F
0889
086C
0776
04FC
00AC
FABB
F3E4
ED3D
E7E9
E4C4
E41D
E5A0
E86A
EB55
ED52
EDC3
ECAA
EAAB
E8D3
E83E
E9B0
ED4F
F289
F83B
FD08
FFC8
FFEE
FDBE
FA48
F71A
F5CA
F77C
FC76
0401
0C8C
140E
1899
18DB
1483
0C5C
0211
F7C4
EF7E
EAA8
E9BC
EC36
F0CD
F5DE
F9E8
FBF0
FBBD
F9CE
F71E
F4C2
F390
F3DA
F55E
F76C
F927
F9DE
F94A
F7AD
F5B9
F45C
F465
F646
F9DB
FE79
0310
0680
07E6
06E3
03B2
FF1A
FA31
F613
F392
F308
F447
F6B9
F98F
FC09
FDA9
FE49
FE1E
FD90
FD0F
FCE9
FD30
FDBF
FE55
FEB7
04BD
038B
FF68
F99B
F3E6
F00B
EF4E
F221
F806
FFB6
077C
0DA8
1108
1127
0E64
09C7
04AB
0056
FDA4
FCD3
FD87
FEF9
0042
00AC
FFE9
FE24
FBEE
FA00
F8FD
F93B
FAA8
FCD5
FF20
00EA
01CD
01B5
00DD
FFAA
FE7E
FD85
FCA2
FB74
F981
F670
F23F
ED68
E8D5
E5AD
E509
E798
ED5D
F596
FEDC
0772
0DB3
1085
0FA1
0BB1
0624
00D0
FD7C
FD63
00EB
078C
0FFA
187E
1F6E
2395
2474
225A
1E36
1950
14E8
11E7
10AE
1112
127B
141C
1532
1533
13E1
1148
0DA8
0957
04A8
FFE7
FB59
F748
F410
F213
F1A9
F300
F5F9
FA1D
FEA0
028E
0507
0586
0416
0164
FE9E
FD2A
FE38
0263
0962
1202
1A59
2039
21C0
1DE2
14BF
07B7
F91A
EBAA
E1E6
DD72
DEAF
E4AA
ED68
F66F
FD7B
0115
00EF
FDF0
F9DA
F6C1
F65E
F98D
0000
0857
107F
1651
182B
1573
0EC1
05BA
FCA0
F5AF
F286
F3B6
F8A5
FFBC
06E1
0C0C
0DDA
0BE4
06D4
0028
F9C0
F54D
F3D4
F568
F927
FD79
008B
00D0
FD77
F6A9
ED85
E3E2
DBD6
D73C
D73E
DC10
E4E2
F00F
FB7B
0505
0AF7
0C5E
0931
024F
F948
F00C
E88A
E44E
E43B
E860
EFFA
F997
035E
0B6E
1037
10D3
0D38
063F
FD84
F50E
EEE7
ECA5
EF0D
F5D7
FFB9
0AA3
1436
1A4B
1B7D
1783
0F49
04C2
FA77
F2EB
EFFE
F26F
F9AC
03E9
0E91
16E3
1AA3
18AB
113A
05EA
F950
EE63
E7C2
E716
ECB1
F77A
053E
1332
1EA4
2592
271D
23A1
1C8D
13EE
0BE4
0616
0357
0381
0597
0821
099B
08E8
059B
000D
F940
F292
ED5D
EA9F
EABE
ED79
F206
F751
FC47
0022
0288
039E
03E5
0404
0494
05E4
07E6
0A2F
0C16
0CE4
0C0E
095A
04FB
FF86
F9DA
F4F3
F1B2
F0B2
F225
F5CD
FB06
00E0
0650
0A59
0C3E
0B9D
0886
0375
FD40
F6F3
F19E
EE29
ED25
EEB6
F28D
F7F4
FDF8
0391
07DA
0A30
0A4C
083F
045B
FF16
F8E4
F223
EB12
E3E1
DCC7
D61F
D077
CC8F
CB39
CD26
D2B0
DBA6
E738
F40C
0071
0ABB
119D
1476
137C
0FAA
0A80
059E
0255
014F
0263
04AD
06D3
0775
05A3
012B
FABC
F3BA
EDE0
EAC5
EB5B
EFA6
F6AF
FEBB
05C5
0A09
0A84
073A
013B
FA51
F482
F17A
F213
F616
FC48
02C7
078F
0905
0668
FFFD
F6F2
ED02
E3FB
DD46
D997
D8DF
DA78
DD7D
E12C
E530
E9B5
EF44
F66C
FF66
09BF
144B
1D49
22D6
237A
1EA9
1516
08AB
FC2A
F28B
EE33
F04E
F875
04B7
1212
1D34
2360
231F
1CA7
11CC
0577
FAE0
F4AC
F435
F936
01E5
0B7F
1313
1656
1444
0D63
0395
F986
F1E9
EEB8
F0A6
F6FB
FFD5
08B1
0F2B
11A1
0FA2
09F9
0263
FB0A
F5DE
F412
F5D5
FA56
001B
057B
091F
0A5C
0959
06E6
0427
022A
0188
023C
03AE
04F4
0538
040F
01B9
FF1B
FD8E
FE70
02BC
0AA5
1573
219B
2D11
35C2
3A13
3942
338A
2A09
1E75
12AA
083B
0028
FAC1
F7B8
F668
F61D
F657
F6EB
F7FB
F9CC
FC84
FFFC
03A5
069A
07D9
0690
026F
FBD4
F3D2
EBFA
E603
E35E
E4D1
EA40
F2AD
FC72
05A8
0C9F
1040
104C
0D5E
08B1
03C6
FFF1
FE0A
FE36
FFF0
023D
0404
0463
02F3
FFE2
FBDE
F7DA
F4C4
F33B
F364
F4E3
F6FF
F8E5
F9E8
F9C0
F8A2
F734
F659
F6EF
F98A
FE41
04A4
0BCB
1293
17E0
1AE2
1B43
1934
1559
109D
0BF3
081F
058A
0436
03CB
03B5
0352
0220
FFDC
FC97
F8AF
F4C2
F18E
EFCE
F015
F2B8
F7B2
FEA5
06D7
0F4B
16E1
1C7C
1F32
1E76
1A32
12D6
0946
FEBB
F48F
EC02
E60A
E32C
E374
E67F
EB9A
F1E9
F88B
FEB6
03C2
072A
0889
079E
0451
FEC7
F77C
EF4E
E777
E167
DE82
DFCA
E58B
EF25
FB05
06E2
102C
14A5
12FA
0B32
FECA
F081
E3BF
DBD0
DB0C
E23D
F054
02A0
1560
24B1
2D76
2E19
26E7
19ED
0A60
FBC2
F0F2
EB7B
EB42
EEAD
F340
F667
F64C
F264
EB97
E3F1
DDF9
DBE0
DEC8
E661
F0EF
FBC4
0406
0783
055C
FE46
F464
EAA6
E3FE
E287
E6EE
F047
FC4F
0809
1092
13E4
114E
099B
FEC4
F364
EA04
E485
E3C2
E781
EEAC
F7BF
0135
09DF
110F
1688
1A53
1C8A
1D2F
1C2C
196C
150E
0F8B
09BE
04C9
01C5
0174
03E9
086E
0D9D
11BB
1331
1114
0B75
0373
FAFA
F43B
F10D
F25E
F7EB
004D
0961
10EB
1545
15D4
1335
0EFE
0B27
0962
0A75
0DEB
1234
1520
149F
0F88
061C
FA1E
EE6C
E633
E3FD
E8D8
F3E9
0284
10D8
1AF1
1DD8
1870
0BD4
FB10
EA56
DDD7
D89D
DBC1
E627
F4E3
0416
1011
1659
1644
110A
0942
01FC
FDC4
FDD5
01CA
07CE
0D49
0FC7
0DD0
076B
FE20
F484
ED68
EAF3
EDFD
F5C5
0038
0A90
1238
158D
1455
0FC1
09F0
0537
034D
04BA
08AD
0D47
103E
0FB2
0AD6
0245
F7E6
EE52
E810
E6C0
EA98
F251
FB8A
038B
0825
0867
04EB
FFA9
FB50
FA62
FE5A
071D
12EE
1EE7
27D0
2B1E
27C0
1E7B
11BD
04EA
FB5D
F765
F996
009E
09A5
112D
1421
10C4
0737
F97A
EACE
DEC4
D834
D864
DEB7
E8DF
F398
FBA4
FEC3
FC5A
F596
ED09
E5D8
E2C1
E544
ED28
F88B
046F
0D92
1168
0ECE
065C
FA3B
ED7F
E354
DE1E
DEE2
E516
EEE0
F9AE
02F8
08F2
0AF4
098C
0629
0296
0054
0021
01BB
0401
0557
0432
FFA4
F7B9
ED8B
E30B
DA85
D610
D6FF
DD8D
E8C5
F6BB
04FA
1111
1919
1C13
1A14
1425
0BFF
0397
FCB7
F89A
F7BF
F9E1
FE1D
0337
07E8
0B2B
0C6B
0B97
0912
058C
01C5
FE59
FB9B
F985
F7C7
F5EE
F397
F09E
ED37
E9F5
E7A7
E723
E904
ED70
F3FA
FBA4
0312
08D3
0BBB
0B2E
0751
00FF
F9A2
F2D4
EDFE
EC02
ED07
F07A
F53F
FA02
FD9E
FF6A
FF5E
FE12
FC83
FBC5
FCAA
FF84
0412
098E
0EF3
1341
15C6
1644
14F6
1269
0F43
0C06
08EB
05DA
028A
FEB7
FA56
F5C0
F1A9
EEFC
EE91
F0D7
F59D
FBF9
0273
075B
093D
0755
01D9
FA01
F1C7
EB6D
E8E1
EB34
F23F
FCA2
080C
11D4
17A4
181E
1339
0A4C
FFBD
F663
F0CC
F093
F5F6
FFC0
0B96
168A
1DD7
1F8A
1AFB
10F3
037B
F561
E996
E28A
E1AE
E733
F20F
0046
0F5A
1CCF
2699
2B75
2B0B
25E6
1D47
12E2
088A
FFEA
FA48
F858
FA2E
FF3F
067D
0E85
15DA
1B26
1D78
1C6E
184D
11F2
0AA7
03E1
FEEE
FCAB
FD55
0079
050E
09B6
0D11
0E15
0C55
081F
026F
FCB8
F88C
F740
F992
FF7C
0830
1241
1BF2
239B
2806
28AB
25CD
2062
19D0
1394
0EED
0C8C
0C79
0E16
104F
11EA
11D9
0F7B
0AC6
0447
FCF9
F603
F06F
ECEE
EBAF
EC63
EE59
F0BE
F2D1
F41B
F483
F447
F3D5
F39E
F3E5
F4A0
F57B
F5F3
F58D
F407
F181
EE85
EBEF
EAAA
EB72
EE86
F38B
F98F
FF3B
032E
0459
0255
FD89
F719
F0A5
EBD8
E9F9
EB90
F03A
F6C2
FD72
028A
04BD
038B
FF68
F99B
F3E6
F00B
EF4E
F221
F806
FFB6
077C
0DA8
1108
1127
0E64
09C7
04AB
0056
FDA4
FCD3
FD87
FEF9
0042
00AC
FFE9
FE24
FBEE
FA00
F8FD
F93B
FAA8
FCD5
FF20
00EA
01CD
01B5
00DD
FFAA
FE7E
FD85
FCA2
FB74
F981
F670
F23F
ED68
E8D5
E5AD
E509
E798
ED5D
F596
FEDC
0772
0DB3
1085
0FA1
0BB1
0624
00D0
FD7C
FD63
00EB
078C
0FFA
187E
1F6E
2395
2474
225A
1E36
1950
14E8
11E7
10AE
1112
127B
141C
1532
1533
13E1
1148
0DA8
0957
04A8
FFE7
FB59
F748
F410
F213
F1A9
F300
F5F9
FA1D
FEA0
028E
0507
0586
0416
0164
FE9E
FD2A
FE38
0263
0962
1202
1A59
2039
21C0
1DE2
14BF
07B7
F91A
EBAA
E1E6
DD72
DEAF
E4AA
ED68
F66F
FD7B
0115
00EF
FDF0
F9DA
F6C1
F65E
F98D
15D0
100C
0B10
084C
087A
0B70
1040
158D
19FC
1C9B
1D1C
1BD3
197E
16EB
14A8
12CD
1105
0EBF
0B82
0739
025D
FDE1
FAEF
FA7C
FCE3
01A7
0779
0C8B
0F10
0DD3
08A5
0089
F780
F007
EC65
EE03
F4FD
000B
0CDA
18A7
2103
2476
22DB
1D58
15F0
0EE4
09FA
0803
08A7
0A97
0C0B
0B62
07AE
0104
F874
EFAA
E86A
E3FD
E2CF
E45B
E769
EA80
EC75
ECD4
EC06
EB2F
EBB9
EECD
F4D8
FD46
069B
0ED4
1405
14EC
1163
0A76
0220
FABC
F652
F604
F9AE
FFF6
06AB
0B6B
0C50
087F
0066
F599
EA6A
E147
DC20
DBF6
E0B4
E950
F42D
FF90
0A06
12AC
1935
1DC4
20B5
2259
22D4
221C
2011
1CAF
1828
12F6
0DC3
0938
05CD
039B
025B
017E
006E
FECD
FCA8
FA7F
F926
F972
FBE8
0072
0649
0C13
1047
119B
0F7E
0A54
0373
FCCF
F86B
F7BF
FB3A
020B
0A52
119A
1591
14BF
0EFF
05A5
FB2A
F28C
EE7C
F098
F8F4
060A
1519
22D6
2C4A
2F86
2C1F
2331
1706
0A78
0033
FA1C
F8FA
FC69
032A
0B8E
13F3
1B1F
206E
23BF
254A
255F
2439
21ED
1E7C
19F8
14A7
0F14
09FD
0625
0412
03DE
0521
070A
08A3
092A
085D
06A5
0504
04C7
0715
0C73
1471
1D9E
25C9
2A88
29DF
22DE
15F7
0500
F2CF
E287
D6D5
D143
D1D8
D725
DEBB
E5DB
EA45
EAD3
E7BF
E289
DD71
DAC4
DC25
E208
EB8E
F6B9
00FA
07E2
09C9
0635
FDF5
F2DE
E74E
DD8F
D758
D578
D7CE
DD7A
E53B
EDCE
F637
FDE5
04A4
0A71
0F43
12EC
150A
152E
1304
0E91
0856
014A
FABB
F5FD
F422
F5AD
FA75
01A9
0A06
1224
18C2
1D0A
1EAC
1DD4
1B04
16E1
1204
0CDD
07B2
02B2
FE11
FA1D
F73F
F5EA
F66C
F8CD
FCAA
0136
055B
07FD
083F
05D0
010A
FAF2
F4FF
F0C1
EF7C
F1D2
F78E
FFAE
089B
1088
15E6
17C0
15F7
1141
0AF7
04BB
0010
FDFC
FECD
0214
06C7
0B8C
0F15
106F
0F3A
0BB9
06BC
0166
FCE5
FA2F
F9CF
FBCB
FFB2
04BA
09F8
0E99
120A
1418
14EE
1500
14E9
1535
163E
180B
1A4A
1C5F
1D87
1D05
1A51
1540
0E18
0589
FC90
F44F
EDD0
E9D9
E8C6
EA80
EE7F
F3F0
F9DE
FF5D
03B2
066C
076C
06DA
0519
02A6
0006
FDAF
FBFA
FB1A
FB17
FBD1
FD00
FE42
FF2A
FF52
FE77
FC8B
F9BE
F680
F36C
F123
F026
F0AB
F28B
F540
F805
FA07
FAA4
F9A2
F74B
F46B
F21C
F183
F371
F826
FF22
073A
0ED1
143F
163C
143C
0E9B
0693
FDF4
F6B2
F26D
F20C
F589
FBFC
03E1
0B80
1164
14B0
1545
13B3
10F2
0E00
0B8C
09BC
082A
0616
02BD
FDB4
F730
F01A
E9E7
E636
E661
EB04
F3BC
FF26
0B1E
1540
1B80
1CB2
18DA
1131
07DE
FF67
FA0F
F93D
FD23
04AC
0DC0
15D1
1A7C
1A25
1461
0A0D
FD19
F00E
E56E
DF1D
DDF1
E18F
E886
F0C0
F80A
FCA4
FDB3
FB6D
F707
F259
EF56
EF88
F395
FB09
0464
0D6D
13BA
154B
110F
0738
F944
E9B0
DB73
D156
CD4D
D008
D8C6
E589
F390
0000
0896
0C32
0B11
06B5
0173
FDCB
FDB6
0215
0A69
14EF
1F0D
2603
27A6
22FF
1894
0A57
FB36
EE64
E695
E554
EAA6
F512
0201
0E66
1780
1B7F
19E5
1390
0A6B
00DF
F930
F4EA
F489
F777
FC47
012C
0484
0549
034D
FF40
FA67
F642
F411
F484
F78D
FC6C
01EF
06CF
0A09
0B27
0A5A
085D
063E
0501
0553
0751
0A7A
0DD0
1020
1057
0DD6
08AC
019B
F9F9
F35F
EF47
EEAA
F1BA
F7CA
FF6A
06BA
0BD3
0D43
0A6C
03B4
FA78
F0CA
E8F2
E4EC
E5E4
EBEB
F5EA
01D5
0D27
1573
18F9
170B
1036
061A
FAF9
F12A
EA7A
E7C1
E8B5
EC0A
EFE0
F251
F208
EEAC
E901
E2BE
DE0F
DCFF
E0DB
E9C5
F697
051D
1292
1C4B
2059
1DFF
15D6
09A2
FBDA
EF0D
E54F
DFC7
DE90
E0D3
E52D
EA21
EE8C
F1EA
F463
F69D
F968
FD5D
0293
0884
0E27
1238
1396
11A5
0C81
0508
FCAB
F512
EFB2
ED70
EE6F
F206
F6FA
FBD0
FF32
003F
FEBB
FB0B
F609
F0B5
EBEA
E81C
E545
E2F5
E086
DD65
D957
D4A3
D018
CCE2
CC41
CF38
D634
E0E8
EE41
FC99
0A09
14CF
1BAE
1E33
1CC5
1889
1312
0DFC
0A86
0941
09F5
0BAE
0D0A
0C9A
0950
02D1
F9A6
EF2B
E547
DE06
DB1E
DD83
E52B
F106
FF2F
0D55
192E
20EE
239A
212B
1A77
10F5
065D
FC47
F3E9
EDE5
EA50
E8D1
E8D2
E9B9
EB0F
EC93
EE34
F001
F20C
F45A
F6DB
F96E
FBF4
FE5B
00A5
02E9
053C
07A2
09F8
0BF4
0D30
0D44
0BEC
0923
0536
00B7
FC60
F8E1
F6B0
F5E8
F63D
F714
F7B0
F770
F601
F37D
F067
ED84
EBA2
EB58
ECD7
EFD7
F3AF
F787
FA99
FC6E
FD00
FCB9
FC4A
FC71
FDB6
003A
03B0
076F
0AAA
0CB0
0D23
0C15
09F4
0765
0503
0326
01C6
0083
FED0
FC38
F89F
F465
F05E
EDA4
ED3A
EFB2
F4EB
FBFB
0360
095F
0C80
0C03
0823
0212
FBAE
F6FE
F593
F815
FDFC
05B4
0D02
11A7
1206
0DA2
0547
FADD
F0DF
E9AE
E6E6
E8EE
EEE1
F6D2
FE5C
035A
0478
0197
FBC5
F4E7
EF22
EC3D
ED1B
F182
F83B
FF72
054C
086A
084B
0562
00DC
FC3C
F8DA
F781
F83C
FA69
FD08
FF20
0023
0026
FFDD
005D
02B7
078D
0EC4
1776
201D
26F4
2A78
29CC
24FA
1CF0
1338
098C
015B
FB70
F7C8
F5AC
F403
F1BF
EE44
E9A8
E4B5
E0B6
DF0C
E0C0
E625
EEAD
F8FC
0336
0B76
1044
10F3
0DC8
07E3
00EF
FAB3
F6A1
F57D
F73C
FB13
FFC2
03EF
068B
071A
05CD
036D
0120
000C
0105
044C
097A
0F9A
1567
19A4
1B77
1AA7
17B4
13BF
1046
0EB9
1019
14A3
1BA8
23A1
2A7A
2E0D
2CA1
2564
18AF
080F
F5FC
E561
D8FB
D2C6
D38C
DABE
E695
F480
01B6
0BD1
1149
11B6
0DC6
06F8
FF2A
F81E
F31E
F0C4
F102
F352
F6FB
FB59
0007
04E0
09E5
0F0E
1415
186E
1B4E
1BE6
19A2
146F
0CD8
03FA
FB44
F41D
EF7D
EDAC
EE26
EFC8
F12A
F116
EEEE
EAED
E61D
E20F
E062
E243
E7FE
F0E1
FB5A
0561
0D07
10FD
10EB
0D7D
0826
02A2
FE65
FC2B
FBC1
FC23
FBE0
F9AE
F4EC
EE01
E659
E013
DD6B
E008
E86A
F5A3
0570
14B0
201D
251A
224C
17F3
07D6
F4D1
E233
D2FF
C95D
C641
C967
D198
DD0D
E9E5
F67F
01A8
0AA6
111E
14F1
1622
14D0
1141
0BEC
058A
FF01
F941
F50E
F2C6
F246
F2E8
F3B8
F3BD
F253
EF71
EBBA
E860
E6CF
E839
ED34
F572
FFC3
0A55
132D
18AC
1A04
176A
120D
0BB3
063E
031E
02F2
0564
0951
0D32
0F94
0F8E
0CFF
088C
035E
FEB9
FB96
FA51
FA9F
FBB3
FC9A
FC95
FB66
F966
F75F
F63B
F6A0
F8A0
FB9F
FE76
FFCB
FE8A
FA50
F3A3
EBE4
E4F7
E0BD
E087
E4A9
EC5F
F5FC
FF61
069D
0A76
0AC2
0866
050B
028C
0267
053E
0AAF
1170
17BF
1BEF
1CEF
1A9E
15D0
100C
0B10
084C
087A
0B70
1040
158D
19FC
1C9B
1D1C
1BD3
197E
16EB
14A8
12CD
1105
0EBF
0B82
0739
025D
FDE1
FAEF
FA7C
FCE3
01A7
0779
0C8B
0F10
0DD3
08A5
0089
F780
F007
EC65
EE03
F4FD
000B
0CDA
18A7
2103
2476
22DB
1D58
15F0
0EE4
09FA
0803
08A7
0A97
0C0B
0B62
07AE
0104
F874
EFAA
E86A
E3FD
E2CF
E45B
E769
EA80
EC75
ECD4
EC06
EB2F
EBB9
EECD
F4D8
FD46
069B
0ED4
1405
14EC
1163
0A76
0220
FABC
F652
F604
F9AE
FFF6
06AB
0B6B
0C50
087F
0066
F599
EA6A
E147
DC20
DBF6
E0B4
E950
F42D
FF90
0A06
12AC
1935
1DC4
20B5
2259
22D4
221C
2011
1CAF
1828
12F6
0DC3
0938
05CD
039B
025B
017E
006E
FECD
FCA8
FA7F
F926
F972
FBE8
0072
0649
0C13
1047
119B
0F7E
0A54
F4A6
F74C
FAB4
FE84
0277
0657
09E1
0CBB
0E68
0E63
0C3E
07D0
015D
F9A2
F1BA
EAEC
E658
E4B2
E609
E9C0
EEB8
F39C
F742
F903
F8E7
F79F
F643
F5F1
F762
FA9E
FEE6
02E6
0519
044D
0019
F920
F104
EA0A
E681
E815
EF44
FB19
0953
16DE
2099
2422
2078
1644
07B4
F7ED
EA40
E155
DE89
E1A9
E919
F25C
FAD3
0075
0253
00C0
FD18
F937
F6D3
F6EF
F982
FD85
0149
0307
0178
FC3A
F3FD
EA48
E10F
DA1C
D691
D6A2
D994
DE12
E2A1
E626
E83C
E950
EA6E
ECD9
F18A
F8C9
01FC
0BC1
144A
19E0
1B61
189B
1253
0A12
01B0
FACA
F65C
F483
F493
F56A
F5E8
F559
F3C4
F1E1
F0DB
F1D9
F580
FB9A
02FC
09C6
0DDD
0D8D
0818
FE10
F14D
E490
DAD5
D697
D925
E246
F039
0025
0EC1
1920
1D5D
1B01
1309
079A
FB67
F10B
EA73
E87B
EAE4
F07F
F79D
FE80
03CD
06CD
0781
0684
04CF
036E
033D
04BD
07FD
0CA5
1209
1750
1B95
1E0F
1E2C
1BAD
16B6
0FD0
07DE
FFFF
F95D
F4F4
F35D
F4A7
F84D
FD52
027D
06A8
090E
0980
0874
06DF
05EC
069B
0961
0DFB
1367
181F
1A85
195B
142C
0B82
00DD
F65D
EE42
EA53
EB6A
F12E
FA23
0403
0C4E
10E6
1096
0B57
024E
F777
ED28
E577
E1C4
E270
E6DC
EDA6
F514
FB89
FFE8
01C7
0173
FFC0
FDBC
FC5D
FC40
FD87
FFE2
02B3
0548
0710
07C1
0767
0656
0509
03FB
037F
03A7
0444
04EF
052A
047B
0290
FF59
FB0C
F628
F15A
ED66
EB01
EAAA
EC8E
F078
F5D0
FBB0
010C
04E6
0682
0592
0248
FD53
F7B9
F29A
EEEF
ED51
EDCF
EFF6
F2EC
F5AF
F75D
F76F
F5E6
F345
F071
EE73
EE30
F030
F479
FA8E
0194
0884
0E66
1284
147D
1448
121D
0E54
094C
0361
FCE9
F64A
F008
EACD
E758
E65A
E84B
ED34
F495
FD6C
0656
0DDD
12CB
1473
12E1
0ED7
099D
04AA
0143
002A
016E
0476
0834
0B7E
0D68
0D88
0C11
09BC
0781
0645
0689
083B
0AB8
0D00
0E03
0CFE
09BE
04B6
FEEC
F9AF
F639
F55F
F74E
FB86
0100
067C
0AD9
0D62
0DF9
0D14
0B8E
0A5C
0A43
0B9B
0E39
1180
148F
1686
16BD
14ED
1136
0C0E
0619
FFFC
FA3F
F53B
F125
EE18
EC36
EBAA
ECAE
EF75
F413
FA62
01F1
0A0F
11DE
187A
1D22
1F57
1EED
1C06
16FD
1051
0888
0028
F7B3
EFB3
E8C1
E387
E0B0
E0CD
E42D
EABA
F3E5
FEB5
09E2
1416
1C2D
216C
239B
2308
2057
1C4F
1798
1296
0D56
07AA
0155
FA45
F2BC
EB5F
E51B
E0F1
DFA6
E189
E648
ECF9
F44F
FAE2
FF8F
01B5
0154
FEFE
FB97
F80B
F502
F2B3
F0EB
EF2E
ED06
EA40
E71A
E444
E2AB
E329
E629
EB6E
F1FD
F857
FCD9
FE3C
FC08
F6CC
F015
EA12
E6FA
E872
EEFD
F9C6
06C1
1322
1C19
1F8B
1CA9
142B
0824
FB78
F117
EB3E
EAE1
EF79
F738
FF99
0614
08DF
0761
0259
FB99
F579
F229
F30C
F858
0108
0B29
1463
1A98
1C72
19AE
131E
0A66
0185
FA50
F60C
F532
F770
FBDE
014C
0692
0ACC
0D72
0E4C
0D53
0A95
0617
FFE4
F81B
EF1C
E59C
DCA9
D58B
D182
D179
D5BE
DDD9
E890
F422
FEA8
0689
0ADA
0B99
09A8
068B
03F9
035C
0565
09D0
0F6F
1475
16F4
1568
0F31
04CA
F7C6
EA76
DF62
D8B0
D79D
DC30
E53B
F0A9
FBFF
04FC
0A25
0B12
0881
040D
FFB2
FD3C
FDBD
0146
06DD
0CCB
111A
122C
0F40
08B7
000A
F770
F145
EF65
F298
FA48
0495
0EC1
15E3
17A9
1304
087F
FA34
EB4F
DF4D
D91D
DA58
E2D6
F0B2
00BD
0F4A
191B
1C33
184F
0EF5
02FD
F7D3
F089
EF0A
F3A2
FCF1
085B
12C1
1963
1A9B
164C
0DE0
03D6
FB11
F603
F604
FAFC
036D
0CEC
14D3
18FA
1856
1337
0B2C
028F
FBD9
F8F7
FAC4
00D4
099E
12EA
1A6A
1E55
1DD3
1929
1192
08DE
00F3
FB52
F8C3
F93D
FC03
FFF4
03EA
070A
08FC
09E7
0A51
0ADA
0BF7
0DC2
0FE2
11A6
1236
10DB
0D38
077C
0069
F932
F346
F003
F06C
F4F0
FD49
0880
1510
2121
2ACD
306C
30DB
2BA1
210E
122C
00A3
EE7E
DDDB
D0A4
C840
C564
C7F7
CF1B
D95A
E4E9
EFF4
F8F4
FEE1
015F
00B5
FDB1
F972
F52B
F1E0
F040
F08C
F298
F5E5
F9C4
FD7F
0079
024D
02CF
0212
0054
FDEC
FB34
F87C
F5F8
F3BE
F1CC
F00E
EE70
ECED
EB9A
EAAF
EA81
EB73
EDDD
F1F2
F79F
FE80
05D9
0CAE
11EB
1493
13FB
0FF3
08DE
FFAB
F5B1
EC75
E562
E188
E172
E50A
EBAE
F450
FDB5
06A8
0E2E
13A1
16B9
1781
163C
134E
0F26
0A34
04E2
FF9D
FACF
F6E4
F439
F310
F380
F56B
F87D
FC38
000B
036B
05EA
0745
0762
0649
0411
00D2
FCA0
F78F
F1C7
EB96
E581
E045
DCBE
DBC1
DDE4
E34B
EB88
F593
FFF2
08F5
0F12
1139
0F14
0923
00A4
F752
EF09
E964
E766
E953
EEA8
F64D
FEDA
06EA
0D65
11AE
13AC
13B6
1269
1073
0E67
0CA8
0B62
0A97
0A34
0A24
0A5A
0AD2
0B82
0C4E
0D01
0D53
0CF4
0BAD
0974
067B
0333
0033
FE15
FD4D
FE01
0003
02D0
05B9
0813
0968
099F
0900
0825
07C3
0873
0A71
0D86
1101
13E8
1539
1440
10D8
0B91
059E
0094
FE0D
FF31
045C
0CEA
1747
2137
285F
2ACF
2790
1EF7
12A5
0545
F9F9
F39F
F420
FBE8
09B1
1AB3
2B2C
3729
3B68
3615
2740
10EC
F6AE
DCFB
C83A
BBE4
B9D1
C1E2
D215
E6FF
FC87
0EC0
1AA6
1EA3
1ABC
1066
0219
F2B8
E4FB
DAF6
D5D4
D5CC
DA45
E219
EBDE
F628
FFB5
0788
0CF0
0F8F
0F5A
0CA5
0825
02E5
FE2C
FB48
FB47
FEAE
0540
0DEE
16F3
1E2F
21A1
1FE6
18AB
0CD8
FE7A
F056
E54F
DFB5
E0AE
E7E8
F3A4
011D
0D32
1529
1757
1384
0AEF
FFF0
F561
EDDF
EB2F
EDE0
F53E
FFA2
0AF0
152B
1CE6
218A
2342
22BE
20D1
1E13
1AAF
1665
10C7
098D
00E7
F7B0
EF5C
E9AC
E839
EBED
F4AD
0131
0F45
1C3B
259B
29C3
2853
224E
19D5
1195
0C12
0AFF
0ECA
1686
2035
2955
2F8E
314F
2E26
26CF
1CE5
1265
0915
0216
FDA8
FB3F
F9D4
F85A
F62B
F349
F062
EE91
EEF4
F23B
F851
0048
0884
0F22
127D
11A8
0CB6
04C1
FB9F
F368
EDEB
EC2F
EE37
F30B
F901
FE3F
013B
0127
FE1B
F904
F356
EE97
EBF1
EBE7
EE3B
F20E
F633
F989
FB53
FB69
FA30
F875
F71D
F6DC
F7FB
FA4D
FD42
001F
0245
035F
0381
031B
02CA
031D
0461
0684
0918
0B7C
0D1D
0DAC
0D46
0C76
0C0D
0CDD
0F69
13AC
1901
1E3D
21FB
22FC
208B
1ABD
1280
096F
0167
FC16
FA7F
FCB6
01D4
082D
0DC3
10CE
1034
0BDB
04AC
FC59
F4E7
F022
EF27
F212
F801
FF4E
0605
0A68
0B63
08CC
0369
FCAE
F655
F1E6
F055
F1C8
F59E
FAA6
FF79
02DC
040E
02ED
FFEE
FBEF
F7F0
F4D4
F32C
F328
F4A6
F74C
FAB4
FE84
0277
0657
09E1
0CBB
0E68
0E63
0C3E
07D0
015D
F9A2
F1BA
EAEC
E658
E4B2
E609
E9C0
EEB8
F39C
F742
F903
F8E7
F79F
F643
F5F1
F762
FA9E
FEE6
02E6
0519
044D
0019
F920
F104
EA0A
E681
E815
EF44
FB19
0953
16DE
2099
2422
2078
1644
07B4
F7ED
EA40
E155
DE89
E1A9
E919
F25C
FAD3
0075
0253
00C0
FD18
F937
F6D3
F6EF
F982
FD85
0149
0307
0178
FC3A
F3FD
EA48
E10F
DA1C
D691
D6A2
D994
DE12
E2A1
E626
E83C
E950
EA6E
ECD9
F18A
F8C9
01FC
0BC1
144A
19E0
1B61
189B
1253
0A12
01B0
FACA
F65C
F483
F493
F56A
F5E8
F559
F3C4
F1E1
F0DB
F1D9
F580
FB9A
02FC
09C6
0DDD
0D8D
0818
FE10
F14D
E490
DAD5
D697
D925
E246
F039
0025
0EC1
1920
1D5D
1B01
1309
079A
09A8
0CE6
103C
1324
151D
15CC
1525
136C
112A
0EFD
0D6E
0CBA
0CBE
0CF5
0C99
0AE4
074D
01C5
FAD3
F386
ED3C
E952
E8C1
EBCF
F1EF
F9CA
018A
0745
0973
0752
011C
F7F6
EDAE
E441
DD61
DA09
DA4E
DD69
E1FE
E689
E9D2
EB3D
EAEB
E99B
E85F
E833
E9A9
ECB8
F0BD
F4BA
F7AF
F8F2
F86A
F69A
F46E
F2E4
F2B0
F3EF
F617
F822
F8E6
F78D
F3F5
EED8
E9B3
E661
E68F
EB28
F3FB
FFA5
0BE0
1615
1C19
1CC7
1864
108F
07D3
00F0
FE0E
0018
0679
0F42
17B9
1D26
1DA0
1899
0F0C
0329
F7B6
EF3A
EB44
EC06
F057
F623
FB21
FD96
FCE0
F9AC
F5B1
F317
F3B4
F861
0099
0A90
13B4
1977
1A1F
1564
0C9B
026C
FA13
F676
F944
026A
1009
1EEF
2B71
326C
3224
2AB7
1E11
0F5F
0229
F95B
F67F
F966
004D
0872
0EF2
119B
0F8D
0963
00F8
F8C3
F319
F174
F40E
F9DE
00ED
06FF
0A36
09A6
0585
FF15
F832
F2BA
F001
F06D
F36F
F7BA
FBBC
FE29
FE63
FCAD
FA10
F7F8
F7BE
FA22
FF08
0568
0B97
0FC0
106C
0D00
05F3
FCBD
F37F
EC72
E952
EAE9
F0D3
F99C
031F
0B0F
0F90
0FA8
0B6F
03FD
FB12
F295
EC1A
E881
E7D2
E958
EBF2
EE79
F025
F0C6
F0CA
F10C
F278
F5AD
FAAD
00C9
06BD
0B09
0C61
0A1D
047E
FCAF
F489
EE18
EB0F
EC46
F171
F92D
014D
0775
09BB
0737
004A
F695
EC86
E4BC
E14A
E327
E9E4
F3CD
FE5D
06F4
0B95
0B71
0726
008A
FA22
F667
F706
FC60
056B
0FF7
1955
1F16
1FC9
1B65
1351
09FE
0231
FE3B
FF48
0506
0DBC
16C6
1D51
1F2D
1B66
1289
0676
F9DB
EF6D
E935
E802
EB49
F15F
F80A
FD31
FF7F
FEBA
FBD2
F882
F6C2
F823
FD4D
05C5
1008
19F4
215C
249F
2314
1D30
145E
0A9B
01EE
FBEC
F964
FA44
FDBA
0285
0752
0B10
0D25
0D74
0C48
0A20
077C
04BE
0214
FF8C
FD21
FAD5
F8BF
F70C
F5E9
F577
F5B8
F68A
F7B5
F8FC
FA32
FB48
FC49
FD48
FE44
FF19
FF72
FEDE
FCF5
F985
F4C0
EF4C
EA30
E6A0
E5AD
E7F1
ED52
F4F2
FD58
04C9
09B9
0B3F
095C
0506
FFF1
FC16
FB2D
FE23
04D7
0E0E
17C1
1FA1
23B0
22CA
1CEC
1334
0791
FC3E
F330
EDA2
EBD5
ED21
F045
F3D7
F6B9
F86A
F91C
F988
FA96
FCFD
00EB
05E7
0AED
0EBA
103A
0EE9
0B0C
05AD
005A
FCB0
FBE0
FE4D
0360
09A3
0F24
11FB
10D7
0B60
025E
F78B
ED2B
E571
E1F3
E340
E8B9
F0BF
F91D
FF9D
0299
0164
FC6F
F52F
EDAE
E80C
E5EE
E812
EE23
F6CE
0011
07C0
0C09
0BE4
0752
FF61
F5ED
ED31
E74A
E5BB
E919
F0E9
FBBD
0783
11FB
192C
1BD2
1999
1328
09F7
FFF7
F721
F111
EEB5
F023
F4A9
FB06
01BC
0770
0B34
0CB8
0C47
0AAA
08DF
07D2
0818
09CE
0C90
0F9B
1206
1304
1220
0F57
0B25
065D
01F8
FEDA
FD95
FE4A
00A2
03E8
0736
09AD
0AA9
09E6
078A
0411
0031
FCA0
F9EC
F85B
F7DE
F820
F8A7
F8FE
F8E2
F859
F7B7
F78A
F873
FAED
FF26
04DF
0B70
11E7
173F
1AA6
1BB6
1A97
17FD
14F7
12AE
1209
1364
166C
1A24
1D23
1DF4
1B7E
1565
0C33
0150
F6AE
EE5C
E9FC
EA59
EF2E
F733
0072
08C1
0E51
1020
0E31
097B
0399
FE4E
FB03
FA65
FC45
FFAC
033A
0592
05C8
03A2
FFA1
FACE
F65F
F354
F226
F2B0
F441
F5EA
F6D7
F69A
F556
F3B1
F297
F2E5
F518
F919
FE45
039E
0822
0B22
0C7F
0CB3
0C9E
0D2F
0F03
121B
15CB
18E0
1A0A
184C
1366
0C02
0394
FBFE
F6F8
F58F
F7C2
FC7E
01EC
0603
0731
04E4
FFC5
F98A
F46C
F271
F4AE
FADD
0356
0B7A
107B
1041
0A1A
FF16
F1CD
E5B8
DE3B
DDAC
E4A4
F1D4
025A
1297
1F2D
25E7
263C
2150
196F
1138
0AB9
06CC
04EE
038F
00CC
FB4D
F2EB
E8FA
DFF7
DAC9
DBC3
E3B9
F186
0223
1168
1B30
1C9D
1503
0648
F470
E498
DB81
DC34
E71B
F9D5
0FDE
23CA
30D1
3420
2D9A
1FC9
0F14
0061
F7AB
F6DF
FD5F
0859
13B2
1B5E
1C99
16BC
0B57
FDA9
F18A
EA3A
E964
EEAF
F7F1
01F8
0993
0CA0
0AA5
04E8
FDE8
F879
F6C9
F9A3
002B
082F
0EE5
11DE
0FD8
092E
FFBF
F652
EFB8
EDE0
F145
F8C9
021C
0A82
0FB8
10AD
0DCC
08D2
042B
021B
03F7
09B0
11DB
1A2A
2037
2252
2018
1A97
13FB
0ECE
0D27
0FE6
1665
1E99
25B0
28EB
2679
1E0A
10EC
01B0
F362
E8B1
E32C
E2E5
E683
EBC8
F04F
F24B
F10E
ED29
E825
E3F4
E247
E403
E904
F039
F806
FECE
0373
0595
0591
043B
0273
00C7
FF41
FD76
FAD1
F6FC
F235
ED72
EA39
EA2B
EE78
F756
03BF
1186
1DD8
25F6
27FD
237F
19B4
0D33
013F
F8E3
F616
F92B
00BD
0A19
1205
15AF
137A
0B6A
FF1A
F144
E4F5
DCC3
DA28
DD3F
E4EB
EF46
FA3F
041E
0BDD
1128
142C
153A
147F
11E7
0D3E
067A
FE17
F550
EE0F
EA94
ECDA
F5DF
0523
187C
2C5F
3CA8
4597
44DB
3A41
27E6
11C3
FCB5
ED49
E689
E93F
F3C8
0296
1132
1B79
1EB9
1A5D
0FFC
02CC
F6A9
EEEF
ED96
F2AC
FC6F
07E0
11AD
171E
16C6
10D0
06CD
FB26
F060
E86C
E43C
E3AD
E5C3
E927
EC9F
EF75
F197
F37A
F5CE
F923
FDA2
02EF
0848
0CBF
0F90
1059
0F3B
0CC2
09B2
06C2
0462
02A2
0140
FFD3
FE08
FBC7
F949
F6FF
F562
F4BA
F4F8
F5AF
F633
F5E2
F460
F1D0
EED9
EC7B
EBBC
ED48
F128
F6A4
FC69
00EB
02E0
01B6
FDD1
F882
F3B5
F15A
F2CB
F856
010C
0AF6
139C
18B6
18DE
1401
0B69
0170
F8CB
F3C7
F39B
F802
FF4E
06DE
0BD6
0BF3
0631
FB14
EC8D
DD7C
D0F3
C978
C86D
CDD5
D864
E5EC
F3E8
0010
08C9
0D52
0DC4
0ADC
05B4
FF7E
F957
F429
F0A6
EF43
F032
F34F
F817
FD9E
02AD
05F2
0656
034E
FD1A
F4DA
EC5C
E5B0
E2A0
E421
E9F7
F2A5
FBC0
0285
049F
00D2
F76D
EA49
DC5B
D0F9
CAF5
CBDE
D397
E061
EF5A
FD4D
078D
0CA5
0CAF
0925
0461
00D2
0040
034C
0951
10B1
176B
1BCF
1D09
1B67
1835
1545
1449
1639
1AEE
211F
26BD
298C
27D0
20D8
1535
069A
F765
E9FE
E03A
DAF6
D9F9
DC35
E032
E490
E872
EB9E
EE6E
F179
F534
F99C
FE20
01BC
0358
022F
FE2F
F822
F18C
EC47
EA01
EBB6
F15C
F9DA
0351
0B9E
10F7
1266
1006
0AF2
04DB
FF83
FC2F
FB48
FC4C
FE0C
FF21
FE77
FBB7
F773
F301
F008
EFF8
F37F
FA3F
02D2
0B21
10FC
12B9
0FB5
0889
FEE0
F507
ED3F
E91E
E924
EC98
F1D2
F6BE
F980
F90F
F57F
F004
EA94
E757
E803
ED5C
F6F3
0344
1015
1B13
2262
2515
235C
1E63
17F3
11EF
0DCF
0C43
0D16
0F4C
1178
122C
1062
0BC4
04BB
FC56
F3FA
ED0B
E894
E713
E866
EBE9
F0A9
F5AC
FA2D
FDC7
0079
0295
0491
06DB
09A8
0CE6
103C
1324
151D
15CC
1525
136C
112A
0EFD
0D6E
0CBA
0CBE
0CF5
0C99
0AE4
074D
01C5
FAD3
F386
ED3C
E952
E8C1
EBCF
F1EF
F9CA
018A
0745
0973
0752
011C
F7F6
EDAE
E441
DD61
DA09
DA4E
DD69
E1FE
E689
E9D2
EB3D
EAEB
E99B
E85F
E833
E9A9
ECB8
F0BD
F4BA
F7AF
F8F2
F86A
F69A
F46E
F2E4
F2B0
F3EF
F617
F822
F8E6
F78D
F3F5
EED8
E9B3
E661
E68F
EB28
F3FB
FFA5
0BE0
1615
1C19
1CC7
1864
108F
07D3
00F0
FE0E
0018
0679
0F42
17B9
1D26
1DA0
1899
0F0C
0329
F7B6
EF3A
EB44
EC06
F057
F623
FB21
FD96
FCE0
F9AC
F5B1
F317
F3B4
F861
0099
0A90
13B4
1977
1A1F
1564
0C9B
026C
FA13
F676
F944
026A
1009
1EEF
2B71
326C
3224
2AB7
1E11
0F5F
0229
F95B
F67F
F966
004D
0872
E225
E3D8
E7AE
EC98
F18A
F5D3
F947
FC3E
FF55
0320
07D7
0D20
1217
1582
1634
1371
0D3E
0473
FA9A
F188
EAE8
E7C3
E840
EB97
F056
F4CC
F78D
F7DC
F5D9
F276
EF25
ED60
EE36
F1F1
F7FC
FF0E
057F
09C1
0AC9
0851
02E2
FBAA
F424
EDBC
E978
E7CD
E89B
EB55
EF35
F377
F782
FAF5
FD9E
FF65
0032
FFE2
FE56
FB84
F797
F300
EE74
EAD4
E8FC
E98D
ECBF
F249
F96A
0110
0812
0D6B
1071
10EB
0F13
0B7C
06ED
023D
FE32
FB73
FA7F
FBA9
FF13
04A1
0BE5
141B
1C29
22C1
2694
26A0
2271
1A57
0F6D
036F
F864
F027
EBF9
EC31
F024
F658
FCE8
0205
0473
03DC
00D4
FCA7
F8E1
F6D1
F71B
F97E
FCF3
FFFE
012E
FFA4
FB63
F55D
EF39
EAD2
E9A5
EC50
F255
FA32
01C0
06D8
07ED
048E
FD8F
F4D9
ECEF
E83D
E86F
EDFF
F811
04A9
1130
1B1A
207F
208A
1B94
12F7
08A6
FEAA
F6AC
F1A7
EFD6
F0D0
F3C9
F7DD
FC49
008C
0466
07BD
0A86
0CAB
0E09
0E83
0E13
0CE0
0B43
09B0
0894
082E
086E
08F2
091E
084E
0613
0267
FDC1
F905
F54A
F389
F452
F793
FC91
0208
0681
08B2
07D4
03D9
FD6D
F5CC
EE6B
E89C
E543
E4AA
E689
EA31
EECB
F398
F81B
FC20
FFA6
02B4
0535
06E4
0758
062A
032A
FE91
F915
F3D5
F01D
EF17
F171
F723
FF64
08CB
11A9
1872
1C1A
1C59
19AE
1533
1046
0C20
098B
08AD
0919
0A06
0A99
0A3A
08C4
068C
0439
0285
01F0
028B
03EE
0556
05EB
050C
0292
FEEE
FB0C
F812
F707
F873
FC2D
0154
0684
0A36
0B2B
08CF
0368
FC0A
F456
EE09
EA8C
EA92
EDED
F3A1
FA29
FFE4
037B
043F
0243
FE4D
F994
F564
F2C2
F22F
F38E
F640
F95D
FC09
FDB8
FE5C
FE70
FED3
0084
0455
0AA0
1318
1CBE
260C
2D34
3086
2ECF
27A7
1B98
0C18
FB50
EBB6
DF9C
D8B3
D7BA
DC50
E50D
EFCF
FA34
0221
063C
0635
02CE
FD9E
F89A
F58B
F588
F8A5
FDEA
0395
0797
0835
048C
FCE4
F2B2
E83F
E00F
DC36
DDBE
E457
EE62
F95C
0286
07A7
07A7
02DF
FB03
F2A4
EC80
EAB7
EE33
F660
0156
0C5A
149B
17FB
159E
0E2A
0393
F899
F00B
EC0E
ED95
F42C
FE28
091C
1281
1854
1987
162A
0F45
0678
FD7D
F5B6
EFE6
EC1E
E9E4
E880
E74E
E605
E4CA
E424
E4C7
E747
EBE1
F254
F9E2
017F
0809
0C93
0E9B
0E26
0BB1
080C
0421
00B7
FE44
FCDE
FC41
FBF3
FB6F
FA54
F889
F647
F412
F298
F287
F45E
F846
FDFE
04DB
0BE4
11FA
161A
1791
162C
124A
0CD0
0702
0232
FF7A
FF6D
01F0
0632
0AE0
0E75
0FA3
0DB4
08CD
01F4
FAE2
F59A
F3E3
F6CD
FE57
095B
15C4
20FE
2894
2AC7
26FA
1DDD
1145
03BF
F7FA
F02F
EDA6
F088
F7E7
0216
0D16
1713
1EBB
236D
2533
2491
2246
1F0E
1B7D
17F5
14B6
11F8
0FFE
0F12
0F75
1134
140C
175B
1A35
1B97
1AB1
1733
1171
0A66
037D
FE2C
FB88
FBE7
FEB8
029E
05D4
06B4
0445
FE9E
F6FE
EF87
EAAA
EA75
EFE2
FA72
082A
15FD
2092
2522
224B
187C
09F2
FA2F
ED20
E614
E6E0
EF60
FD83
0DCD
1C44
2572
2748
2191
15F4
076F
F97F
EF36
EA71
EB79
F10B
F8D2
0025
04CC
059C
02B7
FD6F
F7CC
F3E9
F355
F6A2
FD43
05C4
0E3A
14D2
1851
185C
1586
110A
0C6B
08FB
0780
0809
09FC
0C52
0DF5
0E15
0C64
092A
0523
0149
FE83
FD69
FE1E
0054
0368
069C
0948
0B09
0BCF
0BD1
0B6E
0B05
0AD1
0AD5
0ADD
0A8F
098A
078A
047D
0095
FC3D
F811
F4BE
F2EC
F31E
F5A3
FA82
0176
09EA
1305
1BBF
22FB
27B7
2935
2729
21D2
1A01
10F9
083E
0142
FD18
FC2C
FE29
01FC
0616
08C6
08A1
04EA
FDC2
F42D
E9D9
E0B8
DA82
D845
DA1D
DF24
E5AF
EBB8
EF62
EF7A
EBC6
E521
DD41
D650
D268
D307
D8BC
E305
F074
FF06
0CA4
178F
1EB9
21E6
2194
1EB9
1A6F
15A4
10EA
0C6B
0809
0391
FEF1
FA61
F661
F399
F2A7
F3DA
F70D
FB98
0073
0474
069F
066F
03FC
FFF7
FB76
F7A6
F56D
F52A
F692
F8CE
FAB6
FB30
F98A
F5B6
F059
EAA4
E604
E3C4
E4B2
E8EF
EFE9
F888
0179
0985
0FD2
1407
1646
16FC
16AA
15B0
142C
1202
0EF9
0AEC
05F5
007D
FB30
F6CC
F3E6
F2B3
F2EA
F3D4
F483
F41C
F231
EEEA
EB11
E7DF
E698
E824
ECB3
F391
FB46
01ED
05BF
059E
0174
FA58
F250
EBD4
E928
EBB3
F39C
FFAD
0D9E
1AA4
242B
2877
2710
20CD
178D
0DA2
052E
FF92
FD20
FD21
FE29
FE97
FD28
F953
F378
ECB8
E695
E27B
E14F
E336
E78D
ED2C
F2C1
F73C
FA17
FB72
FBF4
FC87
FDFD
00CB
04E2
09BB
0E86
1270
14E6
15B4
1505
133E
10C6
0DD3
0A50
05EC
0047
F92F
F0DB
E803
DFC9
D980
D64B
D6CE
DAEC
E1C8
E9F4
F1D4
F80D
FBE2
FD64
FD63
FD25
FDFB
00D4
05EB
0CB9
1419
1AA4
1F1D
20CD
1FB4
1C7C
183A
1410
10CE
0EB6
0D7C
0C6B
0AC0
07FE
042B
FFE0
FC1E
F9F7
FA30
FCF0
01A6
0721
0BEB
0EAE
0EA1
0BBB
06B9
00DA
FB7A
F7A5
F5C8
F59E
F654
F6E9
F698
F52F
F332
F1B6
F204
F51F
FB53
03F9
0D86
15E5
1B09
1B88
170C
0E80
03DD
F9B0
F26A
EFBF
F236
F910
0284
0C48
142F
18B9
1962
16AC
11D2
0C5E
07A9
0483
030E
02E0
0344
038E
0365
02D4
0236
01FE
0272
0381
04B8
0571
051B
037E
00F1
FE4D
FCB3
FD24
0014
051D
0AF8
0FBD
116F
0E94
06C3
FAE2
ED0F
E01B
D6D1
D32D
D5CB
DDB0
E88E
F36A
FB72
FECA
FD0A
F74D
EFC9
E917
E558
E58D
E94F
EEFE
F457
F742
F69A
F29C
ECEB
E813
E6BF
EAD1
F4B8
0328
135F
21D6
2B36
2D43
2772
1B0C
0ACA
FA10
EC05
E2D1
DF2E
E076
E50E
EB18
F112
F64A
FAE6
FF99
051B
0BA3
1292
187B
1B8A
1A29
13A9
08B5
FB5D
EEA5
E5BF
E318
E796
F23F
0063
0E5C
1893
1C90
19B6
1179
06E8
FDC2
F943
FB1D
02E0
0E07
18B2
1ECA
1D47
1333
020E
ED8B
DA98
CE15
CB7E
D3F8
E603
FDDD
167F
2AEC
3764
3A3C
341C
279A
185D
0A14
FF83
F9F7
F931
FBC7
FFCA
037B
05D2
06B0
06B2
06CD
07C8
09E1
0CA1
0F04
0FD4
0E1E
0992
02A8
FA83
F2A4
EC6F
E8D0
E803
E99B
ECC5
F0A6
F4AF
F8CF
FD5F
02E2
09A0
114F
18E9
1ECE
2122
1E5E
15E1
0849
F780
E663
D81B
CF55
CD8F
D2AD
DD00
E9B0
F584
FDB4
00A9
FE5A
F83F
F0D6
EAE8
E8B2
EB4C
F259
FC27
0633
0DD8
110E
0EF4
0804
FDEF
F327
EA3D
E542
E54C
EA46
F2FF
FD84
0797
0F29
12C5
11CE
0C8D
0414
FA06
F047
E8AB
E4AC
E52F
EA5B
F393
FF84
0C5A
180C
20BB
250A
246C
1F43
16CC
0CDD
037A
FC60
F899
F843
FA94
FE16
0114
0213
003B
FB8F
F4E5
EDA2
E757
E349
E225
E3D8
E7AE
EC98
F18A
F5D3
F947
FC3E
FF55
0320
07D7
0D20
1217
1582
1634
1371
0D3E
0473
FA9A
F188
EAE8
E7C3
E840
EB97
F056
F4CC
F78D
F7DC
F5D9
F276
EF25
ED60
EE36
F1F1
F7FC
FF0E
057F
09C1
0AC9
0851
02E2
FBAA
F424
EDBC
E978
E7CD
E89B
EB55
EF35
F377
F782
FAF5
FD9E
FF65
0032
FFE2
FE56
FB84
F797
F300
EE74
EAD4
E8FC
E98D
ECBF
F249
F96A
0110
0812
0D6B
1071
10EB
0F13
0B7C
06ED
023D
FE32
FB73
FA7F
FBA9
FF13
04A1
0BE5
141B
1C29
22C1
2694
26A0
2271
1A57
0F6D
036F
F864
F027
EBF9
EC31
F024
F658
FCE8
0205
0473
03DC
00D4
FCA7
F8E1
F6D1
F71B
F97E
FCF3
FFFE
012E
FFA4
FB63
F55D
EF39
EAD2
E9A5
EC50
F255
FA32
01C0
06D8
07ED
048E
FD8F
F4D9
ECEF
E83D
F965
F348
ED56
E8E8
E72A
E8C2
ED87
F481
FC13
026B
05F9
05E3
0247
FC3C
F586
F01F
EDA9
EEF1
F3B9
FABE
0213
07AA
09E5
0812
029C
FAF2
F326
ED58
EB29
ED45
F33D
FBA7
0485
0BCF
0FF7
1050
0D24
0796
0144
FBD6
F894
F822
FA79
FF01
04DD
0B2B
113D
16A7
1B2F
1EA7
20C6
211B
1F1E
1A63
12DF
091D
FE54
F43B
ECB7
E95A
EAEB
F115
FA5E
046F
0CAB
10DC
0FDE
09F7
00DC
F741
F019
EDC2
F143
F9F5
0596
10DF
1868
19A6
13A8
0777
F7DC
E8AB
DDC0
D9F2
DE49
E9B4
F954
0941
15A2
1BAD
1A69
12DC
07B0
FC61
F435
F14C
F412
FB2D
03F9
0B5E
0EC9
0CF2
063B
FC90
F2CF
EBE6
E9F4
EDA7
F609
00D1
0B0C
11FE
13E8
1088
091B
FFFF
F7F4
F358
F37C
F851
0080
09DD
1216
175B
18DB
16EE
12E2
0E81
0B7F
0AF0
0CFF
10EC
1556
18AB
19A9
17B8
1314
0CB0
05E5
0010
FC2B
FA96
FB0A
FCBA
FE97
FF9E
FF14
FCA9
F87E
F30A
ECFE
E721
E23B
DF07
DE2C
E02C
E54C
ED77
F81C
041D
0FE3
1990
1F5C
1FFC
1B03
1119
03F2
F5FF
E9EB
E1F6
DF6E
E255
E965
F268
FAD0
006F
020B
FFB5
FABB
F544
F1A7
F1B9
F642
FEC0
0989
1448
1CA4
20E9
2075
1BD9
149A
0CAB
05D3
0129
FECF
FE07
FD8A
FC11
F8DA
F3F5
EE4F
E964
E6C2
E77D
EBC1
F2B9
FABB
01C5
0617
06BC
03D5
FE92
F8D1
F48B
F335
F553
FA4E
00AF
069B
0A6D
0B3D
0924
0524
00C4
FD7C
FC1D
FC7F
FD7C
FD51
FA3D
F333
E85D
DB49
CE9E
C574
C276
C70E
D2E8
E3E7
F6A1
0737
1260
1640
12E9
0A43
FF7E
F620
F104
F190
F75E
006C
09CB
108B
12A7
0FA1
08AA
003C
F95A
F6A4
F984
01C5
0D95
1A11
240D
28FB
2790
2013
1435
0682
F9AA
EFCC
EA02
E841
E9A1
ECD3
F0AE
F494
F88E
FD24
02EE
0A24
1249
1A1B
1FDB
21D2
1EF4
1761
0C98
013D
F882
F545
F93E
045C
14A1
2681
35B1
3E3F
3D95
332F
20D3
0A24
F3C8
E245
D8EB
D90F
E1CE
F05C
00C9
0F07
17E5
19C2
14CD
0ACC
FE85
F2F0
EA76
E66E
E6F1
EB03
F10A
F754
FC9A
0044
0273
03D4
053F
0765
0A87
0E5F
123A
1535
1683
15AB
12AE
0DFA
084E
0277
FD23
F8B2
F533
F274
F022
EDFD
EBEE
EA1E
E8E3
E8AB
E9D4
EC8A
F0B3
F5EC
FB94
00EC
0532
07C1
0825
0630
01FC
FBEF
F4B4
ED31
E676
E197
DF8F
E108
E63B
EECC
F9CA
05C5
1106
19E0
1EFD
1FA9
1BFD
14D6
0BB5
0265
FAA2
F5BD
F460
F673
FB35
0174
07DA
0D39
10C3
1224
117A
0F34
0BE1
0809
0411
0032
FC8C
F933
F64E
F416
F2D5
F2CB
F412
F684
F9B5
FCFE
FFA2
00F9
00A8
FEB6
FB9B
F823
F53F
F3C4
F432
F68A
FA45
FE72
01E6
0388
0295
FED3
F8A3
F0F5
E919
E27B
DE57
DD7C
E023
E5E5
EDCF
F697
FEDA
0562
0962
0A9D
096D
06AF
038F
0148
00D6
02B9
06D2
0C61
1228
16B7
18C3
1781
12E3
0BAE
0358
FBBA
F698
F532
F7E3
FDFA
05DD
0D5E
1250
1312
0F0F
06EF
FC7D
F23A
EABB
E7F7
EABB
F266
FD09
07E3
1018
137A
1126
09CC
FF89
F55F
EE62
ECE8
F1D7
FC68
0A4A
1841
22FF
2809
2661
1ECE
13A4
0823
FF92
FC59
FF54
0793
1298
1CFA
234F
2311
1B47
0CC8
FA08
E676
D5AA
CA8D
C6B1
CA0F
D326
DF71
EC12
F67E
FD04
FF06
FCEF
F7E9
F171
EAF4
E588
E1D1
E013
E05B
E2A9
E70D
ED9B
F64C
00D0
0C68
17E1
21B3
284E
2A78
27A4
202A
154C
08F7
FD5B
F46A
EF62
EE83
F104
F553
F983
FBD4
FB2E
F76C
F16C
EACD
E58B
E370
E5A3
EC56
F6B7
031E
0F6E
1992
1FEC
21AC
1EF1
18B6
1091
0856
01B7
FDEE
FD8F
0072
05C8
0C4C
1283
1701
18A8
16D9
118F
0961
FF70
F533
EC41
E605
E381
E517
EA7A
F2B5
FC5C
05CF
0D91
128C
144B
1301
0F73
0ABB
0601
0231
FFC6
FEBD
FEA7
FEDD
FEBE
FDEA
FC63
FA8E
F917
F8B6
F9F2
FCF6
0177
06C4
0BF0
100F
1270
12CB
114C
0E83
0B38
0838
0621
0543
059B
06E1
08AB
0A8C
0C36
0D7E
0E5B
0ED1
0EDF
0E71
0D62
0B88
08CD
0543
0130
FD08
F955
F691
F506
F4B7
F55A
F672
F771
F7EF
F7C5
F725
F687
F685
F7A5
FA28
FDE4
024D
068A
09B9
0B2C
0AA1
085B
0519
01E1
FFBA
FF64
011C
048F
08EA
0D17
1004
10E9
0F79
0BEC
06DE
0120
FB77
F66C
F234
EEBD
EBD3
E950
E744
E602
E613
E803
EC29
F26F
FA3C
0280
09F1
0F5C
11FA
11B4
0F33
0BBD
08E2
080E
0A19
0F05
15EC
1D2F
22DA
252B
2305
1C45
11D4
0576
F968
EFD6
EA62
E9CA
EDD0
F550
FE9D
07E5
0F9D
14CA
1724
1703
152D
1290
0FFF
0E08
0CE2
0C78
0C8B
0CD2
0D15
0D3F
0D55
0D6A
0D8A
0DB1
0DC2
0D96
0D06
0BFA
0A72
0885
0658
040D
01B8
FF61
FD03
FA9E
F845
F627
F48A
F3BC
F3F6
F53D
F752
F9B0
FBA2
FC6F
FB8D
F8CE
F477
EF3D
EA1A
E619
E40D
E45F
E6F6
EB42
F06B
F58E
FA02
FD7F
0024
025B
049E
0734
09FE
0C6F
0DA0
0C9D
08B9
01DE
F8BB
EEB3
E5A0
DF5B
DD47
DFE2
E699
EFDA
F974
0127
0536
04E8
00B7
FA37
F3A4
EF46
EEC3
F2A4
FA1E
033D
0B62
0FF6
0F21
0853
FC7B
EDDB
DF82
D490
CF73
D153
D9C9
E703
F635
044D
0EA8
13AB
1310
0DDE
060F
FE06
F7EE
F541
F67A
FB16
01CE
0903
0F2D
1341
14E0
1460
129D
10AC
0F90
0FF0
11F8
1557
195C
1D30
2007
2153
20DC
1EC4
1B73
177E
137F
0FFC
0D51
0BA3
0AE3
0AD9
0B2A
0B6E
0B41
0A51
0873
05AA
022B
FE5C
FABD
F7D5
F615
F5BA
F6C2
F8E6
FBAA
FE7C
00D4
0256
02E6
02AE
0207
0161
011A
0166
023F
036E
04A5
05A4
0656
06E2
07A6
0910
0B72
0ED1
12C1
1667
18A4
1856
14B6
0DA5
03DD
F8EB
EEEB
E81B
E64D
EA6C
F42A
01F6
1146
1F1F
28C0
2C50
294F
20B7
14C8
0875
FEAE
F9A4
FA40
FFF2
08DF
1267
19DE
1D45
1BD3
1624
0E0B
060A
0099
FF78
032A
0AD6
147C
1D85
237A
24AC
20AB
185C
0DAD
030C
FAAF
F5F6
F50F
F6F5
F9C4
FB58
F9FB
F4EF
ECB9
E308
DA3C
D4C5
D469
D9C1
E3FF
F11F
FE66
091B
0F37
0FEB
0BC9
048C
FC94
F631
F2FD
F36B
F6B3
FB16
FE71
FEEB
FB8C
F498
EB8D
E2C2
DCC8
DBB8
E095
EB01
F94B
08D4
16B3
2071
2498
2309
1CEF
145E
0BC4
053E
021A
028C
05BF
0A1D
0DD4
0F54
0DB8
08F4
01C4
F961
F123
EA1E
E4E5
E17B
DF71
DE2F
DD39
DC68
DBFC
DC7D
DE7C
E249
E7AE
EDDC
F387
F72B
F77F
F3D7
EC72
E285
D80F
CF66
CAB0
CB57
D1AA
DCC2
EAAA
F8DA
04C3
0C6A
0ED7
0C3C
05DF
FDB6
F5E4
F035
EDB7
EE93
F220
F72B
FC63
00B1
0382
04D3
0511
04D9
04AB
04AF
04A6
0400
021B
FE8C
F965
F348
ED56
E8E8
E72A
E8C2
ED87
F481
FC13
026B
05F9
05E3
0247
FC3C
F586
F01F
EDA9
EEF1
F3B9
FABE
0213
07AA
09E5
0812
029C
FAF2
F326
ED58
EB29
ED45
F33D
FBA7
0485
0BCF
0FF7
1050
0D24
0796
0144
FBD6
F894
F822
FA79
FF01
04DD
0B2B
113D
16A7
1B2F
1EA7
20C6
211B
1F1E
1A63
12DF
091D
FE54
F43B
ECB7
E95A
EAEB
F115
FA5E
046F
0CAB
10DC
0FDE
09F7
00DC
F741
F019
EDC2
F143
F9F5
0596
10DF
1868
19A6
13A8
0777
F7DC
E8AB
DDC0
D9F2
DE49
E9B4
F954
0941
15A2
1BAD
1A69
12DC
07B0
FC61
F435
F14C
F412
FB2D
03F9
0B5E
0EC9
0CF2
063B
FC90
F2CF
EBE6
E9F4
EDA7
F609
00D1
0B0C
11FE
13E8
1088
091B
FFFF
F7F4
F358
F37C
F851
0080
09DD
1216
175B
18DB
16EE
12E2
0E81
FFD9
02E2
07A6
0D2F
123A
159A
169E
154F
127B
0F75
0DAE
0E34
114A
163E
1B7E
1F08
1EF7
1A28
10A2
03B6
F5C3
E9A3
E1E8
E028
E485
ED92
F8A7
0291
0862
0838
01B8
F624
E801
DA70
D060
CBDA
CD93
D4DF
DFFF
ECAA
F8AF
0271
0927
0CD3
0DFF
0D5B
0B6E
086C
0449
FEF3
F8A2
F20D
EC71
E951
EA0B
EF50
F8BE
04BA
10A7
1977
1C75
1809
0C4E
FB31
E81B
D731
CC4A
C9F9
D0DD
DF6F
F25A
0550
1419
1B9C
1A96
11D7
03F3
F48A
E748
DF00
DD03
E0EE
E8E5
F234
FA14
FE6A
FE45
FA04
F31E
EBB2
E5E6
E365
E4FC
EA7D
F2DD
FC7F
0597
0C82
1015
0FC5
0BAD
0486
FB82
F21E
E9EB
E453
E25B
E474
EA5A
F313
FD1B
06AA
0E1B
124D
12F0
109A
0CA6
08CD
06AA
0737
0A76
0F5F
1423
16B4
156B
0FA0
05FE
FA7B
EFE8
E934
E8A0
EF09
FB9C
0BF3
1CAC
2A47
3212
32DD
2D41
236A
186D
0F5D
0A6D
0A53
0E22
13AA
182F
194F
15C5
0DD6
0337
F88A
F090
ED47
EF53
F5CB
FE7D
06A4
0BC1
0C5F
088B
01C9
FA9D
F5C0
F541
F9DB
02B0
0D7B
1735
1CEB
1C97
15B4
0965
FA28
EB2F
DF8F
D97E
D9DE
E01A
EA74
F687
01EA
0ABA
0FE9
114D
0F70
0B3F
05BA
FFB3
F9C1
F444
EF8B
EBE6
E9B5
E94A
EACD
EE10
F281
F73C
FB3F
FDB5
FE3E
FD1C
FB2C
F9A8
F9C7
FC4C
0136
07A1
0DF6
1252
1313
0F60
077D
FCD1
F19A
E85D
E33F
E371
E8DF
F237
FD40
0779
0EBC
11C4
1070
0BB0
052C
FEBB
F9E1
F76B
F752
F8DD
FAF5
FC87
FCDF
FBCA
F993
F6D2
F423
F1F1
F058
EF36
EE51
ED91
ED27
ED90
EF6D
F341
F929
00A6
089F
0F9D
142B
1550
12F2
0DF2
080C
035D
01C3
0443
0A9C
1336
1B77
2071
1FB7
1816
0A0F
F7D5
E4D4
D4E2
CB43
C9D1
D080
DD5D
ED0A
FB9D
059B
08CD
04C5
FADF
EDD2
E0F3
D756
D312
D4DF
DC09
E6CC
F2EA
FE4A
077C
0DFA
1218
14C1
170B
19CF
1D65
2195
25B6
28F5
2A9F
2A5E
284F
24F0
20F4
1CFE
1970
164A
132D
0F7B
0A8F
03EF
FB79
F17A
E6A4
DBF5
D291
CB8F
C7D8
C7FF
CC2F
D41E
DF0C
EBCF
F8EE
04C9
0DDA
12EF
136E
0F80
081A
FEE6
F5F4
EF5D
ECD0
EF35
F674
0176
0E5B
1AE0
24DC
2AB0
2B9B
27D6
2071
170A
0D66
050F
FF06
FBA5
FAAE
FB72
FD19
FED9
0027
00C3
00AF
001A
FF3E
FE4B
FD60
FC92
FBF4
FBA9
FBDE
FCC6
FE83
0110
0432
077C
0A64
0C63
0D24
0C9E
0B26
095D
0808
07DD
094A
0C4D
1070
14D6
1879
1A5E
19DE
16C8
116E
0A90
0329
FC30
F662
F21A
EF4B
ED93
EC69
EB51
EA0C
E8B2
E7B4
E7C4
E9A2
EDE8
F4D7
FE34
0940
14CC
1F66
2797
2C27
2C56
2808
1FD3
14E4
08D6
FD66
F42A
EE40
EC25
ED9D
F1CD
F76B
FD08
0164
03A8
038F
0161
FDD0
F9C4
F613
F357
F1CC
F15D
F1BD
F298
F3B9
F51D
F6F2
F974
FCC4
00C2
04FA
08B3
0B1E
0B95
09DA
0639
0185
FCE8
F990
F850
F95C
FC2C
FF9C
0240
02D7
00BC
FC24
F629
F083
ED09
ED22
F14B
F8DD
0229
0AE0
10B9
1212
0E6E
069B
FC76
F268
EAAB
E6AF
E6B2
E9BD
EE07
F196
F2EE
F19C
EE64
EB04
E99E
EBFC
F2DA
FD8D
0A0B
1575
1CE1
1E40
1903
0E61
0107
F464
EBAC
E8EC
EC71
F4B6
FED8
0780
0BE1
0A9E
0435
FAD9
F1C7
EC42
EC8C
F328
FEA0
0BE6
1730
1D15
1B8D
128C
040D
F387
E4F6
DBBE
D9C6
DEF9
E965
F5D7
00C8
0758
0808
0305
F9F0
EF49
E5A8
DF01
DC39
DD10
E070
E4F1
E961
ED23
F049
F35B
F6F7
FB66
005A
04EC
07E0
081F
052E
FF7E
F873
F20D
EE59
EECA
F3B1
FC0D
05B7
0DF7
1246
1114
0A44
FF48
F2C4
E7DC
E158
E0E1
E695
F105
FDA5
0984
121B
15EE
14D9
0FF6
092A
0285
FDA0
FB37
FB0B
FC1C
FD14
FCC7
FA92
F685
F149
EBD8
E71E
E3B1
E1A8
E0B6
E062
E050
E077
E12B
E2F6
E64E
EB44
F14F
F753
FBE1
FDAB
FC03
F732
F093
EA48
E6AB
E797
EDC2
F85F
0536
1122
18ED
1A42
1468
089A
F9D2
EC0A
E334
E221
E9B8
F8AA
0BC3
1EC1
2D78
34E6
33FA
2BC5
1F1B
11B4
071A
01B4
0229
0755
0EBF
156D
18D1
178A
11BE
08F1
FF7C
F7C5
F37C
F31E
F5E5
FA19
FDB3
FF11
FD82
F980
F484
F083
EF40
F1B0
F79F
FFAF
07C0
0D8B
0F59
0C84
05AC
FC89
F369
EC82
E956
EA41
EE77
F448
F9B1
FD00
FD58
FAF3
F706
F35F
F1CD
F38E
F8E7
0106
0A38
125F
1788
1874
14EB
0DC7
04B9
FBD2
F504
F1A7
F23C
F660
FD04
04C1
0C3E
127B
16FD
19C9
1B3E
1BDC
1C0B
1BFC
1BA1
1AC8
1942
170A
145A
11AC
0F97
0EA1
0F0A
10A6
12D6
14A3
14F8
12EE
0E18
06B4
FDB8
F4B3
ED81
E9E3
EB13
F170
FC4F
0A0A
1845
245D
2BF9
2D84
288A
1DDC
0F6C
FFE6
F22A
E8B1
E50A
E78C
EF4D
FA5E
0641
1075
1703
18DF
160E
0F92
0714
FE7C
F779
F330
F20F
F3D5
F7BF
FCD0
0211
06C2
0A6F
0CDF
0E01
0DC9
0C2A
0915
0498
FEF9
F8D0
F2FD
EE88
EC61
ED18
F09F
F638
FC8B
01F8
0503
04C3
0131
FB40
F4A7
EF6F
ED61
EF76
F580
FE20
0712
0DC6
1019
0CF6
04B9
F92B
ED19
E39F
DF53
E18F
EA0D
F6EB
0528
1164
18C8
19B9
1449
0A23
FE1F
F379
ED05
EC79
F214
FCA9
0A01
1784
22E0
2A94
2E2A
2E28
2BB5
2823
247C
213C
1E4E
1B3B
1781
12EA
0DC6
08EC
057C
0489
06AC
0BBD
12C0
1A16
1FE2
2291
214A
1C38
148A
0C22
0520
0149
0193
05E3
0D1D
1573
1CEE
21EF
23A0
2220
1E68
19FB
1666
14D0
15A8
188A
1C6B
1FEB
21C0
2110
1DAB
1807
1112
09E8
037A
FE5B
FAA7
F818
F63C
F4B6
F36A
F28C
F28F
F3E8
F6D1
FB11
FFEB
0439
06B0
0640
026A
FB7C
F291
E95D
E1C0
DD4E
DCDC
E043
E65D
ED4F
F304
F5BA
F486
EF94
E826
E049
DA49
D81C
DADB
E278
EDBA
FA92
069B
0FB2
147D
14B7
1132
0B90
05CF
01B9
0076
0242
0670
0BAD
1061
1330
1351
10C6
0C4F
0732
02D9
006D
008A
0319
075D
0C29
102D
124E
11DE
0EBD
0950
0262
FAED
F3E7
EE1D
EA1C
E831
E86E
EAB9
EED0
F44E
FAAB
013B
073D
0BF6
0ECF
0F7D
0E1C
0B2D
0783
0410
01A3
00AB
0114
0242
033D
02FC
00BD
FC53
F64E
EFE9
EACA
E88C
EA4D
F046
F9A1
048F
0EAC
1588
1748
1323
099F
FC82
EE69
E231
DA45
D811
DBB0
E3EF
EEA8
F94F
0197
0602
0630
02E7
FDCA
F8E1
F609
F679
FA76
014F
0994
117B
1757
19FF
1914
150A
0F00
087C
0302
FFC6
FF6A
01E7
069B
0C76
123B
16C4
193B
193D
16E4
12B7
0D83
082D
037B
FFEC
FD9F
FC54
FB7F
FA76
F8A5
F5BC
F1D0
ED62
E942
E660
E586
E71F
EB10
F0B3
F6F9
FCB2
00DA
02E1
02DB
0172
FFBD
FEE9
FFD9
02E2
07A6
0D2F
123A
159A
169E
154F
127B
0F75
0DAE
0E34
114A
163E
1B7E
1F08
1EF7
1A28
10A2
03B6
F5C3
E9A3
E1E8
E028
E485
ED92
F8A7
0291
0862
0838
01B8
F624
E801
DA70
D060
CBDA
CD93
D4DF
DFFF
ECAA
F8AF
0271
0927
0CD3
0DFF
0D5B
0B6E
086C
0449
FEF3
F8A2
F20D
EC71
E951
EA0B
EF50
F8BE
04BA
10A7
1977
1C75
1809
0C4E
FB31
E81B
D731
CC4A
C9F9
D0DD
DF6F
F25A
0550
1419
1B9C
1A96
11D7
03F3
F48A
E748
DF00
DD03
E0EE
E8E5
F234
FA14
FE6A
FE45
FA04
F31E
EBB2
E5E6
E365
E4FC
EA7D
F2DD
FC7F
0597
0C82
1015
0FC5
0BAD
0486
FB82
F21E
E9EB
E453
E25B
E474
EA5A
F313
FD1B
06AA
0E1B
124D
12F0
109A
0CA6
08CD
06AA
0737
0A76
0F5F
1423
16B4
156B
0FA0
05FE
FA7B
096F
0483
FD0A
F472
ECB3
E7E1
E7A2
ECAF
F692
039E
1141
1C8F
22EB
22AC
1B85
0EA8
FE8D
EE65
E175
DA56
DA73
E1BE
EEB9
FED5
0EFD
1C32
2425
2590
2068
15C1
078D
F834
EA26
DF79
D9A1
D93E
DE15
E723
F2CA
FF11
09F6
11C2
1550
1448
0F32
0762
FEB6
F737
F2A3
F206
F577
FC06
03F5
0B1C
0F70
0F93
0B2D
0312
F917
EF9E
E905
E701
EA34
F1F9
FC8F
078C
107A
157F
15D0
11E5
0B4F
0446
FF05
FD2A
FF43
04A0
0B86
11A2
14AD
130D
0C47
0124
F388
E5F8
DAFF
D495
D3AA
D7FE
E040
EA6E
F45F
FC40
00FE
0267
0114
FE25
FAD7
F82A
F6A3
F636
F662
F676
F5D0
F420
F181
EE71
EBA4
E9C8
E94D
EA40
EC4D
EEDC
F148
F31D
F43F
F4F4
F5CD
F76A
FA3E
FE4D
031A
07B4
0AF0
0BBD
097B
043B
FCD2
F4B4
ED9B
E91E
E83D
EB17
F0D8
F7E7
FE4D
0238
027F
FEF5
F883
F0F6
EA8E
E773
E925
F01B
FBA3
0A09
18FC
2614
2F55
3392
3293
2D07
243A
19BC
0F05
053A
FD12
F6E6
F2D5
F0E4
F118
F369
F7A9
FD5A
0398
091D
0C71
0C41
07C3
FF0B
F335
E649
DAE0
D38C
D238
D79E
E303
F253
0291
1094
19C7
1CD8
1A08
1319
0AD0
0437
01C7
04B8
0CB4
17E4
2379
2C69
3040
2DC5
254B
1890
0A40
FD46
F405
EFCC
F091
F515
FB4B
00F5
0442
043B
00F3
FB64
F517
EFAA
EC61
EBDA
EDF3
F1EA
F6A1
FAEC
FDD8
FED7
FDCB
FAF7
F6E0
F22C
ED86
E992
E6E3
E5EE
E6FB
EA0D
EECC
F475
F9EB
FDE0
FF1B
FCD1
F6EE
EE3E
E45F
DB7C
D5CE
D510
DA02
E421
F1AE
000B
0C4E
13FC
15A3
1136
080F
FC94
F191
E987
E601
E745
EC51
F33A
F9CB
FE2A
FF64
FDA4
FA1A
F691
F4D2
F60F
FA7F
0142
08A2
0E90
113E
0FAC
09F4
0141
F784
EEE0
E919
E717
E8AE
ECB7
F16E
F4F8
F5F9
F3ED
EF57
E991
E46B
E1A3
E262
E6E8
EE71
F768
FFCC
05B2
07C3
0591
FFB2
F7A1
EF60
E904
E641
E809
EE61
F867
0486
10D3
1B6F
22E5
2667
25EC
221B
1C1C
154F
0F02
0A30
075A
067A
071F
0892
0A0E
0AF1
0AE2
09D4
07FE
05BC
0364
012C
FF14
FCF0
FA81
F794
F42B
F08B
ED37
EAD9
EA10
EB45
EE82
F36C
F955
FF66
04DD
093B
0C63
0E97
104D
11FD
13E0
15CE
173B
175B
156F
110F
0A6C
0267
FA70
F433
F129
F228
F719
FEED
07D2
0FAE
14A8
15B2
12D4
0D33
06BD
01A5
FFBB
01EB
07ED
1056
18F9
1F79
21F0
1F73
1847
0DCE
021D
F770
EF9A
EB99
EB71
EE53
F2F2
F7F4
FC54
FF94
01BC
0323
0427
04EB
0538
048F
026C
FE8E
F942
F375
EE92
EC28
ED6F
F2DF
FBE5
06F2
11CC
1A1A
1E07
1CBF
16AF
0D65
0329
FA55
F4B9
F326
F54B
F9E9
FF52
03FC
0703
086D
0913
0A3E
0D1C
1231
190A
2038
25B2
2770
2418
1B8B
0F12
012A
F4E9
ED2F
EBE0
F151
FC2F
09C9
16C9
200F
2380
2086
1827
0CAC
00F1
F799
F25F
F1AF
F4A8
F979
FDF9
0056
FF91
FBC5
F60B
F01F
EBDA
EAAF
ED4D
F37A
FC33
05F3
0F19
1645
1A95
1BC0
1A0C
1626
10FA
0B7C
068E
02E0
00E0
00A9
01FC
043A
067B
07AD
06D4
0350
FD1D
F4FA
EC62
E549
E1AF
E31F
EA35
F657
05BD
15C5
238A
2C99
2F8E
2C6C
249B
1A81
10DB
09F7
0721
084C
0C33
10CB
13F5
142D
1104
0B3B
047E
FECA
FBC0
FC0D
FF2C
038C
0711
07CF
04B8
FE0C
F557
ED07
E7A7
E70C
EBAD
F461
FE9E
0734
0B3B
0902
00A8
F42F
E701
DD00
D96C
DDE9
E9FA
FB10
0D31
1C06
2404
2360
1A83
0BE0
FB44
ECCB
E3C8
E1F9
E72F
F18A
FE20
09E4
1281
16E9
1771
1584
1304
1196
1215
1455
1747
196B
1969
1698
1146
0AAF
049D
00D4
0083
03DB
09F5
1115
1722
1A4E
1993
1507
0DD2
05D7
FF2D
FB89
FBC7
FFB7
062E
0D5F
1350
165D
1595
10E6
0911
FF75
F5B7
ED76
E802
E638
E86F
EE7C
F7C2
033F
0FA3
1B6D
250F
2B26
2CB5
295E
218A
1669
09CC
FDD0
F471
EF1E
EE67
F1DA
F828
FF78
05E5
09F4
0AF3
091B
056F
0167
FE7C
FDB6
FF66
0312
07A2
0BB8
0E1E
0E1C
0BAE
077E
02AC
FE76
FBE0
FB70
FD16
003E
040C
07A2
0A60
0C05
0CAC
0CAA
0C5C
0BF4
0B63
0A59
086B
0547
00DF
FB88
F5F4
F10D
EDB6
EC8D
EDBC
F0E7
F542
F9C7
FD7B
FFAC
001E
FF0E
FD15
FAF7
F960
F8B6
F8FC
F9DA
FAC1
FB1A
FA7B
F8CE
F657
F3A9
F17F
F08B
F14C
F3EB
F835
FDA2
0373
08D7
0D13
0FA1
1043
0F0B
0C56
08B6
04D8
0168
FEEC
FDAE
FDAF
FEA7
0019
0177
0245
0246
018F
008B
FFDC
0030
0204
056F
0A0C
0EFB
1316
153A
149C
110D
0B1B
03FE
FD51
F8A7
F726
F926
FE1A
04A3
0AF1
0F34
101D
0D36
06FD
FEBB
F625
EEE0
EA08
E7EC
E806
E938
EA36
EA00
E840
E571
E2BE
E1A8
E388
E916
F222
FD84
0965
13AC
1A90
1D0A
1B11
1599
0E41
06E2
0111
FDBC
FD05
FE56
00A8
02E4
0437
0449
0341
019A
FFE4
FE87
FDA0
FCFF
FC50
FB56
FA1A
F900
F8B3
F9E5
FD01
01E4
07BE
0D2E
1094
108E
0C72
04A2
FA9B
F0AB
E970
E71E
EAE3
F482
0245
115F
1E8F
26F2
28B5
238B
18B7
0AB4
FC90
F125
EA6E
E923
ECA6
F353
FB0C
01D5
0652
0812
0786
05BD
03F7
0339
03FD
0619
08D8
0B3E
0C59
0B83
088C
03B6
FD97
F6E9
F060
EA8E
E5E4
E2C3
E188
E29C
E664
ED1E
F6B7
02A7
0FDE
1CDF
27FC
2FAC
32E5
315B
2B9B
22E5
18E6
0F4A
075C
01BA
FE41
FC33
FA7E
F81E
F472
EF72
E9AB
E417
DFCF
DDB9
DE44
E14E
E630
EBEB
F171
F5DC
F8A2
F99A
F8F3
F712
F46C
F16A
EE64
EB9D
E959
E7DD
E775
E85B
EAA4
EE23
F264
F6B7
FA5A
FCAB
FD60
FCA1
FB0A
F982
F8F1
F9F7
FCAE
0090
049A
0791
0867
069A
026A
FCD5
F75A
F389
F281
F48B
F8F4
FE31
0244
035E
006D
F988
F005
E62F
DEB2
DBDB
DEEE
E7B1
F46E
024D
0E06
14BE
14BB
0DDE
01A3
F2C0
E472
D9A9
D454
D4FB
DAB4
E37F
ECE6
F4A8
F94F
FA78
F8D0
F5BF
F2EF
F1BF
F2EC
F663
FB64
00C7
056A
0883
09DA
09CA
0917
08A4
092A
0B00
0E02
11A8
152F
17D3
1902
1872
162B
1269
0D87
07DC
01B3
FB4D
F4F1
EEFB
E9E9
E64D
E4B3
E579
E8AE
EDFA
F4A4
FBB8
0239
0765
0ADD
0CC4
0DA9
0E5D
0FAE
1225
15D5
1A4E
1EB7
2206
2345
21DB
1DB3
1745
0F7A
0775
0050
FADE
F78A
F650
F6D3
F88A
FAEA
FD90
004E
032A
0643
09B4
0D74
1148
14C6
1769
18B1
1846
1613
1250
0D82
085D
03A8
0017
FE24
FDFF
FF7E
0224
053A
07EA
096B
0923
06C9
0277
FCAC
F634
F006
EB0F
E804
E738
E88B
EB77
EF2E
F2D7
F5C9
F7B2
F8B3
F94A
FA27
FBE7
FED3
02B6
06D1
0A0A
0B34
096F
0483
FD0A
F472
ECB3
E7E1
E7A2
ECAF
F692
039E
1141
1C8F
22EB
22AC
1B85
0EA8
FE8D
EE65
E175
DA56
DA73
E1BE
EEB9
FED5
0EFD
1C32
2425
2590
2068
15C1
078D
F834
EA26
DF79
D9A1
D93E
DE15
E723
F2CA
FF11
09F6
11C2
1550
1448
0F32
0762
FEB6
F737
F2A3
F206
F577
FC06
03F5
0B1C
0F70
0F93
0B2D
0312
F917
EF9E
E905
E701
EA34
F1F9
FC8F
078C
107A
157F
15D0
11E5
0B4F
0446
FF05
FD2A
FF43
04A0
0B86
11A2
14AD
130D
0C47
0124
F388
E5F8
DAFF
D495
D3AA
D7FE
E040
EA6E
F45F
FC40
00FE
0267
0114
FE25
FAD7
F82A
F6A3
F636
F662
F676
F5D0
F420
F181
EE71
EBA4
E9C8
E94D
EA40
EC4D
EEDC
F148
F31D
F43F
F4F4
F5CD
F76A
FA3E
FE4D
031A
07B4
0AF0
0BBD
097B
043B
FCD2
F4B4
1836
18A6
1321
07F5
F8AE
E7DE
D893
CDB1
C943
CC07
D543
E303
F291
0129
0C92
1392
160F
14DB
1150
0CD1
0868
0495
015D
FE89
FBF9
F9DE
F8C7
F971
FC6B
01AF
0861
0ECC
12BD
1211
0B73
FEE5
EE07
DBDF
CC37
C2A1
C183
C954
D85E
EB1B
FD0D
09F6
0EF9
0B6B
0102
F362
E716
E045
E18B
EB33
FB28
0D89
1DC6
27E6
299F
22F4
161C
06D7
F94B
F0D6
EF23
F3C0
FC63
05A4
0C10
0D2C
0826
FDFB
F118
E495
DB48
D700
D818
DD8D
E571
ED9E
F46F
F92C
FC28
FE73
0153
05AE
0B9C
124F
184E
1BF9
1C22
1882
11E7
0A02
02E2
FE4E
FD2C
FF2E
02DD
060E
0692
02E9
FACF
EF64
E2E5
D813
D166
D058
D4FD
DE00
E90F
F394
FB73
FFAB
0093
FFA8
FF01
0094
0580
0DA3
178F
20ED
2732
285E
23A3
19AC
0C7F
FEF2
F3EE
EDA4
ED02
F17B
F940
01CB
0896
0BCC
0ABA
05E9
FEDF
F79F
F206
EF4C
EFB6
F29A
F6A7
FA5A
FC7B
FC7A
FA8E
F79F
F4ED
F3AD
F4A4
F7EB
FCE6
0272
0732
09F1
09EF
070D
01CC
FB28
F456
EE7B
EA72
E8AA
E922
EB81
EF37
F3AA
F850
FCC6
00CD
0446
0722
0959
0AE5
0BBF
0BEA
0B76
0A85
094B
080A
0701
066B
066C
070F
0840
09D0
0B78
0CE6
0DC7
0DD5
0CE9
0B04
0854
0537
0227
FFAE
FE3F
FE23
FF5D
01A0
045C
06D1
083B
07FD
05C7
01AE
FC30
F61C
F070
EC23
E9F7
EA56
ED3D
F248
F8C4
FFD7
06A8
0C7C
10D4
136E
1449
1391
1196
0EB6
0B59
07DC
0496
01C8
FF9F
FE2F
FD70
FD44
FD7D
FDE9
FE58
FEAB
FED1
FEC7
FE8E
FE20
FD6A
FC4C
FAA5
F85F
F58C
F270
EF87
ED76
ECF0
EE8C
F296
F8F2
010F
09F7
1276
1957
1DA1
1EC7
1CC6
1819
119C
0A50
0323
FCC0
F775
F339
EFCD
ECE5
EA58
E83D
E6EF
E6F8
E8E1
ED01
F352
FB58
0428
0C94
1362
1794
18A1
1694
1213
0C34
0647
0186
FED5
FE8D
006D
03AE
0734
09D2
0A97
0908
0540
FFEF
FA33
F552
F26F
F23C
F4CB
F985
FF42
0494
081E
08F0
06C9
0235
FC6B
F706
F399
F33E
F641
FBFE
0300
095D
0D3B
0D58
0976
027D
FA53
F369
F010
F1D5
F8FD
045A
1182
1D5D
24F1
262B
2078
14FD
0657
F7FE
ED5A
E8E6
EB80
F42E
005B
0C80
1517
1784
12C5
07B6
F8D0
E982
DD49
D6C8
D728
DDDE
E8E0
F54E
0037
076A
09FA
0863
044A
FFF1
FD7E
FE60
02F0
0A5F
1308
1AED
204B
2212
2022
1B39
14AE
0DFD
085D
0470
0231
0112
0045
FF14
FD27
FAA6
F82E
F69B
F6BF
F91A
FDAE
03F1
0AEC
1172
1660
18D6
185D
14EC
0EDB
06CB
FD85
F3E3
EAC3
E2FB
DD4C
DA57
DA7E
DDC9
E3D0
EBB6
F43C
FBF8
0195
0427
0360
FFB1
FA34
F470
EFFE
EE23
EF82
F3F2
FA8A
01DC
0854
0C99
0DDA
0BF8
0782
017F
FB2D
F5AE
F1D9
F01C
F083
F2D8
F6C6
FBF6
0218
08D7
0FC5
1649
1BA0
1EF5
1F93
1D28
17EF
10CA
0929
02BF
FF1E
FF48
035A
0A71
12CB
1A2E
1E77
1E2A
18E7
0F90
0426
F954
F1C7
EF86
F367
FCD7
09EE
17E8
23C2
2AF3
2BF8
26A9
1C2D
0EAB
00B9
F4C9
EC9D
E8FC
E9A3
ED7F
F309
F8BB
FD67
0079
01F7
0260
0266
02AA
0384
04E6
066D
0788
07AF
0699
045F
017D
FEB7
FCE8
FCC5
FEA5
0266
0768
0CAC
110C
137F
135A
107B
0B5D
04FF
FEB4
F9DC
F795
F878
FC73
02C6
0A26
10FE
15C6
1754
151E
0F59
06EA
FD3A
F3E8
EC70
E7DD
E69E
E873
EC8D
F1C6
F6E7
FAF2
FD4E
FDDC
FCEC
FB13
F8F9
F72A
F5F5
F560
F539
F52F
F4F8
F468
F383
F272
F174
F0C2
F07A
F095
F0E7
F13A
F15F
F148
F111
F0F9
F14E
F24C
F400
F635
F874
FA1D
FA8D
F94C
F639
F19D
EC29
E6D9
E2BF
E0C7
E185
E50F
EAF8
F26A
FA4F
0192
0752
0B0C
0CAC
0C81
0B1D
0928
0731
058E
044F
0346
0221
0099
FE8E
FC26
F9D1
F833
F7FF
F9C6
FDC5
03C5
0B1C
12BE
1976
1E29
2019
1F1A
1BA0
16B3
11AE
0DF0
0C8A
0DEE
11D5
1744
1CC4
20B8
21C5
1F22
18CB
0F83
04A4
F9D1
F092
EA07
E6B5
E680
E8D6
ECED
F20B
F7BB
FDE3
04A9
0C45
14BF
1DB8
265E
2D80
31CF
323E
2E50
2656
1B74
0F71
0456
FBFC
F7A0
F79F
FB67
01A4
089F
0EA9
127C
1377
11AA
0DB0
086C
02BC
FD47
F861
F422
F089
EDB0
EBE5
EBAC
ED99
F212
F914
0206
0BC5
14CF
1BA2
1F22
1EF0
1B8F
164D
10F1
0D3C
0C6B
0EDA
13E3
1A08
1F5D
2215
2103
1BF2
13B3
09E1
006B
F907
F4BD
F3A9
F4FE
F75C
F942
F98D
F7D2
F476
F08B
ED69
EC3E
EDA7
F17C
F6D8
FC67
00D1
0327
032D
016E
FF08
FD4C
FD4F
FF8B
03AA
08A1
0CF1
0F1C
0E11
097E
01E9
F88E
EF12
E71B
E1F5
E056
E24F
E767
EED3
F7A9
0114
0A5A
12DE
1A07
1F36
21CE
2155
1DA5
1718
0EA6
05CD
FE51
F9D6
F96E
FD42
046A
0D18
14FF
19E9
1A54
15E2
0D83
033D
F9A8
F33C
F1A2
F53E
FD0C
06E7
1016
160D
1718
12C9
0A0C
FEE0
F3C1
EB01
E62D
E5B7
E8F5
EE68
F439
F8C7
FB0A
FACC
F890
F554
F22F
EFFB
EF23
EFA5
F130
F369
F618
F949
FD35
021C
07FD
0E6F
1493
1933
1B1B
1970
140D
0BA8
01C1
F84C
F137
EDE8
EED4
F363
FA14
00EA
0600
0811
06D0
0303
FE3C
FA60
F916
FB47
00D3
089F
10E0
17A5
1B5D
1B43
1791
1161
0A51
040C
FFCF
FE22
FEBE
00C0
02FC
0467
0465
02F2
0090
FE0C
FC26
FB49
FB5F
FBD6
FBD9
FA9C
F7B2
F348
EE2E
E9AF
E73B
E800
EC92
F4AC
FF34
0A73
1471
1B69
1E35
1C8A
170B
0F21
06AB
FF91
FB60
FAFC
FE76
0512
0D78
15FE
1D00
212E
21CC
1ECC
18C6
10D4
0850
008C
FA8F
F6E7
F593
F611
F78B
F913
F9E3
F991
F824
F60C
F3F4
F289
F23F
F321
F4CA
F682
F776
F6FF
F4E5
F17C
ED9C
EA6B
E90E
EA4E
EE5A
F4AE
FC32
038C
0981
0D58
0F12
0F6F
0FB0
112E
14E4
1B0D
22F4
2B14
316F
3419
31C1
2A1A
1DFC
0F3D
0041
F364
EA6D
E628
E649
E99C
EE69
F2F8
F606
F704
F624
F41B
F1CD
EFEF
EEC5
EE1B
ED66
EC11
E9D4
E6E5
E407
E25A
E302
E6C0
ED9D
F6CF
00D2
09C5
0FE6
1206
0FE1
0A2A
025C
FA4C
F3AC
EF9D
EE69
EF87
F1DB
F416
F528
F48C
F266
EF68
EC8C
EABC
EA85
EBF1
EE91
F1AF
F494
F6C9
F83E
F941
FA57
FBF5
FE4C
0122
03E3
05CC
0635
04D5
01E9
FE30
FAB3
F873
F816
F9A8
FC93
FFCC
022E
02DD
019F
FEF9
FC11
FA59
FB10
FED1
0550
0D4F
14EF
1A2F
1B7D
1835
10D6
06F0
FCB9
F477
EFE3
EFB1
F365
F97C
FFDB
046B
05A5
0301
FD05
F51E
ED33
E71B
E42E
E4F4
E91B
EF9B
F70D
FE03
0352
0647
06A7
04A3
00B7
FB8B
F5E2
F093
EC7E
EA81
EB55
EF5D
F675
FFCA
09DE
12B5
1836
18A6
1321
07F5
F8AE
E7DE
D893
CDB1
C943
CC07
D543
E303
F291
0129
0C92
1392
160F
14DB
1150
0CD1
0868
0495
015D
FE89
FBF9
F9DE
F8C7
F971
FC6B
01AF
0861
0ECC
12BD
1211
0B73
FEE5
EE07
DBDF
CC37
C2A1
C183
C954
D85E
EB1B
FD0D
09F6
0EF9
0B6B
0102
F362
E716
E045
E18B
EB33
FB28
0D89
1DC6
27E6
299F
22F4
161C
06D7
F94B
F0D6
EF23
F3C0
FC63
05A4
0C10
0D2C
0826
FDFB
F118
E495
DB48
D700
D818
DD8D
E571
ED9E
F46F
F92C
FC28
FE73
0153
05AE
0B9C
124F
184E
1BF9
1C22
1882
11E7
0A02
02E2
FE4E
FD2C
FF2E
02DD
060E
0692
02E9
FACF
EF64
E2E5
D813
D166
D058
D4FD
DE00
E90F
F394
FB73
FFAB
0093
FFA8
FF01
0094
0580
0DA3
178F
20ED
2732
285E
23A3
19AC
0C7F
FEF2
0CDA
0C4D
06DD
FDCC
F36A
EA72
E54E
E570
EAEF
F488
FFFC
0AB0
1262
15B7
1481
0FB5
0901
0249
FD14
FA2C
F987
FA6E
FBE1
FD08
FD85
FD99
FE01
FFA2
031B
0875
0EF6
1546
19C8
1B1D
189D
129D
0A74
022D
FBF8
F995
FBCE
0236
0B41
14AE
1C21
1FCA
1EDD
19C8
1208
09B7
02F3
FF46
FF40
0263
0754
0C53
0FC7
10B1
0EF8
0B5B
072E
03E6
02A3
03D9
0733
0BB0
0FF9
12CE
135E
117F
0DB0
08DE
0414
001F
FD51
FB72
F9DD
F7C6
F48C
EFFD
EA74
E4C8
E012
DD5B
DD51
E010
E51F
EB8F
F246
F844
FCEB
0015
020E
0362
04A0
0621
07E4
0994
0AB0
0AC1
0995
0765
04D0
02B4
01EC
0300
05F4
0A2D
0E96
11E0
12E4
10FA
0C34
0564
FDEE
F76F
F349
F244
F454
F898
FD93
0196
0336
01B5
FD38
F6C4
EFFD
EAB4
E86F
E9F9
EF2D
F6F8
FF9A
071C
0BC6
0C96
0976
0345
FB98
F455
EF37
ED66
EF30
F402
FA91
013B
0669
08FC
0886
055E
007C
FB2D
F6B8
F406
F36E
F4A5
F6DD
F90D
FA3D
F9D6
F7CA
F49E
F146
EEDD
EE5C
F04D
F4A7
FACA
01A5
07FD
0CBB
0F31
0F45
0D6D
0A92
07C6
0604
05E9
0796
0AAF
0E7F
122E
1505
1693
16CB
15F3
147C
12D7
113F
0FA6
0DB7
0AF9
0705
01B6
FB51
F484
EE47
E999
E73C
E76E
E9CF
ED6B
F0F7
F32A
F322
F0B3
EC89
E811
E526
E59D
EABF
F4E7
034B
1417
24BF
328D
3B38
3D6A
3906
2F33
2210
1434
081A
FF94
FB74
FB6E
FE47
023B
0579
069C
04FE
00D3
FB0F
F50F
F03F
EDB3
EDE5
F0A3
F526
FA53
FF06
0262
03F9
03E1
0296
00CE
FF38
FE4D
FE34
FEC2
FF91
0034
0056
FFE3
FF09
FE26
FDA9
FDE1
FEDC
0055
01C0
026D
01BB
FF4C
FB2F
F5EE
F076
EBE8
E955
E977
EC7B
F1EA
F8B4
FF6B
0492
06EE
05D9
016C
FA83
F294
EB62
E69A
E57C
E88B
EF74
F914
03B5
0D66
1457
173A
157F
0F69
0602
FAE0
EFD7
E6A7
E0AB
DEA7
E0B0
E639
EE36
F750
0028
078C
0CA3
0F0A
0ED7
0C8B
08F7
0515
01D9
000E
002F
025B
0650
0B7C
111A
165D
1A99
1D66
1EAF
1EB1
1DE4
1CCD
1BD8
1B29
1A8A
1973
1728
12EF
0C55
035E
F8A7
ED5C
E30E
DB61
D7B7
D8D7
DEB3
E85E
F430
0017
09FE
103D
11EC
0F0B
087B
FFC2
F6B1
EEFC
E9E1
E7F4
E916
EC96
F16F
F69B
FB50
FF2B
0235
04C6
0756
0A44
0DAD
1159
14C9
1758
1871
17BF
1549
117D
0D1A
08FB
05EC
0472
04AE
065B
08E0
0B80
0D87
0E7C
0E3A
0CFA
0B38
0993
089F
08B7
09E4
0BD3
0DE8
0F59
0F5D
0D5B
090D
0296
FA87
F1CF
E994
E30C
DF42
DEEC
E245
E8F9
F22A
FC8B
0692
0EB5
13AD
14B4
11AE
0B33
0276
F915
F0C8
EB0C
E8D9
EA6D
EF40
F620
FD71
0387
0702
0716
03BB
FDA6
F61E
EEAD
E8C6
E56B
E4FC
E71F
EAE6
EF0C
F24D
F3BD
F304
F073
ECEF
E9AD
E7DE
E857
EB4D
F03D
F608
FB36
FE59
FE74
FB49
F57C
EE79
E824
E467
E4B2
E992
F27B
FDD9
095B
127C
171F
160F
0F5F
0464
F776
EB60
E2AF
DF18
E0FF
E763
F016
F854
FD7A
FDBC
F8B0
EF71
E46A
DAB8
D565
D692
DEDF
ED2D
FED0
102D
1D96
2428
2288
1932
0A56
F951
E9CE
DEE8
DA6B
DC7A
E39F
ED4B
F696
FD12
FF6B
FDBB
F967
F4A6
F1CA
F288
F76E
FFB5
0972
1226
176B
17AA
1289
0906
FD32
F1A4
E8C4
E434
E46D
E8B9
EF7D
F6C1
FCCB
0091
01FB
01CA
0140
01A3
03C2
07AE
0CAA
116D
1492
1514
12AD
0DF9
0855
0373
00DB
016A
0507
0AA8
1094
14F1
164C
1416
0ED0
07EE
0168
FD22
FC53
FF25
0499
0AD3
0F9F
111D
0E5A
079E
FE6A
F50E
EE0A
EB52
EDC1
F4D2
FEC1
0904
1100
14BB
136C
0DA7
052F
FC74
F5DB
F318
F4BA
FA0B
0150
0857
0D17
0E4B
0BC9
0684
0042
FB11
F8AF
FA0C
FF11
06A9
0F1C
168E
1B7E
1D26
1BA2
17CE
12F5
0E63
0B06
0932
089B
0882
0807
0677
0393
FF9D
FB46
F76F
F4DF
F403
F4D0
F6CC
F93F
FB75
FD00
FDE6
FE9B
FFE0
027F
06FA
0D52
14EE
1CAD
2325
26F9
272F
2375
1C3D
12A7
0849
FEDA
F7D3
F42B
F428
F75E
FCCA
030F
08B9
0C80
0D81
0B5E
0647
FEF6
F689
EE5D
E7CF
E40D
E3D5
E755
EE11
F6F4
0078
08EA
0EC4
10FE
0F4E
0A42
0322
FBAE
F5B7
F2AB
F33E
F73A
FD8C
0486
0A52
0D6C
0D0C
0962
0385
FD37
F866
F6B1
F8EF
FEFD
07B8
1149
1996
1EC5
1FA5
1BF6
1461
0A48
FF63
F559
ED63
E822
E59C
E567
E6ED
E9A7
ED51
F1E9
F797
FE7A
066F
0EF5
1722
1DD5
21EE
22A5
1FC8
19D8
11FE
09CB
02E3
FE93
FD8B
FFAE
0422
0987
0E51
112B
1146
0E85
097B
0341
FD28
F86E
F5F4
F61A
F8B4
FD2B
02A5
0843
0D45
112D
13BA
14E4
14BB
1358
10CD
0D23
0866
02B9
FC66
F5E0
EFC2
EAB8
E763
E63A
E76E
EAE1
F02B
F6A7
FD97
043E
0A02
0E7D
1186
1329
139A
1320
1203
107C
0EB2
0CB8
0A95
0852
0605
03D7
0209
00E9
00C7
01E0
044C
07EE
0C69
1126
1566
185E
1959
17E0
13DA
0D96
05CA
FD7A
F5C9
EFC4
EC2F
EB59
ED0C
F096
F4EF
F8F8
FBB9
FCA2
FBB4
F985
F727
F5E8
F704
FB4E
02EA
0D30
18B3
2377
2B55
2E66
2B71
2240
13B9
01CD
EF23
DE9C
D2CD
CD77
CF32
D751
E3FF
F2A8
007E
0B0A
10A8
10D2
0C26
0430
FAFE
F29A
EC93
E9AC
E9BA
EBD3
EE9C
F0BF
F155
F02C
EDD7
EB82
EA9A
EC55
F14D
F937
02E1
0C67
139D
1694
1416
0BFE
FF4A
EFF5
E08B
D3A4
CB5D
C8E9
CC5D
D4BF
E046
ECCB
F83F
0117
0691
08C3
087B
06FD
05A4
0590
0762
0B20
103A
15B4
1A66
1D42
1D92
1B20
1647
0FE0
0913
031E
FF0C
FD82
FE91
01BA
05FF
0A20
0CE3
0D5C
0B2F
06A5
00A0
FA70
F578
F2DE
F33B
F673
FBB4
01AD
06E2
0A0C
0A70
0809
038C
FE2B
F93C
F5D9
F48B
F527
F6DE
F882
F8E3
F739
F368
EE11
E86F
E3FA
E201
E340
E7AA
EE67
F614
FD25
025A
0519
0593
04AC
03AD
03D1
05DB
09D0
0EF1
13F0
1757
1800
1576
101E
091E
0209
FC68
F940
F8CC
FA6D
FCE9
FED7
FF24
FD72
FA45
F6DD
F4D3
F584
F98F
0082
08D5
1049
1477
1391
0CEB
0150
F2E6
E4B2
D9D6
D4C8
D6A8
DEF3
EBA2
F9B4
05EF
0DB3
0F99
0BC2
03B5
F9E7
F10A
EB57
EA0A
ED26
F396
FB8E
0318
0896
0B1F
0A99
079E
0331
FE66
FA1D
F6DF
F4E0
F425
F4AB
F685
F9DF
FEDC
056D
0D1F
1508
1BDE
2031
20CA
1D06
1518
0A1E
FDEF
F2C2
EAAF
E73C
E904
EFA6
F9E6
0605
1229
1CC3
24CA
29C6
2BB9
2ADD
2775
21A9
198A
0F38
0316
F5F6
E91D
DE22
D69A
D3AE
D5BE
DC2E
E56F
EF55
F79F
FC88
FD45
FA40
F4F7
EF8F
EC36
EC77
F0C1
F83B
00FF
089E
0CDA
0C4D
06DD
FDCC
F36A
EA72
E54E
E570
EAEF
F488
FFFC
0AB0
1262
15B7
1481
0FB5
0901
0249
FD14
FA2C
F987
FA6E
FBE1
FD08
FD85
FD99
FE01
FFA2
031B
0875
0EF6
1546
19C8
1B1D
189D
129D
0A74
022D
FBF8
F995
FBCE
0236
0B41
14AE
1C21
1FCA
1EDD
19C8
1208
09B7
02F3
FF46
FF40
0263
0754
0C53
0FC7
10B1
0EF8
0B5B
072E
03E6
02A3
03D9
0733
0BB0
0FF9
12CE
135E
117F
0DB0
08DE
0414
001F
FD51
FB72
F9DD
F7C6
F48C
EFFD
EA74
E4C8
E012
DD5B
DD51
E010
E51F
EB8F
F246
F844
FCEB
0015
020E
0362
04A0
0621
07E4
0994
0AB0
0AC1
0995
0765
04D0
02B4
01EC
0300
05F4
0A2D
0E96
11E0
12E4
10FA
0C34
0564
FDEE
F76F
F349
F244
F454
F898
FD93
0196
0336
01B5
FD38
F6C4
EFFD
EAB4
02D4
FAD3
F58B
F44A
F76B
FE40
0741
1075
17F1
1C4B
1CF2
1A45
156E
100A
0BB1
0990
0A15
0CDB
10CD
1476
166C
15B4
1205
0BDE
0461
FD05
F731
F3DC
F34F
F518
F82D
FB40
FD1D
FD0A
FB02
F7BF
F48A
F2EA
F435
F92F
01C9
0D15
196F
24D9
2D66
31AF
3117
2BEE
2353
18E8
0E73
0576
FEE1
FAED
F92D
F8BD
F892
F7C6
F5D5
F2BA
EEE2
EB06
E7EF
E63E
E640
E7DE
EAA9
EDFF
F133
F3BD
F555
F5FD
F5F2
F599
F554
F569
F5EB
F6B8
F77D
F7D3
F759
F5D7
F34F
F012
ECB6
EA07
E8E6
EA16
EE12
F4E1
FDFF
085E
1288
1ADB
1FDB
2085
1C93
149A
09F8
FE96
F483
ED7B
EA86
EBBB
F03D
F67B
FC9F
010C
02D0
01E2
FF1F
FBFF
FA1A
FAA4
FE02
03A0
0A15
0F8C
1255
1177
0D0D
064F
FF47
FA3D
F904
FC60
03BF
0D4B
166B
1C84
1DC0
19AE
1173
0785
FF02
FABD
FC63
03E6
0F68
1BAD
2503
284F
2400
1896
089B
F7F9
EAF2
E4EC
E776
F1CD
0105
10CC
1C9E
2100
1C81
1027
FF31
EE3D
E210
DE50
E48E
F3E3
092D
1FE6
3342
3F60
4226
3B9A
2DB4
1BB1
0928
F928
ED95
E6EF
E484
E4EE
E6B1
E8C4
EAD3
ED39
F0B2
F5E6
FD02
057A
0E0C
1512
18EE
1888
13A8
0B15
0069
F5B2
ECF4
E7AB
E67E
E921
EE76
F4E4
FAB1
FE6B
FF21
FC86
F6E3
EEF5
E5C3
DC6A
D404
CD8C
C9CC
C952
CC59
D2B6
DBD0
E69F
F1CA
FBD8
0375
07B6
084F
05A6
00BA
FAEC
F5A6
F207
F0A1
F167
F3B9
F6A8
F944
FAE6
FB5F
FAFF
FA72
FA7D
FBB7
FE53
020C
0633
09EC
0C6F
0D46
0C70
0A5F
07CC
057A
03F6
036E
03A2
0405
03F5
02F7
00EC
FE27
FB53
F946
F8B8
FA07
FD0D
012A
0564
08B0
0A36
0993
06EC
02E6
FE76
FA9E
F82B
F78B
F8BC
FB5C
FECF
0272
05C0
0869
0A4F
0B73
0BE1
0B90
0A65
0839
04EE
008B
FB48
F592
EFF7
EB06
E72A
E494
E32F
E2B5
E2C9
E31F
E39D
E464
E5C2
E816
EBA3
F068
F60D
FBEA
0127
04EF
06A8
0619
037C
FF74
FAE1
F6B9
F3CE
F2B3
F3AB
F6B2
FB8B
01D8
0922
10DB
1854
1EBA
2318
2472
21F7
1B39
106A
0274
F2F9
E412
D7F4
D07C
CEC4
D2DB
DBC1
E79C
F427
FF37
073D
0B92
0C8F
0B55
0969
0836
08A2
0ACD
0E14
1154
134B
130C
104E
0B86
05CE
0089
FCF8
FBDA
FD2B
002D
039A
0610
067B
046A
0035
FAE5
F5E4
F298
F1F5
F440
F8F7
FEFE
04F0
0986
0BE5
0BDA
09D1
06A6
035A
00C1
FF43
FECC
FEDD
FEC4
FDE0
FBDB
F8C9
F51F
F18D
EEC1
ED2C
ECD9
ED6A
EE38
EE87
EDCA
EBD6
E8F6
E5E2
E38C
E2D8
E45F
E830
EDC9
F425
F9F9
FE00
FF47
FD6F
F8C4
F22F
EB0E
E4E1
E0FF
E04F
E317
E8F1
F0EA
F9B3
01EA
0865
0C67
0DC0
0CCA
0A48
072B
0457
0268
0192
019F
0207
0221
0160
FF84
FCAF
F965
F666
F473
F416
F56B
F814
FB48
FE0C
FF70
FEDE
FC3F
F80F
F338
EEDB
EC01
EB5D
ED24
F110
F686
FCD4
036A
0A05
10AC
1791
1ECF
2631
2D0B
3240
3480
32A8
2C2F
2175
13E1
05B2
F982
F1AA
EF9D
F376
FBDB
0646
0FA1
1517
14D7
0E99
03B7
F6D8
EB39
E3C9
E261
E745
F118
FD49
08D5
1123
14BF
13B4
0F78
0A60
06DD
06AA
0A41
10AF
17E3
1D54
1ED7
1B56
132F
0827
FCE7
F434
F013
F130
F6A8
FE48
053F
08F8
07EB
0218
F910
EF7E
E85E
E610
E9A1
F266
FE2A
09BC
11D8
140B
0F60
04A9
F640
E767
DB6C
D4D5
D4CB
DAE5
E56C
F1DF
FDB2
06EC
0C92
0EC3
0E74
0D0D
0BE1
0BD1
0D18
0F56
11D0
13BC
148E
1424
12BE
10E1
0F15
0DB8
0CDB
0C4A
0BAB
0AB1
0948
07A4
063B
0597
0625
0802
0AE2
0E1A
10CB
121B
1172
0EA0
09E5
03D5
FD23
F674
F02C
EA6D
E52A
E04F
DBF2
D86D
D661
D687
D977
DF5C
E7C4
F199
FB49
031A
079C
0809
0486
FE26
F6AA
F018
EC33
EC08
EFAD
F637
FE05
052A
09F3
0B57
0938
045E
FE3E
F88F
F4D9
F415
F674
FB61
01B1
07F5
0CCD
0F33
0EA7
0B34
0558
FDDD
F5AB
EDA5
E68E
E105
DD7F
DC46
DD76
E0F4
E667
ED33
F48A
FB7C
011F
04B8
05D5
0467
00B8
FB5C
F50C
EE83
E85F
E317
DEFA
DC3B
DB00
DB6B
DD96
E182
E709
EDC4
F514
FC2C
023A
0698
08F7
097E
08C5
07B0
0736
0815
0A9A
0E7B
12E3
16AA
189D
17E1
1436
0E1A
06BB
FFB4
FAAD
F8F0
FB13
00CB
08F5
11D7
1983
1E4A
1F1C
1BC6
14F6
0C12
02DE
FB17
F608
F44B
F5AC
F93D
FD99
013D
02EC
01F6
FE66
F8FE
F309
EE06
EB48
EBA0
EF20
F50E
FC0A
025F
066F
0718
0406
FDCA
F5BA
ED9D
E731
E3B2
E389
E629
EA3F
EE16
F024
EF8C
EC76
E811
E44D
E346
E699
EECB
FAF8
08E8
158F
1DD1
1F67
1992
0D74
FDDF
EEB0
E3D0
E027
E4CD
F0AC
00C8
10FF
1D2A
2243
1F3A
1542
077B
FA13
F112
EF41
F558
01D3
1167
1FF2
29AA
2C30
2731
1C73
0F40
036C
FC3A
FB6F
00E3
0AA4
15A0
1E97
2318
222E
1C8E
144A
0C11
064D
0462
0643
0A8E
0F07
1165
1016
0AC4
0277
F93F
F18A
ED65
EDD5
F293
FA29
0274
0955
0D5A
0E24
0C6D
09AD
0782
070A
0873
0AE5
0CC8
0C61
0881
0111
F745
ED67
E638
E41E
E860
F2AA
010C
1068
1D4E
24E7
25C0
2031
163A
0AF0
018F
FC8E
FCF0
0201
0997
10C4
14BC
13A8
0D35
02AA
F687
EBCF
E534
E45F
E98F
F399
004D
0D1A
17B4
1E98
2149
2039
1C76
1740
11A7
0C51
077D
0328
FF50
FC24
FA15
F9B8
FB90
FFBE
05D3
0CCA
1332
178D
18B5
163D
1091
08E8
00E9
FA3B
F60A
F4B7
F5C8
F81F
FA5C
FB5F
FAA6
F881
F5F4
F45D
F4F7
F863
FE5B
05B2
0C9C
112E
11F3
0E63
071D
FDC9
F4B1
EE2C
EBF8
EECB
F61A
0044
0AF6
13C5
18BB
18CC
13FC
0B4D
0068
F532
EB5E
E41F
E002
DEFE
E099
E421
E8DA
EE20
F36D
F856
FC7D
FF92
0158
01BF
00ED
FF53
FD99
FC87
FCCE
FEDA
02A9
07C3
0D52
124F
15CC
172E
1659
13B4
100D
0C61
0999
084F
08B6
0A94
0D69
109A
13A6
163E
1856
1A0A
1B80
1CC6
1DBA
1E0E
1D61
1B64
1805
1382
0E6C
0987
059C
0342
02B6
03CC
0600
089E
0AF9
0C9B
0D5D
0D67
0D10
0CB1
0C7A
0C52
0BDE
0A9F
0822
0433
FF01
F91B
F356
EE91
EB75
EA45
EAC8
EC5E
EE36
EF98
F022
EFEF
EF8F
EFD7
F193
F534
FA95
00ED
06F6
0B3D
0C90
0A5A
04DE
FD38
F521
EE85
EB06
EB95
F030
F7E7
011B
09E5
108E
13F4
13C2
106F
0B0B
04EA
FF47
FB01
F875
F787
F7CA
F8B7
F9E7
FB27
FC81
FE1E
0021
0285
0510
0757
08E4
0958
089A
06DE
049D
0271
00DF
0025
0023
005E
0027
FEDD
FC2C
F841
F3CF
EFF4
EDEE
EEBF
F2DA
F9EC
02D8
0BF0
1355
176D
174F
1307
0B9B
02D4
FAD3
F58B
F44A
F76B
FE40
0741
1075
17F1
1C4B
1CF2
1A45
156E
100A
0BB1
0990
0A15
0CDB
10CD
1476
166C
15B4
1205
0BDE
0461
FD05
F731
F3DC
F34F
F518
F82D
FB40
FD1D
FD0A
FB02
F7BF
F48A
F2EA
F435
F92F
01C9
0D15
196F
24D9
2D66
31AF
3117
2BEE
2353
18E8
0E73
0576
FEE1
FAED
F92D
F8BD
F892
F7C6
F5D5
F2BA
EEE2
EB06
E7EF
E63E
E640
E7DE
EAA9
EDFF
F133
F3BD
F555
F5FD
F5F2
F599
F554
F569
F5EB
F6B8
F77D
F7D3
F759
F5D7
F34F
F012
ECB6
EA07
E8E6
EA16
EE12
F4E1
FDFF
085E
1288
1ADB
1FDB
2085
1C93
149A
09F8
FE96
F483
ED7B
EA86
EBBB
F03D
F67B
FC9F
010C
02D0
01E2
FF1F
FBFF
FA1A
FAA4
FE02
03A0
0A15
0F8C
1255
1177
0D0D
064F
FF47
FA3D
F904
FC60
03BF
0D4B
1B07
19A3
1397
0A7A
00B8
F8E9
F51D
F641
FBD6
0416
0C6B
122D
1363
0F4C
069A
FB42
EFEE
E749
E34D
E4CC
EB4B
F53F
008D
0B1E
1368
18B7
1B29
1B68
1A45
184D
158F
11A1
0BDB
03C0
F964
EDA6
E22E
D919
D479
D5BC
DD37
E9F0
F9C5
09DD
1756
1FEA
227A
1F3F
17A5
0DDC
043F
FCB5
F850
F721
F863
FAD6
FD36
FEA0
FEC6
FDF0
FCCA
FC0B
FC31
FD50
FF0D
00CB
01EB
020F
0140
FFED
FEC2
FE61
FF24
00EE
032E
0509
05A6
0482
01A4
FDAB
F9A8
F6CB
F601
F7A5
FB56
000C
0465
0708
0716
046D
FFB6
FA3A
F57E
F2D2
F2F6
F5E6
FAE7
00D0
0667
0AC9
0DA3
0F3C
103F
116C
1333
157E
17A4
189F
176D
137F
0D09
051A
FD64
F7CE
F5DF
F83B
FE58
0694
0E99
1406
1525
117C
09FE
00D5
F8CC
F477
F56C
FBB7
05C0
10AD
1928
1C54
18A1
0E52
FF78
EF6E
E1F6
DA32
D9CD
E086
EC4B
F9D1
0580
0C72
0D35
0823
FF27
F522
ECFE
E8D5
E950
ED8F
F373
F860
FA0E
F74B
F060
E703
DDD3
D793
D658
DADF
E458
F095
FCA6
05AB
0999
07C6
010C
F77F
EDCF
E689
E365
E4E0
EA2C
F18A
F8D1
FE1C
0047
FF37
FBC3
F764
F3AC
F1CE
F240
F4A8
F804
FB0A
FC95
FC08
F977
F5A5
F1BC
EEF5
EE34
EFCD
F36C
F83A
FD28
0147
0410
058C
064D
0735
092D
0CCB
121D
1893
1F1B
2462
2728
2695
2272
1B3F
1218
0880
000D
FA1D
F78F
F8A7
FD05
03C4
0BAA
1364
19BF
1DD3
1F22
1D9A
1989
1387
0C4E
0498
FD00
F5F0
EF9D
EA11
E541
E12B
DDEB
DBC7
DB29
DC82
E024
E615
EDF0
F6DA
FF9A
06CF
0B3B
0C12
0934
0349
FBA5
F402
EE1A
EB3B
EBED
EFD3
F5BD
FBF9
00CA
02E6
01D2
FE0B
F8E6
F430
F1A8
F27B
F6E0
FDFE
061E
0D1D
110A
10B3
0C06
0425
FB1E
F362
EF1B
EF90
F4C7
FD7B
0771
100F
1510
1523
1042
07B4
FDB4
F4D0
EF37
EE2D
F1B2
F897
00D9
083B
0CED
0E04
0BB6
073A
025B
FEEB
FE2D
0076
0512
0A7C
0ED3
106E
0E5B
08AA
006D
F76D
EFAA
EACE
E9BB
EC53
F18D
F7C6
FD40
00A2
0153
FF9E
FC8F
F998
F820
F918
FCB7
0270
0925
0F7A
143E
16BA
16D7
150D
122E
0F11
0C48
09EE
07AC
04E1
00EE
FB82
F4CF
ED96
E700
E251
E08C
E225
E6D7
EDB2
F55C
FC6E
01DF
0543
06E5
07A1
088D
0A91
0E09
1292
1717
1A21
1A4C
16C4
0FA8
0625
FC4A
F48B
F123
F374
FB95
0830
16C7
2442
2DAF
3104
2D9B
2467
17AE
0A77
FFBD
F9AD
F917
FD3B
0406
0AA7
0E51
0D05
061B
FA75
EC4A
DE96
D45F
CFF2
D256
DB17
E867
F797
05BD
1061
1601
1650
1227
0B38
0389
FCFE
F8E8
F7D0
F979
FD0C
0165
0563
0826
0938
088B
066B
0358
FFE5
FC9E
F9F4
F838
F796
F812
F97E
FB81
FD92
FF0D
FF51
FDEB
FABC
F616
F0BF
EBD4
E889
E7D9
EA41
EF84
F6AF
FE3F
0481
0801
07F7
0486
FEC9
F88D
F3E4
F290
F586
FC9C
068C
1139
1A43
1FA2
203C
1C2F
14D0
0C4C
050C
010B
013E
0554
0BC4
1241
165E
1645
1144
0805
FC65
F0FB
E861
E47B
E5FD
EC37
F54F
FEC8
063B
09FD
0997
05DF
00B1
FC60
FB06
FDE1
04F6
0F04
19D8
22DF
27D2
274A
211C
165B
0912
FBBE
F0B8
E9B6
E777
E9BA
EF6E
F710
FF12
0636
0BC0
0F7F
11AE
12C0
132C
1343
1321
12BD
11F8
10C1
0F1E
0D35
0B3C
0961
07BB
063D
04BE
030A
00FB
FE8D
FBEA
F95F
F744
F5E8
F56D
F5C4
F6B0
F7DB
F8F6
F9D6
FA80
FB28
FC1B
FD99
FFBA
0253
0501
0737
086C
0845
06B2
03F9
00A6
FD61
FAC3
F925
F891
F8C3
F94D
F9BD
F9CF
F986
F928
F91F
F9CC
FB53
FD7A
FFAA
0116
00F6
FECF
FAAD
F538
EF93
EB19
E8FD
E9E6
EDB7
F380
F9B0
FE80
0065
FE85
F8FC
F0DF
E7F9
E05E
DBE1
DB9E
DFB5
E74B
F0C5
FA3F
01FF
06E2
0890
0777
0490
0108
FDDF
FBB0
FA93
FA43
FA4E
FA61
FA72
FAD5
FC19
FECB
0333
0916
0FAA
15B3
19CB
1AC5
1807
11BC
08DE
FEFC
F5DA
EF08
EB80
EB71
EE49
F2EB
F808
FC82
FFB4
018C
0277
0324
0430
05E8
0822
0A45
0B82
0B1F
08C2
04A0
FF88
FAB2
F76E
F6CC
F945
FE93
05B8
0D37
136C
16F5
16FE
1377
0D0D
04FD
FCCC
F5F0
F185
F01E
F1BC
F5DA
FB9D
0208
082F
0D60
1142
13DA
1586
16E3
18AC
1B89
1FE2
25AE
2C59
32C2
375D
387B
34AC
2B27
1C28
0912
F45D
E134
D2D9
CBED
CDD0
D82D
E8F8
FCC0
0F72
1D3E
2378
2145
17C4
09D0
FB3E
EFE5
EAA2
EC9A
F4F3
0116
0D5E
161E
189A
13C4
088A
F990
EA81
DF13
DA0E
DC98
E5E9
F389
01FD
0DA8
13BC
12E1
0B7E
FF89
F1FD
E60E
DE66
DC89
E097
E95F
F4C7
0064
0A08
1041
128B
114E
0DA0
08E8
0484
0179
004F
010D
0357
069A
0A3C
0DBF
10D6
1368
157E
1733
1899
19AB
1A3B
19FA
1880
1564
1063
097C
0116
F806
EF8C
E91F
E62D
E7C2
EE35
F8EC
0658
1424
1FA1
2659
26A2
2017
13C2
03FC
F3EF
E6D8
DF4C
DE8B
E436
EE64
FA22
043B
0A0F
0A44
0521
FC72
F304
EBDA
E955
EC8E
F50A
00E8
0D69
17BC
1DC1
1E94
1AB6
13CD
0C0F
058F
019E
0076
0141
0287
02C0
00F7
FD34
F885
F4B3
F3A9
F6C5
FE48
0926
152F
1FA5
2604
26BF
21BE
1871
0D6C
03A6
FD9B
FC90
002B
0694
0D01
1093
0F42
0881
FD7B
F0CA
E5B3
DF39
DF2E
E5AA
F0F0
FDED
0914
0F5E
0F29
08AF
FDF1
F21E
E8A8
E444
E61E
ED8D
F842
02F7
0A67
0C3F
07C5
FE12
F1BE
E624
DE79
DCE9
E206
ECB0
FA67
0802
1287
17E4
1767
11CA
08E1
FF05
F66C
F09A
EE1D
EE89
F0CA
F38D
F5B5
F6A9
F66F
F58B
F4BE
F4B1
F5B8
F7BB
FA48
FCC4
FEB5
FFEF
00A8
016C
02DA
0569
0926
0D9E
11EC
14F6
15C0
13C1
0F18
0891
017C
FB51
F747
F5F6
F725
F9CE
FC65
FD3F
FB12
F55C
EC94
E21F
D806
D073
CD2D
CF24
D62A
E0FD
ED8E
F976
0286
0741
0728
02C8
FB88
F346
EBDB
E6B2
E47B
E518
E7C2
EB56
EEAF
F0FF
F1FF
F1F8
F19E
F1C9
F32E
F61C
FA65
FF64
0433
07E9
09E3
09EC
0848
0597
029D
FFFE
FE0C
FCAE
FB72
F9BF
F720
F37C
EF3F
EB50
E8D6
E8E6
EC1F
F260
FAAF
035F
0A6A
0DF3
0CC6
06BB
FCCD
F0F5
E5B1
DD6F
D9F7
DBFE
E301
ED77
F940
0440
0CE9
129D
15BF
1775
1934
1C35
20FA
271E
2D63
3216
3398
30EC
2A1A
2042
1560
0BC9
0585
03BE
0667
0C40
1329
18BD
1AFC
18DD
1292
097A
FFBD
F7AE
F32C
F322
F754
FE7F
06BC
0E0E
12E7
1480
12FA
0F29
0A43
056F
0172
FE86
FC68
FA90
F882
F609
F359
F0FC
EF96
EF9F
F120
F3A2
F642
F800
F819
F65E
F358
F038
EE7F
EF8C
F41B
FBF1
05D2
0FBB
176C
1B07
19A3
1397
0A7A
00B8
F8E9
F51D
F641
FBD6
0416
0C6B
122D
1363
0F4C
069A
FB42
EFEE
E749
E34D
E4CC
EB4B
F53F
008D
0B1E
1368
18B7
1B29
1B68
1A45
184D
158F
11A1
0BDB
03C0
F964
EDA6
E22E
D919
D479
D5BC
DD37
E9F0
F9C5
09DD
1756
1FEA
227A
1F3F
17A5
0DDC
043F
FCB5
F850
F721
F863
FAD6
FD36
FEA0
FEC6
FDF0
FCCA
FC0B
FC31
FD50
FF0D
00CB
01EB
020F
0140
FFED
FEC2
FE61
FF24
00EE
032E
0509
05A6
0482
01A4
FDAB
F9A8
F6CB
F601
F7A5
FB56
000C
0465
0708
0716
046D
FFB6
FA3A
F57E
F2D2
F2F6
F5E6
FAE7
00D0
0667
0AC9
0DA3
0F3C
103F
116C
1333
157E
17A4
189F
176D
137F
0D09
051A
FD64
F7CE
F5DF
F83B
FE58
0694
0E99
1406
1525
117C
09FE
00D5
F8CC
F477
F56C
FBB7
22A4
1F7D
184A
0E26
02E4
F8A1
F13F
EDF4
EEFC
F39F
FA6B
01A0
07AA
0B82
0CDB
0C1C
0A24
07F6
066A
05F1
068E
07EA
0980
0ACC
0B6C
0B21
09C0
071B
02F7
FD12
F54C
EBD7
E165
D72B
CEC5
C9D9
C9A6
CE94
D7EF
E3EB
EFF9
F965
FE0B
FCF9
F6C2
ED69
E3D9
DD1B
DB6D
DF99
E8A9
F427
FED0
0590
0676
0158
F7F4
ED76
E58F
E356
E84F
F3E1
0369
12F2
1E4B
2242
1D97
115C
00B9
F003
E386
DE52
E15F
EB52
F8F1
061D
0F09
1154
0CB1
02EB
F747
ED87
E8BA
EA5F
F1F6
FD34
08BE
112C
1408
107D
0783
FB7E
EF7A
E642
E192
E1B1
E57C
EAE6
EFB2
F23A
F1ED
EF75
EC72
EAE2
EC72
F1EC
FAEA
05F1
10D8
1966
1DEE
1DBA
192D
1194
08BD
0074
FA15
F64E
F519
F5F0
F815
FADC
FDD7
00DD
03EC
0701
09F0
0C5D
0DCC
0DD5
0C53
0988
061A
02EA
00D3
0059
017D
03AF
05FB
075B
0717
050E
01D5
FE8F
FC95
FD00
0037
05B4
0C16
116F
13DA
120C
0BCD
0221
F717
ED45
E71C
E63C
EB04
F475
007C
0C82
1620
1BB5
1CC3
19EC
14A2
0E98
0939
053D
0290
0081
FE2D
FAFB
F6F9
F2F8
F059
F094
F4A9
FCA4
0760
12B2
1BE0
205E
1E84
1619
0879
F84F
E8EC
DD71
D7FF
D92D
DFEB
E9D6
F3E4
FB3B
FDEF
FB7B
F4D2
EC02
E399
DDED
DC7C
DF9C
E67F
EF8B
F8DB
00CE
066E
0991
0AC1
0AE5
0ADC
0B27
0BC3
0C32
0BBF
09D1
0637
0157
FC18
F7AB
F52B
F53A
F7C3
FBED
004A
0336
034D
FFD7
F907
F001
E69B
DEF6
DAF5
DBCE
E1B9
EBE4
F89F
05BB
1107
18C4
1BFC
1AA9
15A4
0E68
06B1
001A
FBC6
FA2B
FB0C
FD9A
00B2
032D
042E
0359
00E2
FD7F
FA33
F80C
F7D5
F9E4
FDFE
0367
0914
0DED
111F
1251
11BC
101B
0E71
0DBF
0EAF
115E
154A
196C
1C7F
1D5A
1B46
1635
0ED2
0651
FE2A
F7AE
F3BA
F27F
F389
F5ED
F89F
FACA
FC16
FCBC
FD6F
FF0E
024B
0758
0DB9
144F
199A
1C23
1AE7
15B2
0D38
02F6
F8D6
F0B8
EBF2
EB05
ED80
F236
F796
FC2C
FF00
FFD7
FF2A
FDE7
FD11
FD53
FEB9
00AC
0219
01DE
FF3C
FA34
F3B3
ED68
E962
E976
EEAC
F8D1
0661
14BF
20D3
27C1
27AD
203B
12C2
0203
F18F
E4F1
DED9
E078
E93A
F6EC
064C
13CA
1C65
1E56
196C
0F05
01AB
F468
EA0B
E484
E480
E956
F14E
FA20
0190
05F9
06AC
0401
FF2F
F9E4
F5C5
F3FD
F4EF
F823
FC6D
004B
0251
0192
FDE7
F7F6
F112
EADD
E6E1
E62A
E906
EEF4
F6CE
FF16
065B
0B96
0E5F
0EF6
0E1C
0CC5
0BC0
0B6F
0BA8
0BC3
0ADA
0821
0340
FC8A
F505
EE38
E9CA
E90E
EC94
F3F4
FDCE
0817
1096
1575
15C3
11B9
0AB8
02F2
FCDF
FA98
FD46
04CF
0FD4
1BFC
268C
2D08
2DD0
2883
1E0C
106B
0234
F5F2
ED9B
EA26
EB6B
F045
F6F2
FD86
0263
0495
03F0
0102
FCDB
F8B1
F595
F42C
F498
F67C
F925
FBC6
FDAF
FE7C
FE28
FD0B
FBBD
FAE9
FB22
FCBA
FFAF
03A6
0801
0C02
0EF3
1054
0FF1
0DF1
0AC6
070C
0362
0036
FDA7
FB7B
F92B
F615
F1B1
EBCE
E4C0
DD66
D710
D33B
D333
D7BA
E0C1
ED4C
FB91
094C
1432
1A77
1B33
169A
0DF7
035E
F937
F1B3
EE4F
EF85
F4C0
FC88
04E8
0BE6
0FF6
1046
0CE2
0692
FEA0
F67E
EF74
EA65
E7B8
E75B
E8F1
EBF2
EFDE
F44E
F8FD
FDBA
025E
06B9
0A93
0DB2
0FF2
1151
1200
1258
12CE
13CD
1598
1831
1B4C
1E5B
20AE
219A
20A1
1D9A
18BD
129E
0C18
0625
01AF
FF6E
FFBF
0295
077B
0D9A
13DE
191D
1C45
1C90
19AC
13D4
0BCE
02D1
FA4F
F3AD
EFF1
EF8C
F232
F6E9
FC3D
009A
02AF
01CB
FE0D
F867
F265
EDC5
EC05
EDF7
F37D
FB8F
0473
0C30
110F
120B
0F1D
0937
0206
FB81
F763
F6BC
F9AA
FF59
063C
0C77
1055
10B1
0D31
0653
FD3F
F37C
EA94
E3CC
DFED
DF39
E17A
E621
EC71
F39B
FADA
017D
06F2
0ACD
0CD6
0D19
0BE6
09D0
078D
05CB
04F9
051C
05B9
05E6
0482
0088
F964
EF3E
E30D
D67A
CB84
C40C
C157
C3B9
CA7B
D404
DE43
E73F
ED94
F0CA
F169
F0BC
F05B
F1A7
F552
FB27
0216
088D
0CF8
0E40
0C29
0767
016D
FBF8
F88E
F803
FA42
FE57
02C3
05FB
06E6
0539
018D
FD2A
F99E
F83C
F9AD
FDB9
035D
0918
0D67
0F38
0E3E
0AFD
0696
0269
FF9C
FEC8
FFD0
01FE
0451
05E3
0643
0599
0497
042C
051C
07A1
0B3A
0EB7
108C
0F4C
0A2C
0157
F607
EA42
E05E
DA66
D98B
DDD9
E639
F0C6
FB57
0417
09F8
0CDD
0D79
0CE9
0C3A
0BF5
0BEF
0B5C
092B
0486
FD45
F430
EAEB
E398
E036
E202
E900
F3DA
0026
0B05
11ED
135F
0F5B
076A
FE2E
F6A8
F358
F583
FCD0
075A
1237
1A40
1CF5
192B
0F5C
0184
F29C
E5CB
DDA2
DB7E
DF4A
E7A1
F248
FCCE
0528
0A24
0B8B
0A01
06AC
02CA
FF52
FCC1
FB19
FA0A
F931
F851
F773
F6DE
F6F8
F810
FA2D
FCFE
FFE0
0210
02E5
020A
FFA0
FC3F
F8CF
F64C
F57D
F6BD
F9E1
FE40
02DF
06B7
08F0
091B
074A
0407
0034
FCD2
FACA
FAB9
FCD1
00CD
05FD
0B65
0FE7
1279
1254
0F1D
08FF
00AE
F751
EE4C
E706
E29D
E1AB
E425
E95D
F02C
F73C
FD5C
01C7
0452
0561
05BD
063B
076C
095B
0B7B
0CCE
0C3D
08FC
02F3
FAE6
F267
EB7C
E814
E976
EFCF
FA09
05F9
10EB
1852
1A80
1722
0F65
05A9
FCDE
F7B9
F7EB
FDAA
079E
133F
1D89
23D4
2489
1F94
1654
0B36
00FB
F9F2
F75A
F920
FDFA
03E2
08C2
0B14
0A53
070F
02B2
FEFA
FD66
FEBA
02C1
0869
0E17
122C
1383
11C8
0D86
07FC
02BA
FF33
FE5B
007C
0535
0BAD
12D9
19BD
1F99
23F0
267E
2716
2598
21F3
1C40
14E6
0CB7
04E4
FED4
FBC5
FC6C
009F
0732
0E22
1307
13B6
0EEE
04CE
F6FE
E85E
DC62
D62C
D7AF
E118
F0AA
0321
147B
20F9
2617
2324
1963
0BA5
FD78
F232
EC15
EBCE
F06E
F7D4
FF6D
04FB
0736
0610
0291
FE5F
FB1B
F9D5
FAB6
FD08
FF88
00F0
0071
FE0A
FA86
F736
F571
F60B
F901
FD64
019B
03E7
02FA
FE72
F704
EE5F
E6AA
E1ED
E173
E570
ECF9
F656
FF93
0716
0C1D
0EDC
1052
11D2
1469
1869
1D2E
2146
22E7
2094
19BB
0F0B
0273
F6B2
EEA0
EC63
F0CF
FB1C
0914
17AB
23CA
2B1F
2CB4
2916
220D
1A02
133A
0F2B
0E1C
0F2D
10BA
1100
0EC4
09C8
02ED
FBEF
F6DE
F572
F879
FF8C
0921
12EC
1A87
1E0F
1CA9
16B2
0D98
0372
FA6C
F43A
F1B9
F2D2
F69C
FBB4
00A1
0435
05BF
051E
02A0
FEDB
FA79
F619
F245
EF71
EE06
EE5D
F0B8
F51E
FB47
0287
09D9
1009
13F3
14CC
125B
0D11
05F7
FE68
F7C3
F310
F0C7
F0C3
F263
F4D7
F76A
F9CB
FC1F
FEE9
02CB
0829
0EE8
1649
1D03
2193
22A4
1F7D
184A
0E26
02E4
F8A1
F13F
EDF4
EEFC
F39F
FA6B
01A0
07AA
0B82
0CDB
0C1C
0A24
07F6
066A
05F1
068E
07EA
0980
0ACC
0B6C
0B21
09C0
071B
02F7
FD12
F54C
EBD7
E165
D72B
CEC5
C9D9
C9A6
CE94
D7EF
E3EB
EFF9
F965
FE0B
FCF9
F6C2
ED69
E3D9
DD1B
DB6D
DF99
E8A9
F427
FED0
0590
0676
0158
F7F4
ED76
E58F
E356
E84F
F3E1
0369
12F2
1E4B
2242
1D97
115C
00B9
F003
E386
DE52
E15F
EB52
F8F1
061D
0F09
1154
0CB1
02EB
F747
ED87
E8BA
EA5F
F1F6
FD34
08BE
112C
1408
107D
0783
FB7E
EF7A
E642
E192
E1B1
E57C
EAE6
EFB2
F23A
F1ED
EF75
EC72
EAE2
EC72
F1EC
FAEA
05F1
10D8
1966
1DEE
1DBA
192D
1194
08BD
0074
FA15
F64E
F519
F5F0
F815
FADC
FDD7
00DD
03EC
0701
09F0
0C5D
F820
EEDD
E99A
E933
ED5E
F4D5
FDB8
0610
0C57
0FCF
10A2
0FB1
0E37
0D54
0DA2
0F04
10AC
1169
1013
0BFF
054A
FCEF
F48F
EE0A
EAFC
EC42
F1BB
FA45
0404
0CDA
12F0
1526
1351
0E36
0747
003B
FA9B
F767
F6E6
F8B4
FBEB
FF73
024C
03C3
038A
01B5
FE9E
FAC8
F6C7
F330
F094
EF83
F07B
F3D5
F9A2
0189
0AB5
13E1
1B84
2021
20A2
1CA8
14BA
0A37
FF12
F566
EEEF
ECA5
EE7E
F37E
FA05
004B
04E2
071E
073A
0636
0575
063D
0940
0E54
1471
19FB
1D42
1D0A
18F9
11C2
08FF
00C3
FB07
F91B
FB44
00A9
0797
0DF8
11F2
1263
0F30
093A
020C
FB60
F693
F449
F444
F591
F6E5
F71B
F59A
F291
EEE6
EBEC
EAEF
ECC0
F162
F7FB
FF09
04CC
07CF
0753
0397
FDCA
F7BF
F376
F28F
F5DB
FD29
0750
1280
1CB6
2437
27F6
27C3
2441
1EAD
187E
1309
0F32
0D4B
0D12
0DDA
0ECB
0F1D
0E4D
0C3A
0924
0597
0246
FFDE
FEE6
FF9E
01F7
0594
09E0
0E24
11AE
13F2
14A1
13B5
116C
0E35
0A87
06C2
030D
FF4D
FB36
F66A
F0B2
EA2B
E365
DD60
D961
D8A5
DC0A
E3B9
EEFE
FC50
0993
1489
1B57
1CF7
197E
1219
08C4
FFCD
F944
F677
F7AC
FC1D
0242
0847
0C91
0E28
0CED
0987
051C
00E6
FDCE
FC29
FBB3
FBBE
FB86
FA8C
F8D6
F6F5
F5DE
F68F
F9AF
FF41
068C
0E48
14F2
194A
1AB2
1967
166C
1339
113B
1153
1384
16E3
19DC
1AB7
182F
11F0
08D2
FEAF
F5E9
F0B4
F068
F505
FD18
0616
0D06
0F5D
0BBE
0271
F562
E7A8
DCBB
D780
D986
E299
F0CF
010B
0FCE
1A1F
1E3A
1BF4
149E
0A8D
0063
F858
F3AD
F278
F3C9
F61C
F7E5
F811
F657
F334
EFB7
ED0F
EC28
ED56
F043
F412
F7AF
FA2E
FB16
FA81
F90E
F7A0
F70B
F7C9
F9CC
FC87
FF17
0090
004E
FE29
FA84
F633
F233
EF65
EE43
EEBE
F048
F1F8
F2D9
F236
EFD0
EBFF
E7A0
E3E7
E214
E324
E792
EF2C
F913
03D4
0DAD
14D8
17E2
15FA
0F27
0457
F74E
EA5E
E002
DA68
DAF9
E200
EE8B
FE87
0F22
1D5F
26B9
29B4
2632
1D78
11DE
0639
FD2A
F87C
F8BA
FD26
0401
0B1D
1087
1314
12B3
105B
0DA8
0C43
0D46
10CC
15D9
1A9E
1D09
1B74
153E
0B19
FEEE
F363
EB1F
E800
EA8F
F1C8
FB5C
0459
09F5
0A60
053F
FBC1
F041
E595
DE38
DBA0
DDE1
E3BE
EB24
F1D5
F61E
F756
F5FA
F370
F176
F185
F443
F94C
FF52
048F
0761
06DB
0317
FD37
F705
F261
F0A2
F225
F630
FB2D
FF31
009D
FEAA
F9AD
F2FE
EC88
E82E
E72A
E9A9
EEB9
F499
F944
FB1C
F969
F496
EE09
E7B2
E36E
E26D
E4DE
E9E8
EFFD
F564
F8CD
F9BD
F8AE
F6DA
F5BE
F691
F9C6
FEDF
048C
091E
0B1D
09D1
0592
FFBF
FA56
F75A
F827
FCFE
04DD
0DC2
153E
192B
184F
12BB
09C2
FF8E
F67B
F063
EE1A
EF3D
F26A
F5C0
F78A
F6CC
F395
EEF0
EA82
E7F5
E85D
EBD8
F181
F7B4
FC9D
FED6
FDDC
FA43
F584
F181
EFE6
F192
F64A
FCBF
02F7
06EB
0734
0383
FCC8
F4F3
EE67
EB44
ECC4
F2DD
FC43
06CA
1002
15EB
1778
14D1
0F2D
0869
026C
FE9E
FD8C
FED7
016C
03F6
0550
04E2
02C6
FFA6
FC71
F9FD
F8B3
F873
F8A3
F874
F739
F4AF
F122
ED5C
EA66
E934
EA57
EDCF
F30F
F934
FF51
04BC
093D
0D0E
10AC
148F
18DF
1D4D
2117
2344
22FC
1FE0
1A45
132D
0C0A
064D
02ED
0211
02F7
042B
0401
012E
FB4B
F319
EA60
E37D
E0A4
E32A
EAF7
F66A
02A7
0C56
108F
0DB7
040B
F5AA
E613
D946
D2AE
D43B
DDDE
ED90
FFE4
10F4
1D6C
235A
229A
1CB4
1448
0C36
06BF
04F1
0673
09D2
0D18
0E89
0D44
0986
0493
0037
FE1C
FF23
0305
0851
0CCF
0E2F
0AC7
0227
F552
E68F
D8D6
CF07
CB29
CDE2
D654
E264
EF53
FA7A
01FA
0521
0476
0171
FDF1
FBA4
FB8B
FDC0
0185
0593
0887
0953
0785
035B
FDA2
F771
F1DE
EDBA
EB7B
EB3C
ECDD
F02A
F4EE
FAF6
01FB
0983
10CE
16D9
1A85
1ADF
176B
1063
06CD
FC5A
F30F
ECCF
EAE4
EDA7
F466
FD93
072A
0F3B
1467
1633
1513
1233
0F09
0CD6
0C45
0D38
0EE6
1030
1015
0E20
0AA5
06BC
03EE
03B3
06EF
0D85
163E
1F04
255D
271F
230C
193A
0B24
FB50
ECB4
E1F4
DCB7
DD46
E285
EA57
F23F
F81E
FAC6
FA4B
F7E7
F58B
F536
F84A
FF09
0871
1271
1A7C
1E3C
1C41
1478
083F
FA1D
ED22
E430
E13D
E4E5
EE4A
FB52
0934
1525
1CFC
1FA2
1D39
16F1
0EA4
0655
FFB2
FBBB
FAA8
FBFD
FECC
0204
04C2
0675
06F3
065A
04F0
02F0
0077
FD7A
F9D8
F581
F091
EB67
E6A1
E303
E146
E1E5
E4F4
EA0C
F051
F69C
FBB1
FE84
FE72
FB62
F5D6
EECB
E795
E199
DE15
DDDD
E13F
E7EA
F0FF
FB2F
04F7
0CD7
119F
129E
0FCB
09CA
01D2
F973
F24B
EDAB
EC54
EE40
F2A8
F829
FD1B
FFF6
FFBA
FC37
F625
EF02
E8B6
E51F
E58D
EA6B
F30E
FDD9
0895
10FE
154E
14B6
0F96
0769
FE6E
F71D
F38A
F4E9
FB40
056E
116B
1CCE
2554
2965
2860
22AE
1992
0ED4
044F
FB8D
F583
F275
F20B
F37D
F5D0
F811
F97F
F9A1
F84B
F59C
F1F2
EDE6
EA3E
E7DC
E7A4
EA50
F03F
F948
04A0
10E1
1C3D
24D3
291A
2847
2290
1933
0E3E
0416
FCE5
FA0A
FBB9
00E7
078A
0D27
0F7A
0D23
060F
FB8C
EFFF
E64B
E109
E1DE
E901
F527
03D7
11FE
1CB7
21F5
20F9
1A68
100E
0450
F997
F1B9
EDA4
ED4E
EFE3
F425
F8D5
FCFF
0024
0230
034A
03A3
034B
0227
000A
FCE6
F8F7
F4DE
F18B
F00C
F132
F547
FBD5
03AF
0B2B
1090
128E
10AB
0B6C
043F
FD1A
F7F1
F626
F821
FD32
03C3
09CF
0D78
0D9A
0A18
03E9
FCC3
F69D
F314
F2F6
F60E
FB43
00FA
05A3
083C
089D
0785
064B
0668
08EC
0E12
1520
1C8E
2277
2523
2391
1DC0
14B6
0A32
002C
F84D
F37F
F1C4
F254
F3F7
F584
F64B
F64E
F63A
F71A
F9E1
FEFF
0611
0DE6
14BD
18C3
18A3
13F0
0B5C
0093
F5D4
ED5C
E8D2
E8DD
ED08
F3F0
FBB3
027B
06F7
08A8
07E3
0598
02EE
00DA
FFD6
FFC9
0027
0037
FF68
FD90
FAFC
F859
F66B
F5C3
F681
F842
FA3F
FB9A
FBB7
FA81
F88B
F6F0
F6FA
F9B4
FF81
07DE
116E
1A46
2072
2282
2001
19A1
1113
0897
0257
FFCB
0145
05D5
0B89
0FF4
10E5
0D08
0453
F814
EAAA
DEED
D77C
D61C
DB51
E647
F510
0524
13F2
1F68
264E
2860
262C
20CB
1988
1196
09DD
02F5
FD35
F8D2
F5F9
F4DA
F59D
F849
FCAB
023F
083D
0DB0
11A7
136D
12B5
0FB1
0B0E
05CF
011B
FDFD
FD2B
FEE3
02DE
0859
0E39
133B
162B
1620
12A1
0BCC
025D
F79C
ED35
E4EF
E060
E08F
E5B8
EF29
FB4E
07F8
12C3
199A
1B2C
173E
0EBD
038E
F820
EEDD
E99A
E933
ED5E
F4D5
FDB8
0610
0C57
0FCF
10A2
0FB1
0E37
0D54
0DA2
0F04
10AC
1169
1013
0BFF
054A
FCEF
F48F
EE0A
EAFC
EC42
F1BB
FA45
0404
0CDA
12F0
1526
1351
0E36
0747
003B
FA9B
F767
F6E6
F8B4
FBEB
FF73
024C
03C3
038A
01B5
FE9E
FAC8
F6C7
F330
F094
EF83
F07B
F3D5
F9A2
0189
0AB5
13E1
1B84
2021
20A2
1CA8
14BA
0A37
FF12
F566
EEEF
ECA5
EE7E
F37E
FA05
004B
04E2
071E
073A
0636
0575
063D
0940
0E54
1471
19FB
1D42
1D0A
18F9
11C2
08FF
00C3
FB07
F91B
FB44
00A9
0797
0DF8
11F2
1263
0F30
093A
020C
FB60
F693
F449
F444
F591
F6E5
F71B
F59A
F291
EEE6
EBEC
EAEF
ECC0
F162
F7FB
FF09
04CC
07CF
0753
0397
FDCA
F7BF
F376
F28F
F5DB
FD29
0750
1280
1CB6
124D
1D65
2326
228C
1C12
1172
050F
F941
EFBA
E933
E56C
E37D
E25A
E149
E032
DFA0
E083
E3BD
E9B0
F1F3
FB54
041C
0A93
0D8A
0CC6
0921
0453
0072
FF50
01DE
07DC
0FDA
179D
1CC0
1D6C
18E2
0FBA
03BD
F768
ED3E
E720
E5D4
E8EE
EF05
F637
FCC1
017A
0419
0521
058E
0660
0828
0ACD
0D91
0F61
0F44
0CCF
086A
034D
FF2D
FDB1
FFE3
05BD
0E05
1688
1CAC
1E23
19A2
0F4D
00CE
F0F3
E304
D9EF
D78D
DC2A
E67C
F403
01AF
0CA5
12F1
13E5
1025
0955
0192
FAD6
F67C
F502
F60F
F8B3
FBD1
FE79
002F
00F9
0142
019E
0286
0428
0655
089B
0A6D
0B5E
0B40
0A37
08A2
06F3
0585
047A
03B5
02EF
01DF
0064
FEA1
FCFF
FC0E
FC50
FE05
0106
04BA
0841
0AAE
0B57
0A16
075F
0436
01E3
0199
0415
095E
10AB
1896
1F6D
23A4
243F
2114
1AD1
12CF
0AAB
03E3
FF6E
FD90
FDDC
FF6E
0141
0287
02EA
0296
0218
0215
02FD
04C5
06DC
0849
07FF
053C
FFE7
F8B6
F123
EB13
E85D
EA3A
F0E2
FB60
07B7
135C
1BDA
1F75
1DAD
1767
0EBC
066E
012F
00E0
0608
0FA6
1B67
263C
2D2A
2E11
2842
1CB0
0DBB
FE8F
F255
EB63
EAA7
EF6C
F7A0
0067
06EE
0934
0699
0008
F7B2
F06F
ECED
EEEB
F6B6
0304
1144
1E46
2707
297C
250F
1AC2
0CE6
FE7D
F27A
EB08
E915
EC2F
F2C4
FAA6
01AD
0646
07D2
06B1
0406
0149
FFC7
003F
02AB
0651
0A01
0C7D
0CD7
0AB3
0661
00B8
FAD6
F5D0
F26B
F0F4
F146
F2E3
F52C
F78D
F99F
FB2A
FC1B
FC63
FBE8
FA83
F80B
F47D
F019
EB72
E763
E4E1
E4BA
E74E
EC60
F311
FA09
FFCC
0321
0371
00F4
FCAC
F81A
F4CA
F3DA
F595
F957
FDB1
00D7
0130
FDDD
F711
EE19
E50A
DE3A
DB95
DE14
E575
F054
FC8E
07E5
10A3
1610
188F
1964
1A2C
1C35
1FF6
24C5
28F9
2A68
271E
1E13
0FAF
FDDC
EBAE
DCA8
D3D4
D2F3
DA02
E732
F764
06FB
12CD
18F1
1928
14CE
0E54
0872
0554
05F1
09DD
0F76
1489
170D
15DD
111B
0A31
035F
FF09
FEF6
03B6
0C6C
16FB
20A0
26AE
2751
220D
17DB
0AE1
FDDB
F35E
ED35
EBF8
EF06
F4C9
FB3E
0086
0361
036B
0114
FD5C
F96F
F643
F456
F397
F385
F368
F294
F09F
ED77
E959
E4B3
DFFB
DB95
D7C7
D4C2
D2B8
D1EC
D2B2
D562
DA2A
E0EC
E91F
F1D0
F9C2
FFB2
02A5
022C
FE8C
F8B8
F21D
EC50
E8AE
E811
EAA7
EFFE
F734
FF3E
0731
0E71
14BE
1A18
1E91
221F
247C
252D
23AC
1F9E
1914
10AA
077D
FEF9
F87F
F50F
F4FA
F7CC
FC6A
015E
0540
0716
0694
0422
00AB
FD45
FAD0
F9AD
F9A0
F9F3
F9C2
F859
F587
F1C3
EE14
EBC3
EBEA
EF0D
F4D5
FC13
0307
07DB
092A
0677
005A
F867
F0BD
EB7B
EA21
ED2A
F3E8
FCB9
057F
0C3A
0F93
0F32
0BC2
06B0
01AA
FE18
FCAC
FD37
FEC3
FFEC
FF64
FC61
F6EA
EFE2
E8C5
E33E
E0AD
E1C0
E648
ED48
F541
FC9F
0223
052E
05D8
04D3
031F
01B7
0142
01EE
0371
0532
0689
06FB
0661
04F7
033C
01CE
0135
01BE
036C
05FF
090B
0C19
0EBD
10A6
1196
1163
0FEE
0D28
0925
0429
FEC1
F9B9
F604
F483
F5C3
F9BE
FFB8
064B
0BA5
0DF3
0BDE
04F4
F9EE
EC9B
DF97
D5B2
D14A
D3B0
DCCE
EB19
FBE4
0BF3
1839
1E80
1DDF
16DF
0B47
FDA3
F0A8
E69D
E0E8
DFE7
E2FE
E8E6
F00E
F705
FCBF
00B3
02DD
038E
0347
0284
01A8
00F2
0082
006C
00BA
0173
0293
0402
058E
06EF
07D7
0806
075F
05F8
0411
0208
0039
FEE1
FE0D
FD9A
FD47
FCD3
FC20
FB45
FA92
FA74
FB51
FD58
0064
03F4
0745
0987
0A17
08B6
05A2
0189
FD57
F9EF
F7E0
F734
F769
F799
F6C7
F433
EFB1
E9C1
E385
DE79
DC0B
DD32
E224
EA42
F439
FE64
073E
0DC3
11B8
13A5
1499
15C6
1812
1BBF
204E
24A3
275C
2743
23B9
1CF2
13F5
0A57
01CA
FBA8
F890
F844
F9C8
FBBD
FCD2
FC3B
F9EB
F698
F377
F1CD
F276
F58B
FA45
FF2D
0283
02CD
FF55
F876
EF97
E6DD
E097
DEA1
E1D4
E9C3
F4CD
0081
0A42
0FEF
1076
0C19
0452
FB71
F3F6
EFED
F062
F525
FCDC
056A
0C83
1046
0FBD
0B13
0384
FB03
F3B2
EF55
EEDB
F22F
F83A
FF3B
0539
088F
0857
04A9
FE99
F7F3
F2C9
F0ED
F373
FA68
04B5
1058
1ACE
21A1
22FC
1E21
139D
053A
F5A6
E7DD
DE85
DB56
DEB5
E79D
F3DC
0099
0B00
10EE
1171
0D01
055B
FD11
F6DB
F4EC
F862
00F7
0D1D
1A5A
25EB
2D73
2F8A
2C15
243C
1A18
1026
08A2
04FF
0595
099D
0F71
1509
1885
18A5
1515
0E72
061E
FDDA
F75A
F3E1
F402
F790
FDC1
0568
0D43
143D
199D
1D10
1E9B
1E7E
1D0D
1A98
1759
1379
0F1E
0A7F
05EB
01CE
FEA3
FCDF
FCD9
FEAE
023C
0720
0CC5
127E
17A3
1BA5
1E28
1F08
1E54
1C48
1939
158A
1197
0DAF
0A0B
06CC
03FC
0190
FF6C
FD69
FB59
F90D
F660
F33A
EF9B
EBA0
E787
E3A8
E070
DE4B
DD94
DE78
E0ED
E4A5
E916
ED98
F182
F45A
F5FA
F6A2
F6F9
F7EB
FA73
FF52
06D3
109B
1BA6
266B
2F24
3434
3484
2FCF
26B7
1AAF
0DA9
01AE
F86C
F2E1
F136
F2CC
F682
FB11
FF67
02ED
0597
07C5
0A04
0CBE
0FF9
1347
15DD
16DA
159E
1215
0CD9
0720
0267
000A
00C9
0482
0A1D
0FCF
1390
13B3
0F64
06FB
FBEC
F06D
E6DD
E120
E016
E365
E9A1
F0BB
F6B2
FA31
FAF6
F9E7
F8B9
F956
FD2A
048F
0E8C
1902
213A
24AE
21D3
18A4
0ABE
FB06
ECEB
E37E
E09B
E46A
ED5C
F8A2
02F7
0990
0ADD
06E6
FF2F
F631
EE8C
EA37
E9F3
ED1E
F202
F675
F899
F785
F391
EE3D
E9A9
E7E1
EA1B
F042
F8E0
0181
0765
0856
035C
F915
EB9E
DE01
D36D
CE51
CFBC
D71B
E266
EEBE
F935
FF91
00D2
FD57
F6A2
EECA
E7DC
E34A
E1A5
E29D
E54F
E8B1
EC04
EF0F
F220
F5D5
FAB7
00E1
07C8
0E4B
12F8
1484
1242
0C75
045C
FBF2
F569
F290
F447
FA37
02E4
0C0B
134B
16C9
15BE
10AA
092D
018E
FC0C
FA33
FC68
01C6
0865
0DE2
101D
0DD5
0715
FD3C
F2A5
EA0B
E5C7
E72D
EE28
F932
05B3
10A0
1741
17E0
1236
0783
FA3F
ED8B
E46C
E118
E471
EDD2
FB3C
09C8
165D
1E64
205E
1C37
1344
07E6
FCF6
F510
F1F3
F41A
FAA3
0395
0C65
12A5
14A9
11F8
0B6E
02F8
FB11
F60A
F564
F95A
00CB
0982
10D3
145A
12B4
0BEB
0186
F627
ECD7
E832
E9A6
F104
FC80
0926
139B
1906
17CC
1003
035D
F4BA
E75B
DE0A
DA6D
DCAE
E390
ECE9
F64C
FDBD
022C
039D
02F7
018B
0085
0080
014A
020E
01B0
FF53
FAC7
F4C6
EECD
EAB8
EA23
EDD7
F56C
FF43
08EA
0FC3
11C8
0E33
05C5
FAAB
EFEB
E896
E6F3
EBD3
F65C
043C
124D
1D65
2326
228C
1C12
1172
050F
F941
EFBA
E933
E56C
E37D
E25A
E149
E032
DFA0
E083
E3BD
E9B0
F1F3
FB54
041C
0A93
0D8A
0CC6
0921
0453
0072
FF50
01DE
07DC
0FDA
179D
1CC0
1D6C
18E2
0FBA
03BD
F768
ED3E
E720
E5D4
E8EE
EF05
F637
FCC1
017A
0419
0521
058E
0660
0828
0ACD
0D91
0F61
0F44
0CCF
086A
034D
FF2D
FDB1
FFE3
05BD
0E05
1688
1CAC
1E23
19A2
0F4D
00CE
F0F3
E304
D9EF
D78D
DC2A
E67C
F403
01AF
0CA5
12F1
13E5
1025
0955
0192
FAD6
F67C
F502
F60F
F8B3
FBD1
FE79
002F
00F9
0142
019E
0286
0428
0655
089B
0A6D
0B5E
0B40
0A37
08A2
06F3
0585
047A
03B5
02EF
01DF
0064
FEA1
FCFF
FC0E
FC50
FE05
0106
04BA
0841
0AAE
0B57
0A16
075F
0436
01E3
0199
0415
095E
DC84
E46B
EF54
FB99
0796
11EA
199F
1E2C
1F68
1D6D
1884
1120
07E1
FD9F
F368
EA78
E40C
E12C
E26A
E7AD
F01E
FA3C
041D
0BCB
0FB6
0F0D
09F0
0173
F75F
EDCF
E6B8
E374
E482
E96C
F0F2
F962
00FF
066F
0903
08CA
067C
032E
FFFC
FDB1
FC92
FC54
FC42
FB83
F972
F5E9
F164
ECF8
EA18
EA2E
EE33
F659
01D8
0F08
1BA7
255B
2A3E
2955
22DF
1853
0C19
0103
F9B2
F7F4
FC60
062F
136E
216F
2D6D
3526
3760
341F
2C97
22D5
1937
11DE
0E32
0E9F
128F
18A2
1F11
241D
266E
2558
20E7
19CC
1124
0835
0035
FA16
F675
F58F
F746
FB30
00A2
06C0
0C93
112D
13C9
13FA
11CA
0DC9
08F6
048F
01C4
0164
039A
07D2
0CD1
1107
12FA
11BA
0D36
0653
FEBE
F875
F537
F5F9
FA87
0188
08CE
0DF6
0F21
0B95
0406
FA7F
F1D3
ECD0
ED5E
F3D1
FEB4
0B0D
1528
199C
1658
0B57
FACB
E8AB
D9B4
D22B
D4AF
E175
F624
0E63
24EE
34F2
3B46
3735
2A97
1944
07F9
FB10
F55D
F783
FFEE
0B6C
162F
1CEF
1DDA
1900
1030
0655
FE7C
FAE8
FC63
0212
09CA
10C6
148D
13B3
0E42
05AE
FC56
F4C3
F0DB
F151
F573
FB6F
00EA
03C4
02C2
FDF2
F6A6
EF09
E975
E7BA
EA90
F161
FA77
037B
0A29
0CF3
0B71
0677
FFCF
F9AA
F601
F5FF
F9B4
001A
0763
0D85
10CF
105C
0C4F
05BF
FE64
F81A
F45E
F3F0
F6A2
FB71
00CB
0500
06AF
051B
005C
F955
F17A
EA80
E5F4
E4EC
E7C3
EE0E
F6AF
000E
086D
0E45
108C
0EF4
09F9
02C3
FAF0
F43A
F018
EF71
F268
F855
FFF0
0797
0DB4
1110
111B
0DFF
088D
01FF
FBAA
F6AC
F3B1
F2DE
F3E1
F616
F8C8
FB5B
FD6D
FED7
FF99
FFBD
FF3A
FDEF
FBB0
F86A
F446
EFC4
EBB4
E911
E8C4
EB57
F0BB
F830
0060
07AB
0C88
0DF9
0BCC
06B8
002A
F9E7
F58E
F424
F5CB
F9BD
FE8F
02A3
04AB
0416
013D
FD4F
F9EC
F8A3
FA70
FF5A
0669
0DD9
1399
15DE
139D
0CDE
02B0
F6E1
EB7E
E24B
DC60
D9F9
DA92
DD41
E116
E581
EA75
F05E
F7D1
0128
0C2B
17DE
229F
2A7C
2DBF
2B71
23B9
17F2
0A64
FDBB
F45A
EFC1
F02D
F494
FAFD
0113
04D7
0529
0211
FCAA
F6BF
F233
F072
F200
F661
FC4E
0223
066B
0853
07E3
05EA
03AD
0266
02D6
04F7
07F9
0A87
0B3F
092D
0431
FD21
F59C
EF9C
ECE6
EE85
F477
FD9F
0813
1198
1836
1ABE
1908
13F1
0D10
063D
010D
FE70
FE83
00A3
03B2
067B
080F
07FF
066F
03EF
0141
FF0D
FDAF
FD20
FD05
FCDE
FC39
FAE0
F8F0
F6C6
F4E3
F3B9
F37F
F41E
F539
F644
F6BA
F640
F4C4
F282
EFEE
ED92
EBEC
EB46
EBB6
ED19
EF2B
F199
F417
F65D
F82A
F934
F929
F7AE
F47F
EF8A
E911
E1C4
DAB2
D52A
D274
D383
D8AC
E17A
ECAE
F879
02D3
09F0
0CAA
0AC6
0507
FCFA
F4A0
EDF0
EA63
EA9F
EE56
F467
FB27
00D4
0402
03F3
00C3
FB5E
F54A
F047
EDEF
EF58
F4D7
FDE7
0941
1515
1F5C
2639
284E
2502
1C9E
1050
01F5
F3CF
E81D
E0B5
DEA7
E209
E9EE
F494
FFBE
0924
0EF0
101C
0CA4
0585
FC7C
F3A2
ECF8
E9FD
EB5F
F0EC
F9A8
0410
0E71
1740
1D53
200B
1F52
1B86
155A
0DB6
059D
FE20
F849
F50A
F521
F8EB
0042
0A62
15EA
2106
29BD
2E51
2DA8
2797
1CF8
0F86
017E
F51B
EC0E
E71D
E5FD
E774
E9C0
EB26
EA7C
E781
E2FC
DE7E
DBEE
DCED
E256
EBE7
F844
0546
1084
17F5
1A70
17F2
1192
0924
00B4
F9F4
F5D0
F447
F48A
F55A
F587
F45D
F1E7
EEEB
ECA7
EC63
EEFC
F48D
FC56
04E5
0C78
1179
12F1
10C5
0BBF
0548
FEFF
FA44
F7D7
F7B0
F913
FADE
FBEA
FB70
F941
F5CE
F1F6
EEB0
ECB0
EC21
EC90
ED17
ECA7
EA72
E643
E0AB
DAEE
D6BE
D5C4
D929
E134
ED28
FB5F
09AA
15D5
1E2D
21E4
213B
1D63
1821
134F
1058
0FDB
1187
1436
164F
163A
12E3
0C0E
027D
F7C8
EE06
E746
E510
E7FA
EF78
F9F2
0518
0E62
13A3
1388
0DE5
03C7
F739
EAD4
E12B
DC41
DD15
E373
EE02
FA95
06B1
1014
1534
158A
11A3
0AEB
034C
FCB1
F897
F7BF
FA11
FEC0
0490
0A33
0E9E
1144
121B
1181
0FFF
0E06
0BC3
090D
0587
00D1
FAD4
F3F2
ED19
E7A4
E50D
E685
EC98
F6E3
040B
11F8
1E3C
26A2
29B1
2707
1F75
14C9
0961
FF99
F937
F708
F8BA
FCFC
01E8
0580
063A
035D
FD2B
F4C3
EBD5
E42C
DF44
DDEF
E03A
E576
EC7C
F402
FAEF
009A
04E2
0821
0AFC
0E21
1209
16C8
1C04
20FF
24C6
2668
2530
20D6
1995
102D
05C2
FBB3
F35C
EDE0
EBF4
EDC3
F2E8
FA7E
0349
0BF0
1332
1823
1A4F
19C6
170E
1301
0E9B
0AC3
0820
06FD
0747
089E
0A74
0C32
0D53
0D7C
0C7F
0A53
070E
02D5
FDDE
F872
F2F4
EDE5
E9DD
E778
E731
E943
ED81
F352
F9BD
FF9A
03D2
05AB
04FD
024E
FEB6
FBA0
FA68
FBF5
0067
06F8
0E14
13B6
15DE
1319
0AF1
FE1D
EE6D
DE71
D0EB
C833
C5B5
C99D
D2DA
DF64
ECB8
F872
00D6
0524
05B3
03C2
0115
FF78
0046
041A
0AAB
12EB
1B50
2233
2637
268E
2322
1C8D
13EB
0A97
01E2
FADA
F61C
F3D2
F3BF
F563
F820
FB64
FEBA
01D8
0492
06CD
086A
0938
08F4
0756
042A
FF6D
F966
F2B7
EC4E
E748
E4BC
E577
E9C8
F157
FB20
059B
0F00
15A9
1870
16F5
11C3
0A34
0226
FB91
F80C
F86C
FC90
0367
0B38
1213
164B
16E3
13CC
0DE3
06AD
FFEF
FB32
F963
FA98
FE19
02A0
06C0
094A
09A7
07FB
050F
020D
0022
0020
0239
05F6
0A4E
0DF7
0FBD
0ED6
0B1A
0505
FD9F
F637
F019
EC46
EB51
ED47
F1C2
F809
FF38
0660
0CA6
114E
13C8
13B9
1105
0BDA
04BA
FC6E
F3F7
EC63
E69B
E331
E243
E375
E60C
E924
EBF6
EE10
EF75
F096
F228
F4D7
F902
FE85
04B0
0A6E
0E94
103E
0F21
0BAE
0700
028C
FFAF
FF41
013D
04B7
0816
0988
079A
01B9
F87B
ED8F
E35E
DC63
DA79
DE47
E703
F293
FE18
06B2
0A46
081F
011C
F780
EE4D
E877
E80E
EDB0
F85A
05B2
12A8
1C4B
208F
1ED0
17EF
0E0A
03DE
FC09
F862
F98F
FEEF
06DF
0F3D
15FB
199D
197F
15E1
0FAE
0825
0085
F9BF
F461
F097
EE50
ED5C
ED8B
EEAE
F083
F2A5
F47B
F54C
F461
F149
EC15
E577
DEC4
D9B0
D7F0
DABC
E26A
EE37
FC51
0A33
152C
1B05
1A86
13C8
0831
FA1F
EC61
E18F
DB82
DB01
DFB7
E86B
F36D
FF07
09E1
1331
1AB6
208C
24ED
27EF
2970
2917
2688
2199
1A86
1208
093D
016E
FBC4
F8F9
F92A
FBD2
FFF2
045E
0809
0A4C
0B05
0A88
096A
0844
076E
06E2
0643
0505
02B6
FF3A
FAF5
F6C0
F3BC
F2F9
F51F
FA25
0137
08D6
0F28
126F
1177
0BED
0280
F6BD
EABD
E0B1
DA67
D8F3
DC84
E46B
EF54
FB99
0796
11EA
199F
1E2C
1F68
1D6D
1884
1120
07E1
FD9F
F368
EA78
E40C
E12C
E26A
E7AD
F01E
FA3C
041D
0BCB
0FB6
0F0D
09F0
0173
F75F
EDCF
E6B8
E374
E482
E96C
F0F2
F962
00FF
066F
0903
08CA
067C
032E
FFFC
FDB1
FC92
FC54
FC42
FB83
F972
F5E9
F164
ECF8
EA18
EA2E
EE33
F659
01D8
0F08
1BA7
255B
2A3E
2955
22DF
1853
0C19
0103
F9B2
F7F4
FC60
062F
136E
216F
2D6D
3526
3760
341F
2C97
22D5
1937
11DE
0E32
0E9F
128F
18A2
1F11
241D
266E
2558
20E7
19CC
1124
0835
0035
FA16
F675
F58F
F746
FB30
00A2
06C0
0C93
112D
13C9
13FA
11CA
0DC9
08F6
048F
01C4
0164
039A
07D2
0CD1
1107
12FA
11BA
0D36
0653
FEBE
F875
F537
F5F9
FA87
0188
08CE
0DF6
0F21
0B95
0B35
064F
FFD7
FA36
F76A
F879
FD2D
042F
0B7E
1106
1340
1195
0C7B
0547
FDB3
F766
F380
F260
F3AB
F687
F9F6
FD2A
FFB5
018E
02EE
0410
04FC
0573
0500
0331
FFE1
FB69
F6B4
F310
F1D4
F3F1
F989
01C4
0AE3
12A6
16E5
162D
103C
0627
FA29
EF15
E797
E57F
E940
F1CE
FCEE
07D2
0FE5
137B
1246
0D5E
06E0
014A
FEBA
004F
05D8
0DE7
1642
1C88
1EE1
1C7A
15BA
0C13
0196
F856
F1E1
EEE5
EF22
F19D
F50E
F84B
FAA8
FC17
FD13
FE5B
0098
0411
0889
0D4B
1169
140A
14B5
137C
10EF
0DEB
0B43
0975
0877
07B5
0640
032C
FDE7
F689
EDE4
E566
DEBF
DB68
DC3D
E131
E946
F2C7
FBB0
0234
052F
046C
00A9
FB61
F65E
F33F
F310
F609
FB8B
0252
08D2
0D9D
0FC0
0EF3
0BA2
06C8
01A6
FD79
FB31
FB49
FDB3
01F1
0735
0C94
1133
1467
15CE
154C
130C
0F70
0B02
065D
0221
FEDB
FCF6
FCAB
FDFD
00B0
0455
085C
0C27
0F25
10EA
1139
1015
0DB5
0A80
06F8
03AD
0124
FFC5
FFCF
0145
03EB
0746
0AA7
0D45
0E5C
0D57
09F5
0461
FD3D
F587
EE77
E939
E6B3
E751
EAE9
F0C5
F7D0
FEDA
04E1
0952
0C25
0DD4
0F2D
1106
13EF
17F5
1C8E
20B3
2320
22B1
1EC3
176C
0D93
02C8
F8E9
F1B8
EE64
EF3F
F3A3
FA19
00B7
0599
0763
0599
00C5
FA5A
F455
F0C4
F138
F65D
FFC7
0BFC
18C4
23A5
2A74
2BD1
2775
1E4B
1239
05BA
FB51
F502
F3E2
F7DF
FFC7
098E
12C6
1926
1B09
17CE
0FF3
04FC
F917
EEA1
E79E
E548
E7CF
EE4E
F708
FFCF
0686
099B
085E
0326
FB31
F253
EA87
E579
E426
E6AC
EC55
F3CA
FB71
01D0
05DC
072A
05EF
02D9
FED0
FAB0
F718
F44C
F248
F0DF
EFEB
EF79
EFCF
F164
F4AC
F9DF
00C3
088B
0FEB
1547
1715
1440
0C86
00A5
F256
E405
D858
D19E
D146
D784
E339
F222
0156
0DE4
157A
16EA
126B
098B
FEC9
F4FD
EEAB
ED64
F16B
F9A3
03DA
0D55
137C
147D
0FC2
0615
F96D
EC78
E1ED
DBEF
DB8B
E082
E965
F3FC
FDD6
04E5
07EE
06C9
0249
FBEC
F566
F025
ECF9
EBF1
EC7C
EDB2
EEB9
EF1E
EEFF
EF03
F01D
F32B
F896
0012
0893
1084
1628
181E
15C7
0F83
06AB
FD44
F582
F137
F166
F602
FDFA
078A
10B7
17CD
1BC8
1C81
1A9D
1743
13B4
10E9
0F53
0ECA
0EB4
0E48
0CE0
0A34
066D
0210
FDC0
FA00
F6FC
F47A
F1F3
EED7
EAD4
E617
E161
DDEA
DD11
DFF2
E702
F1CC
FEEF
0C58
17B4
1EFB
20E8
1D46
14FA
09C6
FDD9
F351
EBC2
E7F1
E7C9
EA82
EEF4
F3EB
F876
FC0C
FE8F
002A
012A
01D7
025B
02C5
0317
035D
03B3
0441
0526
065A
07A3
0896
08B7
07AD
057B
029D
000A
FEFA
008F
056B
0D55
1716
20A2
2780
2972
2517
1A6E
0AF8
F97C
E968
DDF0
D93F
DBD9
E473
F048
FBDA
03E5
064A
02A7
FA6B
F06C
E811
E44F
E6D0
EF73
FC55
0A60
1627
1CE2
1D2B
1757
0D42
01B4
F783
F0C2
EE37
EF3D
F225
F4DE
F5B8
F3FE
F033
EBDB
E8F3
E92E
ED58
F4F5
FE5F
073D
0D46
0F00
0C43
0651
FF77
FA4E
F8E5
FC02
02D5
0B20
11DC
1427
102C
05CB
F6B9
E61A
D7AA
CEB3
CD22
D302
DE81
EC7E
F977
028E
0650
050F
00A9
FBDB
F951
FAC5
0067
08D2
1172
1760
1849
1337
08EE
FBC6
EF0A
E60E
E349
E79F
F22D
008B
0F76
1BAD
22C8
23BC
1F02
164E
0BF8
0253
FB12
F6F9
F5D7
F6CF
F8C1
FAB8
FC2B
FD0D
FDA1
FE38
FEE7
FF5F
FEFD
FD00
F8DE
F296
EAD7
E2F4
DC9D
D96D
DA78
DFF4
E91B
F45A
FFB7
094F
0FD8
12E6
12FF
1156
0F69
0E7E
0F49
11B2
14F1
17D1
1923
181E
14A7
0F5E
0970
0439
00E5
0015
01B9
051A
091D
0C98
0EA7
0EEF
0DA7
0B80
095F
0813
0819
0976
0BC1
0E4C
105D
1164
1127
0FBF
0D8A
0B02
0892
067B
04CB
0370
0251
016D
00E8
0104
0202
03FF
06C9
09D7
0C53
0D4B
0BF6
07FA
019D
F9D1
F20F
EC0A
E941
EAA0
F02F
F900
0355
0CFC
13CC
1628
1364
0BF2
0151
F5B6
EB99
E522
E3B8
E7B3
F053
FBEF
0857
1351
1B09
1E6B
1D49
1850
10C8
083D
0027
F998
F515
F296
F1A1
F18F
F1C0
F1D7
F1D0
F1F8
F2C8
F4B4
F7F4
FC5F
0166
062A
09B0
0B23
0A0D
0680
011C
FAEA
F524
F0E9
EEF1
EF68
F1DD
F564
F8D3
FB11
FB63
F998
F620
F1ED
EE3E
EC4F
ED12
F0F7
F7CE
00D3
0AD7
1474
1C57
2172
232A
2166
1C90
157B
0D41
051B
FE2B
F958
F727
F7A1
FA53
FE58
028A
05B6
06E5
0595
01E5
FC97
F6EE
F260
F041
F15E
F5C6
FCB4
04B9
0C15
1128
12E1
110A
0C58
0639
0068
FC76
FB4E
FCF9
0099
04B6
07B7
0866
0657
0215
FCF8
F8B9
F6E3
F842
FC96
028C
081B
0B18
09E8
0410
FA6E
EF15
E4C4
DE1C
DCDF
E160
EA5C
F54D
FF1C
0504
0561
0036
F72E
ED29
E564
E289
E5DC
EED5
FB3E
07C8
10FD
1438
1064
064E
F867
EA18
DED1
D918
D9EA
E085
EAB7
F592
FE47
02EF
02FF
FF57
F9DD
F4D6
F22F
F2EC
F6E8
FCFB
036D
088A
0B35
0B3B
0955
06E3
056D
061F
096E
0EF4
1598
1BF3
20BA
2327
231D
211B
1DF1
1A63
16D8
132E
0ED4
0912
0174
F81E
EE00
E4B8
DE3B
DC49
DFE2
E8E9
F606
04E6
12C9
1D28
2259
21F5
1CE1
1502
0CAB
05F0
0216
0145
0294
0464
04F5
02FC
FE14
F6E1
EEE7
E811
E423
E42E
E83E
EF58
F7BC
FF6C
04B1
069D
053F
0196
FD41
FA00
F933
FB76
007D
072F
0DF5
1332
15B1
14F0
1143
0BAF
059C
007A
FD56
FCA1
FE11
00BE
0360
04A3
037C
FF6F
F8AF
F016
E700
DF02
D99A
D7E4
DA5E
E0CE
EA4A
F568
0080
0A00
10BD
1426
145F
1226
0EA3
0B11
086F
073F
0768
0845
08E4
0858
0610
0218
FD2C
F894
F5D1
F635
FA6F
024C
0C9F
1778
2088
25B3
258D
1FBE
1522
079D
F9B5
EDFE
E691
E495
E80A
EFDC
FA2C
04C0
0D86
12F8
1462
11EA
0C73
055A
FE21
F825
F460
F349
F4CC
F858
FCFF
01A2
0522
0690
055F
017E
FB6E
F431
ED25
E7BC
E52D
E627
EA98
F1A2
F9C2
0125
0619
077C
0515
FFA6
F8C9
F287
EECF
EEEA
F31D
FA8A
0368
0B73
108E
1152
0D78
05EC
FC90
F3BA
ED95
EB8D
EDF3
F3F8
FBEA
03BB
0993
0C4E
0BC0
08AC
0477
00B0
FE97
FEBD
00EB
043E
0780
0994
09D2
0840
058C
02D5
014F
01E4
04EE
0A1A
1081
16E9
1C11
1EFD
1F22
1C76
1753
1053
0822
FF62
F69F
EE57
E706
E12F
DD53
DBD2
DCCE
E005
E4CC
EA25
EEF5
F24B
F3AB
F336
F1AD
F038
F016
F230
F6CB
FD62
04C5
0B6E
0FF4
1185
102C
0CDE
0932
06E4
0746
0AC3
10A6
173D
1C4A
1DA7
19F6
111A
045B
F625
E96B
E0E3
DE4B
E1EE
EA94
F5D7
00D1
08E5
0C71
0B35
064F
FFD7
FA36
F76A
F879
FD2D
042F
0B7E
1106
1340
1195
0C7B
0547
FDB3
F766
F380
F260
F3AB
F687
F9F6
FD2A
FFB5
018E
02EE
0410
04FC
0573
0500
0331
FFE1
FB69
F6B4
F310
F1D4
F3F1
F989
01C4
0AE3
12A6
16E5
162D
103C
0627
FA29
EF15
E797
E57F
E940
F1CE
FCEE
07D2
0FE5
137B
1246
0D5E
06E0
014A
FEBA
004F
05D8
0DE7
1642
1C88
1EE1
1C7A
15BA
0C13
0196
F856
F1E1
EEE5
EF22
F19D
F50E
F84B
FAA8
FC17
FD13
FE5B
0098
0411
0889
0D4B
1169
140A
14B5
137C
10EF
0DEB
0B43
0975
0877
07B5
0640
032C
FDE7
F689
EDE4
E566
DEBF
DB68
DC3D
E131
E946
F2C7
FBB0
0234
052F
046C
00A9
FB61
F65E
F33F
F310
F609
FB8B
0252
08D2
0D9D
0FC0
0EF3
0BA2
06C8
01A6
FD79
FB31
FB49
1EB4
1BB1
159A
0D56
0441
FBEE
F5D4
F2F2
F396
F73A
FCA0
021A
05F5
06E3
045D
FEC5
F759
EFE5
EA52
E829
EA31
F03E
F93D
037E
0D21
148F
18D2
19C2
17FC
14A0
10F5
0E0D
0C87
0C74
0D76
0EF2
1059
1158
11F0
1261
1302
13FF
1536
1626
1610
1436
1025
09F4
0262
FAB3
F46F
F0F4
F113
F4CF
FB4E
0312
0A61
0FBF
1257
1237
103B
0DC1
0C2D
0C67
0E86
11BD
148E
1549
129F
0C1F
0279
F76B
ED56
E69E
E4F9
E8F4
F1BD
FD5D
093C
12E2
18A2
1A0F
180A
1472
1179
10E6
1373
1880
1E30
21F2
2149
1A9B
0DCC
FC68
E963
D861
CCCF
C901
CD97
D952
E968
FA3C
0844
10E7
130E
0F4B
078D
FE83
F6D4
F26C
F20D
F533
FA60
FF9B
030B
0375
008C
FAF1
F3F3
ED2F
E822
E5D2
E6A2
EA58
F03D
F75C
FEB7
0573
0AEC
0EB5
1095
1082
0EA3
0B53
0728
02EA
FF7C
FDB2
FE1F
00EE
05C6
0BDC
121B
176C
1B00
1C8C
1C56
1B25
19FA
19BF
1AF8
1D91
20DE
23D0
2544
2466
20F6
1B60
14A4
0E09
08B6
055F
040C
041F
048D
0443
0286
FF3C
FB02
F6F9
F472
F472
F75B
FCB8
0357
0996
0DE2
0F34
0D61
0932
0427
000D
FE6E
001F
04FB
0BEF
134B
1940
1C67
1C25
18C9
136D
0D90
089E
0586
0479
04F3
05FB
068A
05ED
040D
016F
FF06
FDD0
FE70
00E8
0485
080B
0A1A
099F
0634
0048
F905
F1F5
EC8A
E9A3
E94D
EABD
EC9B
ED7F
EC76
E963
E51D
E13E
DFA6
E1E2
E8A6
F37C
00D1
0E5B
19AC
20E6
2336
2105
1BD3
15B2
10A5
0E02
0E11
1004
1249
1315
110A
0BB0
03A8
FA81
F244
ECD4
EB57
EDE5
F379
FA46
003F
03B7
03D0
00B1
FB67
F578
F064
ED26
EBF3
EC42
ED18
ED7B
ECEC
EBA6
EAA2
EB48
EEED
F64C
011E
0E04
1AC5
24D9
2A19
2959
22C3
17DC
0B16
FF35
F68A
F265
F2CA
F68A
FBB9
004D
02C4
0290
0034
FD00
FA92
FA3F
FC93
011D
068D
0B1C
0D25
0BAD
06BF
FF73
F799
F135
EDDD
EE3E
F1E6
F768
FCC9
001F
0027
FCA9
F68A
EF88
E9B3
E6CC
E7BE
EC57
F352
FAB7
006B
02D0
0135
FC0B
F4C8
ED77
E832
E68F
E93F
EFE8
F94A
039A
0CFF
13FD
17C7
1857
164E
12B7
0EB2
0B2D
08B9
077F
0759
07F0
08EE
0A0C
0B20
0C0C
0CA9
0CBC
0BE8
09C6
05FF
0073
F95A
F153
E954
E289
DE1B
DCF0
DF79
E58F
EE75
F8F3
038A
0CBB
1347
1665
15E0
1220
0C0C
04E1
FDF6
F87E
F555
F4D8
F6DC
FABE
FF82
040A
0755
08AA
07C1
04C7
0051
FB2E
F63A
F226
EF53
EDC4
ED27
ECF2
EC8E
EB81
E988
E6A6
E31A
DF49
DBA2
D88B
D651
D52E
D54F
D6DF
DA0C
DEF6
E59F
EDCF
F6FC
004F
08B9
0F23
12AE
12EE
1012
0AE6
04AA
FEC4
FA6C
F84F
F868
F9FF
FBDF
FCB7
FB87
F7F6
F280
EC5E
E73B
E4BE
E613
EB87
F470
FF46
0A06
12AC
17B3
186C
1518
0EC9
0707
FF66
F926
F4FA
F2FC
F2D8
F40B
F61C
F8C5
FBEE
FF85
034A
06A6
08A8
0830
044E
FCA9
F1DA
E587
DA35
D2C6
D1BF
D88F
E702
FB17
1154
257E
339B
38ED
34AF
2849
1700
051E
F6D7
EF31
EF47
F60C
00AF
0B74
12D6
1484
100C
06F0
FC26
F32D
EEF7
F106
F8EC
046B
1016
1851
1A5F
152A
0999
FA47
EACB
DEAE
D879
D901
DF46
E8CD
F269
F92F
FB4E
F88A
F23D
EAE3
E551
E3DF
E7B9
F090
FCC3
09DC
154A
1D14
2058
1F68
1B94
16A6
124B
0F97
0EC1
0F33
0FDD
0FAD
0DFB
0AD5
06F6
038A
01BF
0251
053C
09A5
0E16
10E7
10C2
0D11
063D
FD9A
F50F
EE92
EB9D
ECC1
F181
F878
FFBD
056F
0838
07A5
043A
FF3B
FA45
F6CA
F5A9
F6EB
F9D1
FD1A
FF74
FFEE
FE4E
FB2C
F7CB
F5B1
F62E
F9E5
0082
08B7
1081
15A8
1654
119A
07CC
FA82
EC4E
E02F
D8E6
D84D
DEEC
EBCF
FCBA
0EA7
1E70
297A
2E40
2C99
25A6
1B80
10A8
076C
0166
FF2B
0043
036B
06F8
095C
098C
073E
02E8
FD8B
F852
F42E
F189
F024
EF37
EDB6
EABA
E5DC
DF73
D894
D2D3
CFE0
D103
D6BB
E081
ECDA
F9A9
04AF
0C1D
0F07
0D9A
090D
0340
FE36
FB81
FBD3
FED4
0342
075D
0970
0863
0417
FD7F
F660
F0DD
EED9
F16B
F88B
030A
0EE0
19AA
2151
2485
2310
1DCE
1660
0EAD
085B
045D
02C7
02E5
038D
0395
0244
FF95
FC41
F984
F8B3
FAC9
0002
07B6
1071
184D
1D6D
1E80
1B15
13C2
09F2
FF8B
F666
EFDA
EC68
EBAB
EC86
ED83
ED4E
EB1B
E6E5
E172
DC1C
D86D
D7B1
DAA0
E124
EA6A
F511
FF90
0890
0F3D
136E
1598
169A
176B
18C7
1AF5
1DA6
200A
2107
1F85
1ABE
1282
074F
FA49
ED0E
E164
D8EB
D4C9
D574
DA9D
E344
EDE1
F8BA
022D
0901
0C9A
0D12
0B22
07F4
04D7
02ED
02E6
04CE
080C
0B86
0DE5
0DF1
0AE9
04C0
FC31
F2A4
E9DF
E3A1
E12E
E300
E893
F07A
F8A8
FEDF
0135
FE88
F6C3
EAF2
DD06
CF77
C4BD
BED7
BEE6
C503
D04E
DF2D
EFA7
FFCB
0E01
193B
20FE
2546
265B
24A2
207D
1A40
1242
08F0
FEEB
F50E
EC62
E5F0
E292
E2B6
E635
EC56
F3E1
FB67
018E
0561
0689
0557
02A8
FFA2
FD5F
FC97
FD6B
FF5D
0174
0286
0198
FE31
F890
F1AB
EAFF
E634
E4B1
E739
EDAD
F708
0191
0B3D
1223
14F1
1334
0D74
0511
FBEC
F401
EEF4
EDC0
F090
F6CB
FF45
088F
114A
1863
1D3D
1FA8
1FCF
1E0D
1AC4
1647
10D5
0AA9
040C
FD6F
F76A
F2B0
EFE9
EF83
F188
F588
FA9B
FF8B
030F
041F
0232
FD6C
F6A4
EF3E
E8DF
E515
E4FA
E8F2
F08E
FA9C
0566
0F06
15CB
1889
16D6
1115
0860
FE45
F47E
EC98
E7B0
E647
E83C
ECDE
F320
F9D4
FFE7
0495
0784
08C4
08B9
07F7
070C
065C
0601
05C8
0542
03E9
0150
FD4B
F80F
F230
EC8B
E814
E59B
E594
E7F1
EC1E
F11E
F5C8
F910
FA50
F979
F719
F441
F23B
F236
F4F1
FA83
0245
0AFB
1319
1922
1C04
1B5E
1791
11A6
0B09
052C
0131
FFA6
0073
02F1
0623
0901
0AC3
0B0B
09F3
07EE
059F
0395
022A
0167
0113
00D9
006F
FFC3
FF03
FE97
FEF3
0066
02EA
060F
0901
0ABD
0A54
0736
016C
F9AB
F139
E9A9
E47A
E2BB
E4C5
EA22
F1AA
F9CD
00FA
05FF
0852
082D
0670
0459
0328
03C4
067B
0AF4
104D
155E
1911
1AB0
1A16
17B2
1463
1138
0F1D
0E9B
0FB3
11E4
144F
15FD
161E
1445
1081
0B53
058B
000C
FB99
F8A7
F74E
F754
F84B
F9B6
FB31
FC7D
FD85
FE49
FEC4
FED2
FE2C
FC74
F94E
F491
EE6A
E771
E0A3
DB3B
D874
D93D
DDF8
E654
F148
FD44
0878
113A
165E
177A
14FE
1016
0A66
05AA
0352
042F
084B
0EEB
16C1
1E34
23C4
264D
2544
20C6
1982
108C
0728
FE8E
F7BC
F366
F1E5
F343
F741
FD62
04F1
0D0A
14A7
1ABA
1E4E
1EB4
1BB1
159A
0D56
0441
FBEE
F5D4
F2F2
F396
F73A
FCA0
021A
05F5
06E3
045D
FEC5
F759
EFE5
EA52
E829
EA31
F03E
F93D
037E
0D21
148F
18D2
19C2
17FC
14A0
10F5
0E0D
0C87
0C74
0D76
0EF2
1059
1158
11F0
1261
1302
13FF
1536
1626
1610
1436
1025
09F4
0262
FAB3
F46F
F0F4
F113
F4CF
FB4E
0312
0A61
0FBF
1257
1237
103B
0DC1
0C2D
0C67
0E86
11BD
148E
1549
129F
0C1F
0279
F76B
ED56
E69E
E4F9
E8F4
F1BD
FD5D
093C
12E2
18A2
1A0F
180A
1472
1179
10E6
1373
1880
1E30
21F2
2149
1A9B
0DCC
FC68
E963
D861
CCCF
C901
CD97
D952
E968
FA3C
0844
10E7
130E
0F4B
078D
FE83
F6D4
F26C
F20D
F533
FA60
FF9B
030B
0375
008C
FAF1
F3F3
ED2F
E822
E5D2
E6A2
EA58
F03D
F75C
FEB7
0573
E6C5
E7A3
EA8F
EEF7
F43D
F9D3
FF49
0451
08B8
0C61
0F40
1157
12BF
139F
1429
147D
14A0
1461
135D
1110
0CFF
06EF
FF11
F622
ED5C
E645
E259
E2A2
E764
EFF0
FAB6
058E
0E3A
12F3
12E0
0E53
06BA
FE42
F746
F3AD
F468
F933
00AC
08BC
0F2E
1253
1175
0D0B
0689
FFF0
FB34
F9A9
FBA6
0072
068D
0C29
0FC0
1089
0EB0
0B40
07C0
05AA
05E7
087C
0C7B
1054
124D
1120
0C6D
04F4
FC69
F50A
F0F7
F190
F708
0043
0B1D
14F2
1B56
1CB8
18CA
108F
060E
FBBF
F3DD
EFD0
EFDA
F312
F7BE
FBD5
FD9F
FC29
F785
F0BC
E97B
E399
E09F
E168
E5FA
ED96
F6FC
00C4
09AA
10CF
15C9
1893
1968
189F
1689
136D
0F8C
0B3B
06EA
0321
006C
FF34
FF96
014E
03B3
05DF
06E9
0626
0364
FF00
F9D4
F503
F1A4
F074
F1A1
F4BD
F8E3
FD06
0045
0242
033D
040A
05C8
0980
0FBA
1836
21DC
2AF0
3176
33BA
30D1
28E1
1D35
0FF7
03B1
FABF
F6B6
F816
FE2F
0762
1191
1AAF
213B
2494
24FD
236E
2128
1F48
1E67
1E6E
1EA5
1DFD
1B6C
1658
0ED5
05B3
FC4F
F439
EEC3
ECA5
EDC3
F132
F57A
F8FB
FA63
F908
F51B
EF9B
EA08
E5FD
E4BD
E6D7
EC04
F339
FAEE
018E
05DE
074D
0615
0320
FFB8
FD27
FC55
FD83
0040
038F
0635
0724
05CF
0264
FDC1
F942
F65D
F631
F92A
FED0
05D8
0C66
108A
10B8
0C40
0382
F7EB
EBAE
E143
DADE
D9EC
DEC2
E88F
F590
037C
1007
196B
1EBA
2005
1E42
1AF5
17C8
1613
1690
192F
1D23
2125
23C9
23E4
20D4
1AAE
123D
08D0
FFF7
F926
F56C
F536
F83D
FD94
03DD
098A
0D32
0DD3
0B05
0512
FCE8
F3EB
EBAF
E5AC
E2F2
E3EC
E84E
EF1E
F6E7
FE0E
0325
0546
0445
00BF
FBFC
F7A0
F54D
F63E
FAF7
0324
0DA6
18CF
22C4
29E1
2D15
2C10
2747
1FCD
1706
0E4D
06B2
00C6
FC96
F9CC
F7DD
F646
F4B5
F31F
F1B4
F0C3
F08E
F12B
F271
F3FD
F551
F5F7
F5A1
F441
F209
EF54
EC88
E9F9
E7CC
E601
E47B
E321
E1FB
E144
E165
E2DE
E61A
EB46
F234
FA49
029B
0A19
0FC4
12E9
1344
110D
0CE8
07B8
0271
FDE9
FABB
F93D
F985
FB76
FED2
033B
082F
0D03
10DE
12CD
11E6
0D86
058B
FA8B
EDDE
E17E
D7B3
D298
D39A
DB0D
E7FF
F851
0920
1764
209D
2367
1FC5
1713
0BA8
0031
F703
F189
F001
F187
F482
F735
F855
F77C
F53F
F2F5
F23B
F458
F9B8
01AD
0A89
120B
1608
1517
0F0D
0521
F9A2
EF64
E8F2
E7D8
EC2B
F481
FE4D
069A
0AE1
09C1
0367
F987
EEE1
E67C
E2D0
E50F
ECD6
F843
0478
0E65
1396
12D3
0C63
01EC
F5EE
EB10
E36C
E00F
E0C9
E45D
E8FC
ECDB
EEC5
EE6D
EC7C
EA4E
E97D
EB57
F06F
F869
0209
0B84
12FC
16FD
16DE
12EC
0C4E
04B4
FDE6
F94D
F79A
F89D
FB5C
FE53
FFE0
FEAE
FA0C
F226
E7FD
DD39
D3D3
CDAA
CC1F
CFC8
D84D
E471
F24C
FFA3
0A53
10B8
11F8
0E2E
0658
FC26
F199
E89F
E2B2
E092
E22C
E6B4
ECDF
F33F
F892
FC0E
FD79
FD25
FBC2
FA1E
F8E4
F870
F8BD
F977
FA26
FA61
F9F8
F90C
F808
F77C
F7EF
F9B2
FCBE
00B6
04FD
08E2
0BD7
0D95
0E31
0E0F
0DC0
0DD5
0EAB
104F
127A
14A0
1616
1643
14C0
1174
0C97
06A0
0031
F9FA
F4A3
F0BC
EEB9
EEE6
F15C
F5F9
FC4B
038D
0AAF
1075
13AF
137B
0F85
0835
FEAD
F4A6
EC10
E6A9
E58B
E8E5
EFE4
F8E0
01C9
08A9
0C2A
0BEC
08A1
03D1
FF6C
FD3A
FE54
02D5
09CC
117F
17E8
1B43
1A89
15B5
0DBF
0452
FB56
F472
F0AB
F039
F29B
F6DD
FBF0
00FE
0590
098D
0D09
1008
1248
1337
1216
0E43
0798
FEAC
F4E7
EC4D
E705
E6BE
EC24
F683
03D1
1112
1B12
1F3C
1C55
12E1
0514
F645
EA17
E380
E3FC
EB31
F70F
046A
0FEA
16F8
187E
1521
0F07
091D
062C
07F7
0EAA
18C9
239B
2BF9
2F3E
2C10
22C8
155A
06C8
FA46
F258
F023
F335
F9B4
0105
0691
088D
0669
00E8
F9C2
F30A
EE76
ECDD
EDFB
F09C
F315
F3DF
F224
EE11
E8C2
E3ED
E143
E1DF
E5DF
EC49
F355
F8F8
FB89
FA4C
F5B9
EF5D
E96F
E624
E70B
EC8E
F5D4
00F9
0B98
1375
1719
162F
118A
0AD4
0406
FECE
FC18
FBD9
FD2D
FEBA
FF2C
FDB4
FA4F
F5C9
F178
EECD
EED4
F1D8
F743
FDBC
0390
0727
0780
0479
FEDA
F820
F215
EE57
EDF2
F120
F746
FF2A
0742
0E17
1293
142C
12EC
0F55
0A33
046B
FED4
FA21
F6D8
F550
F5AF
F7E1
FB93
002F
04DE
08AD
0AB6
0A59
0775
0280
FC81
F6E0
F30D
F228
F4A5
FA26
0181
0908
0EF1
11D1
10FD
0CC2
064A
FF51
F9AC
F6C4
F738
FAAF
FFFB
0571
0965
0AA7
08D3
0468
FE9A
F8EE
F4C4
F2ED
F372
F59B
F82F
F9DF
F9B4
F75F
F355
EEAE
EACF
E8FF
EA03
EDE2
F3E4
FAC8
011C
05A9
07C0
0762
052D
0220
FF4A
FD74
FCF3
FDA0
FEF6
0057
0146
019D
0191
0199
0233
03AC
05F0
0884
0AAA
0B9F
0AEC
089D
055A
023E
0091
015C
0508
0B24
1267
18F5
1CD8
1C86
175E
0DE7
01BD
F53B
EAEB
E4DE
E42E
E8B5
F120
FB4B
04DF
0BE9
0F60
0F57
0CE9
09CA
07B9
07ED
0AA9
0F22
13B9
1672
1591
1032
069C
FA4C
EDA3
E355
DDBA
DE31
E4C0
F00E
FDB5
0AD8
14D4
19E1
1977
145E
0C69
03F3
FD37
F9C2
FA10
FD82
0293
0753
09F8
0959
0548
FE93
F6D1
EFEE
EBA8
EB14
EE5C
F4AD
FC78
03D5
0907
0AEB
093E
04AF
FEA9
F8F2
F535
F491
F755
FCE8
03FD
0AE3
0FFD
1229
1109
0D1B
078D
01F3
FDD3
FC41
FD98
0162
067A
0B61
0EA5
0F4B
0D17
089E
0324
FE47
FB8E
FBFA
FFBC
0618
0D89
141C
17E7
1785
126F
092B
FD37
F0B8
E607
DF31
DD88
E161
EA05
F5DC
02C4
0E7B
170A
1B15
1A0E
143A
0A98
FEAB
F238
E705
DE9B
DA18
DA0C
DE67
E679
F106
FC6D
06ED
0EE6
1330
1356
0FB9
0986
027D
FC8D
F963
F9F4
FE39
051D
0CB6
12B9
1513
127D
0AE9
FF9B
F2F4
E7E4
E137
E0D4
E73D
F359
02AF
11F9
1DF3
242C
23A4
1D08
1285
072F
FE33
F9FF
FBA3
028A
0CAE
1726
1EEC
21AF
1E68
1594
090B
FB77
EF9E
E7AD
E4B7
E680
EBAE
F239
F802
FB66
FB9A
F8CD
F3F8
EE8A
E9F5
E752
E72C
E97B
EDCB
F379
F9F1
00C8
07C7
0EC6
158A
1BA1
2063
230A
22F1
1FD0
19F2
123C
0A08
02D7
FDE4
FBCC
FC55
FE77
00A3
0138
FF07
F9B9
F200
E96D
E210
DDDF
DE23
E30D
EB9B
F5D2
FF49
05CD
0806
05D4
0062
F9C7
F477
F283
F4FF
FBA8
04EE
0E58
152E
1733
1345
09AB
FC06
ECEC
DF43
D594
D178
D351
DA4D
E4BE
F095
FBEA
0563
0C69
1115
13FC
15D2
171F
180C
185B
178D
1519
10AE
0A5E
02A9
FA6D
F2B2
EC6E
E859
E6C5
E7A3
EA8F
EEF7
F43D
F9D3
FF49
0451
08B8
0C61
0F40
1157
12BF
139F
1429
147D
14A0
1461
135D
1110
0CFF
06EF
FF11
F622
ED5C
E645
E259
E2A2
E764
EFF0
FAB6
058E
0E3A
12F3
12E0
0E53
06BA
FE42
F746
F3AD
F468
F933
00AC
08BC
0F2E
1253
1175
0D0B
0689
FFF0
FB34
F9A9
FBA6
0072
068D
0C29
0FC0
1089
0EB0
0B40
07C0
05AA
05E7
087C
0C7B
1054
124D
1120
0C6D
04F4
FC69
F50A
F0F7
F190
F708
0043
0B1D
14F2
1B56
1CB8
18CA
108F
060E
FBBF
F3DD
EFD0
EFDA
F312
F7BE
FBD5
FD9F
FC29
F785
F0BC
E97B
E399
E09F
E168
E5FA
ED96
F6FC
00C4
09AA
10CF
15C9
1893
1968
189F
1689
136D
0F8C
0B3B
06EA
0321
006C
FF34
FF96
014E
03B3
05DF
06E9
0626
0364
FF00
F9D4
F503
F1A4
F074
0AE1
1603
1C2A
1C89
17AB
0F39
057D
FCD0
F702
F501
F6B1
FB10
008E
057E
0883
08D7
066A
01CB
FBF0
F5EB
F0AC
ECD8
EABE
EA6D
EBCA
EEB5
F310
F8BA
FF75
06CF
0E0E
143D
184E
1959
16E1
1109
08A7
FF2A
F656
EFDC
ECF3
EE07
F29C
F968
00A5
068B
09BF
09B5
06C9
0227
FD6F
FA41
F9C8
FC69
01AC
0860
0EF7
13F1
1649
15AC
1288
0DDC
08E0
04AD
01EC
00B6
00A6
010C
0140
00E7
0017
FF57
FF70
0120
04D2
0A6A
1139
1823
1DE3
2164
220B
1FD8
1B65
15B3
0FDE
0AD2
0714
04B1
0353
0276
01A3
009E
FF79
FE7B
FDFA
FE1F
FEC3
FF66
FF53
FDE1
FABD
F62D
F120
ED0A
EB95
EE27
F570
011C
0FC2
1F1C
2C83
3586
387F
34FB
2BD4
1EFB
10FE
046B
FB35
F650
F588
F7B2
FB0B
FDC8
FE8C
FCC1
F8B0
F35D
EE2E
EA85
E95E
EB17
EF60
F55C
FBE0
01BF
060A
0835
0825
0621
02B0
FE77
FA20
F641
F351
F1A6
F166
F287
F4BE
F785
FA21
FBC4
FBB2
F971
F4F4
EEAD
E783
E0A5
DB4A
D866
D86D
DB38
E00C
E5CC
EB4B
EF93
F22C
F32A
F322
F2ED
F359
F4E7
F79B
FAF7
FE2C
0055
00D0
FF72
FC9F
F936
F64C
F4D8
F565
F7DD
FB88
FF34
018F
0182
FE84
F8C7
F131
E927
E231
DD9E
DC31
DDFD
E265
E851
EE76
F3A9
F71A
F879
F7F1
F60A
F374
F0DD
EEC9
ED86
ED32
EDCA
EF42
F190
F4AE
F891
FD17
01FA
06D1
0B17
0E49
1001
1016
0EA9
0C26
092A
0665
046B
0395
03EB
0520
06A5
07C6
07D5
0650
02FB
FDF0
F7A4
F0D3
EA68
E55B
E28A
E296
E5C1
EBDB
F43E
FDD9
0759
0F55
1489
1616
13A3
0D7D
0482
FA02
EF83
E679
E00B
DCE8
DD34
E099
E664
EDB6
F5AB
FD7F
049B
0A95
0F2A
122D
1388
133B
1164
0E4C
0A63
063E
027C
FFA8
FE1B
FDE9
FEE1
009E
02AA
04A5
065F
07DF
0951
0AE2
0C92
0E16
0ECF
0DEC
0AA6
048D
FBCB
F149
E69B
DDBC
D89B
D89D
DE39
E8BE
F66D
04D4
115A
19DD
1D2B
1B43
1541
0D02
0497
FDBB
F961
F790
F785
F814
F825
F722
F52D
F31B
F21F
F358
F757
FDD6
05AF
0D27
1269
1417
11C2
0C19
04C8
FE02
F9E0
F9CA
FE06
05A6
0EC9
172E
1CD5
1E99
1C7B
1796
11BE
0CE4
0A7E
0B0F
0E09
1206
1544
163F
143C
0F87
0961
0398
FFEF
FF85
026B
0792
0D0F
10B1
10A7
0C16
0368
F83D
ECFD
E437
DFF1
E120
E76F
F163
FCCA
0755
0F2C
1359
13E3
11A9
0DFC
0A31
0741
0591
04FD
0505
0517
04D2
0429
035D
02D2
02E0
039C
04CD
05FD
06A6
0673
0565
03E6
02A1
024F
0366
05E2
093C
0C86
0EBD
0F22
0D8F
0A90
0749
051D
0536
0812
0D40
1367
189C
1AEE
1906
12A3
08BF
FD62
F316
EC25
E9F0
EC76
F24F
F910
FE07
FF13
FB58
F398
EA08
E1B5
DD9C
DFBB
E865
F60E
05A3
1357
1BAE
1C76
156E
0858
F889
E9FF
E050
DDB7
E287
ED25
FA8B
0724
0FC8
1285
0F0C
069E
FB92
F097
E7F2
E2F6
E1D1
E3B7
E751
EB4F
EEDA
F1C9
F490
F7F0
FC87
0270
0918
0F53
13B3
14FE
129B
0CD6
04D8
FC5E
F541
F0EC
EFFC
F217
F615
FA62
FD77
FE58
FCCF
F976
F572
F20D
F046
F080
F26C
F52F
F7B3
F912
F8E3
F764
F55D
F3D8
F3C2
F58D
F902
FD49
012D
0380
0384
012F
FD3F
F908
F612
F5A7
F86C
FE2E
05E7
0E09
14E6
1922
1A0C
17BD
1303
0D19
074D
02A2
FFA3
FE57
FE61
FF44
0098
0233
042E
06C4
0A20
0E24
1255
15DF
17CE
1752
1411
0E56
0719
FFD1
FA1C
F754
F836
FCA2
03A6
0BB6
130C
181F
19FB
1878
142C
0E34
07D8
022B
FDC5
FAA9
F85B
F61F
F34B
EF8F
EB1E
E6AC
E33C
E1D8
E33A
E78F
EE57
F67A
FE83
04F6
08A7
0902
0630
010C
FAF4
F57F
F222
F1E5
F52E
FBAF
0475
0E1A
170F
1DE1
2187
218D
1E2A
1834
10F1
09D4
0430
00EE
005D
0220
0547
0888
0A94
0A6F
07B2
02B4
FC7A
F680
F25A
F14E
F3FC
FA25
02B2
0BE6
13C0
186C
18A9
1414
0B3C
FF7A
F2AC
E6D2
DDAA
D86E
D7A9
DB41
E297
ECB5
F883
04EA
10E7
1B93
2423
29EB
2C6F
2B7B
273C
204F
17BE
0EE0
071A
0199
FF0B
FF76
022D
05FE
097A
0B58
0ACC
07C0
02D9
FD4C
F887
F5C6
F5BB
F855
FCC6
01B8
05AD
076E
0662
02BD
FD74
F7FC
F3E4
F266
F414
F8AE
FF35
0631
0C13
0F9D
1034
0DFC
09CB
04E6
00A8
FE28
FDF2
FFF2
037E
0791
0B10
0D18
0D2C
0B4D
07EB
03BE
FF8F
FC08
F991
F842
F7F2
F84F
F8FE
F9B7
FA52
FACA
FB30
FB9D
FC25
FCD0
FD9D
FE8C
FFA9
010E
02E1
0542
0836
0B93
0EEF
11AD
1311
126D
0F53
09C2
0240
F9D6
F1EB
EBFF
E95D
EAC7
F046
F911
03B5
0E57
1716
1C79
1DBC
1AF6
1514
0D95
062C
0055
FCFB
FC4A
FDB2
0021
025C
0360
02B3
0086
FDA0
FB21
FA19
FB30
FE5D
02D7
0742
0A09
09D1
05E4
FE77
F4AE
EA62
E1B5
DC8C
DC14
E07A
E8DF
F38C
FE5F
074B
0CCB
0E30
0BB4
0655
FF85
F8CD
F379
F063
EFE6
F1F2
F634
FC3C
0398
0BCE
1453
1C70
233D
27B2
28D2
25F1
1EF3
147B
07E9
FB2D
F062
E95E
E740
EA29
F12E
FA91
042A
0BE8
104E
10BB
0D7B
0798
0080
F99B
F3F5
F015
EE07
ED8B
EE5B
F067
F3E1
F92C
0094
0A00
14BA
1F5F
2811
2CDF
2C4E
25D0
1A0F
0AE5
FAFB
ED2F
E3D9
E031
E204
E7C1
EEEB
F4D4
F757
F571
EF83
E72B
DEC3
D8B0
D6AE
D95C
E01A
E94D
F2E5
FAFA
0055
02AB
0291
0119
FF56
FDE1
FCA2
FAE1
F7A0
F227
EA7E
E1B3
D9C4
D528
D618
DDD3
EC0B
FEC9
12BC
2406
2F37
323C
2CFA
215E
12DE
0582
FCC3
FA93
FEC6
0722
1002
1564
1413
0AA0
F9D6
E491
CF07
BDB0
B420
B429
BD7C
CDD8
E1BB
F557
0587
1072
15CB
1697
1499
11A4
0F05
0D38
0BF2
0A7A
0826
04C3
00CC
FD4E
FB87
FC61
0002
058C
0B3F
0EE3
0E76
08CD
FE0E
EFC9
E0A5
D3BD
CBD0
CA89
D009
DAEA
E89C
F621
00CF
0704
0872
0619
01D4
FDB9
FB72
FBC5
FE71
0260
061A
0855
086A
068A
03AE
013B
0086
0260
06CB
0CFD
13A0
1946
1CE1
1E15
1D56
1BAD
1A5B
1A54
1BDF
1E67
209D
20DC
1DB3
166C
0B67
FE1C
F0D5
E61D
E015
DFE3
E55B
EF01
FA65
04BE
0B9B
0D77
0A12
0270
F88C
EED1
E783
E439
E594
EB32
F3DF
FDF6
07C4
0FE4
1577
182F
183E
162B
12A8
0E6A
0A1B
064B
0375
01F7
0209
03AF
06A6
0A64
0E25
110F
1262
11AE
0EFA
0ACD
0614
01E8
FF44
FEBA
0044
0341
069C
091E
09CA
0833
04A3
0016
FBF3
F9A7
FA34
FDD2
03CF
0AA9
106B
1337
11CB
0BEF
0296
F7B9
EDE1
E785
E663
EB04
F487
00CA
0CE5
15DD
1961
1663
0D5C
003B
F1EE
E5B4
DE54
DD7C
E35A
EE9D
FCCC
0AE1
1603
1C2A
1C89
17AB
0F39
057D
FCD0
F702
F501
F6B1
FB10
008E
057E
0883
08D7
066A
01CB
FBF0
F5EB
F0AC
ECD8
EABE
EA6D
EBCA
EEB5
F310
F8BA
FF75
06CF
0E0E
143D
184E
1959
16E1
1109
08A7
FF2A
F656
EFDC
ECF3
EE07
F29C
F968
00A5
068B
09BF
09B5
06C9
0227
FD6F
FA41
F9C8
FC69
01AC
0860
0EF7
13F1
1649
15AC
1288
0DDC
08E0
04AD
01EC
00B6
00A6
010C
0140
00E7
0017
FF57
FF70
0120
04D2
0A6A
1139
1823
1DE3
2164
220B
1FD8
1B65
15B3
0FDE
0AD2
0714
04B1
0353
0276
01A3
009E
FF79
FE7B
FDFA
FE1F
FEC3
FF66
FF53
FDE1
FABD
F62D
F120
ED0A
EB95
EE27
F570
011C
0FC2
1F1C
2C83
3586
387F
34FB
2BD4
1EFB
10FE
046B
FB35
F650
F588
F7B2
FB0B
FDC8
FE8C
FCC1
F8B0
F35D
1896
12AC
08EE
FD21
F165
E7D8
E234
E188
E60B
EF14
FB3F
08AA
1552
1F6C
25B6
27AE
259E
2086
19DA
132D
0DDA
0ABB
09FD
0B25
0D3B
0F14
0FA7
0E59
0B2A
06B4
0209
FE61
FCC5
FDC2
0139
065B
0BDD
1044
124B
1137
0D0B
068F
FF1D
F84C
F381
F194
F292
F5BA
F9AD
FCD2
FDCB
FBE2
F74A
F12B
EB61
E80B
E8FB
EF29
FA5A
0909
18A0
2604
2E44
2F54
2891
1B06
0943
F6D9
E792
DE96
DDAD
E4D4
F236
029C
122D
1D56
219F
1E37
1420
05D4
F6A4
E9D8
E1E0
DFC7
E30C
E9E1
F1C9
F859
FBE8
FC00
F96C
F5DB
F34A
F34D
F67C
FC35
02C3
07DB
095C
0604
FDEE
F2AB
E6EF
DDD8
DA15
DD1A
E6A7
F4C4
0438
115E
191D
19BB
1355
07DB
FA8A
EF09
E874
E886
EF2D
FA9B
07C9
1351
1A5B
1B55
164F
0CE8
01C8
F7DF
F1A1
F068
F435
FBD1
053E
0E58
1567
1988
1AC9
19F8
183B
169F
15B6
1569
150F
13B6
1083
0B13
03AF
FB4D
F352
ED3B
EA32
EABE
EEA2
F4F3
FC55
035E
08E9
0C55
0D9B
0D29
0BB2
09DD
0810
0654
045D
01B7
FE00
F920
F36B
ED9C
E8B1
E5AB
E544
E7BB
ECB2
F33D
FA13
FFDC
037D
045F
0292
FECE
FA40
F646
F41B
F487
F7B2
FD15
039C
09E6
0E9A
10BC
0FE8
0C6F
0742
01B8
FD38
FADF
FB3B
FE25
02CD
07FA
0C5A
0EE0
0F09
0CFD
0971
056B
01DF
FF5C
FDD1
FC91
FA8F
F6C0
F097
E857
DF3A
D741
D2BC
D3A4
DAFB
E855
F9C6
0C35
1C0E
2629
28A2
2368
185A
0AD6
FEDE
F809
F888
0081
0DFB
1D61
2A75
3174
301D
264A
15FB
02C1
F0C5
E3A4
DD85
DE9C
E53E
EE88
F74F
FD1F
FEF1
FD61
FA63
F87D
F9DE
FF90
0906
143C
1E4D
245E
248D
1E98
1405
07C1
FD48
F799
F850
FF22
09E9
1548
1DA0
2026
1BBD
114A
037D
F60D
ECB4
EA21
EF46
FB1F
0B09
1B85
292C
3189
33A0
2FFF
285F
1EFD
15E4
0E62
08CF
04AE
011C
FD53
F915
F4DB
F1B6
F0EA
F372
F993
02A7
0D37
175D
1F48
23C5
248B
2247
1E53
1A3C
173B
15D0
159F
159D
1478
111B
0B1C
02F8
F9F7
F1D5
EC3A
EA40
EC1B
F111
F7B5
FE5F
03A6
06CB
07D7
0781
06D0
06A7
076A
08C9
09DF
0981
06B6
0120
F93C
F053
E82F
E298
E0D7
E353
E975
F1D8
FAB0
024B
0781
09F1
09EF
0848
05D3
031D
0032
FCAA
F7F3
F1AF
EA14
E20E
DB28
D723
D76E
DCA4
E637
F27A
FF04
0954
0F8E
1108
0E7D
09DB
059A
03F2
0610
0BA4
12DE
18F7
1B0F
1725
0CE0
FDDD
ED68
DFAE
D896
DAA3
E62A
F91B
0F79
2459
3328
38D9
34A9
283B
1714
0591
F7B2
F00E
EF3B
F3D6
FB1A
01D5
0573
04BD
002C
F9A5
F3CC
F116
F2FF
F987
0336
0D91
15E1
1A0C
1931
13EF
0C21
044C
FECE
FD25
FF7B
049B
0A50
0E10
0DB9
0831
FDB0
EFAF
E07C
D2A2
C841
C29C
C1E6
C55E
CBA5
D32C
DAA0
E12D
E687
EAD1
EE60
F180
F44C
F6A4
F843
F8E6
F875
F713
F525
F330
F1B4
F109
F148
F24D
F3D0
F580
F724
F8AB
FA2A
FBC4
FD96
FF9F
01BD
03BA
056A
06C5
07F8
095F
0B61
0E44
11FC
160B
1989
1B50
1A45
15B1
0D84
0278
F5FC
E9EE
E034
DA4C
D8F8
DC18
E2BC
EB6A
F483
FC9F
02D9
06E5
08FB
09A4
0978
08E8
0829
073E
061A
04C6
037D
02A4
02AC
03DB
061B
08E4
0B4D
0C47
0AF2
06F9
00BE
F961
F27C
EDB2
EC33
EE50
F353
F9A2
FF31
021E
014B
FCC6
F5D8
EEB2
E9D1
E935
EDC3
F6E8
02B1
0E50
16E6
1A59
17FC
10C6
0714
FDF9
F853
F7F0
FCFC
05EE
0FF4
17C6
1AA0
1716
0D83
FFF9
F1AA
E601
DFAD
DFE3
E613
F022
FB11
03EA
0894
086C
045E
FE87
F984
F793
F9E9
004F
093A
1246
18EE
1B4D
18A5
118A
07B1
FD66
F4E7
EFCD
EEB6
F13F
F648
FC6B
0276
07B9
0C21
100F
1400
1830
1C5E
1FC1
213C
1FC2
1ABE
1267
07D7
FCDB
F38D
EDC2
EC98
F01D
F752
006F
095F
1048
1408
1468
1217
0E5C
0AA7
0820
0752
0819
09C2
0B5C
0C15
0B88
09E4
07D9
065D
0655
084C
0C3B
118F
174B
1C55
1FC3
2119
2059
1DF9
1AAE
172A
13E9
110F
0E6F
0BAF
0874
0498
003E
FBD1
F7E4
F502
F384
F36F
F473
F60A
F7A1
F8CB
F961
F98C
F9AD
FA37
FB7A
FD80
FFFD
025F
03FA
043E
02E5
0017
FC63
F8A0
F5B9
F473
F53C
F818
FCAA
024F
0854
0E1C
133E
178D
1B0A
1DC6
1FCA
2103
2143
2055
1E18
1A98
1620
112C
0C58
082E
0503
02DC
0167
0014
FE45
FB7C
F791
F2C2
EDB4
E944
E655
E589
E713
EA9E
EF5A
F42C
F7F0
F9C1
F933
F672
F235
ED97
E9D6
E803
E8C8
EC3D
F1E5
F8C9
FFAC
0552
08C3
0978
077B
0358
FE05
F8A6
F451
F1DC
F1AE
F3B6
F774
FC19
00BC
0486
06E3
0798
06C5
04D5
0258
FFE2
FDE6
FCA4
FC2A
FC63
FD2F
FE7E
005B
02EC
0660
0ACE
1018
15D9
1B67
1FED
2298
22CE
205C
1B90
152C
0E43
07F8
0334
0071
FF99
0015
00F5
013E
002A
FD67
F92B
F420
EF34
EB4E
E90E
E89D
E9A9
EB7E
ED43
EE3C
EE00
EC99
EA7B
E85B
E6F9
E6E2
E849
EB02
EE8E
F24A
F5A0
F829
F9C3
FA84
FA9C
FA3A
F96C
F81C
F628
F37E
F044
ECED
EA30
E8DF
E9AC
ECDF
F22B
F89D
FEC9
031E
044C
01B0
FB94
F333
EA79
E392
E058
E1D3
E7EB
F166
FC2C
05CF
0C25
0DD3
0AA0
0378
FA22
F0C6
E959
E524
E483
E6E8
EB24
EFD2
F3C8
F667
F7B9
F84D
F8ED
FA3C
FC6C
FF1B
016B
024C
00E1
FCDC
F6B9
EFB9
E9A4
E652
E733
ECDB
F6CF
038F
10E1
1C58
23D8
2616
22DA
1B06
1055
04F7
FB0D
F43D
F169
F291
F6F4
FD4F
0430
0A49
0EAF
10F7
1137
0FEC
0DCD
0BA0
0A0D
097F
0A19
0BB2
0DE6
102B
11F1
12C1
1255
10A9
0DF9
0AB4
0760
0472
022D
008F
FF4F
FDF4
FBFD
F91A
F552
F11C
ED57
EB1D
EB7A
EF21
F625
FFDC
0AEB
1583
1DC1
2220
21D2
1CFB
14AC
0AAA
0109
F9AD
F5E1
F60D
F9A3
FF4D
0543
09BC
0B55
0964
0412
FC50
F395
EB8C
E5BE
E344
E49D
E9A1
F197
FB58
058C
0EDB
1620
1A8D
1BC1
19D1
153C
0ED5
07A0
00A1
FAAF
F64B
F391
F22F
F189
F0E6
EFA4
ED72
EA68
E706
E418
E276
E2C9
E552
E9D2
EF95
F5A4
FB0B
FF1F
01AE
0309
03E2
0509
0716
0A2B
0DCE
1107
129D
1180
0D2D
05F0
FCF1
F3FA
ED09
E9C2
EAF3
F042
F831
006E
0663
07E4
03C8
FA46
ECF3
DE6E
D1C0
C99C
C7BE
CC80
D6C9
E464
F28A
FE95
069D
09DC
08C5
04C1
FFC3
FBB2
F9F0
FB0B
FEB1
03DC
092D
0D4F
0F53
0EDC
0C23
07D2
02CE
FDF1
F9E3
F704
F571
F521
F5FB
F7EC
FAE3
FEC6
0352
080E
0C40
0F07
0F84
0D14
0788
FF4D
F56B
EB69
E303
DDD9
DD10
E10F
E961
F4BE
0146
0CD5
156E
1994
1896
12AC
08EE
FD21
F165
E7D8
E234
E188
E60B
EF14
FB3F
08AA
1552
1F6C
25B6
27AE
259E
2086
19DA
132D
0DDA
0ABB
09FD
0B25
0D3B
0F14
0FA7
0E59
0B2A
06B4
0209
FE61
FCC5
FDC2
0139
065B
0BDD
1044
124B
1137
0D0B
068F
FF1D
F84C
F381
F194
F292
F5BA
F9AD
FCD2
FDCB
FBE2
F74A
F12B
EB61
E80B
E8FB
EF29
FA5A
0909
18A0
2604
2E44
2F54
2891
1B06
0943
F6D9
E792
DE96
DDAD
E4D4
F236
029C
122D
1D56
219F
1E37
1420
05D4
F6A4
E9D8
E1E0
DFC7
E30C
E9E1
F1C9
F859
FBE8
FC00
F96C
F5DB
F34A
F34D
F67C
FC35
02C3
07DB
095C
0604
FDEE
F2AB
E6EF
DDD8
DA15
DD1A
E6A7
F4C4
0438
115E
191D
19BB
1355
07DB
FA8A
EF09
E874
E886
EF2D
FA9B
07C9
1351
1A5B
1B55
164F
0CE8
01C8
F7DF
03D1
080B
09FD
0957
06AF
0341
007F
FFA2
0145
0541
0ABE
107D
1530
17DD
1815
1601
123D
0DA0
08F2
04B5
0118
FE00
FB37
F899
F63A
F471
F3C0
F4A9
F777
FC19
020F
087F
0E68
12D8
152F
1542
135C
1029
0C81
092A
06AC
0531
0487
043D
03C7
02AF
00B4
FDDE
FA79
F706
F41C
F24F
F212
F3A6
F70D
FC08
0218
088F
0E9E
137D
168B
1776
1656
13B3
106F
0D96
0C18
0C80
0EBE
1219
154B
16D5
1564
1041
079F
FCAA
F155
E7E8
E26C
E219
E6F9
EFD3
FA73
0437
0AC3
0CA4
09B4
0323
FB1D
F42A
F06E
F10B
F5CE
FD3D
050F
0ADA
0CCD
0A3C
03CF
FB51
F31C
ED69
EBA5
EE0A
F39F
FA96
00E7
0500
064A
054B
0375
0296
0429
08BC
0FA5
171E
1CC5
1E61
1AA1
11A8
0524
F7F0
ED52
E809
E97D
F145
FD30
09D8
138B
1757
13D9
09A8
FB2B
EBF5
DFC9
D99A
DACA
E2DC
EFAF
FE21
0AF8
13B6
1734
15C8
10FF
0B0B
060E
0387
03FF
0714
0BC6
10F0
15B9
19CF
1D62
20E7
24AF
2897
2BDD
2D3E
2B55
251D
1A6B
0C2F
FC69
EDC0
E2DE
DDC4
DF38
E691
F1E1
FE7B
09A9
1164
14C6
1428
10DC
0C9B
08DE
0659
04C6
030D
FFBF
F9C1
F0DC
E60E
DB72
D3C2
D191
D67C
E292
F422
0805
1A58
276E
2CC1
298E
1F04
0FE6
FFCF
F23E
E9B9
E744
EA45
F0DF
F8A1
FF44
034D
045D
031D
00D4
FED8
FE02
FE61
FF38
FF56
FD91
F951
F2E7
EB8D
E524
E19D
E262
E7D8
F12C
FC82
0771
0FB5
13CD
136A
0F75
09C3
0475
014B
0116
0376
0705
09CE
09FF
0691
FFB3
F6D4
EE41
E882
E78D
EC28
F59A
01C9
0DCA
16A6
1A2E
179B
0FBF
04CC
F9B7
F162
EDDB
EFCF
F671
FFC9
0953
10C5
14AE
14D7
1235
0E83
0BA1
0AEB
0CC4
106E
144C
1666
1516
0F9D
067A
FB56
F0A4
E8F5
E63E
E94D
F186
FD07
091E
1301
187B
1879
1336
0A1E
FF57
F524
ED57
E8E8
E7D5
E955
EC33
EF4A
F1E2
F3E3
F5CB
F865
FC6E
023A
097D
1149
184C
1D2C
1EEF
1D4A
18C3
1290
0C49
077B
053F
05F2
0927
0DCA
1277
15DC
1715
15DC
128C
0DF6
0911
04AF
013E
FEB9
FCBC
FABB
F850
F569
F26F
F02B
EF97
F18A
F672
FE18
079E
119F
1A7E
20C3
2370
2240
1DB3
16ED
0F6E
08BE
0416
0228
0307
0635
0AD6
0FE5
1471
17C9
198A
19A1
1836
1590
1203
0DDD
0969
04F2
00C3
FD2F
FA88
F912
F8EF
FA15
FC45
FF11
01F3
045E
05E5
064B
0594
03FF
01FC
000C
FEAD
FE3A
FEDB
007A
02C9
054E
0779
08BD
08AA
0708
03E2
FF93
FAB6
F617
F287
F0B8
F10F
F383
F799
FC6C
00DF
03D7
047E
0281
FE2B
F861
F272
EDD0
EBB6
ECDA
F13B
F81F
003B
07FD
0DEF
1108
10E1
0DC4
0885
0244
FC16
F6CA
F2C1
EFEE
EE02
ECA2
EBA0
EB1B
EB78
ED3A
F0C5
F617
FCA1
0348
0899
0B1A
09BA
0429
FB04
EFCE
E49E
DBA8
D6BB
D6C5
DB9C
E406
EE00
F746
FDD8
0078
FEED
FA05
F356
ECCC
E830
E6BE
E8E3
EE33
F59A
FDA8
04E7
0A2C
0CC3
0C7C
0996
049D
FE41
F73A
F034
E9CC
E492
E100
DF72
E014
E2CD
E737
ECA5
F245
F747
FB15
FD77
FEA4
FF2E
FFD1
0132
03A0
06ED
0A6D
0D21
0E07
0C68
082B
01EA
FAE8
F4C3
F10D
F0E0
F48B
FB73
0431
0CE9
13C2
1757
1715
1352
0D30
0649
0043
FC64
FB48
FCD0
003B
0471
0858
0B21
0C7B
0C92
0BFA
0B71
0BAA
0D18
0FDD
13C4
1859
1CFE
2108
23CC
24A9
2310
1E98
1714
0CB8
0037
F2CE
E636
DC5F
D71A
D7AB
DE65
EA76
F9F4
0A2E
1838
2194
24C6
21AE
198E
0EB7
03E7
FB99
F75B
F778
FAF5
FFF7
0460
0681
05A7
0257
FE22
FB24
FB55
FFDA
0898
1426
2020
29D2
2EFD
2E77
2883
1EBB
138F
098F
02A6
FF8C
FF9E
011E
01CE
FFBB
F9EA
F0C0
E5F5
DC19
D5D8
D51C
DA6D
E4AF
F15B
FD22
04D1
0635
00B1
F574
E723
D925
CEBC
CA30
CC3A
D3F1
DF18
EACE
F45C
F9EF
FAFD
F854
F3BB
EF60
ED31
EE4E
F2D0
F9D5
01D9
092D
0E74
10F7
10BB
0E5D
0ACA
06E4
0340
000C
FD1D
FA2C
F70D
F3E8
F13F
EFD6
F06F
F37F
F8EE
0001
0770
0DB1
1156
1172
0DDD
0741
FEF7
F6AE
EFFD
EC00
EB10
ECBB
EFE8
F32D
F536
F522
F2BB
EE80
E980
E50C
E260
E251
E51A
EA55
F116
F82B
FE62
02D1
04FD
04F3
032E
0076
FDA4
FB72
FA4E
FA49
FB16
FC29
FCDA
FC95
FAFD
F80C
F415
EFB5
EBB7
E8DF
E7C3
E8A3
EB56
EF4F
F3BA
F7AC
FA54
FB30
FA27
F790
F417
F092
EDCB
EC4A
EC39
ED5C
EF2E
F107
F258
F2DA
F2A3
F22B
F224
F34B
F629
FAE9
0139
085B
0F44
14DD
1841
18F2
16FA
12E0
0D8F
0816
0371
004A
FEDB
FEE8
FFD4
00CF
010F
0005
FD85
F9D7
F5AB
F1F2
EFA9
EF9D
F231
F73F
FE12
057D
0C1C
1098
11FD
0FF7
0AF4
0418
FD06
F782
F506
F65F
FB6E
0323
0BAF
12F2
16FE
1699
1193
08E4
FE74
F4A9
EDD4
EB9E
EE9B
F62E
00B6
0C02
15E1
1CB4
1FC5
1F60
1C94
18C6
1528
124F
1000
0D4C
08F4
01EC
F7E0
EB7C
DE69
D2F6
CB7B
C9AF
CE1D
D7E8
E4FB
F289
FDD5
04F1
0746
05BB
0264
FFDB
0067
0540
0E1A
192B
23AA
2A9A
2BB2
2618
1AB0
0BEC
FD25
F1AD
EBE1
EC7C
F268
FB15
033F
07EE
075D
0186
F830
EE6E
E7BD
E6F9
ED83
FACD
0C6A
1EA9
2D87
35B7
356F
2CD6
1DE6
0BD8
FA4B
EC5C
E3F4
E179
E3E6
E941
EF49
F41A
F6A2
F6C8
F548
F34A
F1F1
F1EF
F354
F596
F7CD
F90A
F8B3
F6B6
F396
F042
EDD5
ED43
EF1F
F376
F9D8
0177
095E
109E
1671
1A4B
1BDB
1AFE
17BA
1242
0AFC
028A
F9CF
F1DF
EBD3
E89D
E8CA
EC59
F2B0
FAB3
02FB
0A26
0F26
1174
1125
0ED3
0B5D
07A6
044A
0183
FF24
FCC6
FA03
F6B5
F319
EFD1
EDB8
EDA2
F00C
F4E9
FB8D
02CF
0957
0DF6
1000
0F80
0D39
0A6F
0886
089E
0B32
0FF0
15C6
1B27
1E77
1E80
1AC9
13C4
0ABB
0187
FA23
F638
F6BB
FBBA
045B
0F0D
19E3
22F6
28C1
2A65
27C4
217D
18BF
0F0E
05F7
FED4
FA90
F98E
FB9A
0002
05B9
0B92
1079
13AD
14E0
143E
1258
0FF3
0DC6
0C3E
0B57
0A9C
0941
066F
0190
FA93
F218
E95B
E1F4
DD74
DCED
E099
E7AF
F07F
F8CF
FE60
FF88
FBA2
F348
E838
DCF0
D418
CFE2
D187
D90B
E544
F433
0385
1117
1B5F
21A6
23F9
22F1
1F5E
1A02
1360
0BBD
0343
FA32
F10F
E8A9
E204
DE14
DD75
E02A
E586
EC4A
F2F2
F81F
FAFA
FB75
FA48
F8B7
F824
F990
FD3B
027E
07EB
0BB5
0C3C
0894
00DD
F64F
EAF2
E114
DAAB
D8CB
DB5D
E131
E85B
EED1
F307
F463
F368
F184
F091
F238
F75E
FFCC
0A32
1479
1C5F
2015
1ECA
18E7
0FF2
0621
FDBD
F889
F74C
F9B3
FE76
03D1
080B
09FD
0957
06AF
0341
007F
FFA2
0145
0541
0ABE
107D
1530
17DD
1815
1601
123D
0DA0
08F2
04B5
0118
FE00
FB37
F899
F63A
F471
F3C0
F4A9
F777
FC19
020F
087F
0E68
12D8
152F
1542
135C
1029
0C81
092A
06AC
0531
0487
043D
03C7
02AF
00B4
FDDE
FA79
F706
F41C
F24F
F212
F3A6
F70D
FC08
0218
088F
0E9E
137D
168B
1776
1656
13B3
106F
0D96
0C18
0C80
0EBE
1219
154B
16D5
1564
1041
079F
FCAA
F155
E7E8
E26C
E219
E6F9
EFD3
FA73
0437
0AC3
0CA4
09B4
0323
FB1D
F42A
F06E
F10B
F5CE
FD3D
050F
0ADA
0CCD
0A3C
03CF
FB51
F31C
ED69
EBA5
EE0A
F39F
FA96
00E7
0500
064A
054B
0375
0296
0429
08BC
0FA5
171E
1CC5
1E61
1AA1
11A8
0524
F7F0
ED52
E809
E97D
F145
FD30
09D8
0DEF
1427
1530
112D
093A
FF29
F52B
ED63
E990
EAC3
F133
FC2C
0A26
18F9
262B
2F5C
32B7
2F50
256B
1688
0527
F45A
E725
DFD5
DF78
E594
F03F
FC8A
0733
0D73
0DB2
07ED
FDBD
F1EB
E7BA
E208
E28F
E969
F508
0297
0EB6
1653
176F
119E
0619
F768
E8BC
DD27
D6E9
D6F5
DCD5
E6E6
F2D4
FE37
071D
0C6D
0E07
0CA3
0988
0629
03CD
0353
0513
08E4
0E36
1433
19E7
1E58
20A5
201A
1C4F
1542
0B69
FFC0
F3AB
E8D2
E0D5
DCFC
DDEC
E381
ECC8
F82D
03D0
0DE5
1511
18A6
18AF
15D3
110C
0B63
05A6
0051
FB90
F768
F3E6
F14F
F024
F10E
F49E
FB0B
03F6
0E54
1891
20E1
25AB
25FE
21D7
1A36
10E7
0810
01AA
FEF6
002C
046B
09F9
0EBC
10CF
0F01
0929
002C
F5B8
EBD0
E442
E03C
E008
E314
E835
EE07
F35B
F77F
FA5F
FC65
FE38
006F
0346
0687
0995
0BAA
0C25
0AD0
080D
04C7
023C
01A3
03C2
08A9
0F92
16FB
1D04
1FDC
1E42
17DF
0D6F
00A3
F3CA
E94C
E321
E257
E6D4
EF58
F9C2
038D
0A61
0C9D
09B8
0265
F86B
EE40
E678
E32C
E57A
ED3C
F908
067D
12CB
1B58
1E5A
1B48
12F9
0778
FB84
F1ED
ECE4
ED7C
F366
FD12
0817
11D2
1815
19A8
168D
0FEE
07B5
0000
FA85
F821
F8AB
FB1D
FDF3
FFB8
FF7E
FD33
F99C
F614
F411
F4A5
F812
FDAE
040A
0963
0C2E
0B9E
07F2
026B
FCFE
F9B9
FA2A
FED6
070C
1101
1A51
20A2
2250
1EE5
1736
0D27
0324
FB6B
F774
F78B
FACE
FF79
037B
0516
0367
FEA4
F80B
F179
ECDB
EB9D
EE3B
F421
FBD7
0364
08E2
0AF4
0923
03F0
FCAA
F513
EEEF
EBA2
EBEC
EFD1
F6B0
FF73
08CD
1176
1852
1C90
1DB6
1BA7
16A6
0F52
0698
FDA0
F598
EF87
EC0E
EB41
EC9E
EF26
F1A2
F2FC
F292
F071
ED5A
EA8F
E96C
EAF0
EF5B
F5F6
FD32
0304
057D
0363
FCA6
F283
E74E
DDE0
D8D4
D9CC
E0F4
ECE5
FAF4
07E6
10BF
138C
0FDD
06D0
FAB6
EE62
E45F
DE4A
DC7A
DE13
E173
E4D7
E6F7
E775
E6EA
E69F
E803
EC0F
F2D7
FB61
03E9
0A61
0D25
0B87
061F
FEAE
F7A0
F353
F35B
F7F8
FFFB
090C
1061
138B
1139
099F
FE77
F27F
E8B6
E37D
E3F2
E99C
F2A1
FC4E
03ED
0784
065F
0131
F9C8
F273
ED48
EB8A
ED5C
F1D0
F751
FC35
FF54
0064
FFFF
FF5B
FFC6
0213
0637
0B2F
0F3A
1065
0D30
051A
F8F2
EABB
DD3E
D354
CF2E
D1BC
DA74
E772
F5FD
0339
0CDF
11BB
11E8
0E9D
09C1
0550
02CF
02E7
0553
090A
0CA5
0ED0
0EAD
0C0D
0772
01D9
FC71
F847
F60A
F5EF
F7BD
FAF5
FEFA
0346
0778
0B5E
0EE0
11F1
1479
164E
173F
171E
15D6
1374
1025
0C32
07EE
03A6
FFA2
FC1E
F95B
F79F
F73B
F878
FB82
0049
0666
0D1A
1360
181B
1A59
198F
15C8
0FB1
0878
0188
FC34
F95C
F93B
FB59
FEAE
01F7
040D
0441
0289
FF7F
FC33
F9CE
F938
FACD
FE3D
02A2
06C8
098A
0A2F
08AB
05AA
0263
0043
007F
03B9
09BF
1190
198D
1FDF
22E9
21B1
1C23
131A
0838
FD88
F511
F060
F03D
F47E
FC12
0540
0DFF
1462
16FC
152A
0F39
0658
FC61
F37E
EDBF
ECA4
F0CE
F9D0
0637
13C9
1FF4
2853
2B2E
27D8
1EDD
11E0
0346
F5AC
EB54
E5AF
E512
E8B7
EF02
F5F0
FBA3
FED4
FF18
FCE4
F95B
F5E5
F3C6
F3C5
F5FF
F9EE
FEAA
0331
06C3
090F
0A3E
0AD2
0B66
0C66
0DE1
0F7E
1096
1078
0EB0
0B39
0697
01B2
FD99
FB25
FAB1
FBF4
FE09
FFB9
FFD6
FDAA
F940
F377
EDD4
EA25
E9F9
EE2D
F6A2
022C
0EDD
1A71
22E4
26F2
2662
2211
1BAF
1550
10DB
0F9A
11E9
172D
1E0C
24C5
29A7
2B74
299B
2450
1C68
131E
09CB
01A2
FB7C
F7CA
F68C
F769
F9C8
FCE7
FFFD
024F
034A
02A3
0064
FCF8
F922
F5DB
F41C
F4A2
F7AE
FCE4
034E
0985
0E09
0FA3
0DC8
08CD
01EF
FB0F
F645
F554
F928
0186
0D00
1940
2385
2951
28FC
2227
15D0
061B
F5D4
E7C8
DE29
DA18
DB7D
E12C
E94B
F1D4
F91D
FE34
00FC
0212
027F
034F
053A
0869
0C6C
1063
1346
1433
12B2
0ED2
0922
0281
FBE5
F619
F195
EE6F
EC74
EB4C
EAAE
EA83
EAF8
EC6B
EF4B
F3DE
FA19
0183
093B
1018
14ED
16C5
152B
1046
08E2
004A
F805
F189
EDEA
EDA4
F083
F5B3
FBEF
01CC
0608
07C7
06BE
0339
FDFD
F819
F2A6
EE8D
EC5E
EC45
EE11
F156
F592
FA4C
FF31
0411
08D3
0D5C
117A
14D5
16F4
1754
158A
1166
0B11
0317
FA5A
F1F0
EAF5
E65B
E4C2
E665
EB13
F241
FB22
04C3
0E23
1649
1C52
1F80
1F52
1B9F
14AB
0B3C
0092
F64A
EE18
E975
E93F
ED72
F506
FE12
0622
0AC2
0A15
035A
F730
E78E
D75C
C9D4
C1BD
C0C0
C705
D320
E274
F1D5
FE4E
05D6
07BF
04C2
FEB1
F7E0
F270
EFBE
F00B
F286
F5A3
F7A7
F740
F3EC
EE27
E740
E0F2
DCE2
DC27
DF07
E4F5
ECCC
F537
FD15
03BE
0914
0D5A
10E7
13D6
15D6
162C
13EF
0E6C
058C
FA14
EDA7
E275
DAB6
D80D
DB02
E2CB
ED73
F857
00E0
0545
050A
012B
FBCC
F78E
F6BE
FA8D
02A3
0D24
172E
1DAD
1E44
1812
0C03
FCA1
ED73
E207
DD00
DF67
E869
F5A2
03D0
0FC3
1734
1957
16EF
11F1
0CD2
09BC
09E4
0D39
1285
17E3
1B6B
1BD9
18F6
13A5
0D94
08A9
0666
0769
0B41
1098
15AA
18DA
193E
16E8
12DC
0EB7
0C20
0C39
0F37
1447
19C8
1DC8
1E97
1B4E
1412
0A0B
FF12
F527
EDEC
EA3C
EA02
EC5E
EFF9
F373
F5D0
F6A9
F634
F514
F40C
F3B3
F44A
F5AE
F780
F955
FAF0
FC5B
FDE0
FFE1
029B
05F8
0979
0C51
0DA3
0CD2
09C6
050E
FFC6
FB4C
F8CF
F8E7
FB4D
FED9
01CC
024D
FF01
F78A
ECBE
E08F
D593
CE5B
CCBD
D14C
DB20
E80C
F525
FF85
0507
04CF
FF76
F6D5
ED7B
E5FB
E248
E343
E8A1
F122
FB04
0489
0C65
11FD
155F
1703
177B
1721
15F1
1393
0F98
09C2
024D
FA08
F23D
EC61
E9A9
EAA5
EF02
F590
FC84
01F9
0475
0360
FF36
F971
F425
F16E
F2DA
F8F0
0308
0F69
1BBA
2596
2B23
2B82
26FB
1ED9
1512
0BBB
0492
009D
0008
0239
0616
0A5F
0E03
1059
112C
10AC
0F3A
0D3A
0AE4
083E
0523
0166
FCFC
F81B
F345
EF3B
ECD7
ECD6
EFA8
F54E
FD47
06A4
1031
18AB
1EFF
227C
22EE
20A5
1C5F
1715
11C6
0D3C
09DD
079A
05F7
0431
017A
FD3B
F74C
F016
E886
E1E8
DD94
DC98
DF66
E5A7
EE3A
F76A
FF50
0449
055C
0285
FCB8
F5AC
EF6F
EBE3
EC45
F0DD
F8F4
0308
0D37
15BF
1B6C
1DDB
1D79
1B44
1864
15BE
13A3
11B4
0F10
0AAA
03C2
FA49
EF14
E3C8
DA80
D545
D574
DB51
E5D8
F2E2
FF9F
0941
0DA3
0BD9
0462
F912
EC9B
E1EB
DB7C
DAC8
DFFB
E9F9
F6AA
037A
0DEF
1427
1530
112D
093A
FF29
F52B
ED63
E990
EAC3
F133
FC2C
0A26
18F9
262B
2F5C
32B7
2F50
256B
1688
0527
F45A
E725
DFD5
DF78
E594
F03F
FC8A
0733
0D73
0DB2
07ED
FDBD
F1EB
E7BA
E208
E28F
E969
F508
0297
0EB6
1653
176F
119E
0619
F768
E8BC
DD27
D6E9
D6F5
DCD5
E6E6
F2D4
FE37
071D
0C6D
0E07
0CA3
0988
0629
03CD
0353
0513
08E4
0E36
1433
19E7
1E58
20A5
201A
1C4F
1542
0B69
FFC0
F3AB
E8D2
E0D5
DCFC
DDEC
E381
ECC8
F82D
03D0
0DE5
1511
18A6
18AF
15D3
110C
0B63
05A6
0051
FB90
F768
F3E6
F14F
F024
F10E
F49E
FB0B
03F6
0E54
1891
20E1
25AB
25FE
21D7
1A36
10E7
0810
01AA
FEF6
002C
046B
09F9
0EBC
10CF
0F01
0929
002C
F5B8
EBD0
E442
E03C
E008
E314
E835
EE07
F1A7
E7F7
DF3D
DA05
DA53
E106
ED77
FD80
0DE9
1B28
223A
2161
1895
0984
F724
E4FE
D656
CD7B
CB57
CF6B
D81B
E33D
EEAF
F8D3
00CC
0671
0A11
0C1D
0CDE
0C4F
0A33
0646
0085
F965
F1DB
EB3C
E6E5
E5DE
E886
EE70
F675
FF05
0693
0C00
0EE3
0F97
0F07
0E57
0E73
0FBC
11E2
1402
14EF
139F
0F85
08CC
0055
F776
EF9F
E9F0
E6F3
E681
E7E6
EA28
EC64
EE15
EF35
F028
F182
F3B5
F6D4
FA77
FDD0
FFF4
002F
FE51
FAD5
F6C7
F377
F212
F333
F6A4
FB5B
FFBC
020F
0106
FC29
F409
EA21
E076
D90B
D55C
D5FB
DA79
E199
E9BB
F160
F78F
FC10
FF5B
024B
05B3
09FC
0EE8
13A1
16F7
17D2
159D
108D
09A9
028F
FCFE
FA55
FB2B
FF1D
04ED
0ADC
0F29
1092
0EA2
09C2
0305
FBC7
F53D
F022
EC93
EA30
E862
E6B5
E51F
E40D
E446
E690
EB4F
F23B
FA4B
01E6
0753
093E
0730
01C7
FA9F
F3E1
EFA5
EF49
F2FD
F9A8
0132
0725
096E
070B
0067
F74E
EE66
E86F
E767
EBEC
F4FC
0037
0A8B
1112
11F1
0CDD
0339
F7AF
ED69
E72B
E690
EB9A
F4BD
FF61
089F
0E19
0E99
0A51
02B5
F9F7
F259
ED8B
EC3B
EE07
F1BD
F5CC
F8D2
F9FB
F932
F705
F45E
F220
F0DE
F0B6
F162
F271
F38B
F4A3
F5FE
F811
FB36
FF67
040B
0804
09F6
08B1
03AD
FB5C
F13F
E795
E0D8
DF03
E2F5
EC1B
F878
0521
0EFC
13A0
1208
0AE3
006F
F5E3
EE8F
ECEE
F201
FD04
0BAE
1AD9
275B
2EE2
3080
2CCF
25A4
1D68
1659
11E3
1045
10A6
1175
110C
0E50
0917
0246
FB88
F6CA
F59F
F8BB
FFB6
0925
12F9
1B14
1FDA
2096
1D9C
1814
119D
0BC3
079A
057C
050C
056F
05AE
050E
0357
00DE
FE69
FCE8
FD25
FF85
03E8
09B9
1016
160F
1ADF
1E11
1F81
1F4B
1DAD
1AE4
1721
128A
0D4B
07AD
0220
FD35
F97F
F76B
F71C
F852
FA74
FCB6
FE53
FEC8
FDFD
FC51
FA79
F946
F957
FAE5
FDA4
00D1
0375
04AB
03F6
0169
FDB0
F9DE
F71B
F64C
F7C8
FB3F
FFD4
0463
07DC
099A
0992
0851
06BB
05BB
05DF
071C
08C5
09BA
08CC
052A
FEB9
F643
ED52
E5D8
E1AC
E206
E725
F035
FB80
06E1
104D
1652
1869
16FE
1337
0E8B
0A4F
075D
05E6
058E
05AC
05A5
0536
0499
0469
0566
0813
0C69
11B2
16A6
19BB
199E
15AB
0E3C
04A9
FB07
F39D
F041
F1C9
F7BD
005F
0912
0F04
0FE9
0A9C
FF7A
F050
DFFB
D1B1
C849
C593
C9F8
D479
E2FD
F2E1
0192
0D1A
1474
1798
174F
14D7
1182
0E5F
0C0E
0AB6
0A27
0A03
09F0
09B5
0946
08B4
0822
07A9
0755
0724
0717
073B
07B1
08A3
0A35
0C66
0EFF
118B
136C
1401
12D8
0FDA
0B6A
0660
01DB
FF03
FEB9
0150
066B
0D02
1396
1885
1A6F
188A
12D9
0A33
0012
F64A
EE9E
EA66
EA52
EE4A
F586
FEC3
088C
1181
1899
1D3C
1F4F
1F1A
1D2C
1A32
16D9
13B2
1126
0F74
0EAE
0EBC
0F60
103D
10E0
10CF
0FA2
0D19
0931
042E
FE9C
F938
F4D0
F217
F17D
F312
F67D
FB0A
FFD0
03DC
0668
06FE
0593
027B
FE54
F9D6
F5A9
F23D
EFB4
EDEC
EC8F
EB3C
E9B0
E7E1
E60B
E4A2
E432
E536
E7EE
EC40
F1B3
F786
FCD5
00D3
02F4
0316
0182
FED8
FBE2
F95C
F7BF
F722
F736
F763
F6F9
F571
F29E
EECB
EABA
E77A
E62C
E7B5
EC86
F473
FEB3
0A03
14E8
1DF1
2403
267E
2553
20F1
1A26
11EB
093E
0104
F9F7
F4A7
F180
F0C5
F290
F6C1
FCEF
0462
0C1D
12F9
17DB
19E9
18C5
14A6
0E54
0700
FFF9
FA5E
F6D2
F559
F55D
F5E4
F5E1
F493
F1C9
EE03
EA56
E824
E8B6
ECD1
F477
FECA
0A40
14FE
1D4F
2213
230A
20DC
1CE9
18DF
1640
15FA
1825
1C03
2038
2338
23B0
20F2
1B1B
1316
0A56
027E
FCF8
FAA2
FBAB
FF97
0571
0C12
1268
17AA
1B77
1DCA
1EE1
1F16
1EBF
1E1A
1D45
1C47
1B14
199B
17C3
1569
1265
0E8B
09C6
0432
FE34
F88A
F437
F25B
F3E8
F953
024F
0DAE
1984
2376
2942
294A
2310
176D
0876
F914
EC59
E4BF
E393
E89D
F230
FD9F
07F0
0EA2
104D
0CF7
05FB
FD97
F635
F1B9
F0F3
F372
F7AF
FB9C
FD4B
FB94
F676
EF21
E792
E1F9
E004
E252
E82F
EFC5
F696
FA40
F932
F32C
E968
DE4C
D4CE
CFAA
D0A4
D80F
E4B5
F428
0363
0F88
1692
17BD
1398
0BC3
0269
F9A8
F313
EF69
EE97
EFF1
F293
F5BB
F90A
FC8A
008F
0569
0B24
1155
171E
1B5C
1D00
1B65
169B
0F78
0776
005D
FBCF
FADB
FDB8
03B2
0B61
1306
18FF
1C35
1C54
19D2
15B8
1142
0D7A
0AE5
095C
0825
0638
029C
FCC9
F4E7
EBD6
E2FF
DC02
D843
D88D
DCDD
E460
EDA8
F710
FF25
0501
0879
0A15
0AD1
0BBE
0DA0
10A5
1448
1776
18DD
175D
126F
0A66
007C
F693
EEC4
EADA
EBCD
F175
FA7E
04AC
0D61
123C
11BC
0B9D
00F8
F404
E78F
DE4C
DA2C
DBE4
E2BF
ECCB
F75D
FFB1
039F
0217
FB5F
F0F5
E528
DA89
D34A
D0CB
D357
DA33
E3E5
EE9D
F8AD
00DC
0694
09DB
0B23
0B0B
0A1F
08B7
06EE
04B9
0212
FF16
FC1B
F9A3
F83E
F85C
FA25
FD64
0192
05F6
09DA
0CBA
0E63
0EF5
0EC9
0E44
0DA9
0CFB
0BFF
0A5B
07CA
0453
006A
FCED
FAF7
FB93
FF5F
0646
0F61
1913
2161
2669
26DF
2270
19E0
0EEE
03E4
FB13
F642
F640
FAC5
0286
0B9B
13FF
1A08
1CC6
1C23
18C4
13C3
0E4E
095A
056D
02A2
00C7
FF93
FEE0
FEBD
FF71
014C
047A
08D4
0DD0
128F
1618
1799
16AA
136F
0E91
0911
03FA
0016
FDB6
FCA8
FC56
FC0D
FB43
F9DB
F831
F6FB
F705
F8D6
FC68
010B
0587
086D
088E
056B
FF77
F814
F143
ED1E
ED35
F20D
FAE0
05BB
0FF1
16CC
1849
13A2
0995
FC2E
EE49
E2D5
DC14
DB12
DF71
E79A
F13B
F9F9
0008
02A5
0227
FFD0
FD52
FC45
FDB1
01C7
07E4
0ECC
1515
1986
1B67
1AA1
17A3
1335
0E2B
0937
04C6
010A
FE15
FBFA
FADE
FAF8
FC72
FF43
030B
070C
0A4A
0BC2
0ABB
070B
013A
FA76
F44C
F042
EF6B
F20E
F78C
FE82
0521
09B0
0B02
08C1
0385
FC97
F592
EFE4
EC6A
EB3F
EBCA
ED04
EDE7
EDCF
ECBC
EB51
EA9E
EBB6
EF48
F547
FCDA
0485
0A8B
0D70
0C66
078D
FFF0
F73D
EF4B
E9A0
E70B
E77C
EA20
EDB6
F0FA
F314
F3D1
F3AA
F389
F471
F717
FB9D
017B
07A1
0CC6
0FCA
1009
0D86
08E8
0341
FDBD
F952
F688
F567
F598
F693
F7E5
F953
FAE9
FCE2
FF74
029D
0607
0905
0AC1
0A7D
07D9
0308
FCD8
F68C
F18C
EF07
EF98
F31B
F8AA
FEDB
0417
0702
06CD
0360
FD53
F5B7
EDD1
E6C8
E170
DE37
DD30
DE30
E0F6
E542
EAD2
F159
F866
FF53
0556
099F
0B8F
0AF3
0823
03FE
FFB8
FC86
FB3D
FC02
FE2F
007A
014E
FF56
F9F6
F1A7
E7F7
DF3D
DA05
DA53
E106
ED77
FD80
0DE9
1B28
223A
2161
1895
0984
F724
E4FE
D656
CD7B
CB57
CF6B
D81B
E33D
EEAF
F8D3
00CC
0671
0A11
0C1D
0CDE
0C4F
0A33
0646
0085
F965
F1DB
EB3C
E6E5
E5DE
E886
EE70
F675
FF05
0693
0C00
0EE3
0F97
0F07
0E57
0E73
0FBC
11E2
1402
14EF
139F
0F85
08CC
0055
F776
EF9F
E9F0
E6F3
E681
E7E6
EA28
EC64
EE15
EF35
F028
F182
F3B5
F6D4
FA77
FDD0
FFF4
002F
FE51
FAD5
F6C7
F377
F212
F333
F6A4
FB5B
FFBC
020F
0106
FC29
F409
EA21
E076
D90B
D55C
D5FB
DA79
E199
E9BB
F160
F78F
FC10
FF5B
024B
05B3
09FC
0EE8
13A1
16F7
17D2
159D
108D
09A9
028F
FCFE
FA55
FB2B
FF1D
04ED
0ADC
0F29
1092
0EA2
09C2
0305
FBC7
F53D
F022
EC93
EA30
E862
0787
0220
FE5D
FD35
FED2
02AA
07BE
0CEE
114D
1447
15B4
15B8
149D
12AF
101C
0CFD
0965
0579
0187
FDFD
FB5B
FA02
FA18
FB67
FD68
FF5A
007C
0043
FE84
FB7F
F7C9
F41A
F110
EEF9
EDBA
ECE0
EBCF
EA03
E753
E412
E107
DF42
DFC5
E330
E982
F1FE
FB4F
03CD
09EA
0C8B
0B54
06AE
FFA9
F7AA
F00D
E9D7
E583
E307
E1FF
E1EB
E276
E398
E596
E8D9
EDB4
F41D
FB8E
0307
0943
0D09
0D88
0A9A
04E2
FDA3
F675
F0DC
EDDB
EDBA
EFFC
F38D
F727
F9B3
FAA9
FA34
F920
F88A
F97C
FC88
0185
078B
0D2D
10DF
1174
0E79
086C
00A3
F8FD
F35F
F138
F322
F8B7
00B4
0956
10D0
15C8
17A5
16A9
13CC
1065
0DBD
0CB6
0D8A
0FCB
128D
14B6
1550
13D3
103D
0B13
052D
FF79
FABE
F772
F5AC
F533
F5A2
F689
F791
F887
F956
F9F9
FA69
FA93
FA57
F998
F84C
F68D
F497
F2BE
F154
F08F
F072
F0D0
F15A
F1C6
F1F3
F205
F26D
F3D1
F6D8
FBF0
0315
0BBB
14D7
1D15
232E
263A
25F6
22DC
1E08
18EE
14F2
130A
1374
15AD
189A
1AE4
1B66
1987
1573
100B
0AA3
0696
04D4
0593
0836
0B79
0DD2
0DEF
0B24
05B2
FEBA
F7F8
F344
F20B
F4DF
FB4A
03EC
0CDA
1425
1865
190E
1688
1200
0CF4
08B9
060E
04E8
048D
03E5
01F6
FE5B
F983
F4A9
F182
F1B3
F634
FEE6
0A69
165B
1FE7
2487
22BB
1A87
0D84
FE8E
F108
E7FF
E55D
E969
F2BA
FE9E
09D6
117B
13C2
106A
08BA
FF13
F634
F06F
EF02
F1CD
F771
FDCE
02B4
0494
02F4
FE93
F91E
F4A9
F303
F527
FAED
031B
0BC2
12D4
16BD
16CE
1362
0DB0
0756
01DB
FE33
FC88
FC4B
FC83
FC43
FB17
F944
F7BB
F7CA
FA96
009B
0951
1325
1BC5
20BA
2026
1959
0D33
FE05
EF16
E3D5
DEF8
E1C1
EBA4
FA63
0AA2
18C0
21C5
241B
1FE5
16DD
0BC4
0195
FAB0
F840
FA02
FE79
0378
06E0
0747
0464
FF15
F910
F44C
F25D
F3ED
F88C
FED4
04DA
08D7
09B5
0771
0324
FEAD
FC1F
FD19
023B
0AE6
155C
1F36
260C
2826
24FF
1D6C
1368
0985
0239
FF2C
00C6
060D
0CEF
12D7
1560
1302
0B79
FFDB
F248
E55A
DB76
D631
D5EF
D9DE
E03D
E6E6
EBEF
EE2B
ED7B
EAC8
E7B5
E61A
E773
EC6A
F497
FE97
0860
0FCB
1328
11B9
0BE8
033B
F9F5
F28F
EF17
F0B1
F747
0190
0D5E
181E
1F7D
21F2
1F18
17C4
0DC6
0375
FB15
F64A
F5B0
F8BE
FDEF
032F
066C
0621
01C4
F9EC
F02D
E6B9
DFCF
DD2D
DFA6
E6EB
F1A4
FDCD
0932
11FB
1714
1861
16B0
136C
102D
0E3F
0E47
101C
12D6
1514
1567
12B8
0C97
0361
F82E
EC90
E240
DAC1
D714
D798
DC05
E38D
ED0D
F745
0105
094C
0F59
12B0
131E
10BB
0BED
056B
FE2E
F755
F1FD
EF03
EED0
F134
F564
FA1A
FDDF
FF6B
FDFF
F9A7
F348
EC78
E719
E4E4
E6EB
ED3F
F6E1
01E8
0BF8
12D1
14DF
11A6
09E3
FF5F
F481
EBB1
E6C4
E688
EA9B
F191
F959
FFCD
033E
02E1
FEF7
F8AD
F1C8
EC25
E942
E9E6
EDFA
F4A1
FC7E
0413
0A18
0DC3
0EDC
0DB4
0AF5
076C
03D2
00AF
FE4F
FCD0
FC34
FC7A
FD9E
FF97
0243
0559
085C
0AAF
0BAE
0ADF
081E
03BC
FE7E
F982
F5FA
F4E8
F6D0
FB8E
0250
09BD
1047
1484
1590
1347
0E51
07F9
01E2
FD95
FC1E
FDC7
01FF
077E
0C92
0F94
0F4D
0B4E
0410
FAE0
F194
EA1E
E620
E68B
EB6B
F3EA
FE87
096C
12DF
199A
1D0C
1D69
1B84
1890
15BF
13F8
1397
1461
159B
164B
1584
12B0
0DC7
075A
0074
FA5D
F649
F50A
F6D5
FB36
0124
0743
0C2F
0ED7
0EB7
0BF4
0752
01FD
FD45
FA47
F9B0
FB96
FF77
045D
0918
0C83
0DC5
0C7E
08D7
0371
FD46
F76F
F2F1
F089
F08C
F2DF
F6F8
FC00
00F8
04E6
0707
06F2
04B4
00D0
FC2D
F7F2
F549
F528
F814
FE01
064B
0FD2
1930
2109
2650
288C
27E9
252B
217B
1E10
1BE0
1B5C
1C4F
1DF6
1F37
1EFD
1C8E
17D1
1161
0A70
0476
00C8
0032
02B2
0765
0CB1
10AD
1197
0E53
06BA
FBB9
EF23
E34A
DA80
D68D
D84B
DF7B
EAD8
F867
05EA
1154
1930
1CDA
1C82
1904
13A5
0DC3
088D
04DB
0318
034D
0539
086A
0C52
1059
13DD
163D
16DF
1545
1126
0A8C
01E2
F7FF
EE0B
E556
DF1E
DC4E
DD49
E1D0
E905
F191
F9E2
007B
0437
0486
017D
FBD5
F4BF
EDA8
E7F3
E4BA
E49C
E7A7
ED59
F4BF
FCA6
03D5
0949
0C64
0D06
0B93
08D4
05C8
0366
0263
0300
04F9
0790
09C0
0A78
08EB
04C8
FE5B
F684
EE87
E7C3
E359
E1EC
E373
E743
EC3C
F116
F4B7
F67A
F64E
F4B4
F286
F0B8
F006
F0C5
F2CE
F599
F876
FACE
FC5C
FD49
FE19
FF7E
020C
05FB
0B03
105C
14F7
17CA
182C
1614
122F
0DC0
0A49
091D
0AF9
0FC0
1672
1D65
22B7
24CD
22CB
1CD9
1421
0A8A
023B
FD0B
FC09
FF31
0570
0CEB
137B
1734
16E4
1252
0A4A
005E
F687
EEA6
EA22
E9A3
ED00
F35E
FB6E
03BD
0AFD
103B
12F6
1327
112B
0DA8
096F
055B
0238
00A2
00F2
0329
06E3
0B66
0FB9
12D3
13D6
1244
0E29
0820
013A
FAC2
F5EF
F39B
F407
F6D6
FB25
FFCD
03B7
062B
06F9
0682
0589
04EF
0560
0716
09C2
0CA5
0ECC
0F66
0E0E
0AF5
06DF
02E9
0031
FF7D
00F1
03FD
077C
0A09
0A65
07DE
028B
FB4C
F398
ED11
E91D
E87C
EB1F
F02F
F650
FC07
0020
01FD
01AE
FFDA
FD7C
FB82
FA8B
FAB3
FB9A
FC94
FCEC
FC2B
FA48
F7A9
F4FA
F2F2
F201
F225
F2DC
F345
F269
EF93
EA93
E3EA
DCB4
D66D
D28A
D21B
D578
DC24
E4E9
EE1B
F609
FB5B
FD69
FC54
F8F8
F4AC
F0EA
EEFB
EFAA
F326
F904
005D
0807
0ECF
13AB
15E0
1518
1167
0B3E
0362
FACC
F28C
EBA4
E6E2
E4C1
E552
E840
ECE5
F275
F837
FDAF
02C6
07C0
0D1C
1359
1AB1
22E1
2B17
320E
3652
36A1
324C
297C
1D3E
0F54
01D3
F6A7
EF1C
EB94
EB81
ED9B
F04F
F23D
F2A2
F18B
EFC2
EE7E
EEEE
F1C5
F6EE
FD8A
0426
0933
0B83
0AAA
0726
0235
FD6C
FA31
F939
FA4F
FC5C
FDCD
FD22
F98A
F349
EBC4
E52E
E1E1
E397
EAC6
F64A
038C
0F22
15B5
14F9
0C69
FD89
EB94
DAB1
CEDA
CAC6
CF2C
DA8F
E9A7
F84B
0297
05FD
01EC
F7EB
EB18
DF35
D795
D62B
DB0F
E48E
EFC1
F97C
FF40
FFF8
FC34
F5EA
EFC6
EC50
ED1C
F253
FAB3
0400
0BB8
0FE5
0FAC
0B8E
052B
FEB8
FA42
F90D
FB36
FFB3
04BE
0870
0966
0737
0296
FD11
F88A
F699
F804
FC7F
02C4
0902
0D71
0EE5
0D2A
090B
0407
FFC9
FD91
FDC5
FFCC
0242
0372
01F7
FD3E
F5D1
ED44
E5C2
E16C
E1AC
E6B5
EF69
F991
027C
07B8
07CB
029C
F980
EEDF
E58D
E005
DFC5
E4EF
EE4C
F9AF
048F
0CB7
10CD
1099
0CF8
0787
0220
FE5D
FD35
FED2
02AA
07BE
0CEE
114D
1447
15B4
15B8
149D
12AF
101C
0CFD
0965
0579
0187
FDFD
FB5B
FA02
FA18
FB67
FD68
FF5A
007C
0043
FE84
FB7F
F7C9
F41A
F110
EEF9
EDBA
ECE0
EBCF
EA03
E753
E412
E107
DF42
DFC5
E330
E982
F1FE
FB4F
03CD
09EA
0C8B
0B54
06AE
FFA9
F7AA
F00D
E9D7
E583
E307
E1FF
E1EB
E276
E398
E596
E8D9
EDB4
F41D
FB8E
0307
0943
0D09
0D88
0A9A
04E2
FDA3
F675
F0DC
EDDB
EDBA
EFFC
F38D
F727
F9B3
FAA9
FA34
F920
F88A
F97C
FC88
0185
078B
0D2D
10DF
1174
0E79
086C
00A3
F8FD
F35F
F138
F322
F8B7
00B4
0956
10D0
15C8
17A5
16A9
13CC
1065
0DBD
0CB6
0D8A
0FCB
128D
14B6
1550
13D3
103D
0B13
052D
FF79
FABE
F772
F5AC
F533
F5A2
F689
F791
1F3F
1824
10A0
09E9
044B
FF40
F9D8
F352
EB94
E36A
DC5D
D835
D853
DD1A
E59B
EFB7
F8A7
FDC8
FD6E
F77B
ED7A
E241
D923
D4FB
D74D
DFD5
EC97
FA7B
0637
0D52
0EDA
0BA5
0604
00F4
FF2C
022E
09C9
1421
1E39
24E3
25BD
1FEE
146F
05C9
F752
EC3C
E6A9
E71F
EC7C
F462
FC06
0111
024A
FFE5
FB48
F67D
F369
F31F
F57C
F939
FC68
FD26
FA60
F445
EC64
E542
E1A3
E3B2
EC4C
FAA5
0C6A
1E4E
2CE4
357A
36BA
30EA
25B9
17A9
0955
FCC3
F2F9
EBEE
E6D8
E2AC
DEAC
DAC0
D78F
D63E
D7FB
DD73
E673
F1C3
FD66
0717
0CEB
0DE7
0A50
03A8
FC4A
F6C3
F522
F85B
0004
0A6A
14FF
1D08
204E
1DB1
156A
08FA
FAC8
ED8D
E3B4
DEDC
DF90
E53C
EE6F
F935
0386
0BAD
1088
11A6
0F42
0A1F
0356
FC23
F5AB
F0D6
EE2E
EDCE
EF62
F236
F55F
F7E4
F8FB
F837
F5A8
F1DF
EDD2
EAA6
E969
EAD2
EF0C
F5AB
FDC0
060F
0D54
1285
1507
14BB
11F6
0D56
079D
0181
FB9B
F664
F240
EF95
EECD
F04F
F45E
FAF4
0396
0D4D
16B3
1E31
2253
2221
1D6F
14F8
0A47
FF69
F675
F115
F01D
F359
F9A1
0125
07E5
0C2E
0D08
0A63
050A
FE60
F7F5
F317
F07E
F02C
F17D
F36E
F4F5
F55B
F46F
F292
F096
EF74
EFF9
F283
F6DA
FC3E
0190
05A6
0797
06FC
040E
FF9D
FADE
F71F
F57E
F6A5
FAA7
00FD
08A6
1062
16EF
1B4A
1CDC
1B86
179F
11D1
0AEF
03C7
FCFE
F6F8
F1DE
EDAC
EA50
E7C9
E63C
E5F8
E763
EADA
F081
F81F
0108
0A29
1234
17E4
1A4E
192C
14FF
0F0D
091E
0520
04A5
087E
1072
1B3D
26CB
30B1
36C0
378F
32D4
2975
1D53
10CA
061A
FED9
FB92
FBB6
FDD1
0009
00AB
FEB0
FA02
F384
ECC4
E77A
E507
E5FB
E9EE
EF97
F52F
F8F6
F9BF
F74E
F26F
ECC7
E85E
E709
E9E4
F0FC
FB3B
06AD
10F7
17F1
1A2B
1749
1012
063E
FC04
F395
EE9E
EDEC
F151
F7BF
FF96
070A
0C8B
0F18
0E67
0AE6
0598
FFD4
FAFA
F82F
F825
FAF9
0035
06DD
0DA0
1310
15E8
1547
10E6
092C
FF29
F469
EAB7
E3BD
E0B8
E232
E7E0
F0B2
FB05
04F6
0CC5
112F
11AC
0E7F
08A5
0198
FAF6
F632
F445
F585
F99E
FFA7
065D
0C63
1087
11FF
108D
0C8C
06DD
00C0
FB93
F88D
F875
FB73
00F8
07CC
0E4C
12BE
13BC
108E
096F
FF8E
F4E1
EBB5
E625
E58F
EA32
F307
FDF6
0847
0F4F
1117
0CE0
035D
F687
E925
DE1C
D7B3
D708
DBD2
E486
EEC9
F821
FE9A
0143
0060
FD38
F9A0
F761
F7A8
FAB1
FFB6
0537
0978
0B0C
0949
0480
FDE3
F72F
F22A
F026
F1A4
F63C
FCBF
0394
0929
0C56
0C9E
0A33
05D6
008C
FB56
F6F8
F3E1
F230
F1D2
F29F
F470
F71C
FA65
FDE1
00EF
02C3
0293
FFDA
FA92
F35F
EB87
E4B5
E095
E05B
E460
EBF1
F568
FE94
054B
0807
0668
0157
FAE0
F5A2
F41C
F7F0
015F
0F21
1EA0
2C9C
35F0
385A
3309
26C6
15BE
02F1
F17F
E3F2
DBCA
D949
DB9C
E138
E858
EF6E
F568
F9C5
FC81
FDE0
FE3C
FDE5
FD18
FC12
FB27
FAC8
FB7E
FDC1
01C5
074D
0D99
137B
1797
18BA
1632
100F
0729
FCF1
F316
EB11
E5C9
E362
E345
E46A
E5BF
E68E
E6BC
E6D5
E7CA
EA91
EFB2
F6F8
FF64
075E
0D2F
0F86
0DF1
0917
0293
FC8D
F915
F981
FDFF
0578
0DDC
14BA
17F9
167D
1080
078D
FE0D
F699
F33E
F4E7
FB24
0455
0E2E
165F
1B3F
1C2C
199F
14E2
0F89
0AEC
07B9
05D4
0485
02E1
0040
FC97
F894
F55F
F42C
F5B0
F9B4
FEFA
037A
04F2
01A5
F901
EBFE
DD09
CF7A
C6BA
C551
CC22
DA1E
EC76
FF53
0ED2
180E
19D7
14ED
0BB9
0181
F975
F5BF
F6FD
FC27
0306
08F5
0BC2
0A5D
0527
FDC0
F67A
F18B
F055
F2F2
F82E
FDEE
01DE
0239
FE5C
F702
EE10
E60A
E14D
E161
E681
EF92
FA6D
0485
0B96
0E3E
0C4D
06B8
FF41
F7EF
F27B
EFEF
F078
F387
F815
FD0A
0185
050C
0788
0918
09E4
09EC
0904
06E4
035B
FE80
F8D4
F33A
EECB
EC8B
ED20
F092
F644
FD12
039E
08AF
0B80
0BF1
0A7D
0805
0580
03A4
02AA
0249
01D0
0073
FD9C
F922
F36A
ED49
E7C7
E3D2
E1FB
E24E
E462
E783
EAF7
EE41
F140
F42A
F761
FB30
FF91
040A
07C0
09B0
0904
056D
FF4E
F7C3
F064
EADA
E873
E9BC
EE60
F53D
FCC1
0364
081A
0AA6
0BA2
0C41
0DE0
1180
1761
1ED6
2661
2C1D
2E4A
2BD3
24B2
19FA
0D9F
01F3
F915
F464
F436
F7D4
FDC3
043D
09B3
0D35
0EA1
0E88
0DE4
0DB1
0E8C
107E
12F9
150F
15C7
147A
110C
0C02
065B
0144
FDC7
FC79
FD5F
FFEF
034F
0698
0924
0ABE
0BA6
0C75
0DDA
1058
140F
18A3
1D4E
210B
22DF
2214
1E69
1824
0FFF
0706
FE59
F700
F1B7
EEDE
EE68
EFED
F2B7
F5E9
F89C
FA10
F9CE
F7CA
F479
F0C2
EDDF
ED19
EF77
F56C
FE99
09C7
150A
1E23
2309
2267
1C0B
1108
0391
F67B
EC9B
E812
E9C5
F11C
FC2C
082B
122B
17D1
17EE
12BC
09C4
FF65
F632
F047
EECB
F1C5
F838
008B
090C
1062
15D6
1955
1B3D
1C01
1BDE
1AA5
17D1
12BF
0B15
0117
F5DB
EB29
E326
DFBC
E208
E9E4
F5CD
031F
0EAB
1586
15C9
0F20
02ED
F3FD
E5E0
DC04
D8DF
DD53
E879
F7E0
0827
15CF
1E0A
1F54
19B6
0EAE
00BA
F2C2
E76F
E0AB
DF54
E336
EB35
F5A5
00A8
0A85
11E6
1602
16A6
142C
0F60
0962
036D
FEAF
FC0C
FBF7
FE54
027A
0759
0BB5
0E7D
0F12
0D80
0A87
0772
05C2
06BE
0B15
1292
1C18
25D6
2DB0
31C8
30F3
2B0A
20FA
148C
07F9
FD64
F663
F3AB
F4FE
F953
FF2C
04F9
0977
0BE6
0C19
0A5A
073A
035E
FF59
FB9D
F886
F667
F59C
F687
F97B
FE98
05A2
0DF4
1683
1E0E
235B
2586
243D
1FD7
193F
11BF
0AA3
04EF
0121
FF25
FE73
FE52
FE22
FD9A
FCE3
FC7F
FD11
FF15
0298
0722
0BBD
0F3C
1091
0F27
0B19
053D
FEEE
F9AD
F6B7
F69D
F91F
FD31
0148
03CD
0391
002A
FA19
F2AD
EBAF
E6EF
E5C9
E8D0
EFA7
F91B
0367
0C99
12FD
156A
1377
0D82
048E
FA17
EFCC
E74D
E1F7
E0AF
E3C2
EAD3
F4E2
0069
0B95
1496
19FC
1B0A
17E6
11A1
0A05
032D
FF02
FEC4
02AB
09D8
1285
1A7E
1FB7
20D6
1D94
16C4
0E15
0589
FEE2
FB1E
FA37
FB39
FCA3
FCF7
FB46
F78C
F2B5
EE4F
EC00
ECE2
F111
F783
FE46
0311
0403
004D
F889
EEAF
E58B
DFF0
DFD9
E5BF
F061
FD0F
086C
0F63
1017
0A76
0045
F49B
EAFD
E64E
E7F6
EF77
FA9A
0624
0ED3
1261
1033
0984
00F4
F9B0
F669
F877
FF65
091C
1289
189E
194D
1434
0AC4
FFCF
F6A9
F21B
F382
FA5C
046E
0E71
1517
160E
10BA
066C
F9FA
EEEC
E876
E88A
EF53
FB3E
0974
16BE
2065
24E1
241B
1F3F
1824
10A0
09E9
044B
FF40
F9D8
F352
EB94
E36A
DC5D
D835
D853
DD1A
E59B
EFB7
F8A7
FDC8
FD6E
F77B
ED7A
E241
D923
D4FB
D74D
DFD5
EC97
FA7B
0637
0D52
0EDA
0BA5
0604
00F4
FF2C
022E
09C9
1421
1E39
24E3
25BD
1FEE
146F
05C9
F752
EC3C
E6A9
E71F
EC7C
F462
FC06
0111
024A
FFE5
FB48
F67D
F369
F31F
F57C
F939
FC68
FD26
FA60
F445
EC64
E542
E1A3
E3B2
EC4C
FAA5
0C6A
1E4E
2CE4
357A
36BA
30EA
25B9
17A9
0955
FCC3
F2F9
EBEE
E6D8
E2AC
DEAC
DAC0
D78F
D63E
D7FB
DD73
E673
F1C3
FD66
0717
0CEB
0DE7
0A50
03A8
FC4A
F6C3
F522
F85B
0004
0A6A
14FF
1D08
204E
1DB1
156A
08FA
FAC8
ED8D
E3B4
DEDC
DF90
E53C
EE6F
F935
0386
0BAD
1088
11A6
0F42
0A1F
0356
FC23
F5AB
F0D6
0C38
04CF
FD3C
F637
F074
EC8F
EAF3
EBBC
EEA3
F2F5
F7B2
FBBC
FE1D
FE50
FC6B
F92D
F5CF
F3B1
F3ED
F6FE
FC7E
0335
095C
0D1A
0D0E
08C7
00F6
F74E
EE1C
E7A1
E569
E7CE
EDCD
F544
FB81
FE12
FB7F
F3D2
E8AC
DCF0
D403
D0E4
D552
E142
F2CA
068D
188A
2514
29BF
25EC
1AE6
0B80
FB50
EDCB
E56D
E33B
E6A6
EDE1
F685
FE44
0391
05EC
05E5
04BF
03EF
048B
06E7
0A7E
0E1C
104D
0FDF
0C51
060D
FE59
F6FE
F1CF
F020
F265
F80D
FFAE
0765
0D62
1066
101C
0D29
08FA
0553
03CA
054C
09D0
104F
1708
1BF6
1D60
1A55
1300
08AB
FD7C
F3FE
EE7E
EE83
F463
FF2B
0CC6
1A77
256F
2B69
2B2F
24D5
19AF
0C01
FE78
F38A
ECF3
EB55
EE24
F3DA
FA5D
FF92
01DA
007F
FBD7
F528
EE52
E94F
E7B8
EA52
F0E5
FA40
0484
0D92
138F
154F
1299
0C34
03B5
FB27
F492
F190
F2F7
F8B4
01D8
0CD4
17CD
20FE
2710
2952
27C8
231A
1C5E
14CF
0D89
0747
024A
FE54
FAC9
F6EB
F21A
EC11
E510
DDDF
D7B1
D3E6
D3B5
D7DA
E05A
EC67
FA79
0896
14B2
1D20
20EA
2004
1B4A
143D
0CA6
0622
01C1
FFCE
FFD2
00C8
017E
00FC
FED6
FB4F
F74B
F403
F2A8
F3FC
F814
FE45
0554
0BC7
104E
121D
111E
0DE7
0983
0517
0184
FF2D
FDDF
FCFD
FBCB
F9C0
F6D3
F389
F0D9
EFDD
F169
F5B5
FC32
0398
0A3B
0E84
0F66
0CBB
075A
00DB
FB29
F7F1
F81C
FB8D
0124
0717
0B80
0CF2
0AEF
0610
FFD6
FA32
F6E4
F6E7
FA1B
FF48
0471
0779
06C5
01CD
F94D
EF23
E5C8
DFA7
DE66
E27B
EB08
F627
017A
0ADA
10EB
1374
134E
120A
115C
1280
15D3
1AB0
1FAA
2305
2348
1FB6
188E
0EF8
04A9
FB62
F46C
F046
EE94
EE5D
EE72
EDE9
EC70
EA6B
E8C5
E88D
EA81
EEAF
F44F
F9EE
FDD7
FE99
FB8C
F514
EC97
E420
DDCE
DB2E
DCC8
E1F2
E904
EFDA
F47B
F5B9
F38D
EF1D
EA5E
E77F
E834
ED39
F60D
011E
0C3D
1546
1AB6
1C1B
1A1B
1630
1224
0F74
0EDD
1025
1241
13BB
133E
1015
0A6F
035A
FC6C
F73D
F4DD
F577
F83B
FBA0
FDE0
FD92
FA2B
F437
ED3F
E75F
E4A6
E675
ED14
F78C
03E6
0FAE
189C
1D2B
1CF9
18CE
125A
0BB0
06B3
049E
05BE
0983
0EBB
1404
1834
1AA0
1B3D
1A7C
1914
17B4
16CF
1684
16A7
16EE
171B
171D
1715
173B
17B9
187E
192E
192E
17D4
14AD
0FB4
097C
031B
FDF6
FB5D
FC2A
0070
0764
0F86
16F5
1BF5
1D5E
1AEC
1551
0DF9
06A5
00E6
FDB3
FD2A
FE98
00BD
023C
020D
FFCD
FBDD
F73C
F331
F0E2
F0F1
F351
F748
FBAD
FF4B
013E
0138
FF92
FD29
FB0E
FA2F
FB0B
FD8D
0119
04C9
07B5
0945
0956
083E
06A5
0540
0490
04B1
055A
05FB
05FD
0504
031D
00C5
FEC5
FDEF
FECC
0161
051D
08F7
0BB6
0C59
0A69
0631
00B5
FB72
F7F3
F760
FA1B
FF9D
068D
0D14
115D
120B
0E9A
077F
FE04
F3F7
EB32
E52D
E2B1
E3BC
E7A2
ED48
F37F
F946
FDF7
0149
033A
03E2
0351
0184
FE6A
FA0C
F4B4
EF03
E9F1
E6A3
E62B
E935
EFC7
F924
03DC
0E13
15E5
19D6
192A
1411
0BA0
018E
F7CC
F01B
EBA7
EAD8
ED4A
F1F7
F782
FC8B
FFFB
0133
001F
FD29
F915
F4D5
F15B
EF75
EFAD
F235
F6DA
FD02
03B2
09AD
0D9E
0E59
0B1E
03D8
F940
ECD7
E0AF
D706
D1CC
D22C
D831
E2B4
EF8B
FBFE
0566
09D1
0879
01FC
F82E
EDA4
E50B
E071
E0BC
E573
ECE4
F498
FA0A
FB57
F7C9
F00B
E602
DC4E
D59C
D3F2
D832
E1E3
EF56
FE20
0BB2
15F8
1BCB
1D16
1ABA
1629
10F3
0C52
08E4
06A6
051A
039E
01BF
FF76
FD31
FBB2
FBBF
FDCC
01BB
06C6
0BA4
0EE4
0F58
0C80
06C6
FF7C
F892
F41B
F3B9
F823
00E3
0C5C
1825
219C
2689
25AE
1F14
140A
06CD
F9FD
EFF7
EA49
E960
EC86
F225
F849
FD24
FF8A
FF2D
FC9C
F8FF
F5B4
F3DB
F406
F617
F954
FCB5
FF3E
0054
FFF1
FEA7
FD69
FD3B
FED1
024A
0716
0C13
0FD5
1112
0EFF
0999
01B5
F8D7
F0DB
EB85
EA1A
ED13
F406
FDC7
08B0
12FF
1B33
2050
21FA
2067
1C39
1643
0F55
0818
0103
FA64
F46E
EF52
EB42
E86E
E6F6
E6D9
E7EB
E9DA
EC3F
EEC1
F12F
F38C
F613
F910
FCBC
010E
059A
0999
0C05
0BE2
088D
0201
F8FD
EEF9
E5DF
DFA4
DDCC
E0FC
E8C5
F3A8
FF65
097A
0FC0
10EE
0CEC
04DD
FAD7
F161
EAD7
E8D6
EBE2
F349
FD62
07F8
10E3
1687
1837
164B
11FA
0CF7
08F6
073A
0845
0BC1
109E
1569
18B0
1964
1720
123A
0BB1
04E6
FF47
FBFA
FB9D
FE25
02EA
08D4
0E99
1306
1541
14EA
122C
0DA5
083D
02EF
FE8C
FB94
FA17
F9B7
F9C8
F979
F80F
F51B
F09A
EB01
E52B
E02B
DD0D
DC96
DF11
E43A
EB45
F30A
FA49
FFED
034F
0450
035B
0142
FEFE
FD6C
FD12
FE05
FFE7
020C
03B4
0448
0388
019F
FF17
FCAF
FB1D
FADA
FBF7
FE15
0079
023E
029B
0115
FDB1
F8F8
F3E4
EFA8
ED6C
EE0B
F1D8
F882
011B
0A39
1236
177C
18D3
15A0
0E0F
0317
F65B
E9E9
DFE0
DA0A
D97E
DE61
E7D4
F40F
00B7
0B5A
11EF
134D
0F74
078F
FDB2
F463
EDFD
EC1D
EF39
F688
002E
09BF
10DD
13DD
1234
0CA1
04F6
FD99
F8DA
F852
FC6A
0444
0DEE
16EC
1CE5
1E3F
1A90
12B3
0885
FE64
F68A
F276
F299
F646
FBF7
01CD
0619
07D6
06E6
0403
0077
FDA8
FCA2
FDC6
00AE
0451
0759
0891
0746
037B
FDF0
F7EA
F2DA
EFFC
F007
F305
F859
FEF4
059E
0B45
0F37
1138
1180
1092
0F0F
0D87
0C57
0BA2
0B58
0B46
0B34
0AF1
0A64
098F
0887
0774
0686
05F0
05DF
066B
0789
0902
0A6E
0B3F
0ADE
08D8
050E
FFD9
FA16
F50B
F229
F2A6
F721
FF54
09F6
14E9
1DA4
21C2
1FA8
16FA
08D1
F791
E66A
D89C
D0B5
CFF6
D60D
E135
EEBE
FBC0
05E7
0BFA
0E19
0D8C
0C3C
0C06
0E17
128A
1862
1DE4
2130
20E9
1CB9
1576
0CEE
055B
00AB
FFE3
02BC
07B0
0C6A
0E7B
0C23
04E8
F9CB
ED0D
E194
DA12
D83F
DC54
E4FE
EFBB
F99C
001E
01E2
FF10
F93B
F2E0
EE9A
EE56
F2B6
FAE7
04DE
0DFB
13D6
14F3
1135
09DB
011D
F982
F51A
F4EF
F8C4
FF34
0634
0BB4
0E41
0D67
09C3
04BA
FFF6
FCD1
FBEB
FCF3
FED5
001C
FF77
FC3A
F698
EFA9
E915
E4A0
E3A4
E6B0
ED67
F69A
00A8
09EA
1119
1592
1759
16EF
1508
1244
0EFD
0B42
06FA
021A
FCDB
F7D1
F3D9
F1E1
F28F
F600
FB95
020A
07B6
0B01
0AD7
0705
0058
F87A
F185
ED7B
EDB7
F291
FB3D
05FF
109A
18E2
1D40
1D0A
189C
1127
0852
FFC2
F8B5
F3C8
F0EE
EFA0
EF28
EEEB
EEA7
EE83
EEF6
F097
F3DF
F8F1
FF87
06F5
0E53
14A7
1922
1B38
1AB9
17C7
12C2
0C38
04CF
FD3C
F637
F074
EC8F
EAF3
EBBC
EEA3
F2F5
F7B2
FBBC
FE1D
FE50
FC6B
F92D
F5CF
F3B1
F3ED
F6FE
FC7E
0335
095C
0D1A
0D0E
08C7
00F6
F74E
EE1C
E7A1
E569
E7CE
EDCD
F544
FB81
FE12
FB7F
F3D2
E8AC
DCF0
D403
D0E4
D552
E142
F2CA
068D
188A
2514
29BF
25EC
1AE6
0B80
FB50
EDCB
E56D
E33B
E6A6
EDE1
F685
FE44
0391
05EC
05E5
04BF
03EF
048B
06E7
0A7E
0E1C
104D
0FDF
0C51
060D
FE59
F6FE
F1CF
F020
F265
F80D
FFAE
0765
0D62
1066
101C
0D29
08FA
0553
03CA
054C
09D0
104F
1708
1BF6
1D60
1A55
1300
08AB
FD7C
F3FE
EE7E
EE83
F463
FF2B
0CC6
1A77
256F
2B69
2B2F
24D5
19AF
0C01
FE78
F38A
ECF3
EB55
EE24
F3DA
FA5D
FF92
01DA
007F
FBD7
F528
EE52
E94F
E7B8
EA52
F0E5
