052C
032A
FF05
F9E7
F53A
F24E
F1F6
F450
F8B2
FDD7
0235
0464
0387
FF89
F923
F1AA
EAB6
E5AE
E373
E427
E73B
EBA7
F04C
F451
F768
F9DF
FC74
0003
0520
0BC9
133D
1A22
1ED2
1FDD
1C79
14D7
0A2E
FE82
F42B
ED40
EB19
EDF1
F4EA
FE49
07F7
100D
1551
1776
1715
1568
13D5
137A
14D2
1796
1ADC
1D67
1E12
1C2B
17A9
1130
09DE
02F9
FD9C
FA71
F99A
FAC1
FD42
006D
03AF
06AA
0930
0B1F
0C47
0C58
0AEA
07AA
028C
FC02
F509
EF13
EBBD
EC63
F1B3
FB5C
07FB
1550
20B2
27AC
2899
2311
1807
099D
FA9D
EDD7
E57B
E2A1
E522
EBBA
F470
FD21
0400
07F2
08AB
0697
0296
FDAB
F8B8
F461
F10C
EEF8
EE5F
EF82
F29C
F7BE
FE9E
0676
0E0A
13D3
165F
14BB
0ED0
058F
FAD5
F107
EA73
E8B4
EC30
F3E9
FDB3
06C3
0C71
0D02
082A
FF3B
F4CC
EC09
E7D3
E9EA
F260
FF8E
0E76
1B95
23CA
2533
1FA6
14B2
0727
FA4C
F0F4
ECC6
EDDB
F2D6
F963
FEFE
01B7
00C2
FCAD
F726
F26B
F08F
F2D6
F949
02B2
0CF2
159D
1AA5
1AF0
169F
0EFA
0612
FE26
F90A
F7AE
F9EA
FE97
03EF
080F
0979
0773
0230
FAB6
F293
EB78
E6CF
E570
E77A
EC5B
F2FF
FA12
004E
04B5
06C0
066D
042F
00D1
FD3C
FA48
F885
F81A
F8BC
F9BC
FA38
F954
F684
F1C1
EBA1
E54B
E03B
DDE4
DF4F
E4BF
ED88
F822
0273
0A50
0E09
0CDD
0736
FE9D
F558
EDDA
EA21
EB34
F0DD
F9C4
03D1
0CC8
12E4
154B
143F
10EB
0CF4
09E8
08B3
0957
0AF4
0C20
0B70
080F
0221
FAD9
F432
F05E
F113
F6F3
013A
0DD7
19E3
2263
2517
2116
171C
0954
FACD
EEAE
E76A
E631
EABA
F37C
FE37
089B
10EC
1655
18F3
198C
1914
1837
1709
14FE
112E
0AC2
0166
F59C
E8BF
DCBF
D39B
CED6
CEFD
D382
DAE4
E327
EA73
EFA2
F293
F41F
F5BE
F8E8
FE76
063B
0EEA
166E
1A8F
19B0
136F
08EB
FC91
F183
EAAF
E9F5
EF8D
F9E6
060F
1090
166B
1603
0F9F
0558
FA7E
F29C
F063
F4D6
FEF5
0C00
183F
201F
213E
1B24
0F68
013F
F489
ECB7
EBC8
F1C1
FCAC
0937
13AB
1900
17B5
1027
0465
F780
EC93
E5DA
E417
E66F
EAD0
EEB1
EFF4
EDA4
E84D
E1DC
DD08
DC79
E1F2
EDB1
FE45
10DD
21F7
2E41
3371
30C8
2736
190C
0959
FB27
F0CE
EB7F
EB2B
EEBB
F480
FAB9
FFFC
0382
052A
0554
04A3
03BB
030F
02D6
030C
0395
0450
052D
0625
072F
0830
08F4
0931
08A0
071C
04C0
01E9
FF2E
FD38
FC8D
FD67
FF92
0279
0546
071D
075F
05D8
02CF
FEF6
FB33
F860
F714
F781
F973
FC73
FFFB
03A1
0735
0ABC
0E4A
11D9
1516
175F
17D3
159C
103F
07EE
FDA8
F329
EA93
E5ED
E68E
ECB4
F74F
042E
107C
1974
1D19
1ABF
1340
08C1
FE1D
F61A
F2A6
F447
F9FF
0192
0834
0B5F
098E
02BB
F867
ED2D
E411
DF9F
E13D
E8C6
F49B
0220
0E72
1733
1B24
1A63
1646
10D7
0C28
09AA
09C6
0BC8
0E2C
0F2A
0D53
0814
FFEF
F65A
ED57
E6D8
E42F
E5A7
EA70
F0E1
F6F4
FADB
FB82
F8D9
F3CD
EDFA
E930
E6F0
E80A
EC71
F357
FB75
0377
0A56
0F95
1342
15CF
17CA
199A
1B4D
1C95
1CEC
1BD1
190C
14D7
0FDA
0B08
0754
0560
0547
068C
083F
0945
08BC
0647
023C
FD91
F99A
F79B
F861
FBF1
0172
075E
0BE7
0D78
0B30
052C
FC8F
F33C
EB60
E6DE
E6D4
EB4D
F345
FCEF
0634
0D3C
10E6
1103
0E4E
0A26
061A
0371
02CD
0408
064F
086E
093D
0805
04C2
002F
FB95
F870
F804
FAFB
012F
09AD
12E9
1B21
20C5
22D4
2118
1C25
152C
0DAE
071C
0284
005B
0076
0221
045B
061D
069C
0573
02B7
FEE4
FABC
F711
F493
F3AA
F45D
F656
F8F6
FB74
FD0E
FD30
FB94
F85B
F40A
EF79
EBAD
E9AB
EA42
EDDA
F454
FD07
06CB
102D
17B1
1C16
1C9F
193A
128C
09D9
00C0
F8F0
F3C9
F216
F3E2
F87A
FE97
04AA
093D
0B4C
0A83
0755
02E2
FEB0
FC4C
FCE6
00FD
0838
116E
1AE1
22A3
2708
2708
228B
1A6C
1055
0659
FE7F
FA45
FA48
FE16
044F
0AF6
0FEB
1179
0EBD
07EA
FE44
F3D5
EAF4
E5B7
E572
EA5F
F394
FF33
0AD8
1428
1954
197F
14E0
0CA5
02A1
F8CE
F0DD
EBD8
E9F6
EAB3
ED07
EFC2
F1E5
F2E4
F2B6
F1C7
F0BF
F040
F0AC
F205
F3F3
F5E6
F751
F7DF
F794
F6D2
F63E
F681
F817
FB15
FF1E
0373
0725
095A
098F
07C8
0492
00E9
FDF9
FCD0
FE17
01E6
07B6
0E81
14FA
19D4
1C03
1AF1
168F
0F4E
0603
FBB9
F18C
E883
E173
DCF8
DB63
DCBE
E0C1
E6DE
EE49
F613
FD4B
032B
0744
0998
0A9A
0B19
0C06
0E2E
11F7
1737
1D26
228B
2603
2663
230B
1C27
12AD
0832
FE8A
F757
F3A3
F39F
F6A1
FB56
0027
03AB
0509
042C
01BA
FED7
FCBD
FC59
FDF8
012F
04F8
0806
092D
07BB
03B6
FDDA
F75E
F19F
EDB3
EC22
ECC2
EED9
F15F
F360
F450
F439
F3B3
F3A4
F4E9
F7EE
FC72
017F
0599
0729
04F2
FE84
F46D
E834
DC05
D231
CCA2
CC62
D164
DA89
E5F8
F192
FB79
0277
0632
0722
064A
04DD
03DA
03C8
04A0
05DF
06C2
0688
04B2
0123
FC1D
F62B
EFF1
EA0A
E4EC
E0E7
DE33
DCFD
DD75
DFC8
E40B
EA18
F176
F954
009C
062C
0918
08EF
05E2
00CB
FAF9
F5E1
F2BE
F23B
F449
F829
FCAA
008C
02E4
0365
0273
00FE
0026
00D2
034F
0727
0B2F
0DE1
0DD7
0A45
0353
FA2C
F0BE
E93B
E577
E65A
EB91
F394
FC03
0252
047A
0197
FA32
F02D
E64A
DF7A
DE15
E340
EE9E
FE66
0FD9
1FE6
2BE6
3228
323E
2CF2
23F2
1959
0F23
06D3
0135
FE6A
FE0F
FF7E
0205
0507
0809
0A9D
0C5A
0CD5
0BAE
08BB
0428
FE92
F907
F4D1
F32D
F4EC
FA25
020D
0B16
133B
188B
19A6
1634
0F07
05FC
FD85
F80D
F751
FBE1
04F7
1099
1C1D
24CE
2899
2691
1F21
13EA
0751
FBED
F3EA
F096
F234
F80B
00B0
0A72
13B7
1B4D
207B
2303
22F3
2084
1BFA
159B
0DC0
04E7
FBC2
F331
EC27
E773
E595
E68F
E9E5
EEB8
F401
F8D4
FCA3
FF55
013E
02EC
04E2
0751
09F6
0C20
0CE5
0B7A
0785
0162
FA25
F366
EEDB
EDD7
F0DE
F768
FFF0
0852
0E5A
1062
0DD0
0751
FEB4
F675
F10F
F051
F4D5
FDCC
0936
145B
1C8C
1FD2
1D70
1612
0B95
0083
F766
F222
F17F
F50C
FB53
024E
07FE
0AF4
0AA5
0779
0296
FD75
F96B
F748
F722
F85E
F9EB
FA9F
F999
F684
F1B4
EC08
E6B1
E2DE
E16F
E2C1
E6A3
EC6A
F32A
F9F3
0009
0501
08CD
0B9E
0DC4
0F82
10ED
11E0
1203
10E8
0E2F
09AD
0382
FC23
F44C
ECDC
E6B0
E272
E075
E0A4
E283
E551
E82E
EA52
EB43
EAEE
E9B0
E841
E782
E83D
EAE9
EF7E
F56A
FBAB
010B
0472
052C
032A
FF05
F9E7
F53A
F24E
F1F6
F450
F8B2
FDD7
0235
0464
0387
FF89
F923
F1AA
EAB6
E5AE
E373
E427
E73B
EBA7
F04C
F451
F768
F9DF
FC74
0003
0520
0BC9
133D
1A22
1ED2
1FDD
1C79
14D7
0A2E
FE82
F42B
ED40
EB19
EDF1
F4EA
FE49
07F7
100D
1551
1776
1715
1568
13D5
137A
14D2
1796
1ADC
1D67
1E12
1C2B
17A9
1130
09DE
02F9
FD9C
FA71
F99A
FAC1
FD42
006D
03AF
06AA
0930
0B1F
0C47
0C58
0AEA
07AA
028C
FC02
F509
EF13
EBBD
EC63
F1B3
FB5C
07FB
1550
20B2
27AC
2899
2311
1807
099D
FA9D
EDD7
E57B
E2A1
E522
EBBA
F470
FD21
0400
07F2
08AB
0697
0296
FDAB
F8B8
F461
F10C
EEF8
EE5F
EF82
F29C
F7BE
FE9E
0676
0E0A
13D3
165F
14BB
0ED0
058F
FAD5
F107
EA73
E8B4
EC30
F3E9
FBB3
F87E
F7DF
F89F
F935
F84D
F539
F033
EA4C
E524
E267
E350
E83D
F089
FAB0
04B1
0C8D
10D2
10EF
0D56
074F
0099
FAF1
F79B
F71F
F930
FCDB
00D8
03F0
054D
04AF
026F
FF52
FC45
FA1C
F952
F9FA
FBC5
FE2D
00A0
02B2
042D
0511
0580
0599
055B
049D
0315
007C
FCB4
F7EC
F2B5
EDF6
EABB
EA00
EC60
F1E2
F9D9
02F3
0B6A
1164
134F
1047
0851
FC72
EE8A
E101
D654
D098
D10D
D7DA
E3FB
F377
03BC
1223
1C76
2159
208D
1AEC
122A
086E
FFCF
F9DF
F75C
F812
FB04
FEBC
01BD
02EC
01DA
FEDF
FAF6
F770
F58E
F61F
F945
FE60
043F
0969
0C88
0CBD
09E2
048B
FDE1
F755
F245
EFAD
EFF0
F2D4
F79B
FD43
02C2
0741
0A40
0B9A
0B77
0A2C
081C
05A6
0317
00B0
FEA9
FD31
FC6C
FC62
FCF2
FDC9
FE6A
FE47
FCE7
FA18
F609
F156
ECEE
E9E0
E90F
EAED
EF50
F56C
FBFC
018C
04E0
053E
02AD
FDE8
F833
F2FE
EF82
EE6D
EFBF
F2D8
F6B5
FA4E
FCE9
FE57
FEF8
FF8A
00DC
036C
0727
0B52
0EB3
0FEA
0DE5
0844
FF98
F552
EB7A
E42A
E0FF
E2A2
E88C
F120
FA0C
00DD
03A3
0170
FA95
F08F
E5AB
DC75
D71D
D6FE
DC59
E65B
F361
0160
0E5E
18D0
1FD4
233B
236A
2123
1D4C
18BA
1418
0FDE
0C57
09A9
07DD
06E0
0681
0670
0644
0591
03FC
0157
FDB6
F96B
F4FD
F103
EE04
EC55
EC0A
ECFF
EEEE
F18E
F4AF
F846
FC5F
0100
060B
0B1E
0F98
12B3
13BD
125A
0EB5
0997
0440
001F
FE64
FF98
0356
084D
0C7D
0DC4
0A7A
0203
F528
E608
D7B1
CD69
C9D1
CE31
DA0A
EB1D
FDF0
0E9E
19CE
1D83
199A
0FBD
02EE
F6B0
EE1A
EB11
EDE1
F544
FEDB
07F1
0E3F
1088
0ED7
0A58
04DA
0028
FD72
FCF0
FDE1
FEE1
FE79
FBB7
F698
F027
EA3A
E6E7
E7D9
EDBA
F7DD
0456
1069
193E
1CA9
19C9
114A
0543
F8B2
EEB2
E9B5
EAE5
F1E3
FCF0
0971
149E
1C3E
1F2D
1D87
1884
1201
0BE9
07A9
05D3
0611
075D
0874
0850
068C
038C
0062
FE6D
FEDC
023A
081D
0F27
154C
185B
169B
0F58
032F
F40B
E4C4
D879
D1D0
D249
D9D4
E6C1
F620
0469
0E52
1198
0D8B
0339
F52A
E6C7
DB83
D609
D79C
DFD1
ECB3
FB49
0854
111D
1412
111D
098F
FFBA
F647
EF86
ECDF
EE82
F37C
FA07
001E
040D
04E8
02C2
FE9A
FA07
F6C5
F637
F911
FF32
07BA
114D
1A75
21F5
2707
296F
2969
277A
243D
2036
1BC1
170F
123C
0D60
089B
0410
FFD8
FBEB
F81A
F41D
EFAD
EABB
E597
E103
DE23
DE40
E26B
EB19
F7D9
073F
170F
24AF
2DC5
30C9
2D7E
250B
19C4
0E9B
065C
02FB
050B
0BA1
1497
1D29
22BB
2392
1F47
16DC
0C5F
0250
FAE1
F75C
F7D9
FB4A
FFF4
0402
0630
062A
04A7
0318
031D
05E5
0BB1
13A1
1BE5
223F
24B5
2236
1AFA
1084
0546
FBEF
F6AC
F68E
FB38
0306
0B83
1223
14F6
1330
0D49
04CE
FBD7
F467
EFDA
EE93
F001
F2EC
F5F4
F811
F8EC
F8F5
F92C
FAC2
FE9F
050B
0D85
16E3
1FA2
2650
29ED
2A1A
271E
21B1
1AAE
12D3
0A96
0230
F9CE
F1CC
EAE5
E635
E505
E869
F0CA
FD8E
0CF9
1C65
28C5
2F5F
2E83
260B
1778
05AA
F42C
E65C
DE98
DDB5
E2E0
EBF5
F62E
FEF1
0485
0677
0596
038B
0238
0308
067C
0C03
1234
1750
19E0
192D
1585
1016
0A88
066E
04BA
0574
07B3
09F7
0AAF
08C5
0404
FD36
F5E8
EFF1
ECE5
ED93
F1D0
F888
001F
06F1
0BD2
0E5F
0F02
0EB2
0E85
0F3A
10E8
12EF
1434
138A
102D
0A19
0229
F9DF
F2F9
EEE5
EE4F
F0E7
F57C
FA5E
FDE8
FF07
FD90
FA44
F689
F3E5
F37A
F59A
F9B1
FE78
026F
0463
03E0
0157
FDF1
FB1B
F9EE
FAB6
FCBF
FE82
FE2D
FA5D
F2BD
E867
DDC2
D5EC
D3CF
D929
E5D7
F7A3
0AB6
1A8C
233B
2298
18F3
0920
F7BE
E9FA
E410
E815
F548
0845
1BE8
2AC9
30C3
2C26
1E34
0AC3
F722
E896
E2D1
E6F4
F344
03B7
132F
1CF6
1E12
1615
0722
F53A
E501
DA6C
D7A7
DC99
E718
F3B1
FECA
05B8
0775
04CC
FFE8
FB7F
F9DE
FC22
01E4
0962
1024
13CE
12E9
0D57
0456
FA14
F0F8
EAE3
E8A9
E9E5
ED39
F0E1
F357
F3E1
F2C3
F117
F052
F1A1
F561
FADD
0070
040C
03E8
FF34
F67C
EBB0
E1A6
DB5B
DB0F
E191
EDF0
FDAA
0D50
1977
1F9E
1EDF
181D
0DB7
02CD
FA56
F644
F706
FB7A
0161
061F
0799
04E6
FE99
F698
EF85
EBEC
ED6F
F43D
FEEB
0ACF
14B3
19B8
1828
0FF9
02D7
F3C9
E666
DDF7
DCA1
E2E1
EF72
FFA4
1007
1D3C
24BC
2563
1F96
1512
0865
FC45
F2E1
ED6E
EBF1
ED61
F011
F23A
F283
F06D
EC72
E7E2
E47B
E3E0
E710
EE04
F797
01B9
09E9
0DDD
0C24
049C
F898
EAA3
DDF1
D59B
D3D0
D941
E4E4
F427
038B
0F7F
154A
13BD
0B84
FEFD
F1A1
E71D
E260
E4E0
EE40
FC69
0C25
19F3
22EA
256B
2174
1882
0D08
01BC
F8D4
F388
F1DE
F2DB
F501
F6E0
F798
F723
F63F
F61C
F7DA
FC09
025F
09AE
1034
141E
1417
0FC2
07E1
FE39
F518
EEBA
ECB2
EF7C
F661
FFAF
0932
10CD
1503
1548
120F
0C8C
0647
00A7
FC8C
FA2C
F91F
F8A3
F7F7
F6AB
F4CE
F2E9
F1C8
F234
F499
F8DB
FE48
03C0
07FF
09F6
0914
056A
FFAB
F8FA
F2A7
EDDE
EB69
EB8E
EE0D
F23F
F73C
FC0E
FFD9
01F5
0201
FFE3
FBCF
F63A
EFD8
E986
E431
E0B0
DF9C
E12D
E526
EADF
F165
F7B6
FCFE
00CE
0330
049E
05C7
074F
0985
0C35
0EAC
0FEA
0EF3
0B39
04E2
FCE7
F4EE
EEE9
EC8E
EED3
F596
FF8C
0A83
13EA
1982
19F4
153D
0CAD
029A
F9B7
F463
F3FD
F88B
00BB
0A45
128E
175E
1772
12CA
0A95
00CE
F7A8
F0F3
EDA8
EDC3
F064
F42C
F7B9
FA13
FAE7
FA8E
F9CF
F988
FA5A
FC65
FF48
023F
0471
053B
0467
0238
FF51
FC70
FA29
F8B8
F7ED
F74F
F65C
F4CD
F2CE
F108
F078
F223
F6B9
FE47
0812
12B7
1C79
23AF
2739
26C8
22EF
1CF0
1658
108B
0C5E
09E5
0887
0747
0535
01D1
FD52
F8A2
F51F
F42E
F6B8
FCD5
05A2
0F76
1843
1E2E
200C
1DB8
181F
10F7
0A41
05B6
044B
05F4
09B3
0DF0
10FC
1194
0F45
0A83
0482
FECF
FAD3
F963
FA88
FD83
0114
03E4
04F9
0408
0187
FE89
FC62
FC33
FE8B
032B
0911
0EBC
128F
134C
106A
0A42
01F7
F92D
F1A5
ECC8
EB58
ED4B
F1D7
F7B0
FD60
01A1
03A7
0346
00F0
FD91
FA53
F857
F876
FB12
0001
0696
0DB8
1418
1868
199C
1715
10CB
074D
FBB0
EF5E
E3D8
DA6A
D3F6
D0CE
D0B5
D302
D6DB
DB7A
E062
E57F
EB19
F1A5
F981
02B6
0CC8
16BA
1F3A
24F7
2700
251A
1FE6
18CE
11B9
0C8F
0AC0
0CD9
1258
19C9
2126
265D
27DC
2500
1E34
14D7
0ACC
01F6
FBB3
F87E
F7DF
F89F
F935
F84D
F539
F033
EA4C
E524
E267
E350
E83D
F089
FAB0
04B1
0C8D
10D2
10EF
0D56
074F
0099
FAF1
F79B
F71F
F930
FCDB
00D8
03F0
054D
04AF
026F
FF52
FC45
FA1C
F952
F9FA
FBC5
FE2D
00A0
02B2
042D
0511
0580
0599
055B
049D
0315
007C
FCB4
F7EC
F2B5
EDF6
EABB
EA00
EC60
F1E2
F9D9
02F3
0B6A
1164
134F
1047
0851
FC72
EE8A
E101
D654
D098
D10D
D7DA
E3FB
F377
03BC
1223
1C76
2159
208D
1AEC
122A
086E
FFCF
F9DF
F75C
F812
FB04
FEBC
01BD
02EC
01DA
FEDF
FAF6
F770
F58E
F61F
F945
FE60
043F
0969
0C88
0CBD
09E2
048B
FDE1
F755
F245
EFAD
EFF0
F2D4
F79B
FD43
02C2
0741
0A40
0B9A
0B77
0A2C
081C
05A6
0317
00B0
FEA9
FD31
FC6C
FC62
FCF2
FDC9
FE6A
F8AF
02BB
0B0A
107A
12A0
11D2
0F00
0B6C
0855
06B3
0704
094B
0D1E
11CF
169A
1ABD
1D8C
1E74
1CFC
18CB
11C0
0811
FC6A
EFFE
E471
DB9E
D73C
D868
DF4E
EAF2
F943
077C
12BD
18B7
184B
11DD
0748
FB70
F187
EC36
ECE6
F362
FDDE
097A
130A
1800
171C
10CC
0704
FCB2
F4E6
F1EB
F4AB
FC66
06F7
1173
1909
1BCE
1949
128C
09D7
01E9
FD27
FCEA
011D
084C
101C
1606
181B
1592
0F02
0628
FD60
F6EF
F457
F5F6
FAFA
01B9
083D
0CEF
0F09
0ECE
0D60
0C49
0CEB
0FF3
1511
1B00
1FE2
21D2
1F88
18C7
0E8D
02D9
F82E
F0E5
EE8A
F16D
F889
01C9
0A91
106D
11AD
0DCA
057C
FA7D
EF13
E57A
DF61
DD98
DFF7
E589
ECDD
F46A
FAE7
FF7F
01E3
0232
00D5
FE50
FB22
F7BA
F479
F1BC
EFE9
EF6A
F09B
F3AC
F887
FEB8
0575
0BB2
1058
127C
1199
0DB2
075A
FF9E
F7D2
F14E
ED2F
EC1B
EE28
F2DB
F93E
0012
0607
09F6
0B15
0914
042C
FD11
F4D7
ECBC
E5F2
E163
DF87
E046
E2FF
E6A8
EA0A
EC03
EBD8
E95C
E511
E00C
DBBE
D9A6
DAEF
E02F
E932
F500
0208
0E6B
185C
1E75
1FF5
1CDC
15DB
0C26
013A
F695
ED85
E700
E398
E37D
E683
EC38
F3E5
FCA5
056F
0D2E
12E4
15D0
1597
1264
0CE6
0645
FFE5
FB24
F911
FA2B
FE43
0489
0BBD
127C
1792
1A4A
1A8D
18E3
1647
13DB
129C
131F
156A
18FE
1CFA
205C
2249
223E
2030
1C82
17E6
132B
0F09
0BFB
0A2C
0983
09B1
0A59
0B25
0BDD
0C66
0CBF
0CEB
0CEC
0CB3
0C26
0B29
09A7
079E
0527
026E
FFB2
FD36
FB3B
F9FD
F9B0
FA80
FC8F
FFEC
0486
0A1A
1030
1611
1AE3
1DC0
1DF0
1B11
1541
0D29
03EF
FAFF
F3CB
EF72
EE89
F0ED
F5CE
FBD7
017A
054A
064D
042D
FF48
F895
F166
EB22
E6F2
E593
E735
EB84
F1C5
F904
003E
0691
0B4B
0DFF
0E87
0CFD
09BA
0552
0085
FC33
F93A
F850
F9DF
FDDB
03B2
0A55
1062
1464
1522
11F2
0AE4
00D6
F54E
EA30
E161
DC58
DBD6
DFBF
E722
F07A
FA04
0222
07B2
0A38
09E8
077D
03F6
004F
FD43
FB28
F9EE
F941
F8B6
F7FD
F701
F5F6
F541
F554
F681
F8D0
FBF2
FF49
020F
0388
0339
0110
FD76
F935
F555
F2D4
F26E
F463
F866
FDA7
0301
0738
0946
0895
052D
FFB0
F943
F34F
EF35
EE07
F04A
F5DB
FDF4
0752
1075
17EC
1C9D
1DF5
1C08
177F
1175
0B39
0606
02C6
01DC
0319
05C0
08B0
0A9E
0A57
0703
0050
F68F
EAAA
DE07
D249
C90E
C3A5
C2CE
C698
CE56
D8B8
E40C
EE84
F691
FB32
FC21
F9E7
F5B8
F132
EDFE
ED70
F031
F614
FE1A
06A4
0DD4
11FB
11FF
0DA5
05AA
FB98
F179
E964
E504
E541
EA0F
F277
FCD9
0749
1000
15B7
17E6
16CA
1348
0EA4
0A30
0701
05B9
0672
08CE
0C1A
0F81
1239
13AB
137F
11A5
0E45
09B6
046E
FEF4
F9D8
F5A7
F2D9
F1C1
F27C
F4DE
F874
FC91
006B
0347
049F
0445
0273
FFB9
FCDB
FA9C
F98F
F9E9
FB7D
FDC8
001A
01D6
029A
0269
01A5
00F7
0116
0292
059D
09F7
0EFA
13C1
1766
1941
1915
171F
1402
1099
0DB4
0BE4
0B4D
0BA5
0C49
0C6F
0B64
08BC
046F
FEDF
F8BF
F2E2
EE16
EAF3
E9CE
EAB2
ED72
F1C0
F742
FDA3
0492
0BBD
12CA
194D
1ED0
22E0
2526
2577
23EC
20D8
1CC1
183F
13DA
0FF1
0CA3
09D9
0751
04BE
01E9
FEC3
FB72
F846
F5A0
F3D8
F323
F384
F4CF
F6B6
F8E3
FB0F
FD15
FEF3
00C1
02A2
04A7
06C0
08B4
0A29
0AB5
09F8
07B4
03E7
FEC9
F8CE
F293
ECC1
E7F8
E4AF
E328
E363
E51D
E7E1
EB16
EE19
F05B
F17A
F157
F01B
EE35
EC42
EAE9
EAB4
EBEB
EE7E
F206
F5D9
F93B
FB8A
FC74
FC0A
FAC2
F950
F873
F8B6
FA3E
FCBD
FF81
01AE
0288
01BA
FF81
FCB0
FA7C
FA29
FCA3
022C
0A2D
134E
1BBF
21B0
23CB
219A
1BAF
1381
0B0B
0445
009B
0082
0362
07B9
0B94
0D17
0B05
051E
FC29
F1BF
E7D8
E046
DC3C
DC13
DF42
E4A1
EAC9
F07C
F4F2
F7EE
F9AB
FA9A
FB1B
FB50
FB0C
F9FA
F7D8
F4BC
F140
EE73
ED9F
EFE1
F5C0
FEDB
09DC
14B3
1D19
212B
2001
1A00
10D1
06FC
FF35
FB99
FD06
02D3
0AEE
126F
166B
14CF
0D08
003E
F114
E2FF
D959
D67F
DB31
E665
F590
055E
128C
1AC0
1D0C
1A0B
1395
0C1D
05F8
02C0
02FB
061D
0AD5
0F93
1306
1476
13E6
11E9
0F56
0CE6
0AF4
0965
07C4
058D
0272
FE9A
FAA7
F792
F65A
F7AC
FBA2
01A6
0896
0F11
13DA
162A
15DE
136E
0FB1
0B85
0788
03E5
005F
FC8F
F839
F397
EF7C
ED39
EE43
F3A9
FDA0
0B28
1A1E
2797
3091
32C7
2D57
212A
10D5
0008
F2AC
EBE2
ED2E
F60E
0417
1392
2071
275F
2692
1E39
1060
005C
F1E4
E81F
E4E4
E85D
F11A
FC95
07E2
1076
14B2
142E
0FA7
08A5
0104
FA76
F62C
F4AC
F5DC
F925
FDB1
029B
070F
0A62
0C15
0BE1
09C3
060A
0160
FCBC
F93F
F7F4
F983
FDF2
0482
0BC9
11FF
1576
151F
10EB
09EF
0232
FC23
F9EF
FCC9
047C
0F51
1A71
22A1
2529
20A8
158C
060C
F5A2
E814
E06D
E014
E65D
F0B1
FB43
0225
026E
FB21
ED82
DCD1
CD71
C3BA
C2C4
CB93
DCCB
F307
09C3
1C7D
27DA
2A63
24C1
195E
0BA4
FEF7
F5D8
F158
F0FF
F32A
F5B4
F6AE
F4FE
F09D
EA8B
E467
DFEC
DE68
E072
E5CD
ED9C
F6B5
FFF4
0885
0FEF
1604
1AAE
1DBF
1EDE
1D8E
196D
126C
090E
FE7B
F459
EC7E
E881
E94D
EEDB
F82D
0380
0EB9
17DF
1D8F
1F32
1D06
17E2
10E3
090D
0113
F946
F1B4
EA64
E392
DDD0
D9F4
D8E4
DB39
E0EF
E93D
F2A1
FB30
0116
031A
00FF
FBA9
F4E7
EEF1
EBC7
EC93
F146
F88F
0031
05A1
06C6
0296
F96A
ECF4
DFCB
D4BC
CE10
CCF5
D141
D98F
E3B9
ED7C
F516
F9B3
FB8F
FBB9
FBA3
FC9D
FF64
03ED
0979
0EE3
130C
153C
155C
13EC
11C5
0FBD
0E45
0D39
0BE2
093E
0463
FCF3
F35E
E8F2
DF93
D948
D7A5
DB4F
E3BC
EF45
FB86
05F7
0C91
0E4B
0B59
050E
FD74
F6B8
F298
F1F0
F49A
F992
FF52
0459
0794
08A9
07F9
066F
051E
04E4
0618
0874
0B2F
0D3E
0DB2
0C07
084C
0326
FD9F
F8DA
F5C3
F4D3
F5F4
F896
FBE2
FEFA
013D
026B
02B0
028B
029F
037F
0581
08A7
0CA5
10F0
14EB
1804
19CF
1A16
18D6
1631
125F
0DA3
0842
0284
FCB8
F734
F258
EE84
EC10
EB3C
EC2A
EECE
F2F4
F843
FE3F
045C
0A01
0E99
119D
12A3
116D
0DF7
0880
018C
F9D8
F243
EBB0
E6DF
E453
E436
E660
EA5A
EF83
F528
FAA5
FF7C
0358
060D
078E
07E0
071A
0562
02FB
0044
FDBD
FBF0
FB58
FC3C
FE8D
01D4
053C
07B8
083F
0618
0113
F9AF
F10F
E8C3
E278
DF8E
E0C7
E611
EE8A
F8AF
02BB
0B0A
107A
12A0
11D2
0F00
0B6C
0855
06B3
0704
094B
0D1E
11CF
169A
1ABD
1D8C
1E74
1CFC
18CB
11C0
0811
FC6A
EFFE
E471
DB9E
D73C
D868
DF4E
EAF2
F943
077C
12BD
18B7
184B
11DD
0748
FB70
F187
EC36
ECE6
F362
FDDE
097A
130A
1800
171C
10CC
0704
FCB2
F4E6
F1EB
F4AB
FC66
06F7
1173
1909
1BCE
1949
128C
09D7
01E9
FD27
FCEA
011D
084C
101C
1606
181B
1592
0F02
0628
FD60
F6EF
F457
F5F6
FAFA
01B9
083D
0CEF
0F09
0ECE
0D60
0C49
0CEB
0FF3
1511
1B00
1FE2
21D2
1F88
18C7
0E8D
02D9
F82E
F0E5
EE8A
F16D
F889
01C9
0A91
106D
11AD
0DCA
057C
FA7D
EF13
E57A
DF61
DD98
DFF7
E589
ECDD
F46A
FAE7
FF7F
01E3
0232
00D5
FE50
FB22
F7BA
F479
F1BC
EFE9
EF6A
F09B
F3AC
FD0D
0884
13FF
1D11
21BD
20F9
1AEB
10E9
0524
FA25
F239
EEEB
F0B3
F6ED
000E
0A0E
12E2
18F3
1B65
1A31
1609
1013
099D
03D1
FF85
FD2B
FCDF
FE7F
01C9
066E
0C12
1245
186D
1DCC
2186
22CD
210D
1C23
147D
0B1E
0175
F919
F372
F15D
F2F9
F79D
FDFA
0470
0973
0BED
0B80
0892
0429
FFA1
FC43
FAEE
FBDD
FEA0
0242
0593
0781
0767
0538
017F
FD36
F981
F761
F774
F9D2
FE0E
0356
08AD
0D20
0FF8
10D8
0FBC
0CF0
08EF
044F
FF9F
FB5F
F7F0
F595
F469
F45F
F53E
F6A7
F821
F92D
F964
F894
F6D2
F479
F21D
F05F
EFBE
F071
F24B
F4C2
F70F
F86D
F853
F6AF
F3F5
F112
EF31
EF68
F26C
F851
0075
099F
1243
18E3
1C64
1C53
18F6
1330
0C3E
0562
FF99
FB6C
F8E8
F7C3
F78C
F7EF
F8D1
FA5B
FCDB
0093
057F
0B37
10EE
159C
1842
1838
156A
106A
0A56
048D
0050
FE66
FEE2
011E
03EE
05FC
0634
041A
FFF9
FAD0
F60A
F30F
F2DD
F5B6
FB09
019C
07E4
0C74
0E68
0D9E
0AB9
06E9
0385
01AA
01DD
03EC
0705
09F9
0B9E
0B2D
087B
0409
FED3
FA0C
F6BE
F58A
F67E
F922
FCAB
0040
0338
054B
068D
0759
0816
0902
0A0F
0AD8
0AC5
0935
05BE
0054
F958
F18A
E9DA
E32E
DE38
DB4F
DA7A
DB80
DE15
E1F5
E6FD
ED1D
F441
FC2B
0459
0C05
1240
162F
174B
159E
11E0
0D5D
09B6
087C
0AC0
10C4
19CF
244A
2E10
34E9
3712
33A3
2ACB
1DC3
0E8F
FF8B
F2F0
EA6B
E6D8
E833
EDB1
F605
FFA3
090B
10F8
167D
190A
186D
14CA
0E97
0699
FDD5
F581
EED4
EADA
EA39
ED06
F2B2
FA23
01E4
0881
0CD8
0E64
0D59
0A92
0751
04D7
0406
0517
077E
0A12
0B5D
0A14
0581
FDCD
F413
EA24
E222
DDFA
DEE1
E4FD
EF56
FC01
0891
12A4
186C
1918
1501
0D8B
04D1
FD24
F889
F83F
FC82
047D
0E7D
1852
1FC0
22FF
2112
19FD
0EC7
0145
F3C2
E88A
E17D
DFB0
E33B
EB39
F5FD
016A
0B64
1241
1513
13D3
0F49
08CA
01DD
FBD6
F788
F521
F43F
F423
F408
F36F
F255
F135
F0DF
F22A
F59C
FB29
0216
091B
0EB1
117F
10C0
0C84
05B6
FDE7
F6DE
F219
F060
F18E
F493
F7C8
F96C
F825
F36B
EBB7
E264
D956
D27F
CF59
D095
D5FC
DE92
E8E9
F38D
FD58
05A4
0C49
116E
1542
17C7
18B3
1788
13CA
0D4F
047B
FA52
F058
E836
E346
E22D
E496
E941
EE55
F1E9
F298
EFFC
EADD
E4FF
E0A8
DFEB
E400
ECCE
F8D4
0585
0FEE
1585
14EB
0E52
0381
F761
ED33
E7B7
E869
EF20
FA1D
068D
114F
17CA
189C
13EB
0B47
012A
F847
F2C7
F1C4
F50C
FB4C
0280
088A
0BCB
0B83
07EF
0223
FBAA
F610
F27A
F163
F28D
F521
F7F0
F9C0
F992
F6D5
F17A
E9F7
E136
D878
D133
CCE1
CCC8
D1C1
DBFA
EAC7
FC9D
0F2F
1FC8
2BC6
3129
2F14
2613
1818
0822
F993
EF73
EBB0
EEA9
F716
025A
0D34
148E
1652
11E7
0859
FC01
EFE2
E6D5
E2C9
E44D
EA74
F32D
FBDB
0216
0445
0206
FC2C
F476
ED04
E7C2
E5F5
E7F8
ED4A
F4CE
FD28
0520
0BE0
1104
1485
168B
1741
16B3
14D8
11AE
0D62
086F
03A3
FFF7
FE56
FF4F
02D9
083D
0E35
1330
15BC
14E4
107A
0923
002F
F745
EFFA
EB70
EA1C
EBC3
EF9B
F495
F9A5
FDFF
012A
02F6
035D
025D
FFE7
FBE9
F66F
EFD1
E8D4
E2A3
DEA7
DE29
E1F4
E9FB
F532
01AD
0D07
14F6
17E1
155F
0E58
04D9
FB86
F4E4
F2A8
F537
FB90
0396
0AB2
0E9B
0E02
08F8
00EA
F82E
F152
EE55
F007
F5D2
FDE2
05B7
0AE6
0BD3
0829
00F3
F841
F08B
EBF0
EB99
EF6A
F61A
FDA4
03EC
0766
0787
04D9
00BE
FCE2
FAA2
FA8E
FC31
FE3C
FEF5
FCD5
F71C
EE27
E36F
D933
D1D8
CF44
D250
DA8C
E659
F35C
FF1D
07A4
0BEE
0C15
0928
04BD
0076
FD86
FC71
FD02
FE86
001D
0118
0135
00AB
000D
0007
011B
036D
06BB
0A73
0DEE
10AC
1278
1379
1411
14A9
157A
1668
1701
16A3
14BC
110C
0BD3
05D4
002C
FBFD
FA1D
FAC7
FD87
0159
04F5
0740
07A5
064C
0411
0233
01E5
03D4
07CA
0CA8
1099
119B
0E1D
0590
F8B3
E98D
DB02
D01B
CB46
CDA9
D6CB
E4A8
F430
0202
0B47
0E5F
0B3B
034F
F91D
EF80
E8F1
E6E5
E982
EFAF
F777
FE9E
033D
0438
017C
FBE9
F503
EE89
E9FC
E856
E9DE
EE3D
F4A5
FC19
03A4
0A80
1023
1433
1678
16CB
1513
114E
0BA9
048C
FCA1
F4C7
EDEB
E8DF
E62B
E5F0
E7E1
EB59
EF85
F393
F6E4
F923
FA4F
FAA1
FA6C
F9FD
F97A
F8E0
F808
F6C3
F4F5
F2AD
F02B
EDD2
EC0F
EB34
EB5E
EC62
EDD2
EF17
EF95
EED6
ECAF
E951
E546
E15F
DE88
DD99
DF2E
E37F
EA56
F30E
FCAD
060E
0E0E
13BE
168E
1668
13AF
0F2F
09F4
0511
016A
FF7E
FF53
0075
0217
034B
0340
017E
FE08
F95B
F453
EFEC
ED05
EC20
ED44
F004
F39B
F730
FA0F
FBDB
FC9B
FCAC
FC8D
FCA8
FD1B
FDA5
FDAF
FC81
F983
F482
EDD5
E663
DF70
DA52
D813
D92B
DD56
E3A5
EAC0
F141
F614
F8B8
F959
F8AF
F7B2
F745
F7E2
F97A
FB81
FD26
FDAF
FCCC
FAC2
F86F
F708
F7B5
FB2C
015D
0959
1186
17FB
1B10
19D2
1451
0BA4
01A3
F869
F1C1
EEAF
EF3A
F278
F6EF
FB14
FDCF
FED2
FEAA
FE7E
FF9D
02F3
089F
0FC9
16CA
1BA5
1CA3
18E8
10D5
0609
FB07
F295
EEF8
F14D
F934
04DE
117F
1C10
2216
2247
1CDF
137C
08A5
FF0C
F8D7
F709
F952
FE39
039F
076B
0826
056E
0004
F98A
F403
F133
F222
F6CE
FE3D
06CC
0EB3
148C
17B4
1874
17DB
175B
184E
1B7F
20DC
276D
2D8A
3143
30E2
2B5C
209B
118C
FFF2
EE0D
DE25
D220
CB2D
C9A0
CCF6
D406
DD48
E721
F02F
F77A
FC91
FF86
00D9
014C
01B8
02D3
050F
087C
0CC8
114F
1540
17CE
1862
16C4
132D
0E41
08ED
0432
00ED
FFA8
007F
031F
06EA
0B22
0F23
1289
1545
178E
19C4
1C39
1F0B
2205
24A5
2635
2606
23A2
1EFA
187C
1100
09A0
037B
FF72
FDFE
FF1B
024D
06CA
0BA4
0FFB
131F
149B
1438
11EE
0DD7
082A
0146
F9B7
F249
EBFE
E7F9
E74C
EAB7
F26C
FDE1
0BCE
1A51
2749
30BA
3542
3468
2EB8
25A4
1B2B
115D
09DC
057C
041B
04BC
05DC
05EB
03CB
FF25
F88C
F159
EB4D
E819
E8DE
EDE0
F665
00DD
0B3F
1386
1821
184F
1439
0CDD
03C3
FA9A
F2DE
ED8C
EB09
EB27
ED58
F0DD
F505
F943
FD43
00D2
03D1
0618
0775
07B0
06A6
0466
0140
FDC9
FAC1
F8E9
F8D3
FAAE
FE38
02C7
0771
0B4B
0DB0
0E6D
0DD9
0CBB
0C10
0CBF
0F49
139B
1901
1E4F
222B
236F
217C
1C73
1530
0D1E
05D5
00AE
FE69
FEF2
016B
0468
065B
060B
02F6
FD86
F6FD
F12A
EDEA
EEA8
F3E5
FD0D
0884
13FF
1D11
21BD
20F9
1AEB
10E9
0524
FA25
F239
EEEB
F0B3
F6ED
000E
0A0E
12E2
18F3
1B65
1A31
1609
1013
099D
03D1
FF85
FD2B
FCDF
FE7F
01C9
066E
0C12
1245
186D
1DCC
2186
22CD
210D
1C23
147D
0B1E
0175
F919
F372
F15D
F2F9
F79D
FDFA
0470
0973
0BED
0B80
0892
0429
FFA1
FC43
FAEE
FBDD
FEA0
0242
0593
0781
0767
0538
017F
FD36
F981
F761
F774
F9D2
FE0E
0356
08AD
0D20
0FF8
10D8
0FBC
0CF0
08EF
044F
FF9F
FB5F
F7F0
F595
F469
F45F
F53E
F6A7
F821
F92D
F964
F894
F6D2
F479
F21D
F05F
EFBE
F071
F24B
F4C2
F70F
F86D
F853
F6AF
F3F5
F112
EF31
EF68
F26C
F851
0075
099F
1243
18E3
1C64
1C53
18F6
1330
0C3E
0562
FF99
FB6C
F8E8
F7C3
F78C
F7EF
F8D1
FA5B
FCDB
0CD4
118B
1596
17A0
16CF
12EF
0C75
045A
FBDB
F42F
EE4C
EAC7
E9D0
EB4C
EEF1
F468
FB5B
036B
0C1B
14B6
1C45
219A
237E
20F4
1987
0D85
FE1A
ED30
DD28
D05C
C8A7
C6F6
CB10
D39F
DE81
E947
F1C5
F695
F761
F4E4
F0AA
EC95
EA56
EAF3
EE87
F442
FAAE
0021
0338
033D
0052
FB65
F5E0
F13F
EEA2
EE81
F09D
F41D
F7EC
FB14
FD19
FE22
FEE2
0059
036A
087A
0F31
1674
1CA1
2002
1F49
1A06
10DA
056B
FA01
F0FD
EC36
EC7A
F153
F921
0182
07F7
0A8D
0869
0200
F902
EFDF
E928
E6D7
E9C8
F17B
FC2F
0757
103F
14BA
13AF
0D59
0331
F786
ECE5
E57B
E28C
E439
E98B
F0C2
F7D9
FD05
FF23
FDF0
F9FC
F46F
EEAD
E9F1
E706
E62B
E71C
E948
EC0A
EEE6
F1A6
F457
F728
FA3C
FD7D
0089
02C0
036A
01FA
FE47
F8B3
F22C
EBFE
E784
E5CD
E74E
EBB3
F1E9
F860
FD6B
FFBB
FEB4
FAAB
F4D2
EEF0
EAED
EA4D
EDC3
F4FB
FEA0
08B2
10FF
15B3
15CF
1164
0995
0045
F7A2
F193
EF4A
F0FD
F5E6
FC87
0312
07E6
09F6
08FE
0585
00A3
FBA8
F7BA
F587
F521
F60E
F77B
F888
F896
F77C
F58F
F38F
F26B
F2FD
F5CB
FADF
01C0
098B
111C
1748
1B12
1BCB
192A
1350
0AC2
0058
F531
EA92
E1CE
DC16
DA4B
DCC8
E342
ECBA
F79C
0201
0A14
0E78
0EAA
0B24
0554
FF3E
FAF9
FA16
FD27
037B
0B3C
11E3
14E3
1271
0A18
FD00
EDC6
DFE1
D6CA
D50D
DB94
E958
FB98
0E7F
1E25
2787
294E
2416
1A34
0EFE
05CE
0110
0195
066A
0D33
12F0
14F5
11C6
098D
FE15
F242
E92C
E52E
E72D
EE50
F83F
01E0
0846
09A1
05CB
FE59
F620
F051
EF78
F4A7
FF0E
0C26
1866
2046
2149
1ABD
0DF8
FDFC
EEA3
E38B
DF19
E1D7
EA5D
F5D1
00C5
083C
0A82
0796
0110
F98A
F3BB
F19B
F3C2
F942
FFF9
054C
06FB
03E3
FC58
F210
E79B
DF9D
DBFF
DD61
E2F4
EAC4
F25D
F78D
F913
F6F3
F263
ED55
E9C6
E912
EB7A
F015
F517
F879
F8A6
F50C
EE5F
E669
DF86
DBED
DCFD
E2CE
EC25
F6D1
004F
068B
0879
0659
019C
FC60
F8C3
F835
FB07
005B
0672
0B45
0D30
0B83
06B7
0054
FA6E
F701
F752
FB88
029E
0ABD
11C8
160D
16C0
143C
0FD5
0B69
08BA
08D9
0BCA
107F
152B
17D8
1706
122B
09E6
FFD6
F626
EEEA
EB8B
EC68
F0C7
F723
FDAF
02E6
0603
072F
075D
07E1
09E3
0DE7
137F
195D
1DA4
1E7C
1AA7
11F4
0564
F700
E95D
DEFD
D9B5
DA45
E038
EA1F
F5FC
01D1
0C12
13F1
195D
1CD1
1EF7
2051
20FE
20B3
1EDE
1AF6
14C5
0C9C
035C
FA4A
F2BD
EDCB
EBFA
ED27
F09A
F54A
FA2D
FE88
0218
0510
07E4
0B04
0E93
1240
1552
16DD
161C
12C3
0D39
0695
0061
FC2C
FB0D
FD44
020F
07CA
0C64
0DE9
0B21
03F6
F988
EDF2
E3B7
DD17
DB68
DEB6
E5BD
EE45
F5C4
FA1E
FA3E
F66D
F03C
EA0E
E667
E728
ECFF
F729
03A0
0F9F
1863
1BEB
1979
11C7
06CC
FB30
F197
EBF4
EB12
EE71
F481
FB1E
0027
020C
0029
FAD3
F32B
EABB
E308
DD3B
D9EE
D92E
DAA9
DDE6
E27E
E830
EEDE
F665
FE74
066A
0D59
1231
1403
1255
0D5D
061C
FE32
F78F
F3F7
F48E
F985
0201
0C4A
1634
1DAD
213C
2063
1BB2
149A
0D00
06B9
030D
0268
044C
0786
0A95
0C1F
0B59
0841
0399
FEAC
FAED
F991
FB39
FFD2
069E
0E6F
15F6
1C12
2009
2197
20E4
1E59
1A72
15A1
1038
0A80
04C8
FF82
FB4A
F8D2
F8BA
FB58
0088
079B
0F61
166A
1B5E
1D52
1C14
183F
1319
0E38
0B16
0A96
0CBD
10A3
14A9
16F1
15EB
10D8
081B
FD36
F27A
EA75
E740
E9E9
F21D
FE25
0B4D
1687
1D33
1DCB
1847
0E24
0202
F6FD
EFDF
EE6B
F2F2
FC3E
07E5
12EC
1A80
1CAB
18C1
0F81
02D3
F545
E96B
E13F
DDBD
DEBF
E326
E93E
EF34
F391
F589
F515
F2D9
EFE3
ED55
EC19
ECB0
EF28
F32D
F839
FDBE
034D
08A4
0DA5
123B
1645
197E
1B80
1BD9
1A32
166E
10CD
09EA
02AA
FC0A
F6E8
F3D2
F2DF
F3B2
F596
F7B5
F955
FA16
FA09
F9B1
F9D6
FB48
FE97
03D8
0A8B
11AB
17E6
1BED
1CCB
1A2A
1473
0CC0
049A
FD9F
F91B
F7BB
F962
FD3B
01F3
061E
089F
08FB
077B
051B
033B
0338
05F8
0B96
1345
1B75
2231
25A4
249D
1EEB
1580
0A3C
FF80
F78C
F3E9
F4FD
F9EB
00C6
071D
0AA2
09DB
0492
FBFA
F265
EAAD
E76F
EA4C
F363
0133
10EA
1F0A
284C
2A72
24DB
18B7
08B6
F86A
EB5B
E433
E41A
EA79
F538
014C
0B88
1169
11A6
0C6D
0338
F84D
EE1A
E692
E2BA
E28F
E52A
E936
ED68
F0F0
F3B5
F641
F980
FE49
04F7
0D21
1597
1C99
2051
1F57
1922
0E48
0070
F1FE
E58B
DD4E
DA9B
DD9F
E55C
EFF5
FB20
04B4
0B1A
0D97
0C5A
084E
02CD
FD3E
F8CA
F622
F57B
F6A0
F91D
FC75
003F
043A
0849
0C60
106D
144B
17BD
1A76
1C33
1CC3
1C1B
1A52
1795
141D
1016
0BA1
06D6
01CE
FCBD
F7F7
F3F0
F12F
F025
F10E
F3C8
F7CF
FC40
0005
0212
01A3
FE75
F8E0
F1D0
EA98
E4A8
E143
E133
E4A4
EB18
F38E
FCBA
054D
0C3C
10ED
1342
138F
126D
108F
0E8A
0CBD
0B44
0A01
08B8
0729
052E
02CB
0028
FD8E
FB4D
F9AD
F8DE
F8F2
F9E0
FB8B
FDCC
0079
036A
0675
096B
0C15
0E35
0F8E
0FEF
0F40
0D8F
0B1B
084A
059F
03A5
02D1
036A
0574
08A8
0C7E
1043
1338
14B9
1464
122C
0E67
09BC
0509
0130
FEE9
FE8E
0007
02BC
05B5
07CA
07E5
0548
FFC4
F7D5
EE9B
E5A4
DEA6
DB1E
DBFA
E15B
EA87
F5FE
01C6
0BCD
1253
1444
116C
0A7F
00EF
F69C
ED74
E711
E473
E5DD
EAD6
F253
FAF2
0345
0A0E
0E6A
0FEB
0E96
0ACF
0545
FECF
F856
F2BC
EEC5
ED08
EDDE
F153
F721
FEB2
0732
0FA5
1711
1C9C
1FB2
2010
1DCF
194D
131C
0BE1
043A
FCB4
F5C4
EFCF
EB36
E85A
E798
E93B
ED64
F3EE
FC60
05EB
0F7D
17ED
1E27
2168
2159
1E28
1870
111F
093B
01B5
FB41
F644
F2DC
F0F5
F069
F115
F2E3
F5C4
F998
FE16
02BA
06CC
0976
09FA
07E6
0345
FCB3
F54D
EE81
E9BA
E80B
E9E5
EEF6
F634
FE16
04FA
0986
0B06
0994
061A
020C
FF0D
FE7E
0123
06EB
0EF6
17C3
1F96
24D6
2673
2417
1E32
15D5
0C6C
036C
FC04
F6F0
F467
F42B
F5B2
F850
FB61
FE5D
00E4
02B5
03A3
0393
027B
0071
FDB9
FACF
F85E
F728
F7D9
FAD7
0018
0707
0E9A
1578
1A46
1BFB
1A24
150C
0DB3
0598
FE5D
F961
F765
F858
FB58
FEEC
0165
0157
FDF9
F769
EEAC
E573
DDB6
D939
D917
DD7F
E5A8
F006
FAAC
03C4
0A08
0D00
0D19
0B76
0995
08DC
0A38
0DD7
1322
18EB
1DC2
2064
2016
1CDA
1772
112F
0B94
07F1
070A
08E8
0CD4
118B
1596
17A0
16CF
12EF
0C75
045A
FBDB
F42F
EE4C
EAC7
E9D0
EB4C
EEF1
F468
FB5B
036B
0C1B
14B6
1C45
219A
237E
20F4
1987
0D85
FE1A
ED30
DD28
D05C
C8A7
C6F6
CB10
D39F
DE81
E947
F1C5
F695
F761
F4E4
F0AA
EC95
EA56
EAF3
EE87
F442
FAAE
0021
0338
033D
0052
FB65
F5E0
F13F
EEA2
EE81
F09D
F41D
F7EC
FB14
FD19
FE22
FEE2
0059
036A
087A
0F31
1674
1CA1
2002
1F49
1A06
10DA
056B
FA01
F0FD
EC36
EC7A
F153
F921
0182
07F7
0A8D
0869
0200
F902
EFDF
E928
E6D7
E9C8
F17B
FC2F
0757
103F
14BA
13AF
0D59
0331
F786
ECE5
E57B
E28C
E439
E98B
F0C2
F7D9
FD05
FF23
FDF0
F9FC
F46F
EEAD
E9F1
E706
E62B
E71C
E948
EC0A
EEE6
F1A6
F457
F728
FA3C
FD7D
0089
02C0
036A
01FA
E0CC
DAA1
D97C
DD51
E510
EEF8
F910
019F
077D
0A3F
0A25
07E7
046F
00A2
FD37
FAB1
F967
F997
FB6D
FEF7
0410
0A3F
10AA
1626
1962
193B
150E
0D00
0218
F61F
EB4C
E3BD
E0FD
E393
EADC
F52D
0033
0983
0F2F
1034
0CA4
0596
FCC0
F404
ECF6
E883
E6E0
E7A0
E9FF
ED37
F0BE
F45D
F824
FC2D
0068
046A
0775
089E
071F
02AA
FBA8
F33E
EB1A
E50C
E286
E42E
E99C
F16D
F997
FFF5
02E3
01B0
FCD8
F5DB
EED1
E9D2
E85C
EAEC
F0E2
F8BF
00A2
06DA
0A70
0B64
0AA3
09AA
09FF
0C9A
118D
17E0
1DD7
216C
20EE
1B8E
11AB
04D0
F75A
EBE3
E49C
E2C7
E66D
EE6D
F8D1
035B
0C11
11B1
13E5
1333
10B4
0DAC
0B20
0992
08E8
088D
07B4
05A9
0218
FD3A
F7CD
F2EA
EFC6
EF64
F24F
F877
012A
0B2B
14EA
1CC5
2157
21B1
1D8F
156B
0A6E
FE49
F2E8
EA19
E52C
E4AB
E835
EE88
F5C8
FBEA
FF34
FEB1
FA78
F3AE
EC40
E666
E406
E62A
ECAC
F638
00A0
0975
0EB5
0F60
0BC7
0579
FED4
FA56
F9E1
FE30
0695
112A
1B5A
229D
252D
2283
1B72
11DD
081B
0042
FB91
FA1D
FAEB
FC5E
FCD9
FB63
F809
F3E9
F0DB
F0CF
F521
FE0F
0A89
1868
2505
2DFB
31D5
307D
2B31
241E
1DA0
1982
186B
19AF
1B96
1C04
1947
12D0
098C
FFBE
F869
F660
FB56
0735
17F0
29EC
38E3
4104
3FFF
35A9
2413
0EF9
FACB
EB7C
E38A
E36A
E994
F314
FC81
02FC
04F5
0288
FD3E
F779
F390
F313
F647
FC26
02BE
07E2
09E4
0828
034C
FCF5
F742
F419
F48E
F890
FEEF
05C1
0B00
0D2A
0BAC
070C
00B1
FA6B
F5E9
F438
F589
F934
FE07
02B0
0625
07E3
07FD
06E9
0534
0338
00F1
FE04
F9F4
F475
EDB4
E675
E004
DBDD
DB41
DEC6
E613
EFE5
FA54
0356
0951
0B8C
0A5F
070D
0358
00E9
00BD
02CD
060A
08AF
08D8
052A
FD53
F24B
E626
DB94
D530
D4C9
DAE8
E6A5
F5E7
05E9
13ED
1DD8
229D
2253
1DF9
170F
0F16
0730
FFF3
F97E
F3AF
EE77
EA0B
E6F8
E5FA
E7B4
EC5E
F38B
FC21
0493
0B44
0F02
0F69
0D0F
0964
0653
05AA
0894
0F2B
1861
2238
2A47
2E5A
2D0E
2630
1AD6
0D16
FF86
F4A1
EE36
ED10
F0E1
F874
020B
0BD3
143F
1A49
1D7D
1DE2
1BC9
17A5
11EC
0B0F
0384
FBD8
F4B0
EEC2
EAB8
E902
E9BB
EC95
F0E7
F5D3
FA7B
FE38
00BC
0213
028B
0283
0244
01DC
0125
FFE3
FDF6
FB8E
F939
F7D9
F864
FB89
0160
092C
1163
17EF
1AB4
181C
0FA3
0216
F18C
E0F6
D375
CB9B
CAC2
D0BC
DBDE
E979
F68C
008F
060E
06F5
0474
0087
FD48
FC45
FE07
01F1
067F
09CD
0A3F
070A
0085
F815
EFD2
E9E7
E7F3
EA96
F142
FA68
03EA
0BB5
104B
1122
0EB0
0A39
055C
0197
FFE2
0077
02E0
0635
0978
0BED
0D52
0DE4
0E3A
0EFE
10A5
133C
165F
1956
1B51
1BB2
1A42
1745
136A
0F9A
0CAE
0B36
0B56
0CBB
0EC3
10AC
11C8
11B1
1051
0DE4
0AD7
07AD
04E1
02D5
01D4
0211
03B2
06C6
0B35
10B0
1699
1C0F
1FFF
2163
1F7F
1A26
11DB
07CE
FDA1
F50C
EF6A
ED5D
EE96
F1EE
F5AF
F81B
F7F5
F4ED
EFD0
EA57
E6B5
E6F2
EC3E
F681
0437
12BA
1EDC
25B8
2576
1DD8
1058
FFE0
F018
E483
DFAA
E27F
EC28
FA44
0981
1674
1E6A
1FFB
1B4B
11E9
064C
FB32
F2F2
EEF9
EF90
F3EA
FA75
0150
06C4
09A3
097B
069A
01E3
FC8A
F7D0
F4C0
F407
F5DD
FA0B
FFF5
06B6
0D40
127B
156F
156B
1223
0BCE
0327
F95F
EFEE
E859
E3EA
E370
E718
EE5C
F826
0301
0D66
15FF
1BE8
1EC4
1EBE
1C68
188B
13F2
0F47
0AF4
0724
03D1
00D8
FE0C
FB4F
F892
F5DA
F33E
F0E1
EEF5
EDB2
ED5A
EE2A
F04C
F3C2
F84D
FD68
0249
0600
07A3
0688
027B
FBE3
F3BD
EB7E
E4C6
E109
E135
E570
ED0C
F69F
0055
0858
0D3F
0E60
0BF6
0711
014B
FC65
F9D5
FA6C
FE27
0436
0B31
117A
15A0
16BA
149A
0FD0
0986
0331
FE37
FBA2
FBE6
FED1
039B
0922
0E27
1196
12BC
1165
0DD9
08C5
0312
FDB3
F976
F6E8
F643
F770
FA1A
FDC3
01E1
05EF
097F
0C42
0DFF
0E99
0E02
0C41
096F
05BC
0174
FCFA
F8C2
F53F
F2C9
F18C
F175
F234
F347
F41D
F439
F361
F1B3
EFAB
EE0D
EDB2
EF4F
F336
F92F
0073
07CA
0DCE
113D
114E
0DE3
079A
FFAC
F79C
F0DF
EC79
EACB
EB7D
EDAB
F034
F215
F2C4
F256
F17A
F142
F2BC
F695
FCCE
04A0
0CA4
132C
16BA
166D
124F
0B5A
033E
FBF5
F736
F5FE
F84C
FD22
02CA
075B
093E
07AC
02E3
FC18
F523
EFF4
EE0B
F004
F56A
FCD8
0451
09D1
0BD3
09B9
03F0
FBCD
F330
EC00
E7B1
E6E9
E963
EE16
F387
F83C
FB1F
FBC3
FA75
F813
F5C1
F48F
F527
F79D
FB72
FFB9
0360
057D
058A
038E
0014
FC04
F868
F626
F5CA
F768
FA99
FE9E
028A
057F
06DB
0658
0417
0091
FC76
F885
F564
F381
F303
F3CA
F580
F7B5
F9FA
FBF9
FD7E
FE7B
FEF6
FEF8
FE80
FD73
FBA9
F8FD
F56A
F128
ECC0
E903
E6F0
E77B
EB4F
F28B
FC9C
083B
139C
1CC0
21E5
21EE
1CB8
1333
073D
FB44
F1C0
ECA5
ECEF
F269
FBBB
06BD
10FB
184D
1B51
19BB
1450
0CAA
04C4
FE6B
FAD3
FA4A
FC35
FF42
01D0
0259
FFD9
FA07
F163
E70A
DC72
D313
CC23
C864
C817
CB0C
D0BB
D86F
E15C
EAB6
F3B3
FB97
01B9
0595
06EA
05CF
02C5
FEB3
FAC2
F82D
F7FA
FAB9
005E
0839
1113
1973
1FEF
237A
2399
2077
1ACC
13A3
0C1D
0528
FF5F
FAFB
F7E9
F5F4
F4EB
F4C2
F591
F787
FAC1
FF28
045B
09AF
0E52
117E
12AA
11BB
0F0B
0B58
078B
047B
02AB
022A
0293
0333
034E
0260
005D
FDBC
FB64
FA69
FBBC
FFD9
0693
0F0E
17EA
1F97
24B2
2663
2492
1FEA
19AB
1354
0E43
0B5B
0AD4
0C35
0E83
1087
112D
0FC6
0C34
06E9
00C1
FABE
F5C7
F26C
F0CD
F09A
F13A
F1F7
F234
F193
F001
EDB4
EB0D
E876
E646
E4AB
E3A8
E321
E2EE
E2F4
E32F
E3B9
E4BC
E669
E8DC
EC14
EFE7
F406
F80F
FB97
FE45
FFD6
002B
FF4A
FD55
FA88
F738
F3C7
F0AB
EE63
ED72
EE4B
F13A
F650
FD46
0577
0DE6
155C
1A98
1C87
1A84
1487
0B32
FFCA
F3FE
E99E
E23B
DEDC
DFC0
E456
EB58
F316
F9DC
FE4C
FFB5
FE30
FA94
F639
F299
F0F0
F1E6
F56A
FABC
00A3
05C9
0915
09F8
088E
0590
0216
FF43
FDF0
FE6D
0074
0342
05D7
0751
0729
0564
0287
FF6C
FCF3
FBB5
FBD2
FCE4
FE22
FEAB
FDDA
FB8D
F841
F4FE
F307
F37E
F6F8
FD42
0559
0DA0
144C
17E3
17A6
13D0
0D87
068F
00C6
FDA1
FDBB
00B0
053D
09A3
0C37
0BE6
088B
0307
FCF8
F841
F672
F84A
FD6D
0476
0B4C
0FBB
100D
0B88
02A8
F704
EAEB
E0CC
DAA1
D97C
DD51
E510
EEF8
F910
019F
077D
0A3F
0A25
07E7
046F
00A2
FD37
FAB1
F967
F997
FB6D
FEF7
0410
0A3F
10AA
1626
1962
193B
150E
0D00
0218
F61F
EB4C
E3BD
E0FD
E393
EADC
F52D
0033
0983
0F2F
1034
0CA4
0596
FCC0
F404
ECF6
E883
E6E0
E7A0
E9FF
ED37
F0BE
F45D
F824
FC2D
0068
046A
0775
089E
071F
02AA
FBA8
F33E
EB1A
E50C
E286
E42E
E99C
F16D
F997
FFF5
02E3
01B0
FCD8
F5DB
EED1
E9D2
E85C
EAEC
F0E2
F8BF
00A2
06DA
0A70
0B64
0AA3
09AA
09FF
0C9A
118D
17E0
1DD7
216C
20EE
1B8E
11AB
04D0
F75A
EBE3
E49C
E2C7
E66D
EE6D
F8D1
035B
0C11
11B1
13E5
1333
10B4
0DAC
0B20
0992
08E8
088D
07B4
05A9
0218
FD3A
F7CD
F2EA
EFC6
EF64
F24F
F877
012A
0B2B
14EA
1CC5
034A
FCFD
F4FE
EC9A
E558
E0A7
DF98
E2A5
E98E
F367
FEBE
09E2
1330
195E
1BAE
1A0E
150F
0DCB
05B2
FE4F
F90A
F6F4
F89A
FDE9
062C
101B
1A04
220F
268C
2648
20D2
16A9
0932
FA8A
ED22
E341
DE8F
DFAF
E616
F027
FB8A
05B3
0C77
0E8B
0BC6
0524
FC7E
F40C
EDDA
EB4B
ECD0
F1E1
F934
0121
0813
0CE8
0F21
0EE5
0CCF
09AE
063D
02F6
000B
FD7F
FB4C
F990
F897
F8CE
FA93
FDF9
029D
0791
0B86
0D13
0B22
054E
FC22
F111
E639
DDE1
D9EE
DB63
E21E
ECDC
F990
05E8
0FE4
164A
18E2
1860
160C
1345
110E
0FC5
0F15
0E3A
0C63
091B
0497
FFB8
FBCE
FA24
FB7E
FFBA
05B8
0B94
0F2F
0EE0
0A09
0171
F72D
EE23
E93A
EA7D
F264
FF88
0EE0
1C72
2458
23CF
1A01
0855
F223
DBE8
CA30
C071
C03B
C8E3
D7C3
E8FC
F878
02ED
069A
0391
FB7F
F110
E724
E007
DCF1
DDE4
E1E1
E763
ECF2
F196
F512
F7D7
FABA
FE8E
03C8
0A43
1147
17B9
1C76
1EA6
1DFF
1AD3
15F2
106F
0B4D
074C
04C1
039D
0390
0436
053C
067A
07E6
0983
0B43
0CF4
0E43
0ED3
0E5F
0CDA
0A7D
07BA
0515
02EC
014B
FFD8
FDE5
FAA8
F590
EE8C
E644
DE0F
D7B9
D514
D77F
DF72
EC4A
FC53
0D23
1C1B
2706
2C8D
2C7F
27BE
1FF2
170A
0EBD
0824
039A
00CF
FF14
FDB9
FC5B
FB08
FA33
FA6E
FC24
FF4D
0357
073A
09C5
0A02
0789
02B9
FCA5
F6D5
F2D2
F1B7
F3DA
F8B4
FF12
0570
0A74
0D56
0E10
0D4C
0C17
0B6E
0BCF
0D00
0E14
0DBC
0AC7
04A9
FBD4
F1CC
E8D5
E366
E36A
E9A5
F55D
0466
13A3
1FC8
2635
25A4
1E81
12C2
0563
F98C
F1C2
EF41
F1BD
F799
FE6F
03D6
0614
0493
FFFA
F9DD
F431
F0A9
F02D
F2A2
F6FD
FBAC
FF1A
0035
FEBF
FB4F
F716
F36B
F153
F12D
F299
F4A9
F642
F693
F572
F37D
F1F8
F264
F5FE
FD3E
078D
134C
1E23
2594
279D
2348
18F8
0A5E
FA20
EB42
E07C
DBA4
DD53
E4D6
F064
FD8B
09B9
12BA
1718
1647
10AE
077A
FC5D
F145
E809
E225
E083
E357
EA12
F379
FDD5
073F
0E05
1104
0FF3
0B77
050C
FEAC
FA4F
F966
FC74
02D6
0AEA
126F
1726
176E
12CC
0A14
FF46
F50C
EE07
EC19
EFE2
F88E
0415
0FC4
18FB
1DE4
1DE4
19BA
132F
0C81
07AD
05D6
06F0
09D0
0C94
0D42
0A71
03C8
FA20
EF4E
E5A4
DF44
DD8A
E0AD
E7BB
F0EB
FA22
0191
0628
07D0
0749
05D5
04B3
04B4
05F3
07DE
0975
09B7
0809
0481
FFE6
FB76
F87B
F7D7
F9AD
FD49
014F
0428
0483
01D3
FC81
F5E0
EFCC
EC21
EC20
F00D
F70B
FF56
06C1
0B54
0BE0
084D
01A3
F9AB
F269
ED7B
EBA3
EC96
EF2A
F1C2
F2E9
F1DD
EEDF
EB30
E8B6
E962
EE87
F85D
05C4
1478
218F
2A3B
2C7A
27A6
1C9D
0D8E
FD6D
EF35
E535
E08E
E105
E534
EB00
F036
F31A
F2D3
EF84
EA28
E435
DF2E
DC40
DC0A
DE8E
E35A
E9BF
F10E
F8BF
007F
0813
0F3E
159A
1A94
1D80
1DC5
1B1C
15C3
0E8D
06D0
001C
FBE1
FB0E
FDC5
0348
0A19
1050
1416
141A
0FE8
0806
FDD9
F347
EA3F
E442
E208
E35F
E748
EC43
F0C3
F394
F429
F2BB
F027
EDAE
EC90
EDB8
F175
F76F
FEBF
062D
0C7E
10C3
1286
11DB
0F4C
0BAD
07E0
04A1
025F
0135
00ED
0119
0135
00BC
FF45
FC87
F867
F2F7
EC7C
E574
DE8D
D8A3
D49F
D353
D54C
DAA0
E2D1
ECD1
F71E
000E
0622
0869
06B8
01CB
FB1E
F49D
F02B
EF2E
F22A
F89D
0118
099B
1018
12FC
11A0
0C75
04EA
FD0F
F706
F47B
F62D
FBC4
03EF
0CC0
1434
18BB
1998
1704
120E
0C3F
0721
03DB
02E9
040F
0692
097E
0C09
0DCA
0ECC
0F6E
101B
1100
11DA
11F2
1054
0C2D
053B
FC16
F244
E9FB
E59B
E702
EEEB
FC8A
0D90
1E8F
2BCE
322D
3006
25A1
153F
028E
F1C0
E674
E2CD
E6DE
F0B1
FCDD
077A
0D3B
0C61
052D
F9D0
EDC0
E4BF
E1BF
E614
F10F
003A
1009
1CDE
2409
2481
1F1A
1639
0D0F
06A4
04F8
0874
0FE0
18CD
205D
2422
22DC
1CCF
13A9
09F4
0257
FEC8
FFFF
054D
0CDC
144C
1971
1AFB
18DB
143D
0F26
0BCF
0BF1
103D
181B
21D7
2B15
317B
3355
300D
284D
1DC6
12BC
096B
0373
017F
032E
0743
0C0B
0FDB
1177
1059
0CBD
0776
01AC
FC82
F8D4
F711
F731
F8D4
FB61
FE3A
00D8
02DE
041B
0488
0439
035B
022D
00FF
0026
FFF5
00A4
0243
04A1
0753
09C0
0B43
0B56
09B9
068C
024E
FDC4
F9CA
F713
F601
F682
F81E
FA16
FBA2
FC2A
FB79
F9C7
F7AC
F5EC
F53B
F606
F84B
FBA0
FF4B
0281
04A0
055A
04CB
0368
01CF
0092
0003
001A
007A
009A
FFF8
FE55
FBD6
F90C
F6CB
F5F6
F734
FAB7
0024
06A2
0D06
1227
1526
15A7
13E8
10A7
0CEC
09B8
07C3
0744
07EC
0901
0998
08DA
0646
01D3
FBF8
F588
EF82
EAD1
E81C
E7A4
E93E
EC6C
F076
F49A
F825
FA90
FB88
FAF3
F8E8
F5B0
F1C1
EDB2
EA31
E7ED
E771
E905
EC90
F186
F6F8
FBB5
FE90
FEA5
FBA0
F5E2
EE80
E715
E16D
DF15
E0FC
E72C
F0B9
FBEE
06AD
0EEB
132B
12DE
0E83
0786
FFEA
F9C4
F6B5
F787
FBF5
02C7
0A1E
0FF6
12AC
116B
0C65
04CB
FC81
F5A3
F201
F2A8
F79F
FFE7
09B7
12EE
199C
1C79
1B37
168E
100F
09BB
0582
04C5
07FC
0E94
1716
1F7C
25B1
2810
25CA
1F17
1523
09C9
FF1D
F6F7
F282
F206
F4E4
F9CB
FF1B
034B
0550
04D1
0230
FE5F
FA8F
F7D2
F6CD
F78C
F981
FBB0
FCFF
FC89
F9E3
F543
EF72
E9A2
E51C
E2F0
E3AF
E74C
ED1C
F408
FACE
004E
03C3
04EC
040B
01C3
FEEA
FC4B
FA7A
F9B8
F9F1
FACC
FBD1
FC8A
FCA4
FBFD
FAA3
F8CC
F6C1
F4CB
F328
F204
F17E
F1AE
F2AA
F48B
F762
FB35
FFEC
0546
0ADE
102B
1495
178F
18B7
17E9
1555
1178
0D0D
08EF
05EE
04A7
0561
07F9
0BE5
104F
143B
16C3
1744
158F
11F4
0D39
0870
04BE
0311
03E5
0720
0C0B
1179
1605
1868
17C7
13F0
0D68
0559
FD47
F6BE
F2F5
F280
F536
FA38
0032
05AB
0966
0AAB
096C
063D
0224
FE48
FBA0
FAAC
FB59
FD06
FEB7
FF5C
FE1C
FA92
F4EA
EDD7
E66B
DFD8
DB2D
D91E
D9E7
DD46
E292
E8E2
EF38
F4AC
F88B
FA69
FA28
F7FB
F458
EFF4
EBAA
E866
E705
E82E
EC2B
F2D4
FB7C
0504
0E02
14FB
18AC
184C
13B4
0B6F
00A5
F4DD
E9BC
E0B4
DAC8
D86B
D981
DD76
E371
EA88
F1E5
F8E5
FF1B
0445
083A
0ADC
0C0F
0BC2
09FC
06EC
02F3
FE9E
FA98
F785
F5E2
F5E8
F77E
FA40
FD98
00E1
0392
0559
062F
064D
061B
0608
0673
0788
093A
0B48
0D49
0ECA
0F63
0ECD
0CEC
09D5
05C7
012A
FC80
F858
F53E
F3A8
F3DD
F5E7
F97B
FDFD
0290
0630
07E9
0708
034A
FCFD
F4FE
EC9A
E558
E0A7
DF98
E2A5
E98E
F367
FEBE
09E2
1330
195E
1BAE
1A0E
150F
0DCB
05B2
FE4F
F90A
F6F4
F89A
FDE9
062C
101B
1A04
220F
268C
2648
20D2
16A9
0932
FA8A
ED22
E341
DE8F
DFAF
E616
F027
FB8A
05B3
0C77
0E8B
0BC6
0524
FC7E
F40C
EDDA
EB4B
ECD0
F1E1
F934
0121
0813
0CE8
0F21
0EE5
0CCF
09AE
063D
02F6
000B
FD7F
FB4C
F990
F897
F8CE
FA93
FDF9
029D
0791
0B86
0D13
0B22
054E
FC22
F111
E639
DDE1
D9EE
DB63
E21E
ECDC
F990
05E8
0FE4
164A
18E2
1860
160C
1345
110E
0FC5
0F15
0E3A
0C63
091B
0497
FFB8
FBCE
FA24
FB7E
FFBA
05B8
0B94
0F2F
0EE0
0A09
0171
F72D
EE23
E93A
EA7D
F264
FF88
0EE0
1C72
2458
23CF
1A01
0855
F223
DBE8
CA30
C071
C03B
C8E3
ED8E
F006
F46E
FA06
FFDA
0507
08F0
0B63
0C91
0CF3
0D15
0D63
0E07
0EDE
0F8B
0F9E
0EC0
0CD7
0A0F
06D1
039E
00E5
FEDF
FD7F
FC7B
FB6B
F9F2
F7E8
F564
F2BA
F05A
EEA8
EDCF
EDBA
EE1B
EE97
EEFA
EF6A
F072
F2EF
F7C8
FF95
0A3E
16C8
235A
2D89
32E3
3196
28FF
1A02
0704
F376
E31D
D92B
D77E
DE23
EB58
FBFB
0C5C
192B
204A
2146
1D55
16D9
1099
0CE2
0CD2
1012
14FF
1941
1A9C
17B3
108F
06A1
FC5C
F471
F0F1
F29A
F892
0096
07B1
0B23
094C
0243
F7EA
ED73
E674
E5D1
ECCD
FA8D
0C37
1DAA
2A98
2FB9
2BC2
1FBF
0ED9
FD75
EFF9
E999
EB6F
F437
00AE
0C89
13AC
135D
0B01
FC4D
EAC9
DAD1
D06B
CE2D
D49D
E215
F34C
0439
1126
179A
16DB
0FF8
0559
FA00
F0B7
EB65
EAB8
EE27
F449
FB5A
01B9
064F
08A7
08E1
0772
04E0
018E
FDB1
F95F
F4BE
F024
EC2E
E9A8
E959
EBC1
F0DD
F80B
001D
0798
0D10
0F85
0EA0
0AC5
04F1
FE68
F856
F383
F024
EDE8
EC2E
EA57
E814
E590
E371
E29F
E3F2
E7D5
EE10
F5B8
FD63
0385
06E4
06F3
0405
FF3A
FA33
F693
F58A
F76F
FBA8
00CD
0513
06CF
04F8
FF79
F744
EE15
E602
E0EA
E000
E375
EA75
F363
FC45
034A
0739
07B4
0540
010E
FCA0
F957
F81B
F924
FBF3
FF81
0289
03E4
02D5
FF3D
F9A1
F30F
ECE5
E884
E708
E909
EE7F
F6C2
00A6
0AB4
1374
19AF
1CAD
1C57
1936
1451
0EEE
0A46
0738
0613
0686
07B5
0882
07DB
0519
003F
FA09
F3D1
EF36
EDB2
F029
F69F
001C
0ADD
14B2
1B87
1DE1
1B41
1440
0A66
FFC4
F670
F001
ED32
EDC7
F0B5
F47F
F7B3
F954
F922
F79C
F5D1
F4F9
F60B
F966
FEA7
04BD
0A33
0D96
0DDD
0AB2
0486
FC72
F3EC
EC5F
E6D9
E3D2
E324
E432
E62A
E852
EA3F
EBF0
EDBB
F01E
F380
F7FC
FD45
02B1
0766
0A95
0BBD
0AD3
084B
04F8
01D3
FFB0
FF04
FFC2
0161
0307
03D1
0318
00AA
FCE8
F8AD
F520
F362
F444
F808
FE4D
0621
0E34
152D
19F6
1BFA
1B49
1881
14A5
10CE
0DE4
0C5A
0C1A
0C8D
0CCC
0BEB
0946
04B9
FEBA
F841
F292
EEE5
EE10
F04A
F50F
FB40
016A
0625
087D
0835
05DA
029F
0005
FF65
0183
0643
0CA4
12F4
1748
1802
1456
0C8E
020D
F702
EDD7
E895
E857
ED02
F54C
FF1E
082D
0E9F
118D
113C
0EF6
0C97
0BE6
0DFA
12CB
1925
1EFB
21FE
2059
194A
0D7A
FEDF
F048
E49C
DE16
DDAD
E2D4
EBB2
F5B1
FE41
038E
0500
0345
0000
FD26
FC47
FDF8
019F
059E
07E3
06A5
0115
F7C5
EC9B
E25E
DBE3
DB31
E0CF
EB85
F89A
048C
0C0F
0D05
072A
FC35
EF73
E4DA
DFF0
E2C9
ED60
FD91
0F9B
1F22
2853
28EB
20CA
11F7
000F
EF52
E388
DF18
E27E
EC55
F9CE
0789
127F
18BC
19C5
1691
1116
0BAC
0855
083F
0B80
1134
17CF
1D9C
2134
21D6
1F86
1AF2
1535
0F82
0AD6
07CB
0681
06B0
07C9
0923
0A1E
0A46
0956
0747
0442
0096
FCAE
F8F7
F5CF
F371
F1DD
F0DE
F00B
EEEB
ED19
EA6E
E724
E3D5
E164
E0C4
E2AF
E762
EE78
F6E6
FF38
05DF
09A6
09FF
073D
027B
FD58
F982
F839
F9F2
FE33
03B8
08D6
0BFC
0C36
0978
04A7
FF56
FB47
F9E2
FBC5
008B
06F5
0D4B
11E9
13CA
12DC
1003
0CCA
0AE0
0B77
0ED6
142B
19BC
1D6C
1D62
18A6
0F83
0380
F705
ECAB
E684
E585
E945
F021
F7C4
FDDC
00CB
001C
FC96
F7E8
F411
F2A9
F459
F89E
FDF6
0262
0421
024A
FD35
F670
F050
ED3C
EEE6
F5B5
008F
0D1A
185C
1F95
2107
1C7E
1359
082A
FDF4
F74D
F5A8
F8EF
FF99
072D
0D01
0F0E
0C83
05FF
FD5C
F520
EFC3
EF00
F362
FC30
07B3
13B4
1E1B
256B
290A
2936
26D0
22F2
1E9A
1A6D
16B1
1367
1088
0E30
0CB3
0C8B
0E21
118B
165E
1BA4
2006
221F
20E5
1C00
13F2
0A0B
000F
F7C7
F282
F0C2
F21F
F571
F939
FC17
FD3A
FC97
FAE0
F93B
F8D5
FA6D
FE0A
02F1
07D9
0B52
0C3E
0A2E
058A
FF72
F967
F4D5
F29E
F2DE
F4EB
F795
F992
F9F4
F87C
F5A9
F28F
F070
F044
F25A
F629
FA76
FDAD
FE6D
FC00
F6AD
EFB8
E911
E4D3
E49B
E912
F1A9
FCB6
07DC
10AC
1545
14D0
0FB0
075C
FDEC
F58A
EFDF
EDB2
EECB
F21E
F632
F995
FB45
FAF0
F8F7
F63A
F3CC
F29A
F32E
F592
F95F
FDE7
0266
0635
08DE
0A1F
09DA
0808
04AA
FFD6
F9C5
F2EE
EC10
E623
E232
E11A
E347
E887
EFF7
F82F
FF88
048B
0653
04D1
00D7
FBE7
F7CB
F618
F7B8
FCA4
03DC
0BA9
120C
154D
1471
0F7F
0786
FE56
F612
F0A6
EF54
F26B
F943
026D
0C13
1466
1A02
1C2C
1AE8
16DC
111A
0AD8
052C
00DC
FE42
FD49
FD84
FE47
FECC
FE5B
FC6B
F8C0
F380
ED33
E6BB
E12C
DD9B
DCDE
DF55
E4C4
EC50
F4A3
FC32
019D
0404
0346
0017
FBD8
F841
F6FB
F928
FF1F
084C
1356
1E71
27CD
2E00
304F
2EC6
2A18
235A
1BAC
13F2
0CA7
05E8
FF94
F98F
F3F0
EF1B
EBB0
EA58
EB80
EF16
F472
FA63
FF73
024B
0217
FED2
F957
F337
EE57
EC6E
EE8D
F4D1
FE4D
0942
1386
1B0D
1E5C
1CDD
16F0
0DC1
02F4
F843
EF21
E888
E4EA
E448
E65C
EABE
F0FA
F88D
00D3
08F2
0FE0
1475
15B0
12FD
0C7C
0324
F8B0
EF56
E94A
E832
ECB5
F63E
030E
10A0
1C43
23BF
25E8
22DA
1BED
1343
0B30
0591
0347
0406
0678
08B3
08D2
0595
FEC6
F554
EB14
E246
DCF6
DC71
E0F3
E9A1
F4C8
005A
0A73
11C7
15D7
16EE
15DC
139A
10F4
0E4E
0B9A
0884
04B3
000F
FAEF
F612
F277
F10D
F25B
F643
FBF4
0210
06F9
0946
0819
0365
FBEF
F319
EA8B
E3C3
DFB7
DEAC
E02E
E34F
E6F3
EA30
EC8A
EE11
EF48
F0F0
F3BA
F808
FDC0
0450
0AD3
1050
13FA
1567
14A8
1239
0EDD
0B67
0885
06A2
05D7
05FC
06C3
07D7
08F4
09EC
0AA3
0AFD
0ACE
09D9
07D8
0499
001B
FAA7
F4D7
EF89
EBB0
EA1D
EB47
EF1F
F506
FBE2
025B
0720
093E
0854
04B0
FF3F
F95C
F47D
F1E9
F26A
F62A
FCB1
04FF
0DCC
15C9
1BE0
1F62
201B
1E48
1A7C
1579
1000
0AB7
060E
0239
FF3B
FCED
FB19
F988
F811
F69F
F538
F3F7
F305
F28D
F2B7
F394
F51B
F728
F97A
FBBF
FDA1
FED9
FF3F
FECF
FDB0
FC27
FA8A
F92B
F844
F7E9
F80A
F877
F8F2
F947
F958
F92F
F8F6
F8EE
F959
FA62
FC0C
FE2E
0077
0283
03F7
0499
0463
0388
0263
0164
00EF
013E
0251
03EE
05B0
0724
07E8
07C6
06C6
0529
0353
01B7
00B1
0073
00FA
021A
038E
0513
067F
07CB
090D
0A66
0BE6
0D77
0ED1
0F7F
0EFE
0CE3
0902
038E
FD1B
F68F
F0EC
ED18
EB9E
EC8B
EF64
F33E
F6FB
F990
FA4C
F905
F623
F284
EF3F
ED5C
ED8E
F006
F46E
FA06
FFDA
0507
08F0
0B63
0C91
0CF3
0D15
0D63
0E07
0EDE
0F8B
0F9E
0EC0
0CD7
0A0F
06D1
039E
00E5
FEDF
FD7F
FC7B
FB6B
F9F2
F7E8
F564
F2BA
F05A
EEA8
EDCF
EDBA
EE1B
EE97
EEFA
EF6A
F072
F2EF
F7C8
FF95
0A3E
16C8
235A
2D89
32E3
3196
28FF
1A02
0704
F376
E31D
D92B
D77E
DE23
EB58
FBFB
0C5C
192B
204A
2146
1D55
16D9
1099
0CE2
0CD2
1012
14FF
1941
1A9C
17B3
108F
06A1
FC5C
F471
F0F1
F29A
F892
0096
07B1
0B23
094C
0243
F7EA
ED73
E674
E5D1
ECCD
FA8D
0C37
1DAA
2A98
2FB9
2BC2
1FBF
0ED9
FD75
EFF9
E999
EB6F
F437
00AE
0C89
13AC
135D
0B01
FC4D
EAC9
DAD1
D06B
CE2D
D49D
E215
F34C
0439
1126
179A
16DB
0FF8
0559
FA00
F0B7
EB65
EAB8
EE27
F449
FB5A
F9EA
F189
E9AE
E3AE
E09C
E110
E4FC
EBB2
F3FB
FC5E
0370
081C
09DC
08C4
0571
00CA
FBC6
F725
F34F
F051
EDEF
EBDB
E9DB
E7EA
E641
E537
E520
E622
E81A
EA9E
ED1A
EF0B
F02B
F09A
F0E1
F1C7
F414
F83E
FE30
052E
0BF5
1106
1312
1164
0C25
046F
FC13
F529
F185
F237
F735
FF56
0894
108F
152B
1515
101F
0741
FC56
F19C
E922
E44B
E385
E64F
EB74
F17C
F714
FB6C
FE4F
0015
0160
02CF
04BE
072A
09C7
0C33
0E35
0FF3
11F3
14F7
19A9
2046
2855
309A
3749
3A78
38B4
3184
25BF
177D
09B5
FF86
FB6A
FE7C
081E
1602
24B5
307B
3640
346A
2B46
1CF1
0CC8
FE82
F533
F283
F64C
FEB7
08DA
118E
165A
161E
114C
09B5
01E4
FC4D
FA8B
FCE6
0247
089A
0D7C
0F03
0C5E
0617
FDF3
F663
F1C4
F1A3
F63A
FE58
07AD
0F78
134E
11D1
0B19
00AE
F51F
EB4D
E5A1
E562
EA67
F323
FD1E
059F
0A69
0A4B
0564
FD0C
F36F
EAF4
E5A9
E4C8
E886
F01F
FA24
04DF
0EBF
16A4
1C00
1ED3
1F7F
1E96
1CAC
1A31
1770
148D
1197
0E93
0B7E
084D
04EC
013B
FD1E
F88C
F3AD
EEE2
EAC6
E811
E76F
E942
ED7C
F387
FA58
00A6
053E
0754
06C9
0437
00D4
FE17
FD50
FF38
03AC
09A6
0F78
133C
135E
0F18
06BC
FBAC
F011
E649
E051
DF3C
E2E5
E9FE
F264
F9B0
FDD9
FDB6
F943
F197
E88D
E044
DA8E
D882
DA4A
DF32
E5F4
ED21
F387
F87B
FBE8
FE31
FFEB
0191
0347
04CB
058D
04EF
028D
FE7D
F969
F475
F0F9
F029
F2B8
F899
00F2
0A48
12D7
18F9
1B8D
1A39
1579
0E7D
06D6
0015
FB76
F99B
FA7D
FD84
01B8
060C
099B
0BD4
0C88
0BE2
0A48
0835
0619
0449
02F7
023C
0221
02AC
03E3
05C7
0848
0B3B
0E51
1114
12F5
1359
11BC
0DC4
0763
FEDE
F4DB
EA56
E089
D8C6
D447
D3F9
D846
E0F5
ED17
FB21
091B
14F1
1CD6
1F99
1CED
157E
0AD2
FF04
F44C
EC8F
E8F7
E9BE
EE2C
F4DA
FC10
0242
066A
084A
0860
07B4
0778
089C
0B84
0FE6
14DD
1935
1BC9
1BE5
197A
1527
1005
0B4D
07F4
0658
0623
0666
05E8
0396
FEEE
F839
F095
E9B4
E566
E512
E94A
F18A
FC51
0774
10AE
163C
174F
1449
0E9E
086F
03EF
02C9
05A5
0BFB
142F
1C05
2133
2201
1DBF
14EE
0927
FCAF
F1EA
EACA
E85E
EAA2
F090
F871
0050
0672
09B6
09C6
0711
029C
FDAF
F980
F6F3
F66B
F7CE
FA9D
FE23
01A8
04A1
06C5
0818
08D9
096D
0A3C
0B98
0DA8
105A
136A
166B
18DE
1A47
1A4B
18C2
15C4
11A8
0CFE
086F
04A8
0236
016F
0264
04E5
088D
0CDD
1156
158C
1934
1C1D
1E2B
1F47
1F51
1E27
1BAA
17D7
12DF
0D2E
076E
026F
FEFB
FDA5
FE9E
0196
05C9
0A18
0D50
0E6F
0CE3
08B3
0279
FB42
F443
EE8B
EABF
E8F5
E8B9
E939
E992
E91A
E7A0
E587
E3AC
E329
E503
E9CC
F16D
FB0E
053B
0E2C
142B
15FC
1327
0C1A
0214
F6E9
ECA2
E51A
E1A7
E2E0
E896
F1E1
FD59
0956
1434
1C8B
2156
220D
1EA8
179E
0DD5
0286
F71F
ED1C
E5D0
E23B
E2D9
E78A
EF8E
F999
0409
0D26
1375
15F5
1451
0EEA
06C6
FD58
F43F
ECF6
E896
E7A8
EA1A
EF4B
F62E
FD86
0417
08E1
0B41
0B07
0876
0434
FF29
FA56
F6A9
F4D4
F52F
F7A8
FBC7
00C3
05A6
0980
0B92
0B76
0933
0540
006F
FBC5
F84A
F6DA
F7F9
FBBD
01C4
0941
1117
17FF
1CB7
1E30
1BB8
1522
0AD6
FDDD
EFC8
E289
D82E
D28C
D2EB
D9BD
E66F
F76E
0A5A
1C69
2AE1
33A1
3581
3091
260B
1810
092E
FBD4
F1DB
EC30
EAC3
ECB0
F09F
F52A
F948
FC81
FEF3
0125
03B6
0706
0AFD
0EFD
1207
130D
1152
0CB8
05E6
FE2C
F73B
F2AC
F18E
F411
F96D
0011
0608
0985
095F
0566
FE78
F641
EECE
EA01
E911
EC43
F2DD
FB68
041D
0B5F
1022
1226
11E3
1051
0E7F
0D35
0CAE
0C87
0BE9
09D6
058B
FECA
F606
EC54
E32C
DC13
D838
D833
DBE5
E28B
EAFA
F3E4
FC26
02F0
07E0
0AEC
0C46
0C37
0B07
08F8
064D
035C
0098
FE8A
FDAF
FE53
0065
0357
062F
07B2
06B3
026E
FAD6
F0BD
E5B8
DBD8
D52C
D33F
D6AB
DEE2
EA44
F67D
0117
0811
0A61
0835
02E0
FC79
F74D
F53B
F737
FD0B
056A
0E4B
157C
1931
1882
139F
0BC2
02D2
FAE7
F5C1
F45C
F6B9
FBF4
0283
08A4
0CD1
0E14
0C3C
07D6
01FF
FC13
F75D
F4CE
F4D5
F753
FBB4
0112
066B
0ACE
0D7D
0E06
0C49
0876
0308
FCAF
F63D
F08D
EC63
EA4C
EA86
ECF0
F106
F5F6
FAC3
FE73
003C
FFB3
FCDB
F82A
F26C
EC9C
E7B1
E472
E34E
E454
E736
EB60
F01F
F4C2
F8BF
FBC7
FDCA
FEFA
FFB4
006D
0199
0391
0683
0A66
0EF5
13BB
1823
1B94
1D91
1DD3
1C5D
1984
15DF
122B
0F25
0D59
0D02
0DF5
0FAA
1158
1226
1161
0EAA
0A18
0436
FDE8
F83C
F42B
F266
F32A
F638
FAE7
0049
0561
0959
0BAA
0C2E
0B1D
08F8
0661
03F5
022C
0140
012D
01B1
0266
02D4
028F
014C
FEF3
FBAC
F7D9
F40D
F0F5
EF3C
EF61
F19C
F5C5
FB51
0164
06F9
0B19
0D16
0CB8
0A54
06BC
030F
0076
FFD0
0173
0509
09A2
0DE8
1078
1047
0CEF
06D6
FF22
F775
F17F
EE96
EF51
F360
F99B
004D
05A7
0839
0752
032E
FCE1
F608
F053
ED0B
ECB7
EEF8
F2A4
F621
F7E1
F6D9
F2DA
ECB3
E607
E0EE
DF70
E305
EC30
FA55
0BD1
1E49
2F20
3BF8
431B
43BA
3E02
32F3
2427
1379
02C1
F392
E71A
DE14
D8CF
D739
D8ED
DD47
E372
EA7B
F171
F77C
FC09
FEDF
002A
0078
008F
0140
0322
0665
0AB2
0F2D
12A3
13D2
11BC
0BFA
02EB
F7B9
EC2F
E25E
DC2A
DADE
DED2
E74F
F2A4
FE7D
0864
0E4D
0F0C
0AA0
023C
F804
EE97
E873
E75F
EBFE
F59E
025C
0F88
1A42
2021
1FC2
191E
0D8D
FF77
F1C8
E746
E1ED
E285
E87F
F224
FD0F
06C8
0D63
0FE8
0E83
0A58
051F
0093
FDF3
FDA3
FF1A
011B
0227
0105
FD3F
F75D
F0DD
EBD2
EA56
EDE8
F6EB
046C
1441
237B
2F1B
34C0
3346
2B07
1DC3
0E35
FF61
F3E7
ED6A
EC46
EFA1
F5BF
FC92
0246
05B7
069C
0578
0346
0118
FFAF
FF42
FF7F
FFB3
FF1F
FD47
FA2B
F64C
F286
EFC4
EEAC
EF60
F16C
F3E6
F5BA
F60B
F480
F16B
EDB8
EAA7
E95F
EA8B
EE13
F312
F810
FB6E
FBE6
F8F6
F31A
EBB4
E4B5
E012
DF33
E284
E955
F200
FA62
0076
02EB
0186
FD35
F7C9
F36E
F203
F48B
FAD7
038C
0C80
134E
1607
13B8
0CB3
027D
F764
EDE7
E810
E6F5
EA7E
F17F
FA18
0241
0858
0B86
0BE3
0A55
0838
06E3
073F
097E
0D11
10D2
135D
1376
105F
0A0E
0131
F701
ECFF
E4A1
DF0A
DCDE
DE37
E2AB
E971
F186
F9CE
0139
06D6
09EC
0A0A
071D
017C
F9EA
F189
E9AE
E3AE
E09C
E110
E4FC
EBB2
F3FB
FC5E
0370
081C
09DC
08C4
0571
00CA
FBC6
F725
F34F
F051
EDEF
EBDB
E9DB
E7EA
E641
E537
E520
E622
E81A
EA9E
ED1A
EF0B
F02B
F09A
F0E1
F1C7
F414
F83E
FE30
052E
0BF5
1106
1312
1164
0C25
046F
FC13
F529
F185
F237
F735
FF56
0894
108F
152B
1515
101F
0741
FC56
F19C
E922
E44B
E385
E64F
EB74
F17C
F714
FB6C
FE4F
0015
0160
02CF
04BE
072A
09C7
0C33
0E35
0FF3
11F3
14F7
19A9
2046
2855
309A
3749
3A78
38B4
3184
25BF
177D
09B5
FF86
FB6A
FE7C
081E
1602
24B5
307B
3640
346A
2B46
1CF1
0CC8
FE82
F533
F283
F64C
FEB7
08DA
118E
165A
161E
114C
09B5
01E4
FC4D
FA8B
FCE6
0247
089A
0D7C
0F03
0C5E
0617
FDF3
F663
F1C4
F1A3
EF83
EB32
EABE
EEDB
F749
02B1
0ED8
190C
1ECD
1E71
17A0
0B7A
FC63
ED70
E1A8
DB43
DB1E
E08B
E988
F355
FB32
FF1F
FE67
F9C2
F31E
ED0B
E9FA
EB91
F22D
FCC5
0933
14C1
1CE3
1FDE
1D39
15D9
0BBE
017D
F99E
F5F7
F74B
FD23
0603
0FD2
1867
1E0D
1FE4
1DFE
194A
1343
0D85
096B
07BA
0887
0B3F
0EE1
1248
147C
14EC
138D
10D5
0D90
0AAC
08F2
08D9
0A64
0D25
105C
1325
14B1
1478
1259
0E9B
09D7
04CD
002F
FC71
F9B1
F7B7
F60E
F437
F1DC
EEFF
EC0A
E9C2
E914
EAD2
EF6B
F6B1
FFCC
0953
1192
16EF
1849
154D
0E91
057D
FC00
F41B
EF6C
EECB
F21D
F860
FFF6
070E
0C20
0E50
0D9A
0ACD
0742
047C
03AE
056C
097A
0EDF
1428
17CC
1895
15F7
1031
0844
FFB5
F831
F328
F185
F37B
F88B
FFA8
0779
0EA4
140F
170A
1761
154B
1153
0C2E
069B
013F
FC97
F8EF
F65C
F4C7
F3EF
F37D
F311
F25B
F12C
EF90
EDD0
EC6D
EC07
ED39
F06E
F5B2
FCA6
0478
0C0B
122F
15E3
1696
1454
0FCC
0A2C
04E1
0140
0031
01F4
060C
0B5B
1067
13B5
1429
114C
0B6C
038B
FB1C
F3AC
EE7F
EC46
ECF8
EFDF
F3CC
F76B
F9A3
F9D6
F80C
F4E9
F175
EECE
EDD5
EEE4
F1AF
F556
F89B
FA3B
F946
F570
EF2C
E7A7
E082
DB79
D9F6
DCBB
E3A9
EDC6
F970
04B8
0DD7
1388
1557
13A5
0F8F
0A96
0640
03B5
037C
0566
08A6
0C1A
0E99
0F50
0DF2
0ACE
06AB
028D
FF65
FDC7
FDC7
FEF0
006E
0151
00D5
FEA5
FAF1
F667
F1FE
EEAE
ED26
ED93
EF94
F24C
F4A8
F5A8
F4B0
F1B8
ED5A
E8AE
E504
E390
E519
E9C7
F115
F9F4
030F
0B1F
1135
14F0
1688
16B0
165C
1674
1795
19E0
1CF5
2011
223F
22A5
20BD
1C7C
165F
0F4B
085D
02A5
FEEC
FD85
FE44
008C
037D
062F
07E7
084A
0763
059F
03A3
0215
016A
01B9
02B4
03B4
03EB
02A4
FF7C
FA9A
F4B3
EEFA
EADF
E9BC
EC7B
F355
FDAC
0A1E
16C7
219F
28EB
2B9A
2982
2363
1AB8
1159
0913
033D
0071
007D
027C
051F
070A
072F
0508
00B2
FAD8
F47F
EEC7
EAA9
E8CB
E970
EC82
F1A4
F854
FFFA
07F2
0F8C
1609
1AA4
1CA4
1B8A
1739
1021
0746
FE2D
F697
F21F
F1D4
F5E1
FD72
06C7
0F9A
15AA
174B
13E5
0C2A
01F4
F7DC
F090
EE20
F16D
F9E7
05AA
11F4
1BD8
2101
2046
19F5
0FB4
040F
F9C5
F315
F12F
F3F3
FA11
0175
07DF
0B80
0B69
07B5
0164
F9FF
F31A
EDE3
EAE2
E9ED
EA57
EB43
EBF9
EC24
EBE2
EBA5
EBF8
ED32
EF4A
F1C9
F3EE
F4F0
F450
F212
EECF
EB97
E9A3
E9ED
ECDC
F20F
F865
FE44
0204
026D
FF13
F887
F03C
E82A
E254
E03C
E282
E8B8
F17E
FADA
02B5
075D
07E2
0447
FD6E
F4D6
EC3B
E534
E0DD
DFB9
E1A4
E5FF
EBD9
F22E
F80B
FCB4
FFAD
00BF
FFF7
FDA2
FA4A
F6A5
F386
F1B6
F1CF
F411
F847
FDC5
037F
0842
0AFB
0AFE
0837
0335
FD0B
F70D
F277
F022
F049
F28B
F60F
F9D2
FD00
FF3A
00AF
020E
043B
07F6
0D7D
1458
1B59
20D7
231D
20E3
19C0
0E5D
0069
F241
E66E
DF06
DD34
E0EA
E8F2
F334
FD43
04F1
08CC
086D
0479
FE62
F7FB
F2F7
F07E
F0EF
F3D5
F81A
FC57
FF39
FFD2
FDD4
F994
F3F5
EE26
E960
E6A0
E673
E8E0
ED68
F320
F8DF
FD75
FFE1
FF8C
FC61
F6E6
F026
E988
E48E
E281
E423
E973
F19E
FB13
03D8
09EF
0BD4
08DE
0178
F715
EBE4
E251
DC72
DB85
DFA3
E7BB
F1D7
FBA8
0316
06D1
06A0
035F
FEB9
FA9E
F8AB
F9AF
FD65
028E
0747
09A7
0851
02F0
FA62
F08F
E7F1
E2EC
E329
E91E
F3E6
0175
0F17
1A23
20A2
21CB
1E27
1764
0FD6
09D4
0717
084C
0CF3
138B
1A0A
1E74
1F68
1C81
1671
0ECF
07A6
02EA
01F2
051C
0BB8
1432
1C76
226F
248D
2217
1B52
1166
0611
FB3E
F296
ED2D
EB58
ECB2
F053
F518
F9F3
FE2E
0183
041D
066C
08EA
0BE1
0F40
128F
1506
15BF
13F8
0F51
07FB
FEBC
F4D4
EBC3
E4F2
E16B
E197
E52D
EB40
F276
F958
FEAB
01B0
0250
0115
FF05
FD55
FD1C
FF0D
0345
0948
101B
1680
1B43
1D78
1CB3
1916
1343
0C33
04F9
FE85
F97B
F616
F431
F35D
F30E
F2C7
F23D
F16B
F08E
F011
F06A
F1F1
F4C4
F8B1
FD40
01C7
058E
0803
08D7
081D
0646
0408
0235
0180
024B
0486
07A6
0AC2
0CC9
0CCA
0A3C
0530
FE62
F71B
F0EE
ED5A
ED6D
F173
F8DF
0259
0C08
13FE
18A6
1924
1582
0EA8
061F
FDA5
F6C5
F27A
F100
F1DF
F41F
F6A3
F87E
F938
F8DC
F7E5
F6FE
F6B9
F751
F897
FA05
FAF8
FB01
FA27
F905
F8AD
FA67
FF3A
0789
12C9
1F75
2B55
33FC
3760
3471
2B6B
1DDF
0E5B
FFD3
F4E6
EF3C
EF25
F396
FA83
017C
0660
07F3
062E
022A
FDBE
FADA
FAE2
FE35
03FF
0A6D
0F2E
1021
0BF2
028B
F528
E60E
D803
CD9C
C8A8
C9C7
D05F
DAD4
E706
F2D6
FCA6
039C
07A8
095B
0991
091C
088C
0812
079A
06EF
05F0
04AC
035F
025A
01CD
01A4
016D
0075
FDFA
F97F
F312
EB79
E42A
DF03
DDE0
E217
EC09
FAE8
0CC4
1ED9
2E25
37FF
3AAC
35B4
29F6
196A
06AF
F47F
E52B
DA3C
D450
D329
D5EE
DB72
E288
EA2E
F1A6
F871
FE3B
02C8
05E3
076E
0767
0605
03B9
012D
FF20
FE47
FF14
019E
0590
0A35
0EA3
11E7
1340
123E
0ED5
095B
026B
FAC9
F341
EC92
E760
E42E
E358
E50E
E946
EFA9
F78E
FFFF
07D1
0DD6
111B
112A
0E30
090B
0327
FE34
FBC2
FCDE
01C8
09D2
1384
1CE6
23FA
2730
25C7
1FF7
16E6
0C60
026A
FAD3
F6D3
F6D9
FA88
00E3
0892
1031
168B
1AC2
1C50
1AFE
16CC
0FE4
0699
FB7B
EF62
E37A
D931
D20B
CF56
D1D9
D98C
E57A
F3D2
0231
0E1B
1585
1747
136A
0B27
009E
F659
EEB4
EB49
EC98
F1F2
F9AF
01A3
07B4
0A5D
0915
0462
FDAE
F6E1
F1DB
EFFA
F1C3
F6C8
FDCF
052C
0B35
0EAC
0F0D
0CA5
0874
03DF
0050
FED8
FFE9
0343
0807
0CF8
10C9
1273
116F
0DD2
083F
01BC
FB6E
F65C
F331
F226
F2FF
F529
F7E4
FA75
FC52
FD32
FD14
FC2A
FABE
F912
F74B
F56B
F356
F0EC
EE1D
EB00
E7D7
E509
E309
E236
E2BD
E488
E741
EA60
ED56
EFAD
F12A
F1E2
F226
F274
F343
F4E0
F74F
FA49
FD52
FFDE
0185
0229
0205
01A5
01BB
02E6
057E
0968
0E16
12A4
1614
1795
16C4
13CC
0F60
0A8C
0668
03CC
030E
03EE
05AD
074E
07E5
06EC
046C
0108
FDC3
FBB6
FBAE
FDE5
01E6
06A7
0AD4
0D35
0D15
0A7D
063F
01BA
FE79
FDB5
FFF6
04D8
0B22
1115
14E7
154D
11DF
0B3B
02EC
FAFF
F57E
F3E9
F6D8
FDD6
0790
1230
1BDB
2321
2743
283E
26A1
233C
1ECB
19B9
1415
0DB2
066B
FE6D
F666
EF83
EB32
EABE
EEDB
F749
02B1
0ED8
190C
1ECD
1E71
17A0
0B7A
FC63
ED70
E1A8
DB43
DB1E
E08B
E988
F355
FB32
FF1F
FE67
F9C2
F31E
ED0B
E9FA
EB91
F22D
FCC5
0933
14C1
1CE3
1FDE
1D39
15D9
0BBE
017D
F99E
F5F7
F74B
FD23
0603
0FD2
1867
1E0D
1FE4
1DFE
194A
1343
0D85
096B
07BA
0887
0B3F
0EE1
1248
147C
14EC
138D
10D5
0D90
0AAC
08F2
08D9
0A64
0D25
105C
1325
14B1
1478
1259
0E9B
09D7
04CD
002F
FC71
F9B1
F7B7
F60E
F437
F1DC
EEFF
EC0A
E9C2
E914
EAD2
EF6B
F6B1
FFCC
0953
1192
16EF
1849
154D
0E91
057D
FC00
F41B
EF6C
EECB
F21D
F860
FFF6
070E
0C20
0E50
0D9A
0ACD
0742
047C
03AE
056C
097A
0EDF
1428
17CC
1895
15F7
1031
0844
FFB5
F831
F328
F185
F37B
F88B
FFA8
0269
0452
03E3
0153
FD2C
F82D
F324
EECD
EBBD
EA57
EAC7
ED01
F0CA
F5B2
FB21
0058
048D
0700
0728
04D5
0051
FA63
F439
EF35
EC9F
ED53
F180
F88B
011E
096C
0F99
122E
107E
0ADB
0292
F99D
F234
EE39
EEC5
F3D6
FC52
0643
0F5A
157D
174E
147F
0DE3
0534
FCA3
F64A
F3AF
F573
FB35
03C1
0D6B
1680
1DA9
222E
2408
23BC
2214
1FD9
1D87
1B39
18A9
155D
10E6
0B19
0430
FCD3
F5F2
F092
ED85
ED3E
EFAC
F443
FA20
003F
05BB
09F7
0CBC
0E31
0EBE
0EE4
0F0E
0F70
0FF9
1062
1042
0F39
0D11
09D6
05D9
01A7
FDE7
FB30
F9EB
FA33
FBCA
FE29
009A
0264
02F1
01FC
FF9D
FC46
F8AE
F5A0
F3C5
F379
F4A8
F6CA
F901
FA48
F9B9
F6CB
F184
EA81
E2E3
DC13
D774
D612
D86A
DE49
E6E5
F108
FB62
04D4
0CA5
1299
16DE
19D8
1BE4
1D22
1D58
1C00
187D
1262
09B7
FF26
F3FA
E9E7
E2B2
DFC0
E1B5
E842
F228
FD7E
0823
1039
1497
14FF
121A
0D32
07C8
031F
FFE6
FE13
FD05
FBCB
F995
F60C
F186
ECFC
E9C4
E923
EBD9
F1CD
F9F9
029B
09A5
0D4A
0C80
0755
FEF2
F554
ECC6
E745
E5FC
E8F1
EF15
F68D
FD40
016B
0216
FF4B
F9FE
F3BA
EE1D
EA5F
E902
E9BF
EBB5
EDCF
EF2F
EF84
EF2B
EF09
F036
F384
F920
005D
07CB
0D95
1008
0E26
080A
FEFE
F540
ED71
E9E1
EBE4
F36A
FEED
0BD1
170D
1DFE
1F1D
1A6C
1176
06E5
FDBE
F88F
F8B1
FDEB
0684
0FC6
16C9
1956
1690
0F43
05B2
FCF8
F824
F94A
00D6
0D50
1BA3
27D9
2E25
2BE2
2057
0D01
F546
DDB1
CAE0
C069
C001
C919
D912
EBE4
FD28
0921
0DA2
0A77
0157
F552
E9FE
E27F
E0C5
E524
EE58
F9FA
0530
0D77
113B
102E
0B36
0409
FC9E
F692
F2BB
F0FF
F07D
EFF1
EE3A
EACC
E5EF
E0BC
DCCA
DBAE
DE78
E549
EF2F
FA52
0467
0B47
0D8D
0AF7
0487
FC3C
F494
EFD8
EF7D
F3BA
FB74
0487
0C59
1097
0FD7
0A05
0075
F58F
EC30
E6F0
E76E
EDE4
F913
0699
1386
1D21
2194
205F
1A6A
11BD
08F0
026F
FFDB
01A0
06DB
0DA9
13A9
16A7
1539
0F18
0539
F97F
EE42
E5AF
E135
E138
E4FB
EAE2
F0F0
F550
F6DA
F55B
F1A4
ED40
EA0A
E9A1
ECF3
F3F9
FDB2
0860
11F7
18A1
1B29
1949
13AC
0BC0
0358
FC31
F797
F618
F77B
FAE0
FF0C
02C0
050A
057C
0431
01BB
FEE3
FC71
FAF6
FAAB
FB77
FD04
FEF1
00F1
02EB
04F8
0750
0A28
0D8C
1143
14D2
1791
18D3
181B
1548
10A9
0AF6
052C
005B
FD61
FCBF
FE7B
0225
06F5
0C00
106A
1397
1540
1576
148A
12F0
1118
0F54
0DD0
0C90
0B7F
0A7E
0971
0842
06DC
0529
030B
0061
FD14
F92D
F4E8
F0BC
ED58
EB82
EBF1
EF17
F4F7
FD13
0670
0FC3
17AC
1D06
1F1A
1DCF
19A1
1386
0CAE
0643
0130
FE02
FCE7
FDC7
0067
048C
0A10
10D4
18A7
211F
297A
30A3
3549
362C
326B
29D4
1D19
0DCA
FE1B
F076
E6F9
E2FD
E4C2
EB66
F515
FF82
086E
0E2F
1006
0E35
09D0
0455
FF3A
FB7B
F963
F88E
F81D
F71E
F4E9
F16B
ED34
E94E
E6E9
E6F2
E9BB
EECF
F50C
FAE6
FEE0
FFF4
FDE8
F962
F3B7
EE8B
EB54
EAF1
ED68
F1EC
F720
FB85
FDF6
FE08
FC26
F975
F778
F78C
FA7A
0024
0785
0EE9
1467
166C
142B
0DE2
04CD
FAD4
F20A
EC20
E9F4
EB61
EF4F
F40E
F7D8
F94E
F7E0
F3EA
EE96
E97E
E635
E5D0
E89B
EE04
F4CC
FB62
0058
02C9
0297
0073
FDA5
FBAE
FBDC
FEEC
04D1
0CB5
152C
1C90
2167
22BA
2051
1AB6
1313
0ADF
038D
FE37
FB68
FB0D
FC8D
FEFD
0169
030E
038F
02FE
01CB
009A
000B
0083
0205
042D
0645
076D
06DC
0417
FF19
F860
F0DD
E9C1
E442
E157
E187
E4C9
EA91
F1EC
F9BC
00F2
06C6
0AD1
0D15
0DE7
0DC4
0D2A
0C6D
0BA7
0AB8
0960
0760
049D
0139
FD9C
FA63
F841
F7D9
F98F
FD71
032A
0A06
1115
174F
1BBE
1DB2
1CD6
194A
139E
0CC0
05DB
0023
FCA3
FC06
FE72
0375
0A10
10E1
166A
1960
18FE
1537
0EC8
0711
FFC4
FA7B
F842
F949
FCC7
0120
044D
046E
0056
F7FC
ECA0
E091
D6AE
D1AA
D352
DC02
EA73
FBF6
0D09
1A34
20DD
1FEB
180D
0B7F
FD75
F141
E97B
E766
EAB4
F1BE
FA1A
015D
05D6
06FD
0587
030F
0177
0236
05C8
0B6F
1164
155B
153D
0FDE
0570
F792
E8FA
DCBB
D57D
D4BF
DA71
E4FE
F1B8
FD96
0603
097F
07F9
02B5
FBDB
F5CD
F27C
F2E8
F6ED
FD6D
04B5
0B01
0EFA
0FF9
0E10
09DB
042D
FDC0
F708
F033
E952
E299
DC96
D83E
D6C7
D951
E076
EBF6
FA83
09E9
177B
20B1
23D3
2076
17AD
0BCE
FFE5
F6F1
F31B
F52F
FC6A
06BB
1153
196B
1CFE
1B40
14C2
0B2D
00BE
F798
F13E
EE3B
EE28
EFF1
F24C
F437
F542
F5AD
F635
F7BF
FAEC
FFD2
05DB
0BEE
10C2
1343
12F1
1006
0B68
0663
023F
FFE7
FFA3
0115
036A
05AE
072E
07B4
079E
07AE
08BE
0B5A
0F7A
1469
18E8
1B91
1B46
179D
111A
0919
0180
FC35
FA8F
FCEE
0298
09E2
10AE
1507
15B3
129E
0CDB
0660
0176
000A
031A
0A64
1469
1ED1
2701
2ACC
2904
21C0
1655
08F8
FC30
F23A
EC8E
EB9C
EED0
F4D7
FC07
02CA
07F2
0AE4
0B96
0A62
07D4
0476
00B2
FCCF
F901
F585
F2AF
F0F0
F0BB
F26A
F610
FB66
01C0
0828
0D8C
10F1
11AD
0F8A
0ACC
0424
FC8B
F517
EEC9
EA70
E891
E964
ECD2
F27B
F9C0
01CD
09AA
1054
14E2
16AE
157B
1194
0BC5
0548
FF84
FBC0
FADB
FD0B
01CC
07F4
0DF8
124A
13B8
11BC
0C9E
0566
FD96
F6D3
F277
F149
F34F
F7DC
FDC2
03A5
0854
0B0D
0BA2
0A6F
0835
05DC
042E
03AB
0464
0609
07FC
097D
09D6
087E
0537
0014
F97C
F21D
EADA
E4AD
E090
DF4C
E15A
E6BB
EEE7
F8D0
02FE
0BD3
11D4
13FF
120F
0C9A
04F9
FD0D
F6D1
F3E5
F52A
FA84
02D7
0C48
14A2
19DE
1A9A
1667
0DE3
028A
F660
EB74
E375
DF5A
DF43
E28C
E80C
EE66
F462
F929
FC5F
FE1E
FED0
FF01
FF2F
FFA3
006A
0151
01FD
0202
00F7
FE91
FAAF
F569
EF18
E858
E204
DD1D
DAAF
DB96
E04F
E8C1
F42A
0122
0DD0
183D
1EBE
2052
1CEA
1575
0BB8
01E5
FA1F
F5F9
F617
FA0A
0079
0781
0D36
102B
0FCF
0C89
0796
02A2
FF4D
FEB0
0113
05DE
0BCB
1151
1517
165A
1524
1238
0ED0
0C2C
0B25
0BDB
0DA1
0F2D
0EFA
0BC7
0508
FB2E
EFA9
E49C
DC66
D90C
DBB6
E458
F1AD
0171
10DD
1D38
2469
2559
201E
15DF
088B
FA61
ED80
E382
DD4D
DAFD
DC0D
DF8F
E470
E9BE
EECB
F349
F737
FACD
FE54
01FE
05D1
0993
0CD7
0F0E
0FAB
0E42
0AAC
051C
FE21
F694
EF7A
E9D8
E67D
E5E0
E804
EC74
F25C
F8AE
FE55
0269
0452
03E3
0153
FD2C
F82D
F324
EECD
EBBD
EA57
EAC7
ED01
F0CA
F5B2
FB21
0058
048D
0700
0728
04D5
0051
FA63
F439
EF35
EC9F
ED53
F180
F88B
011E
096C
0F99
122E
107E
0ADB
0292
F99D
F234
EE39
EEC5
F3D6
FC52
0643
0F5A
157D
174E
147F
0DE3
0534
FCA3
F64A
F3AF
F573
FB35
03C1
0D6B
1680
1DA9
222E
2408
23BC
2214
1FD9
1D87
1B39
18A9
155D
10E6
0B19
0430
FCD3
F5F2
F092
ED85
ED3E
EFAC
F443
FA20
003F
05BB
09F7
0CBC
0E31
0EBE
0EE4
0F0E
0F70
0FF9
1062
1042
0F39
0D11
09D6
05D9
01A7
FDE7
FB30
F9EB
FA33
FBCA
FE29
009A
0264
02F1
01FC
FF9D
FC46
F8AE
F5A0
F3C5
F379
F4A8
F6CA
F901
FA48
F9B9
F6CB
F184
EA81
E2E3
DC13
D774
D612
D86A
DE49
E6E5
F108
FB62
04D4
0A99
0A1D
0A48
0B9C
0E1E
1142
13FA
14F9
1307
0D6C
043A
F872
EBE9
E0F8
D9F5
D8B0
DDF4
E94B
F8FF
0A71
1AA0
26C9
2CFE
2C89
2601
1B1B
0E37
01D2
F7F9
F1E9
EFE8
F15A
F517
F9CD
FE5F
022D
051E
0787
09E9
0CAC
0FE5
133E
1607
176A
16AD
1370
0DD0
0667
FE27
F61D
EF32
E9FB
E6A3
E4FB
E4A4
E53F
E69B
E8C4
EBF7
F074
F650
FD40
048B
0B1A
0FB1
113B
0F23
0983
013A
F7C7
EEF5
E874
E576
E669
EAE3
F1C6
F990
00C6
0649
0998
0AD3
0A96
09AE
08C0
0815
077B
066A
0445
00B0
FBD7
F68A
F222
F02B
F1F1
F803
01EA
0E18
1A29
236C
278F
253E
1C92
0F23
FFB8
F1A7
E807
E4EC
E8E0
F2C5
0020
0DB8
1872
1E13
1DCD
185E
0FCC
06BD
FFB5
FC5B
FD08
00BD
057E
08F8
0949
059D
FE83
F5CF
EE24
EA28
EBC0
F36C
000E
0F1A
1D32
26FE
2A08
255E
19D5
09CF
F89F
E9B9
DFDB
DC6F
DF51
E6FD
F112
FB0C
02E5
0793
0921
0879
06EC
05AB
054F
05AE
05EB
04DE
018E
FBA9
F3CE
EB7C
E4C5
E1B5
E3B9
EB21
F6ED
04EF
124F
1C32
2078
1E3C
1611
09D6
FC36
F000
E775
E3CE
E507
EA08
F115
F857
FE68
02A8
054A
0722
093B
0C61
10C6
15DF
1A7E
1D2D
1CA2
182C
0FFC
052D
F98C
EF28
E7DE
E4E2
E686
EC34
F4AA
FE53
07B5
0FC1
15FC
1A78
1D98
1FD1
215E
221D
2196
1F24
1A3C
12B8
0908
FE37
F3C8
EB63
E676
E5DD
E9A9
F115
FAB1
04B6
0D67
1374
1633
15BA
12C5
0E74
0A03
0676
0469
03F6
04C3
062C
0777
080A
078F
0606
03B6
0119
FEB3
FCED
FC04
FBF9
FC99
FD94
FE8E
FF3E
FF77
FF32
FE86
FD98
FC8D
FB74
FA46
F8E3
F71F
F4DB
F217
EF04
EC0C
E9C1
E8C3
E999
EC89
F173
F7C6
FE94
04B4
0907
0ABD
098D
05D5
008F
FB1F
F6FE
F55E
F6D2
FB21
0145
07AB
0C8F
0E7B
0CA9
0748
FF7D
F722
F053
ECE4
EDE4
F349
FBEB
05C6
0E71
13BC
143C
0FA8
06F4
FC13
F184
E9B8
E680
E8A0
EFAE
FA2D
05F3
10A8
1849
1B90
1A28
14A2
0C43
02A8
F96F
F1EA
ECF1
EAD3
EB6F
EE50
F2D6
F851
FE1D
03A1
085C
0BDF
0DD8
0E1A
0CA9
09BC
05B9
0129
FC9B
F88E
F558
F31F
F1DD
F16F
F1AD
F27C
F3D3
F5B9
F835
FB33
FE79
01A6
043D
05C9
05FD
04D5
02A3
FFF8
FD86
FBE7
FB69
FBEF
FCEE
FD92
FCFB
FA81
F5F4
EFB8
E8B6
E225
DD3C
DADC
DB53
DE47
E2D1
E7C5
EC09
EEE8
F046
F0A3
F0E9
F21C
F4FF
F9CC
0018
06EB
0D09
114B
12F8
11FF
0EF4
0AE1
06EC
03F9
025C
01C5
015E
0019
FD1E
F826
F1B4
EB08
E5DD
E3EB
E66A
EDA5
F8CF
061C
131F
1D56
22C1
2252
1C24
1168
0412
F65B
EA44
E12E
DBAD
D98F
DA16
DC4C
DF4C
E281
E5AF
E8E4
EC4E
F00E
F41B
F83A
FC11
FF49
01AF
0348
044D
0515
05EF
0702
083D
0960
0A17
0A20
0971
0842
06FE
061D
05EC
0661
0705
070A
0588
01C8
FB9B
F389
EAD2
E338
DE93
DE52
E312
EC58
F89A
0590
10B3
17E0
19D1
1670
0ED2
04E5
FAF4
F313
EEA2
EE12
F0E6
F5F8
FBE4
0170
05DB
08FA
0B17
0CAF
0E2B
0F9A
10AC
10C2
0F3C
0BBC
0668
FFFB
F99F
F4A2
F211
F263
F54A
F9C2
FE5C
01A5
02A1
0115
FDA7
F9AC
F6C9
F66D
F964
FF8E
07E7
10C4
184F
1D05
1E1C
1BB0
16A7
105D
0A30
050F
013A
FE3B
FB27
F6FF
F127
E9B7
E194
DA41
D57C
D4BB
D8B5
E11B
EC9C
F92D
0485
0CAF
107E
0FCB
0B72
0501
FE46
F8D4
F5A2
F4E0
F604
F815
F9FA
FADB
FA52
F87E
F5E7
F346
F14B
F070
F0E7
F2A8
F585
F951
FDE9
0333
0902
0EFA
147A
18A1
1A78
1933
147D
0CB6
0303
F92E
F147
ED28
EDF8
F3CA
FD83
090B
13C4
1B2B
1D7C
1A20
11DA
0693
FADA
F140
EBAB
EAEC
EE92
F51E
FC80
02AC
0630
0689
043C
0092
FD25
FB58
FBE9
FEB0
02B9
068B
08AC
0813
048A
FEC6
F83D
F2C2
F008
F125
F647
FEA5
08AC
126B
1A06
1E2D
1E5D
1AF6
1512
0E30
07D2
0321
00B4
007E
01E6
0407
05EE
06E0
067E
04D5
024C
FF80
FD16
FB91
FB36
FBFE
FDA2
FFA3
0170
027C
0256
00C0
FDBA
F97E
F480
EF58
EAB1
E728
E536
E515
E6B5
E9BD
ED9B
F1A2
F529
F7B5
F911
F955
F8E8
F85C
F852
F94A
FB84
FEEC
0318
0758
0ADF
0CE8
0CE5
0A9A
0636
0047
F9A8
F35E
EE65
EB84
EB29
ED51
F187
F6F7
FC93
0148
0432
04C8
02FD
FF3E
FA5E
F56B
F16F
EF38
EF2E
F13C
F4D9
F92A
FD3C
0036
018A
010B
FEE8
FB92
F791
F35D
EF44
EB68
E7CE
E481
E1B2
DFC7
DF59
E10C
E55D
EC64
F5AD
002E
0A6F
12CE
17E2
18D8
15B5
0F5E
0774
FFEF
FAA7
F8E3
FB09
0087
0802
0FB1
15DA
1942
1970
16BE
1225
0CE7
081F
0471
01E3
FFEC
FDC0
FAAE
F676
F182
ECD8
E9DF
E9E9
EDC8
F56F
FFDA
0B36
154F
1C1B
1E45
1B8B
14CB
0BD0
02CC
FBC6
F811
F7F6
FAB4
FECB
027C
045B
03C4
010D
FD6D
FA94
FA21
FD12
036B
0C15
1527
1C58
1FA7
1DE2
1701
0C31
FF87
F37C
EA51
E581
E572
E969
EFD2
F6AE
FC22
FEE4
FE84
FB6C
F6B1
F1B8
EDD3
EBF0
EC70
EF22
F36A
F875
FD70
01B3
04CE
0686
06C5
0584
02C9
FEA6
F94F
F329
ECD1
E717
E2D8
E0D7
E18A
E4F6
EAA2
F1AC
F8F3
FF54
03F0
064F
067D
04F8
028B
001C
FE78
FE2C
FF78
0251
066E
0B67
10C1
15F6
1A7F
1DCE
1F5A
1EAE
1B88
15FC
0E8C
062A
FE22
F7DA
F488
F4DA
F8BE
FF50
06FA
0DD0
1203
1260
0EA7
07AE
FF37
F784
F2C5
F280
F71F
FFCB
0A94
14EA
1C41
1EBD
1BAD
13BC
08C9
FD69
F444
EF65
EFBE
F4F0
FD74
0708
0F4D
1464
155E
126C
0CB7
0604
002B
FC98
FBEF
FDF9
01C0
05ED
0931
0AA7
0A0E
07CE
04D0
0230
00E7
0189
0425
0850
0D4B
1248
169C
19E9
1C22
1D74
1E20
1E4C
1DEB
1CB8
1A49
163D
1065
08E6
0048
F761
EF31
E8B3
E4A5
E36E
E511
E939
EF55
F6BC
FEC4
06D6
0E69
1500
1A1B
1D3C
1DED
1BE2
1710
0FCD
06D4
FD3D
F44A
ED35
E8E9
E7D6
E9D0
EE1D
F3A0
F919
FD6B
FFDB
002D
FEA1
FBD8
F89A
F59F
F368
F223
F1B6
F1D9
F23E
F2AA
F312
F38E
F44E
F577
F70F
F8ED
FAC0
FC2E
FCEF
FCED
FC56
FB93
FB29
FB91
FD0E
FF8D
02A7
05BC
0820
0959
0949
083F
06ED
0630
06CF
0933
0D38
1229
16E0
1A19
1AC6
186A
134D
0C7A
0589
0041
FE24
0003
05C3
0E56
17F3
207F
2609
2744
23CE
1C49
122D
076C
FDFD
F76A
F483
F538
F8B8
FDB0
02A9
0665
0820
07B6
0598
029F
FFCA
FE01
FDDA
FF80
02AD
06C3
0AEE
0E58
1048
1049
0E3A
0A50
050C
FF2D
F98E
F504
F23F
F1A6
F345
F6C6
FB80
0096
052B
0891
0A76
0AF8
0A99
0A1D
0A48
0B9C
0E1E
1142
13FA
14F9
1307
0D6C
043A
F872
EBE9
E0F8
D9F5
D8B0
DDF4
E94B
F8FF
0A71
1AA0
26C9
2CFE
2C89
2601
1B1B
0E37
01D2
F7F9
F1E9
EFE8
F15A
F517
F9CD
FE5F
022D
051E
0787
09E9
0CAC
0FE5
133E
1607
176A
16AD
1370
0DD0
0667
FE27
F61D
EF32
E9FB
E6A3
E4FB
E4A4
E53F
E69B
E8C4
EBF7
F074
F650
FD40
048B
0B1A
0FB1
113B
0F23
0983
013A
F7C7
EEF5
E874
E576
E669
EAE3
F1C6
F990
00C6
0649
0998
0AD3
0A96
09AE
08C0
0815
077B
066A
0445
00B0
FBD7
F68A
F222
F02B
F1F1
F803
01EA
0E18
1A29
236C
278F
253E
1C92
0F23
FFB8
F1A7
E807
E4EC
E8E0
F2C5
0020
0DB8
1872
1E13
1DCD
185E
0FCC
06BD
FFB5
FC5B
FD08
00BD
057E
08F8
0949
059D
FE83
F5CF
EE24
2880
1D22
0FAC
02F2
F941
F3E0
F2DB
F526
F8FC
FC70
FDF0
FCAF
F8CB
F33B
ED76
E90C
E731
E873
EC91
F298
F91D
FEA0
01EA
0254
FFEB
FB69
F602
F118
EDE4
ED2D
EF1C
F329
F840
FCFA
FFEE
0004
FCB7
F63F
ED8D
E427
DBDB
D665
D517
D893
E0A9
EC61
FA31
084F
150D
1F2B
2603
2992
2A52
28F5
261D
221C
1CDC
15F2
0CD7
0137
F345
E3E1
D496
C761
BE42
BABF
BD7A
C5ED
D276
E0A1
EDB8
F75C
FC14
FBA4
F712
F05C
E9EC
E5FB
E5FC
EA49
F216
FBBA
0526
0C7B
107D
10DD
0E31
09B4
04D5
00CD
FE4B
FD52
FD60
FDB2
FDA2
FCF2
FBEB
FB46
FBE7
FE7D
032E
096E
100A
156F
181E
171F
1256
0AA5
01BD
F9B7
F490
F3A0
F747
FECC
0895
1290
1AB0
1F6D
2013
1CD5
16A1
0ED8
06E4
FFED
FAA8
F74E
F5C2
F5B3
F6CE
F8C8
FB62
FE4B
0107
02EF
033C
0144
FCB2
F5C8
ED77
E547
DF08
DC65
DE64
E50E
EF4B
FB11
05D9
0D37
0F80
0C37
0433
F964
EE4D
E55C
E042
DF8C
E290
E7B3
ECF6
F09F
F1BD
F074
EDEC
EBE6
EC30
F000
F793
0206
0D98
181E
1FA8
2303
220C
1DAA
1781
1171
0D0F
0B3E
0C09
0EC7
1269
15E7
1899
1A59
1B71
1C58
1D57
1E4B
1E8B
1D1A
18FE
11BA
07A7
FC18
F127
E93B
E660
E99E
F295
FF70
0D46
18D4
1F57
1F50
18F0
0E11
01B5
F730
F13E
F143
F6F2
0071
0AEF
1385
180F
17CA
1381
0D3B
078B
04B4
05EB
0AEC
1211
18CF
1C8C
1B76
1526
0AD1
FEFB
F4CA
EF13
EF85
F624
0139
0DC9
1864
1E1A
1D48
160B
0A2F
FCA6
F0B7
E911
E715
EA86
F1A5
F9C5
0013
0266
FFDE
F918
F004
E758
E1D5
E191
E769
F2D6
020E
1278
2147
2C19
316E
30E6
2B39
21F4
1713
0C90
0402
FE5C
FBDB
FC16
FE34
0129
0400
060F
0718
0748
0724
0752
0860
0A8B
0D9B
10DD
1344
13B2
1146
0BBB
0396
FA31
F185
EBBB
EAA3
EF2C
F90A
06A0
1546
21DD
298B
2A79
2452
186E
0983
FB03
F037
EB6B
ED55
F4EE
FFBC
0A8A
1252
1513
125E
0B6B
02B3
FB2C
F757
F882
FE52
06DD
0F34
1443
13C3
0CED
00C9
F1F1
E3DD
D9F0
D688
DA55
E429
F151
FE58
07FC
0C13
0A15
0334
F9F1
F159
EC23
EBED
F0D3
F97F
0396
0C75
11F6
12FD
0FBB
0980
0243
FBF8
F7F8
F6A1
F74B
F88F
F8CC
F6BA
F1DF
EAC0
E2C0
DBC3
D799
D77F
DBBC
E38D
ED58
F717
FEDD
0353
0402
0166
FCB7
F791
F386
F1BD
F2B8
F64C
FBC4
0222
0869
0DD5
11FC
14CC
166E
171C
16FE
1610
1422
10ED
0C36
05F3
FE63
F616
EDE1
E6B7
E183
DEF8
DF6C
E2CD
E89E
F012
F82E
FFF0
067B
0B2C
0DAD
0DF0
0C21
088F
039E
FDB2
F733
F091
EA4A
E4FA
E150
DFFE
E195
E658
EE0D
F7E9
0293
0C54
1365
1652
1464
0DDC
0408
F906
EF5D
E95D
E888
ED22
F605
00D9
0A9A
1058
1004
0909
FC88
ED28
DE7F
D42A
D0E5
D5D1
E221
F345
058E
1516
1EC2
20FE
1C1E
1231
0660
FC10
F5EB
F534
F97A
00CF
0864
0D64
0DCE
0903
FFF6
F4E7
EABB
E438
E33E
E853
F28C
FFD0
0D76
18EC
2057
22EC
20FE
1BC1
14D8
0DDF
080A
03F1
019B
00A9
009B
0107
01B8
02A8
03E1
0558
06CD
07CE
07D2
0668
0369
FF1C
FA2E
F590
F230
F0B6
F14C
F393
F6BC
F9CC
FBF1
FCC2
FC66
FB7F
FAF5
FB98
FDD2
0173
05AE
0957
0B3C
0A90
0738
01E7
FBF4
F6FE
F470
F50C
F8A4
FE1D
03B2
0772
07CF
0417
FCAC
F2F5
E8FE
E0F3
DC8C
DC9B
E0E4
E838
F0D1
F8DD
FEF5
0278
03A3
0366
0309
03BE
063F
0A99
102A
15D9
1A6B
1CDF
1CB3
1A07
1589
1049
0B6D
07F1
066F
070C
097F
0D29
113F
14EA
1765
1818
16A1
12E7
0D22
05E5
FE15
F6D7
F164
EED1
EFCA
F462
FBF4
053A
0E80
1600
1A4B
1A95
16E7
1013
0773
FE8B
F69E
F060
EBD5
E870
E560
E1F1
DDE8
D9AC
D641
D4F4
D6F2
DCD0
E63D
F1F2
FDEE
07EB
0DF7
0EF6
0AF3
031A
F965
F011
E900
E538
E4B1
E66D
E8E3
EA8D
EA77
E899
E5E0
E3E2
E45C
E892
F0D5
FC50
0926
14ED
1D4F
20AC
1E8F
17C7
0E2F
0422
FBDC
F6E5
F5B7
F7BD
FB9E
FFBE
02C2
03FF
0397
0256
0150
016C
02FC
058E
080C
0910
0766
028B
FAF4
F213
EA0B
E529
E543
EB37
F69F
05DA
166A
257F
309B
3614
3560
2F17
24B3
1825
0B63
000F
F73A
F166
EE9D
EE9C
F0FD
F548
FAF3
0150
0785
0C8F
0F64
0F2A
0B77
0488
FB4E
F155
E876
E270
E076
E2E5
E922
F1C3
FAE1
029B
078B
091E
07AE
045E
00B9
FE40
FDFD
003B
047D
09B0
0E89
11EA
133E
12A4
10DB
0F0A
0E5B
0FA0
1311
1837
1E10
235A
26F0
281D
26CA
2384
1F47
1B36
1840
16DC
16EE
17CD
1883
1816
15D9
11A6
0BF1
05B1
001F
FC65
FB4D
FD09
011D
0675
0BA6
0F42
102C
0DE1
0899
013E
F93E
F236
ED9C
EC64
EECB
F446
FB9B
0328
0941
0C8D
0C57
08BA
0299
FB6B
F4E2
F087
EF58
F18B
F688
FD08
036A
0820
0A0C
08C9
04C3
FF14
F939
F4AB
F27B
F30A
F5F4
FA28
FE38
00B4
0091
FD69
F797
F01D
E860
E1D3
DD9B
DC53
DDF2
E1D9
E70A
EC6C
F111
F468
F658
F730
F78E
F826
F996
FC3E
0027
0508
0A53
0F50
1341
1581
15A7
1396
0F8C
0A1F
042D
FEC0
FADD
F95D
FAB5
FEDD
0548
0CF4
149D
1AFF
1F1E
2079
1F29
1BD6
1784
134D
1017
0E55
0DEC
0E42
0E72
0D90
0AF5
0669
0038
F910
F1D2
EB4B
E607
E238
DFC8
DE82
DE4D
DF57
E21A
E742
EF62
FAA3
0877
1781
25B3
30B1
3655
3548
2D67
1FF0
0F50
FE9C
F0DE
E85D
E614
E982
F0DC
F99D
0141
05FC
0737
05AB
0312
0191
02F5
0815
1070
1A49
2312
282C
27AE
20FB
1501
0606
F711
EB1D
E44D
E364
E798
EEE0
F690
FC24
FDF0
FB97
F608
EF2B
E93B
E613
E69E
EA94
F09C
F6BD
FB01
FC17
F9BA
F4CB
EF0F
EAA4
E964
EC55
F35B
FD38
07E6
111D
16E8
1824
14B7
0D8B
0441
FABC
F2B4
ED54
EB14
EBC3
EEB3
F300
F7CB
FC69
006E
03A2
05EF
074E
07BE
074E
0629
04A5
033B
0274
02C4
045B
070D
0A4D
0D4F
0F3F
0F8C
0E22
0B82
08AE
06E0
072D
0A1A
0F61
15E2
1BE0
1F6D
1EF9
19CB
104D
0401
F72C
EC3F
E531
E2F7
E53B
EA7D
F084
F508
F665
F41F
EF0F
E925
E4D4
E451
E8D6
F236
FEC4
0BC2
1611
1B13
196A
1164
04F1
F727
EB6F
E4A1
E43B
EA0A
F43A
FFE4
09DF
0FA6
0FFE
0B49
0358
FAD9
F48F
F281
F570
FCA8
0643
0FBA
16AA
197C
17D4
1297
0B9A
050A
00BD
FFAE
01B9
05B8
09E8
0C83
0C54
0914
0381
FD1E
F7AE
F4A2
F499
F728
FAED
FDFF
FE87
FB5C
F475
EB0D
E15F
DA21
D7C9
DBDB
E678
F63B
0884
1A0A
27A2
2EF8
2F12
2880
1D22
0FAC
02F2
F941
F3E0
F2DB
F526
F8FC
FC70
FDF0
FCAF
F8CB
F33B
ED76
E90C
E731
E873
EC91
F298
F91D
FEA0
01EA
0254
FFEB
FB69
F602
F118
EDE4
ED2D
EF1C
F329
F840
FCFA
FFEE
0004
FCB7
F63F
ED8D
E427
DBDB
D665
D517
D893
E0A9
EC61
FA31
084F
150D
1F2B
2603
2992
2A52
28F5
261D
221C
1CDC
15F2
0CD7
0137
F345
E3E1
D496
C761
BE42
BABF
BD7A
C5ED
D276
E0A1
EDB8
F75C
FC14
FBA4
F712
F05C
E9EC
E5FB
E5FC
EA49
F216
FBBA
0526
0C7B
107D
10DD
0E31
09B4
04D5
00CD
FE4B
FD52
FD60
FDB2
FDA2
FCF2
FBEB
FB46
FBE7
FE7D
032E
096E
100A
156F
181E
171F
1256
0AA5
01BD
F9B7
F490
F3A0
F747
FECC
0895
1290
1AB0
1F6D
2013
1CD5
16A1
0ED8
06E4
FFED
FAA8
F74E
F5C2
F5B3
1E9A
1E3D
1A60
1348
09A7
FE98
F375
E9B4
E2B1
DF75
E085
E5C3
EE67
F90F
03FD
0D5B
1397
15B2
1377
0D8E
055B
FCBB
F59F
F1A4
F1BB
F5F4
FD7E
06D6
101E
1784
1BA3
1BCD
1820
117B
0940
0108
FA4E
F62E
F538
F769
FC3E
02DC
0A38
1149
1725
1B18
1CAC
1BB0
1830
1276
0AFE
026A
F973
F0CF
E91D
E2D1
DE27
DB2A
D9B9
D9A7
DACC
DD18
E094
E555
EB60
F28B
FA69
0246
0937
0E4A
10BB
102C
0CCA
0751
00F0
FB08
F6E0
F559
F6B9
FAA2
002A
0622
0B61
0F10
10DF
1106
1027
0F0B
0E55
0E45
0E97
0E91
0D3B
09AC
035D
FA63
EF82
E411
D9B2
D1F3
CDF2
CE1A
D20D
D8C3
E0CD
E8B5
EF57
F422
F72D
F920
FAF3
FD9C
01BD
0772
0E3D
1524
1AF1
1E7D
1F02
1C49
16C1
0F63
0781
0077
FB65
F8F5
F944
FBE3
0000
049B
08C2
0BC1
0D41
0D4B
0C30
0A6C
0874
069B
04F8
0366
0195
FF25
FBC8
F75A
F1F4
EBEB
E5C2
E013
DB73
D85D
D722
D7E2
DA8E
DEF5
E4C6
EB9A
F2F7
FA50
010F
069A
0A6A
0C1C
0B93
0900
04E8
0015
FB6D
F7C6
F5B3
F55D
F67D
F86A
FA4D
FB61
FB35
F9D9
F7E9
F668
F67B
F914
FE9D
06C1
1072
1A11
21DA
264D
269E
22F0
1C57
1497
0DBB
0984
0900
0C3E
124C
197F
1FE3
23C1
240D
20A5
1A4A
125E
0A76
03EA
FF7D
FD3E
FC9E
FCBC
FCC2
FC39
FB38
FA53
FA65
FC33
0013
05B0
0C0C
11B3
151C
151B
1137
09DB
003E
F617
ED2C
E6E7
E3FF
E463
E757
EBC3
F091
F4FF
F8C7
FC15
FF52
02DA
06B4
0A7A
0D69
0EA2
0D82
09F7
04AA
FEEF
FA74
F8CC
FAF0
00DB
0973
12BC
1A4C
1DF6
1C5E
1563
0A39
FD20
F0D8
E7F0
E41E
E5DD
EC55
F5A1
FF5B
0739
0B9F
0BF9
08C0
0341
FD29
F809
F4EE
F42C
F566
F7BF
FA32
FBDE
FC41
FB49
F943
F6B2
F41E
F1F6
F07E
EFD9
F01B
F155
F39C
F6F6
FB46
002F
0513
0923
0B8F
0BBF
098F
056C
0047
FB61
F7F2
F6D0
F824
FB5A
FF43
0273
03B6
027A
FF10
FAA4
F6F0
F5BA
F842
FED0
0882
1376
1D3B
2371
246F
1FB1
15FE
092A
FB9A
EF9F
E6E7
E224
E108
E28A
E562
E884
EB7C
EE7D
F22F
F749
FE17
062E
0E56
14CD
17C1
15EA
0EFB
03E2
F693
E995
DF4A
D949
D7F0
DA50
DE8A
E276
E45D
E398
E0CC
DDBA
DCA9
DF96
E76E
F396
01EC
0F46
184E
1A80
14F9
08D8
F90D
E9A3
DEB0
DB41
E086
ED85
FF62
1227
21D5
2B65
2D80
28AE
1EFD
134B
0858
0008
FAF5
F876
F710
F523
F196
EC47
E622
E0CD
DE17
DF54
E4DE
EDEE
F8CB
034C
0B7B
1022
1117
0F2D
0BD8
089C
0684
05C8
05C8
0553
032B
FE90
F79C
EF5B
E787
E200
E035
E2A0
E896
F072
F80F
FD74
FF71
FE01
FA45
F626
F3AA
F448
F85B
FEF8
0630
0BA5
0D4D
0A21
027C
F811
ED6D
E53D
E177
E2C7
E858
F015
F751
FB9E
FB8B
F71F
EFD8
E835
E2F5
E23C
E6E8
F04C
FC59
083C
112A
152E
13A9
0D72
0482
FB4C
F3FF
EFE5
EF14
F08B
F29F
F3A9
F2A3
EF8D
EB7D
E842
E7CF
EB91
F3E5
FFE6
0D95
1A60
23D0
2838
271F
2162
18E1
0FF7
08C8
04AD
03E2
058A
0807
098A
08AA
04DB
FE9B
F756
F0FC
ED78
EE28
F374
FCB6
0854
1426
1DED
23D2
24C5
20A7
184B
0D3C
016E
F6DD
EF38
EB9E
EC6F
F14B
F91E
0252
0B17
11B3
14D8
13EB
0F2F
07C5
FF78
F865
F47C
F508
FA50
036D
0E6D
18B8
1FAA
2139
1C7E
1203
03B4
F477
E789
DFB7
DEB5
E4B1
F048
FED7
0D17
17E3
1CEE
1B3F
1364
0740
F994
ED60
E537
E2BF
E667
EF64
FBE6
0984
15B2
1E33
2176
1ED1
168E
09DE
FAAA
EB44
DE13
D535
D21E
D558
DE5E
EBA6
FAE3
096E
14CC
1B36
1BFD
17AE
0FF9
0744
0017
FC74
FD56
026C
0A32
1257
185F
1A58
1761
0FF8
05D9
FB8C
F3C0
F08F
F2F2
FA86
05AE
1208
1D1D
2509
28F6
2941
2749
24E7
23CE
24F1
282B
2C3F
2F32
2EE9
29D5
1F86
10EF
0047
F091
E4DF
DF94
E1C0
EADD
F8E9
08E3
1783
2202
26B8
2571
1F58
1694
0DA4
06B5
0316
02F3
0563
08C6
0B4E
0B8C
08E6
03C0
FD62
F79A
F433
F473
F8B8
0053
09AF
12AF
193B
1BC5
19AB
1366
0A68
00C1
F8A3
F3D8
F35B
F721
FE2B
06C6
0EFE
1512
17D8
16F4
12D7
0C90
0573
FEC4
F964
F5AB
F368
F20C
F0E5
EF66
ED53
EAD4
E864
E6A9
E636
E75D
EA11
EDE9
F23A
F645
F96C
FB53
FBF0
FB81
FA6E
F926
F7FB
F712
F66A
F5EB
F583
F533
F51F
F578
F66A
F7FD
FA04
FC1B
FDC7
FE98
FE5B
FD3C
FBC7
FACA
FB1D
FD4F
016B
06D1
0C4A
1046
1149
0E57
0751
FD1B
F17C
E6BA
DF10
DC1A
DE63
E539
EED4
F8CC
00B5
04C9
045C
0007
F97C
F306
EEE5
EEAF
F2DE
FAB0
046A
0DCD
14BF
17D5
16B3
1214
0B88
04F7
0014
FDE9
FE9D
017F
0555
08C8
0AD5
0B18
09DD
07F9
0677
0632
078E
0A56
0DD2
110E
132E
13BE
12DB
1127
0F8C
0EE8
0FB5
11D7
1492
16C8
174D
154D
109E
09DA
023F
FB58
F68C
F4AF
F5C1
F8E7
FCA9
FF63
FFC2
FD38
F829
F1E1
EC37
E90D
E9C5
EED0
F785
023C
0CB7
14AC
185E
1706
110C
07E3
FDAF
F4BD
EEEF
ED52
EFE6
F5B0
FD03
03F8
08EE
0AEC
09DC
0681
023D
FEAC
FD2F
FE8D
02B8
08C9
0F37
1435
1627
140E
0DD9
0478
F9B3
EFCF
E909
E70D
EA8B
F2F9
FEA7
0B15
157E
1B7F
1BA3
15CA
0B30
FE29
F196
E835
E3F2
E577
EC01
F59B
FFA3
0779
0B30
0A06
0492
FC8F
F45D
EE56
EC31
EE8C
F4CE
FD60
0623
0D0C
10AF
1095
0D43
0805
0273
FDFC
FB7C
FB13
FC37
FDFD
FF7F
002F
000A
FF8B
FF70
005A
027F
0579
0854
09DA
0900
055B
FF67
F88E
F2E3
F092
F346
FB94
08B2
188C
282D
3479
3AEE
3A4B
32DF
2670
17C2
09DD
FF4A
F977
F876
FB1D
FF82
039C
05EA
05DF
03F5
0171
FFE1
0081
03C8
092D
0F4B
144A
1679
14DB
0F85
07AC
FF50
F8B5
F5B5
F733
FCD5
0514
0DA2
140F
1673
13F3
0CFE
0326
F8AE
EFE9
EA95
E969
EBE7
F091
F559
F841
F7EC
F403
ED4F
E584
DEC9
DB25
DBF7
E193
EB2A
F6FD
02BE
0C21
115C
118E
0CE7
0498
FA89
F0EA
E9BA
E661
E76E
EC82
F471
FD8C
05FB
0C23
0EF7
0E2C
0A3C
044F
FDF1
F8BE
F610
F6B1
FABB
0191
0A0B
12B6
1A24
1F3A
2163
20A5
1D91
1916
1442
1001
0CF3
0B4F
0AEC
0B5E
0C1D
0CAB
0CB0
0BFD
0A88
0855
0569
01BA
FD3E
F7FC
F226
EC2D
E6C6
E2D5
E13F
E2B3
E772
EF25
F8DC
0326
0C58
12DC
1587
13DD
0E25
0561
FB12
F0E7
E868
E2AC
E02D
E0C8
E3D2
E851
ED3B
F1A8
F4F6
F6D8
F74B
F67F
F4C1
F263
EFB7
ED07
EAA3
E8E2
E826
E8CF
EB31
EF77
F595
FD36
05BB
0E4C
15EE
1BA5
1E9A
1E3D
1A60
1348
09A7
FE98
F375
E9B4
E2B1
DF75
E085
E5C3
EE67
F90F
03FD
0D5B
1397
15B2
1377
0D8E
055B
FCBB
F59F
F1A4
F1BB
F5F4
FD7E
06D6
101E
1784
1BA3
1BCD
1820
117B
0940
0108
FA4E
F62E
F538
F769
FC3E
02DC
0A38
1149
1725
1B18
1CAC
1BB0
1830
1276
0AFE
026A
F973
F0CF
E91D
E2D1
DE27
DB2A
D9B9
D9A7
DACC
DD18
E094
E555
EB60
F28B
FA69
0246
0937
0E4A
10BB
102C
0CCA
0751
00F0
FB08
F6E0
F559
F6B9
FAA2
002A
0622
0B61
0F10
10DF
1106
1027
0F0B
0E55
0E45
0E97
0E91
0D3B
09AC
035D
FA63
EF82
E411
D9B2
D1F3
CDF2
CE1A
D20D
D8C3
E0CD
E8B5
EF57
F422
F72D
F920
FAF3
FD9C
01BD
0772
0E3D
1524
1AF1
1E7D
1F02
1C49
16C1
0F63
0781
0077
FB65
F8F5
F944
FBE3
0A59
FE44
F2E3
EA6D
E65D
E716
EBD4
F2F6
FA7F
00AD
046E
0594
04BF
0303
0171
00AA
00AD
00DD
0052
FE49
FA89
F5A1
F0D4
EDC0
EDDC
F1EC
F9A7
03A8
0DBF
157D
18E7
1702
1026
05DE
FA80
F07E
E9BC
E715
E837
EBE0
F05F
F43A
F6AC
F7E1
F8D2
FAD1
FEED
0569
0D70
1537
1A74
1B1A
1613
0BBC
FDF7
EFC7
E488
DF02
E098
E8E0
F5B6
03DA
0FD4
16F9
1826
1405
0CC8
056E
00C4
0081
04B7
0BD0
130B
1765
1690
0FC0
03F8
F5CE
E8AF
DFDB
DD73
E1D1
EB6C
F74C
01E9
0830
085F
0283
F85C
ECCD
E2F3
DD39
DCAA
E0B1
E764
EE2C
F2A2
F357
F040
EAB0
E4EB
E15F
E1E0
E710
F027
FB34
05B2
0D48
107D
0F22
0A54
041E
FED5
FC5F
FDA8
025F
091E
0FD6
1474
157D
1272
0BF1
0376
FAE8
F40D
F012
EF45
F120
F481
F817
FACD
FC10
FBF3
FB07
FA22
FA02
FB09
FD1C
FFA6
01D1
02C7
01FE
FF65
FB6E
F6F5
F305
F094
F045
F245
F643
FB8F
0147
068E
0ABE
0D81
0ED8
0F0D
0E92
0DDA
0D3B
0CD7
0C97
0C37
0B5D
09B6
0717
0390
FF76
FB58
F7E2
F5BC
F558
F6D8
F9F4
FE06
022B
0576
0730
0709
0536
0268
FF9D
FDE1
FDF5
0017
03DD
084C
0C0E
0DD5
0CB6
0874
019E
F96F
F181
EB66
E836
E852
EB46
EFF8
F4FC
F8FC
FB15
FB0D
F949
F69E
F3F1
F1E7
F0AE
EFF3
EF12
ED6C
EAB7
E73D
E3DA
E1CC
E244
E5F9
ECCC
F5AF
FED5
0627
09E0
091B
0427
FC84
F47D
EE81
EC68
EED4
F4FC
FCCE
038F
06A7
0474
FCD6
F14C
E49B
DA00
D44C
D507
DBFC
E744
F3D0
FE4D
041F
041F
FEF1
F6C6
EEB2
E9B0
E9BE
EF37
F8BF
03A7
0CBE
114C
0FE6
08D6
FE0E
F28D
E983
E567
E743
EE77
F8F9
03F9
0CBB
115A
1144
0D49
073C
014D
FD54
FC42
FDEB
0129
0454
05D7
04BD
00FB
FB6B
F579
F0A9
EE15
EE1C
F04F
F3AD
F707
F970
FA8E
FAB7
FABF
FBA3
FE20
0262
07ED
0DC4
12C2
160B
175D
1738
16AF
170F
195D
1DE4
2407
2A4E
2ECF
2FC0
2C0A
23AB
17D3
0A96
FE61
F555
F0B1
F08D
F3EA
F91A
FE5E
027C
0520
06E8
090F
0CDB
12F6
1AFB
2354
298F
2B09
25C2
1920
0659
F057
DB24
CAF0
C2FC
C4B9
CF59
DFF7
F252
01E7
0B18
0C1E
0572
F9A1
EC8F
E25A
DE41
E1C5
EC44
FB38
0AE9
1771
1DC6
1C7D
141A
06E2
F831
EB9D
E411
E31C
E8AE
F334
0017
0C6D
15AD
1A3E
19B7
14D6
0D30
04B3
FD2A
F7D2
F529
F4E9
F638
F7FD
F935
F93B
F7F7
F5D9
F3BB
F29E
F35B
F662
FB8D
0219
08C7
0E1E
10C8
0FE9
0B5E
03D7
FABC
F1E8
EB37
E81E
E948
EE6D
F661
FF5D
0773
0D0B
0F48
0E3F
0AE3
06B6
0351
01E9
02E9
05D5
096D
0C0D
0C3A
091A
02CE
FA7B
F20B
EBAA
E932
EB9D
F2B6
FD12
0868
1217
17D0
1823
12D7
08F1
FC71
EFCD
E564
DEEF
DD31
DFE1
E5D4
ED54
F490
FA05
FCC4
FC98
F9FC
F5EF
F1C0
EEC0
EE09
F04A
F5A2
FD93
0706
1072
180F
1C2A
1B80
158B
0ABB
FC7B
ED04
DEF0
D4B7
D01C
D1C4
D905
E409
F03E
FAF2
0200
0451
021A
FCB9
F646
F0EB
EE45
EEEB
F24C
F6ED
FAE1
FC76
FABD
F5DE
EF0B
E822
E317
E155
E34D
E857
EEEE
F52F
F982
FB1D
FA48
F847
F6E2
F7CB
FBF9
0344
0C58
1517
1B33
1CF0
19B4
1246
089F
FF56
F8E0
F6C9
F942
FF0C
05E5
0B3A
0D00
0A59
03E8
FB9E
F427
F010
F0F9
F707
00D5
0BCD
14F3
19BF
18E5
12B1
08F1
FE68
F5FE
F1E8
F307
F8BA
0119
0996
0FC3
1207
1003
0A96
0380
FCC1
F7F9
F5EE
F663
F84C
FA3A
FAE9
F9AC
F6A0
F294
EEAD
EBF5
EAF4
EB84
ECEA
EE27
EE6B
ED7A
EBDA
EAB3
EB70
EF38
F66B
0059
0B4F
14FA
1B09
1BDC
170B
0D97
01B4
F636
EDD2
EA60
EC67
F301
FC31
057E
0CB1
1069
1073
0DB0
09B5
062E
044D
046C
05FD
07D0
088D
073F
03AD
FE82
F90E
F4D8
F31A
F450
F80A
FD0D
01B9
048F
04AC
020F
FD93
F89F
F4A6
F2AC
F2F2
F4EA
F77A
F96E
F9F7
F906
F75E
F656
F758
FB56
0252
0B3C
1423
1AC5
1D42
1ABA
13B1
09FE
0053
F97C
F78C
FB38
03A1
0E8D
190F
206A
22DB
201D
1975
113B
0A1D
063A
067C
0A52
0FEC
14DE
16FE
152C
0FBD
0877
0200
FF07
0155
0925
14EC
21B3
2BE4
3050
2D23
2273
1248
0010
EFB5
E491
E08C
E3B7
EC68
F7D4
02F0
0B51
0FC3
1075
0EA8
0C12
0A20
0971
099D
0975
078F
02F5
FBB2
F306
EB24
E691
E745
EDEB
F970
0721
1349
1A35
1950
0FF6
FFD5
EC98
DB01
CFAB
CDC8
D635
E736
FCDA
1205
21C3
2892
2544
193D
0800
F62F
E84A
E180
E2F0
EB7D
F840
0572
0F81
1402
1246
0B67
01D2
F885
F22A
F060
F35D
F9FB
0222
0974
0DF4
0E8D
0B44
0528
FDEC
F772
F349
F256
F4B2
F9B8
003F
06E2
0C4B
0F66
0F83
0C60
0629
FD71
F32C
E8A4
DF5B
D8EA
D6BE
D9D1
E265
EFD4
0089
122B
2200
2D6D
327B
304D
2750
1934
0894
F870
EB8E
E3ED
E269
E6A4
EF2E
F9F3
04B4
0D87
1334
1558
145C
113A
0D2E
0965
06C0
05B9
0665
088A
0BC2
0F9D
13AF
1794
1AED
1D55
1E60
1DA5
1AD5
15D8
0EE3
0686
FDA3
F54C
EE96
EA63
E934
EB0D
EF77
F594
FC53
02A9
07C2
0B2B
0CDD
0D38
0CE0
0C8E
0CE9
0E57
10EE
146D
184D
1BE2
1E7F
1F9E
1EFE
1CB4
192D
1517
1146
0E86
0D70
0E44
10D1
1474
1831
1AE0
1B68
1903
136D
0B05
00C4
F615
EC90
E59E
E22C
E26F
E5D1
EB13
F090
F4AA
F62C
F4A3
F07E
EB00
E5F5
E33C
E44E
E9CF
F356
FF73
0BF7
1673
1CC6
1DA5
18E9
0FA2
03D3
F7FF
EE8C
E935
E8A7
EC64
F2ED
FA36
0032
035F
032C
001A
FB8F
F772
F59F
F762
FD16
0605
108D
1A8A
21D2
24C4
22A9
1BDD
11BB
064C
FBD3
F453
F125
F2C1
F8B3
01C1
0C38
1643
1E3F
2300
23F3
2127
1B3C
1341
0A7F
0246
FBBF
F7B6
F682
F7F4
FB5C
FFB0
03BD
066A
06FE
054B
01C2
FD60
F96D
F729
F775
FA8D
FFEA
0660
0C65
1078
118E
0F60
0A84
044A
FE5F
FA56
F92D
FB09
FF1F
03F3
07C2
090A
0701
01D8
FAB2
F357
EDB3
EB48
ECBF
F1B5
F8DC
005D
0663
09A4
09C5
0768
03FE
014A
00D9
0382
0923
10A3
1847
1E2E
20DA
1F9A
1AB7
1359
0B2B
03EB
FEF1
FCEB
FDC8
00E1
0549
0A1D
0EC7
130E
16F9
1A9B
1DD1
201E
20B2
1EA1
193C
1068
04DE
F82C
EC70
E3E4
E04B
E273
E9F2
F530
01C4
0D10
14E4
1809
1682
1178
0AD4
04AA
00A3
FF88
011F
0450
0790
0962
08CD
05A2
007A
FA79
F4E5
F0C2
EE88
EE0F
EEB5
EFAE
F059
F07E
F061
F0A3
F1F4
F4C5
F90C
FE34
0342
072C
0937
093F
07D7
061F
056C
06CD
0AA5
106E
16CD
1BE6
1DE6
1B96
14C1
0A59
FE44
F2E3
EA6D
E65D
E716
EBD4
F2F6
FA7F
00AD
046E
0594
04BF
0303
0171
00AA
00AD
00DD
0052
FE49
FA89
F5A1
F0D4
EDC0
EDDC
F1EC
F9A7
03A8
0DBF
157D
18E7
1702
1026
05DE
FA80
F07E
E9BC
E715
E837
EBE0
F05F
F43A
F6AC
F7E1
F8D2
FAD1
FEED
0569
0D70
1537
1A74
1B1A
1613
0BBC
FDF7
EFC7
E488
DF02
E098
E8E0
F5B6
03DA
0FD4
16F9
1826
1405
0CC8
056E
00C4
0081
04B7
0BD0
130B
1765
1690
0FC0
03F8
F5CE
E8AF
DFDB
DD73
E1D1
EB6C
F74C
01E9
0830
085F
0283
F85C
ECCD
E2F3
DD39
DCAA
E0B1
E764
EE2C
F2A2
F357
F040
EAB0
E4EB
E15F
E1E0
E710
F027
FB34
05B2
0D48
107D
0F22
0A54
041E
FED5
FC5F
FDA8
025F
091E
0FD6
1474
157D
1272
0BF1
0376
FAE8
F40D
F012
EF45
F120
FB7D
FA28
F983
F909
F867
F791
F6B5
F61B
F5FD
F669
F73D
F835
F90A
F99C
FA04
FAA0
FBF3
FE82
029F
0844
0EFC
15F7
1C2D
2099
2275
2164
1D87
176F
1000
0841
012D
FB92
F800
F6CC
F813
FBC9
01B7
0974
125B
1B7F
23AE
298F
2BD5
2984
2236
1653
0727
F6BE
E795
DC2C
D679
D77E
DEFB
EB69
FA3B
0858
12BF
1726
147B
0B21
FCE0
EC87
DD51
D237
CD51
CF64
D7BE
E466
F292
FF45
07F6
0B1B
0873
0102
F6CD
EC56
E408
DFAC
E012
E4F1
ED10
F6A3
FFC6
06ED
0B3A
0C9F
0BC3
09BD
07BB
06A6
06E6
0853
0A4D
0BFA
0C91
0B99
090F
0565
015D
FDD0
FB74
FAAB
FB77
FD86
0059
0371
0675
0946
0BF2
0E97
1143
13D0
15E6
170A
16C7
14E1
1176
0D0F
087E
04AD
0255
01BD
0299
0419
051E
0497
01DF
FD00
F6CE
F0B8
EC6D
EB5D
EE48
F4ED
FE0B
07A4
0F81
13C8
138B
0F0E
07C6
FFF9
FA27
F85B
FB9A
0395
0EBC
1A9C
2483
2A2E
2A53
24E8
1B18
0EE1
0290
F82E
F116
EDC4
EDEC
F0BE
F547
FABE
00B1
06FB
0D8F
143B
1A70
1F3A
2165
1FD7
19F6
0FFE
032C
F595
E9C5
E224
E059
E4D7
EEA8
FBA6
08F4
13B2
19B4
1A04
1519
0CA3
0314
FAF2
F62D
F5A5
F909
FEFA
0589
0ABF
0D2F
0C4B
0876
02D0
FCD5
F7E4
F4E0
F3FB
F4C1
F650
F7AE
F81F
F75D
F5AA
F3A8
F220
F1B7
F2B5
F4EF
F7DA
FAB9
FCE5
FE04
FE2C
FDE2
FDEF
FF22
020C
06CE
0D02
13D1
1A1F
1ED9
2132
20DE
1E1F
19B6
14B2
102E
0D07
0BAA
0BF4
0D3E
0E83
0E9F
0C9E
07FB
00D5
F7F2
EEAB
E6A3
E174
E04A
E390
EAC7
F482
FEAC
06EA
0B25
0A08
035B
F826
EA80
DD21
D2C8
CD93
CE80
D52D
DFF1
EC4B
F784
FF68
02CE
01E8
FE25
F9C5
F729
F824
FD6A
0654
110A
1B01
21B5
2359
1F60
16A8
0B3C
FFC9
F6E0
F246
F283
F6C2
FD25
0354
0733
077F
0428
FE49
F7D1
F2E2
F12D
F36E
F92F
00EA
087C
0DC0
0F2E
0C51
05E7
FDB4
F608
F125
F0A7
F51B
FDDE
0944
1502
1EB3
245F
24E1
2015
16D1
0AAB
FD9E
F1A7
E872
E315
E1F5
E4C0
EA8F
F20E
F9C1
003D
046F
05CB
0465
00F0
FC96
F8B5
F68E
F6EE
F9F9
FF17
0514
0A72
0DD3
0E5D
0C0A
07B4
02E3
FF68
FED2
01F5
0898
1170
1A67
2125
23AF
20F8
192E
0DBE
00F4
F569
ED54
E9FE
EB78
F0AB
F7B6
FE89
0377
05AE
055B
0380
018A
00C3
01D9
049D
080E
0AAD
0B02
0824
0211
F9CC
F11C
EA12
E677
E73E
EC43
F449
FD53
052C
0A01
0AD5
07BA
01C3
FAA8
F44F
F04C
EF8A
F224
F780
FE8D
0617
0D0C
12A6
1672
183C
17F0
1589
1114
0AC9
032B
FB1F
F3DC
EEBF
ECF0
EF05
F4B7
FCCA
053B
0BAF
0E14
0B3E
0351
F7DB
EB89
E17C
DC78
DE17
E649
F33F
01D4
0E58
158C
1581
0E22
0140
F214
E45F
DB67
D913
DD6A
E6A3
F1A4
FAF1
FFA8
FE52
F749
EC9F
E187
D971
D719
DBCC
E710
F6CB
07CD
16A6
2077
2395
1FDD
1696
0A0A
FCE6
F19B
E9E1
E677
E728
EB06
F0C5
F70F
FCD2
015A
045E
05E7
0639
05B5
04CB
03EA
0377
03BF
04E5
06D1
0920
0B31
0C39
0B78
0871
031B
FC01
F42E
ECFD
E7C5
E57C
E667
E9FE
EEF9
F3A2
F642
F59A
F13E
E9C2
E09B
D7CA
D15C
CEE8
D128
D7CD
E19B
ECBA
F733
FF69
047B
066A
0606
04A6
03BE
047C
0777
0C8F
12F7
1970
1E90
211D
2042
1BC0
13EE
09AC
FE38
F2FF
E96B
E2AF
DFA3
E09E
E566
ED2B
F6A2
002F
082A
0D29
0E52
0B8A
0588
FDB9
F5F6
F01C
EDA4
EF49
F4D9
FD40
06C9
0F82
15B5
1840
16D9
1205
0AF2
0319
FBE4
F65D
F302
F1C3
F228
F389
F54D
F70F
F8AE
FA3D
FBDD
FD9C
FF5B
00CB
0189
013D
FFC5
FD4C
FA46
F757
F528
F432
F49C
F634
F87F
FAE2
FCD3
FE01
FE67
FE40
FDE8
FDAE
FDB0
FDD0
FDC1
FD2E
FBF2
FA3C
F8A0
F7F9
F92E
FCDD
0312
0B16
137C
1A63
1DE3
1C91
15EF
0AA9
FC8A
EE25
E24A
DB60
DADB
E0E1
EC49
FAE3
09F8
16F2
1FE3
23E3
2327
1ED5
189A
123A
0D1E
0A13
0932
0A04
0BBB
0D80
0EAD
0EED
0E3F
0CDC
0B0E
090F
06F7
04B5
022B
FF3E
FBFB
F897
F579
F31E
F206
F292
F4F3
F91A
FEBB
054D
0C19
1242
16DE
1907
17FF
1353
0B08
FFB8
F299
E56B
DA36
D2F3
D119
D542
DEEA
EC6D
FB4B
089F
11C4
14E5
1176
0851
FB89
EDEC
E253
DAFC
D902
DC2D
E316
EB9E
F38E
F937
FBE0
FBF0
FAAF
F9DB
FB05
FF0E
05D3
0E2D
163E
1BF9
1DC0
1AD8
13AC
09B3
FF12
F60F
F07B
EF43
F245
F86C
000D
0762
0D08
104A
113D
1093
0F4D
0E58
0E3D
0EFD
1019
10D0
106A
0E80
0B27
06EE
02B0
FF48
FD4C
FCD0
FD5D
FE17
FDFC
FC3E
F88B
F335
ED26
E7AC
E421
E391
E670
EC78
F4B5
FDC6
0625
0C8A
1023
10BE
0EBE
0AED
0647
01B3
FDDC
FB14
F95F
F889
F84B
F86C
F8D0
F97D
FA8D
FC1A
FE28
009E
033D
05B5
07B0
08EA
0941
08B8
0777
05C3
03EE
024B
0122
00AA
0102
022E
0412
0674
08FF
0B47
0CE0
0D74
0CD9
0B27
08C4
0654
04A3
0472
0649
0A41
0FF2
1671
1C76
20A0
21BF
1F24
18D4
0F96
04D1
FA48
F1BD
EC88
EB51
EDEC
F365
FA45
00EB
05FA
08AA
08F9
07A6
05F6
0558
06FC
0B79
1296
1B51
240F
2B01
2E90
2DC1
2874
1F71
1434
089C
FE79
F728
F349
F2AB
F46B
F739
F9BC
FAE7
FA3A
F7D7
F464
F0CF
EE01
EC8F
EC99
EDBF
EF47
F062
F073
EF4B
ED3F
EB1C
E9EA
EAA5
EDE8
F3BA
FB7B
0404
0BE7
11CC
14C2
147F
116B
0C87
0724
0291
FFC7
FF34
00AD
038B
06EA
09EE
0C0D
0D2F
0DAE
0E36
0F82
121B
1620
1B31
207B
24EA
2768
272B
23E5
1DE0
15F2
0D4B
053B
FEE7
FB0D
F9E4
FB18
FDE2
0136
0401
055B
04BA
0208
FDA0
F843
F2E9
EE9B
EC38
EC4C
EEF2
F3C7
F9F6
0060
05CB
0927
09C7
078D
02FB
FD20
F769
F356
F225
F48C
FA89
0358
0D95
177F
1F53
23A2
239B
1F31
1718
0C9F
016B
F72D
EF52
EAD3
EA11
ECD7
F26F
F9C6
019A
08A7
0DD0
1042
0F91
0BBF
0545
FD00
F416
EBC6
E534
E138
E034
E207
E61B
EB8B
F15E
F6C6
FB47
FED1
01AD
044F
071C
0A31
0D48
0FBF
10C5
0FA2
0C02
062E
FF13
F817
F2C5
F059
F15D
F573
FB5A
0138
0520
05A0
0239
FB96
F36F
EC16
E7D4
E834
ED85
F6A8
014A
0A7F
0F8C
0EB3
07C0
FC2E
EED1
E322
DC50
DC62
E3A7
F097
0037
0EE0
193A
1D19
1A09
115F
05CE
FA98
F2A5
EFB3
F1E5
F7C9
FECF
0417
0549
0142
F86A
EC94
E071
D6D6
D1EE
D2AE
D8A0
E212
ECA0
F5E8
FC28
FEB7
FE15
FBAF
F962
F8E1
FB36
0079
07D5
0FCC
16AA
1AFF
1C01
19AD
14BB
0E59
07D1
0230
FE0D
FB7D
FA28
F983
F909
F867
F791
F6B5
F61B
F5FD
F669
F73D
F835
F90A
F99C
FA04
FAA0
FBF3
FE82
029F
0844
0EFC
15F7
1C2D
2099
2275
2164
1D87
176F
1000
0841
012D
FB92
F800
F6CC
F813
FBC9
01B7
0974
125B
1B7F
23AE
298F
2BD5
2984
2236
1653
0727
F6BE
E795
DC2C
D679
D77E
DEFB
EB69
FA3B
0858
12BF
1726
147B
0B21
FCE0
EC87
DD51
D237
CD51
CF64
D7BE
E466
F292
FF45
07F6
0B1B
0873
0102
F6CD
EC56
E408
DFAC
E012
E4F1
ED10
F6A3
FFC6
06ED
0B3A
0C9F
0BC3
09BD
07BB
06A6
06E6
0853
0A4D
0BFA
0C91
0B99
090F
0565
015D
FDD0
FB74
FAAB
FB77
FD86
0059
0371
0675
0946
0BF2
0E97
1143
13D0
15E6
170A
16C7
14E1
1176
0D0F
087E
04AD
0255
01BD
0299
0419
051E
0497
01DF
FD00
0A3C
0B12
07CE
0247
FCB1
F8F1
F80C
F9F3
FDAD
01C1
04C5
05D2
04C2
0226
FEFB
FC3D
FA8E
F9FD
FA16
FA22
F980
F7FD
F5F4
F441
F3ED
F5C8
FA05
0008
0674
0B7D
0D6E
0B2C
049C
FABF
EF7D
E52D
DDFA
DB50
DD82
E3B6
EC28
F4A3
FB16
FE11
FD16
F8A4
F1FF
EAD7
E4D6
E149
E0E8
E3C8
E970
F10A
F98E
01F0
093C
0EB2
11D6
128A
111C
0E4C
0B40
0953
09CA
0D79
1472
1DD4
27D8
3026
345E
32BE
2AB0
1D1C
0C55
FBA6
EE86
E7B8
E88B
F06D
FD04
0AB7
159E
1A7E
17A5
0D54
FDA8
EC03
DC1D
D112
CC9D
CEC3
D5FF
DFD5
E9A5
F16B
F646
F88E
F987
FAC8
FD94
025C
088F
0ECE
136B
1503
1303
0DE1
06FB
0025
FB11
F8B8
F913
FB1E
FD43
FDF3
FC47
F866
F395
EFD7
EF49
F364
FC63
0909
16DA
22BC
29D5
2A60
2437
18E8
0B52
FED5
F666
F3C1
F6F4
FE70
0787
0F3B
131A
11E5
0BD4
0269
F7E6
EE97
E823
E52C
E53E
E71B
E943
EA7C
EA3B
E8BC
E6D8
E5A2
E5F5
E820
EBCB
F021
F42A
F730
F911
FA51
FBE9
FEE4
03EB
0AEC
12F7
1A77
1F9A
20EA
1DC5
16A4
0D06
030A
FAD3
F5ED
F4DD
F706
FAF0
FED0
012A
015F
FFDC
FDF6
FD6D
FFB5
055F
0DB8
16DB
1E27
2109
1DCC
143E
05E8
F5BF
E76F
DE5E
DCBA
E2DC
EF20
FE55
0C98
165A
1957
1529
0B5B
FEF0
F38A
EC73
EBBF
F1D4
FD61
0BCE
19F9
2504
2B00
2B4D
269B
1E91
154B
0CC9
067F
031B
0287
041A
06E1
09E4
0C5B
0DC4
0DE7
0CC7
0A94
07A7
0478
019F
FFC1
FF78
0128
04D7
0A15
0FFB
1554
18E3
19B3
1766
1259
0B9F
04C2
FF5D
FCAE
FD3F
00BE
0616
0BBE
102A
123B
118D
0E88
0A33
05DE
02B0
0158
01DC
03B0
05FB
07F2
092D
09D3
0A86
0C20
0F51
143B
1A40
2011
23F5
2452
202E
1796
0BC3
FEE4
F39D
EC68
EAF0
EFA9
F9AE
070B
1533
21AB
2A96
2F0C
2F2D
2BDE
266A
2009
1994
1362
0D65
076D
016D
FBB5
F6F0
F3F8
F381
F5C7
FA51
FFF5
0514
080D
07B9
03D3
FD1F
F545
EE61
EA70
EABA
EF72
F79F
0160
0A76
10E0
136C
1201
0D98
07E5
02C8
FFBD
FF71
0197
0518
087A
0A65
0A14
0799
03CB
FFFA
FD7A
FD2A
FF22
02A7
0661
08C3
088B
0525
FEDB
F6C6
EE7C
E79F
E36B
E269
E458
E851
ED17
F179
F49B
F629
F649
F574
F434
F2EC
F1B6
F069
EEBD
EC7E
E9BB
E6D6
E477
E35F
E429
E715
EBE7
F1F2
F842
FDD9
01F8
0446
04E1
0440
0304
01BC
00B2
FFDF
FEF2
FD80
FB33
F7F4
F403
EFE7
EC4B
E9CC
E8CF
E96B
EB6D
EE77
F225
F62F
FA75
FEF2
039C
0840
0C67
0F5D
1059
0EBE
0A5F
03B2
FBDB
F47B
EF55
EDDF
F0D0
F7E9
01E9
0CDB
1687
1D02
1F1E
1CB0
1681
0E09
04F6
FCB7
F625
F16E
EE37
EBF8
EA5C
E982
EA10
ECF4
F302
FC78
08A2
15C8
2174
28FE
2A4C
247B
184A
0811
F74B
E9C1
E294
E366
EBE8
F9E1
09C1
178B
1FDF
20D2
1A61
0E61
FFEA
F27B
E90A
E54C
E763
EE02
F6F9
FFF1
071E
0BBB
0E16
0F4F
10C1
1370
178B
1C4B
2024
2143
1E34
166C
0AA1
FCB5
EF5B
E56A
E12E
E3CC
ECFA
FB06
0B3C
1A7E
25F1
2B8B
2A71
2308
16CC
07F0
F8EF
EC21
E359
DFB4
E176
E80F
F236
FE15
0993
12A5
17A5
17AE
12D0
0A23
FF9F
F5B7
EED9
ECD3
F05A
F8D1
0458
1036
1987
1DEE
1C3F
14CE
0962
FCC8
F217
EBE7
EBA5
F13C
FB23
06D1
1170
189B
1AF8
1877
123A
0A20
022C
FBE7
F803
F63E
F5A0
F4F0
F335
F01F
EC2C
E884
E696
E797
EC0C
F38E
FCCF
05F3
0D07
108A
0FD8
0B47
0409
FBCB
F437
EE83
EB28
E9D9
E9BA
E9BB
E8FD
E722
E46A
E199
DFB5
DFAF
E211
E6D5
ED60
F4AE
FB96
010A
0456
052E
03AD
0038
FB57
F599
EF8B
E9B5
E4A2
E0E1
DEFA
DF4E
E1EE
E680
EC35
F1DE
F62E
F806
F6CC
F2A1
EC65
E58C
DFBC
DC5E
DC37
DF33
E46F
EA80
EFEE
F3AB
F571
F5D5
F616
F7AC
FBB3
0273
0B23
1403
1ACC
1D5E
1A70
1213
05D8
F881
ED5C
E761
E85B
F061
FDB9
0D43
1B42
245C
2679
2153
1680
0903
FC72
F3FE
F198
F57A
FE22
08D5
126A
1837
18CA
1449
0C5C
03AC
FD17
FAE5
FE20
0650
119F
1D51
2682
2ADA
2921
217C
1558
0705
F924
EE0F
E760
E5AA
E87A
EE8A
F61A
FD5C
02CD
057A
0515
01F8
FCFC
F748
F213
EE6D
ED0E
EE36
F1A8
F6B3
FC56
0172
050B
0678
0594
02C4
FEE8
FB26
F8AC
F865
FAC1
FF9B
0643
0DA8
149D
1A16
1D65
1E53
1D15
1A2B
162D
119E
0CCA
07CC
029A
FD34
F7C5
F2B6
EEAA
EC5C
EC64
EF08
F40D
FAB5
01DC
0835
0C99
0E54
0D50
0A21
05DC
01D5
FF42
FEED
00FA
04E2
098A
0D8F
0F8F
0E85
09FC
0228
F7D9
EC4E
E0F2
D718
CFC5
CB87
CA71
CC2B
D010
D560
DB6A
E1AD
E7EC
EE2F
F4A7
FB91
0309
0AE2
1291
1930
1D9B
1EAB
1B87
13E9
0856
FA2D
EB80
DEBE
D636
D395
D779
E136
EEEC
FDDE
0B06
13C7
167D
12E9
0A37
FEB4
F340
EA95
E6A5
E820
EE5D
F793
0156
0943
0D90
0D7D
096C
02AF
FB23
F4A1
F08F
EF91
F180
F590
FAAB
FFC2
0417
0756
0985
0AD4
0B66
0B25
09BD
06BB
01C5
FADF
F293
E9F4
E273
DD86
DC4C
DF30
E5C6
EED9
F8B6
019D
0837
0BEA
0CFC
0C70
0BA4
0BDE
0DD7
1175
15CB
1957
1A7D
1807
1199
07E8
FC9F
F205
EA69
E78F
EA30
F1C8
FCAD
0874
1283
18B5
19D1
15D3
0DDF
03EA
FA40
F2F5
EF6C
F012
F45F
FB03
024D
0896
0CA0
0DD6
0C58
08E0
0481
005A
FD53
FBEF
FC38
FDD2
001F
0273
043D
0526
051F
0456
031D
01CC
00AD
FFE5
FF7B
FF63
FF8D
FFF9
00C1
020F
0411
06D6
0A3C
0DDE
111B
1333
1373
1169
0D16
06FF
0021
F9C6
F535
F363
F4A8
F8A2
FE3A
03E6
0809
095E
0753
023B
FB3E
F418
EEA4
EC63
EE17
F393
FBC4
0500
0D7A
13B6
16EE
172E
1543
1265
0FCC
0E4B
0E0C
0E8D
0ED4
0DCD
0AAE
054D
FE37
F698
EFE3
EB6E
EA0C
EBD4
F025
F5DA
FBAC
0095
0417
0658
07F7
09C5
0C66
1002
142A
17F4
1A46
1A3A
1774
1256
0BEA
0599
00BF
FE38
FE1D
FFB7
01BC
02BE
01A4
FE14
F895
F26A
ED2F
EA52
EA9A
EDDD
F310
F899
FCD6
FEAA
FDDF
FB33
F81A
F634
F6B4
F9E5
FF00
045B
07FD
0852
04CD
FE47
F6E2
F17E
F0E0
F6C2
032D
143C
267B
35BB
3E37
3D9F
33C9
22CF
0E7E
FB58
ED5A
E6E7
E83A
EF6B
F921
019D
05E5
049D
FE60
F575
ECF6
E7C9
E7A1
EC72
F47B
FCDE
02A1
03B6
FFBD
F83A
F029
EB15
EBF1
F413
02B1
14F0
26A7
3385
3849
33B8
26F5
1531
02C1
F3E4
EB97
EAC7
F02F
F8D1
00EE
0534
03B6
FC78
F159
E577
DC32
D82D
DA86
E299
EE40
FA84
0482
0A3C
0B12
07CE
0247
FCB1
F8F1
F80C
F9F3
FDAD
01C1
04C5
05D2
04C2
0226
FEFB
FC3D
FA8E
F9FD
FA16
FA22
F980
F7FD
F5F4
F441
F3ED
F5C8
FA05
0008
0674
0B7D
0D6E
0B2C
049C
FABF
EF7D
E52D
DDFA
DB50
DD82
E3B6
EC28
F4A3
FB16
FE11
FD16
F8A4
F1FF
EAD7
E4D6
E149
E0E8
E3C8
E970
F10A
F98E
01F0
093C
0EB2
11D6
128A
111C
0E4C
0B40
0953
09CA
0D79
1472
1DD4
27D8
3026
345E
32BE
2AB0
1D1C
0C55
FBA6
EE86
E7B8
E88B
F06D
FD04
0AB7
159E
1A7E
17A5
0D54
FDA8
EC03
DC1D
D112
CC9D
CEC3
D5FF
DFD5
E9A5
F16B
F646
F88E
F987
FAC8
FD94
025C
088F
0ECE
136B
1503
1303
0DE1
06FB
0025
FB11
F8B8
F913
FB1E
FD43
FDF3
FC47
F866
F395
EFD7
EF49
F364
FC63
0909
16DA
22BC
29D5
2A60
197C
1637
13F3
12F4
1312
13C7
145E
142A
12C5
102E
0CD5
0981
0712
0645
076E
0A53
0E34
11F2
145A
1481
120A
0D4C
0744
0153
FCE0
FAEC
FBC4
FEE6
031B
06D4
089D
0795
03BC
FE03
F810
F3CE
F2DC
F60B
FD13
0696
106F
1842
1C21
1B12
155A
0C69
027A
F9EF
F4AC
F391
F63B
FB2E
003F
0342
02A7
FDF2
F5E6
EC4B
E376
DDA3
DC65
E03D
E889
F3BD
FFDA
0AF0
1393
1919
1B94
1B93
19CC
16C4
12A1
0D31
0624
FD5C
F33E
E8D3
DFAF
D9A0
D82E
DC1D
E516
F19C
FF4E
0B76
13B6
16AC
144E
0DF4
05FA
FF17
FB9C
FCC7
026E
0B00
13F7
1A8D
1C7F
18B3
0F82
02A4
F4B5
E883
E04F
DD46
DF3B
E4D3
EBF5
F26D
F68A
F789
F5B6
F238
EEA6
EC7A
ECA3
EF42
F3AC
F8B2
FD07
FFAA
003B
FF05
FCE3
FAE9
FA01
FA9D
FC8D
FF0E
010B
0178
FFAD
FB9B
F5DD
EF86
E9D4
E5D4
E410
E46F
E641
E878
EA08
EA37
E8E0
E683
E421
E2F9
E424
E847
EF55
F88E
029C
0BE9
12F2
169E
1677
12C0
0C59
048E
FCCD
F65F
F22F
F0A6
F1A8
F4A2
F8B2
FCD2
0006
0187
00E3
FE0D
F963
F39F
EDB5
E8AE
E575
E4A4
E666
EA66
EFDF
F5C3
FAF3
FE87
0002
FF75
FD7F
FB2D
F9B7
FA34
FD56
0337
0B48
146E
1D37
2427
2804
2816
2449
1D2F
13E5
09DF
00AD
F9BE
F628
F686
FADD
029A
0C9C
1752
20EA
2792
29C0
2683
1DBD
1047
FFE7
EF13
E08B
D6D4
D3AC
D7A7
E1F8
F090
007D
0E8A
17F1
1AF7
1753
0E3D
0220
F607
ECE2
E8D3
EAB6
F1EE
FCA0
082D
11DD
1789
1813
139F
0B6E
017B
F7F2
F0A9
ECB7
EC4F
EED4
F325
F7FD
FC4D
FF77
0162
0255
02CC
0333
03C4
0477
0515
055C
052C
04A0
040C
03E1
0481
060D
084F
0ABB
0C98
0D39
0C3E
09C0
0654
02E7
0074
FFAC
00B2
02FB
0569
0698
0550
00F6
F9D1
F11D
E8C8
E2FA
E176
E512
ED60
F8AE
0464
0DA3
1207
1050
08C6
FD35
F084
E5FE
E079
E19C
E96A
F643
0541
12F8
1C4B
1F29
1B06
10EA
0320
F497
E823
DFDD
DCB7
DE6D
E3BF
EAEE
F23F
F86C
FCE1
FFB7
0179
02CB
041A
0566
0647
0618
0445
009E
FB80
F5E0
F111
EE6D
EEEA
F2C8
F96B
0171
0903
0E4B
0FEC
0D5D
070E
FE4C
F4E4
ECB1
E720
E4E1
E5C5
E8E1
ECE1
F075
F2B8
F368
F2FA
F263
F2C9
F51F
F9CF
0097
088F
106A
16D0
1AB9
1BB5
1A01
166D
1213
0DF9
0AC0
086B
0663
03AB
FF35
F851
EEFA
E406
D909
D00C
CB0C
CB78
D1BF
DD1F
EBB1
FAC7
0779
0F50
10D0
0BDA
01B0
F4B2
E7D3
DDEA
D909
DA0E
E06D
EA60
F55B
FEAC
0423
0495
0020
F819
EEAC
E657
E144
E0CC
E52D
ED80
F806
0296
0B25
103A
1135
0E5D
08AF
018C
FA54
F414
EF56
EC1E
EA16
E8C8
E7E1
E75B
E783
E8E2
EC05
F141
F881
013D
0A86
133E
1A5A
1F21
2153
212B
1F3F
1C4B
18ED
157D
11F7
0E12
096C
03CD
FD50
F67F
F03E
EB96
E969
EA26
ED99
F2E5
F8B3
FD7F
0007
FF9B
FC5B
F734
F1A5
ED5F
EBD2
EDCC
F33D
FB3C
043F
0C7D
125B
14CE
138D
0F12
086D
00F3
F9E5
F42B
F030
EDE6
ECEB
ECBE
ECF6
ED5C
EDF4
EEE2
F048
F221
F434
F616
F74C
F776
F676
F48B
F244
F05E
EF93
F057
F2BC
F660
FA8B
FE6A
0148
02D1
0323
02C9
0288
031B
04E7
07D2
0B3C
0E27
0F81
0E80
0AEB
0542
FEA8
F8A7
F4C0
F408
F6D0
FC88
03DD
0B11
1072
12CE
11C8
0DF4
08A8
039F
0079
0047
033E
08AA
0F24
14F9
18AC
1960
1719
12BA
0DBD
09C1
080C
0921
0C95
1120
14FB
1659
13F7
0D7B
03A5
F826
ED40
E532
E1A8
E349
E987
F2BE
FC9C
04B1
090F
08C1
0407
FC42
F39B
EC70
E8BD
E99A
EEF9
F7A5
019A
0A83
1053
11C7
0EB5
0813
FFB7
F7DF
F29D
F15A
F47D
FB55
044E
0D5B
147D
1844
1826
149F
0F08
093B
0513
03EE
0655
0BD5
1321
1A61
1FAD
2184
1F2D
18E2
0FBF
057C
FC01
F4F2
F151
F144
F419
F876
FCB2
FF3F
FF02
FB93
F555
ED52
E508
DE0F
D9C7
D915
DC3A
E2CB
EBCC
F5E0
FF89
0767
0C70
0E1A
0C66
07E1
0187
FA96
F460
F00D
EE71
EFE7
F44A
FAFC
0306
0B4C
12BC
187E
1C14
1D62
1CA5
1A55
16FE
1326
0F2E
0B54
07B6
046C
0195
FF67
FE2E
FE38
FFBC
02C0
0706
0C0A
111A
1570
1863
1987
18C3
1650
12A4
0E4E
09D5
059C
01DC
FEAF
FC2A
FA7A
F9F2
FB0A
FE3E
03E2
0BEF
15DF
20A9
2ADF
32F0
3781
37C0
339F
2BE0
21EF
1793
0E7F
07F0
0469
039F
04A3
0632
071C
06A3
04AD
01C7
FEEA
FD22
FD29
FF17
0248
0576
070D
05A1
005C
F74E
EB8B
DEF5
D3E5
CC9D
CACC
CF2A
D94B
E7BA
F843
0861
15BE
1E99
2204
2002
1968
0FAF
04A3
FA21
F1CA
ECD3
EBE0
EEF2
F56A
FE21
0790
1013
162E
18D9
17B9
133C
0C89
0548
FF3F
FBE7
FC0F
FF9B
0587
0C24
1181
13F3
1287
0D4B
0553
FC77
F4D9
F058
F015
F427
FB9E
04C3
0D9C
146A
1821
189C
1697
1361
106B
0ED7
0F26
1120
13F3
1688
17EA
1792
159A
12A5
0FAA
0D94
0CF0
0DBA
0F5D
10E4
1154
0FFD
0CC3
0824
0316
FEBA
FBF7
FB33
FC2C
FE12
FFCE
005E
FF35
FC6A
F8B6
F535
F305
F2DE
F4C7
F80A
FB5F
FD54
FCC6
F944
F344
EC13
E57B
E149
E0C6
E45F
EB85
F4DC
FEA3
0732
0D6A
10F5
123B
121F
1195
113F
1128
10D0
0F64
0C2E
0700
0079
FA02
F57F
F4C0
F8E7
01E9
0E5C
1BB3
26CE
2CC4
2BB7
235B
1524
03F1
F357
E6B4
E056
E0EC
E766
F158
FBB3
03A9
076F
06AA
026A
FCBE
F7F8
F5F0
F770
FC00
021C
07BC
0B0A
0AFB
07AE
0266
FD26
FA10
FAC3
FFD6
08B1
13B8
1ECB
27D6
2D68
2EF9
2CF2
2862
2288
1C63
165E
104A
0997
01B5
F880
EE7F
E4EA
DD5C
D958
D9C1
DE76
E63A
EEF3
F63F
FA1E
F99F
F530
EE9C
E88D
E5D1
E881
F15B
FF6E
104E
20A7
2D1C
3329
31C1
2990
1CB7
0E2A
00E0
F707
F184
EFE1
F09C
F1C7
F1BC
EFAB
EBD7
E774
E428
E370
E604
EB86
F289
F8FA
FCBD
FC65
F7AC
EFA3
E672
DEC1
DAFC
DC95
E39A
EEA3
FB2E
064C
0D69
0EFB
0AE5
0279
F810
EE6A
E7F8
E641
E99B
F131
FB5A
0621
0FCD
1744
1C33
1EF2
2038
20BC
20E3
209A
1F61
1C8A
1787
1039
071A
FD38
F3FB
ECD4
E8D6
E875
EB5E
F092
F6A0
FC05
FF88
007D
FEE9
FB71
F72B
F352
F100
F0EC
F352
F7EA
FE00
049F
0ABB
0F62
11D6
11AF
0EDE
09BB
02F4
FB7D
F477
EEFC
EBFA
EBFE
EF0F
F4A6
FBB5
02DA
089C
0BBC
0B7B
07C9
0150
F952
F168
EB2D
E7DE
E81B
EBC6
F207
F983
00AB
0611
08BA
084D
0526
0037
FAD5
F669
F427
F4D0
F88E
FEF0
0707
0F9A
1765
1D57
20C9
2196
201A
1D16
197C
1637
13F3
12F4
1312
13C7
145E
142A
12C5
102E
0CD5
0981
0712
0645
076E
0A53
0E34
11F2
145A
1481
120A
0D4C
0744
0153
FCE0
FAEC
FBC4
FEE6
031B
06D4
089D
0795
03BC
FE03
F810
F3CE
F2DC
F60B
FD13
0696
106F
1842
1C21
1B12
155A
0C69
027A
F9EF
F4AC
F391
F63B
FB2E
003F
0342
02A7
FDF2
F5E6
EC4B
E376
DDA3
DC65
E03D
E889
F3BD
FFDA
0AF0
1393
1919
1B94
1B93
19CC
16C4
12A1
0D31
0624
FD5C
F33E
E8D3
DFAF
D9A0
D82E
DC1D
E516
F19C
FF4E
0B76
13B6
16AC
144E
0DF4
05FA
FF17
FB9C
FCC7
026E
0B00
13F7
1A8D
1C7F
18B3
0F82
02A4
F4B5
E883
E04F
DD46
DF3B
E4D3
EBF5
F26D
F68A
F789
F5B6
F238
EEA6
EC7A
ECA3
EF42
F3AC
F8B2
FD07
FFAA
003B
FF05
FCE3
FAE9
FA01
FA9D
EB57
F286
F875
FCA8
FF40
00D8
0235
03F8
0654
08FB
0B31
0C12
0ADF
0755
01D5
FB5E
F556
F127
EFDA
F1CA
F67C
FCC3
030A
07C7
09E6
0919
05ED
0197
FDA2
FB6D
FBCF
FECD
039D
08DE
0CFF
0EB2
0D4A
08E9
0275
FB56
F50B
F0CC
EF3A
F049
F354
F769
FB97
FF3D
022A
0497
06F6
09AB
0CC7
0FE7
123E
12CE
10C1
0BC2
043A
FB58
F2DE
ECBB
EA84
ED08
F400
FE15
0921
12B7
18B6
19D4
15EC
0E08
0410
FA51
F2DF
EF17
EF51
F2DD
F84B
FDDB
0206
03E0
034E
00F5
FDF4
FB7C
FA69
FAFF
FCE0
FF36
0105
018C
008B
FE5F
FBE0
FA15
F9D6
FB6D
FE76
01EA
0473
04DC
028A
FDC5
F7C5
F26F
EFD0
F17C
F7FD
0288
0F0C
1AA0
2240
239C
1DC9
119A
0181
F0FD
E3BE
DCA7
DD07
E43A
EFCB
FC20
0572
08DD
0536
FB64
EE2E
E17C
D93E
D856
DFBB
EE2C
0077
1254
1F8E
2526
222C
17FD
09E1
FC1E
F2C4
F07E
F5D4
00FD
0E5E
1993
1EAC
1B5B
0FA1
FDE1
EA41
D98E
CFEB
CFB0
D8C3
E89B
FAF9
0B09
14B6
15C6
0E6A
012B
F22D
E609
E089
E3A0
EEF0
FFEC
1291
2287
2C44
2DF6
27EB
1C5F
0ECC
02EB
FBB8
FAB2
FF92
0885
12C7
1B77
2061
207D
1C1E
14A7
0C0D
0431
FE62
FB0E
F9D3
F9C1
F9D0
F949
F804
F66C
F54A
F569
F739
FA90
FEAF
026F
04A8
0499
0235
FE35
F9F0
F6F6
F68F
F953
FEE7
060F
0CFC
11CF
132D
10A2
0AD3
0356
FC43
F7A1
F6CF
FA1E
00B0
08B4
0FD9
13ED
1370
0DFB
0456
F84C
EC37
E277
DCEA
DC8F
E15F
EA64
F604
0258
0D8B
1624
1B2B
1C3A
196C
134F
0ACB
010B
F768
EF4C
EA04
E88A
EB51
F218
FBD8
06E4
1130
18B4
1BE7
1A1D
13B9
0A27
FF85
F62B
F012
EE59
F0FD
F6DE
FE0C
0450
07C5
0758
0312
FC0E
F42C
ED87
E9E6
EA45
EE99
F5E0
FE6D
0668
0C43
0F19
0ED0
0BFF
07A4
02C3
FE10
F9C9
F5BA
F173
ECA0
E74F
E21A
DE1F
DCBA
DF1C
E5E0
F0B4
FE47
0C78
18BE
20C5
22FD
1F06
15CE
096B
FC9D
F22E
EC55
EC32
F19F
FB43
06F4
1244
1B0E
1FEF
207C
1D41
1781
10CE
0AA2
0606
036C
02AD
033A
045E
0583
065F
070C
07EF
0993
0C6D
10AF
162A
1C4F
2249
272B
2A25
2AB2
28B3
2470
1E86
17C1
10F2
0AC8
05B3
01DD
FF35
FD7E
FC6D
FBC1
FB53
FB1B
FB25
FB82
FC35
FD25
FE19
FEBD
FEBA
FDD0
FBED
F942
F640
F38C
F1DA
F1C0
F393
F741
FC4C
01DC
06EC
0A7E
0BDA
0AB9
075B
0278
FD19
F856
F51A
F3EA
F4D0
F761
FAE2
FE85
019E
03D1
0523
05E3
068B
077F
08E8
0A99
0C0F
0CA0
0BA9
08D2
0431
FE59
F840
F309
EFBD
EF08
F110
F56C
FB45
018B
073F
0BA2
0E5C
0F71
0F22
0DBE
0B72
0836
03D2
FE05
F6C1
EE57
E598
DDC5
D854
D698
D95F
E0A7
EB7C
F81A
0443
0DBE
12DD
12E3
0E37
0641
FD14
F4DC
EF58
ED64
EECF
F271
F691
F968
F9AA
F6EB
F1C2
EBA2
E66E
E3F7
E56F
EB11
F409
FE9D
089F
0FF4
1313
1167
0B65
0268
F855
EF1C
E84A
E4B4
E45B
E683
E9FB
ED7D
F003
F107
F09B
EF53
EE0E
EDB4
EEEB
F1ED
F670
FBBE
00D8
04B4
067B
05B4
0269
FD21
F6D2
F0AD
EBED
E99B
EA54
EE30
F4AC
FCC1
050B
0C08
1065
1140
0E60
0848
002A
F7AD
F0A0
EC9A
ECA5
F103
F91E
03A4
0ECC
18B6
1FD3
232E
229F
1EC4
18D7
125C
0CC4
0919
07C8
0891
0A9D
0CC2
0DCC
0CD0
096A
03D6
FCE9
F5E5
F030
ED0A
ED40
F0FE
F7C2
0073
0999
11AC
1769
1A1C
19C4
171D
1370
1049
0F17
10C9
158E
1CBB
24E9
2C46
3103
31D0
2E35
26BE
1CE4
12B6
0A52
055A
047F
074C
0C3C
111F
13B1
1242
0C34
023B
F63C
EAD6
E2B3
DFD2
E2F7
EB6D
F736
0388
0D94
1347
13D3
0FE7
0974
0311
FF37
FF81
0429
0BF5
1488
1B13
1D29
197C
1045
0347
F556
E997
E2A1
E1C9
E6C7
EFD1
FA22
02C6
0771
071F
025B
FB07
F3C9
EF41
EF43
F44E
FD6B
0873
12AD
1993
1B7B
1806
1027
05CF
FB58
F2DB
EDA2
EBE9
ECE4
EF24
F111
F179
EFE6
ECB8
E8FE
E612
E525
E6E1
EB32
F152
F80A
FE0B
0250
045B
044C
02BA
0079
FE4E
FCB1
FBB4
FB15
FA68
F94F
F7AE
F5BA
F3EE
F2E1
F30F
F4AE
F798
FB59
FF59
0315
0647
0903
0BA4
0EA2
1254
16BE
1B70
1F99
2236
2261
1F9F
1A0F
1276
0A0D
0237
FC1A
F852
F6CB
F6C8
F72C
F6D4
F4FE
F186
ECF8
E865
E50C
E3F6
E59B
E9BF
EF7B
F588
FA9F
FDD7
FEED
FE43
FCB8
FB4D
FAC9
FB69
FCD4
FE3B
FEB0
FD8D
FACB
F722
F3E4
F2A1
F49C
FA4F
0324
0D71
16D9
1CE7
1DBF
18BB
0EAB
01BE
F4FB
EB77
E787
EA12
F252
FDFE
09E7
12D4
165D
1390
0B32
FF80
F390
EA78
E67D
E882
EFDA
FA8A
05E2
0F3D
14B5
1592
1260
0CAF
0688
01D8
FFF0
0139
053C
0ADF
10C9
15C4
1906
1A3C
1978
16F8
12F4
0D7C
0688
FE1E
F48D
EA9D
E194
DB08
D884
DB14
E2DD
EEE5
FD25
0AED
157C
1AAE
198B
1292
079A
FB64
F0DF
EA69
E932
ECF6
F41D
FC3C
02C7
05CE
0489
FF84
F870
F19A
ED3B
ECD3
F0C0
F828
014A
0A06
1082
13B3
13A4
1162
0E9E
0D22
0E3C
1257
18DF
206F
273D
2BA8
2CB0
2A3B
2512
1E9B
1866
13AF
1103
101F
1014
0F9F
0D9D
0972
0343
FBF3
F4DF
EF7A
ECD4
ED4C
F06B
F50A
F9A1
FCC0
FD75
FB92
F7BC
F339
EF94
EE31
EFEE
F4F0
FCA0
05DF
0F56
17CF
1E72
22E4
2538
25C1
24D4
229C
1F03
19C8
12AD
09B6
FF5C
F4A3
EAFF
E417
E160
E3C0
EB44
F703
053C
13AC
1FFF
2847
2B5F
2915
2226
17FC
0C4E
00BE
F681
EE37
E7EE
E350
DFE0
DD40
DB59
DA64
DACC
DCF6
E105
E6AB
ED1E
F33A
F7B9
F993
F846
F40D
EDE7
E764
E253
E04F
E25D
E8A3
F25F
FE0B
09BA
138C
1A1C
1CCC
1BE2
1861
13BD
0F6F
0C8C
0B88
0C1B
0D6B
0E54
0DCE
0B3F
06B2
00D8
FAD4
F5E9
F31E
F2EC
F51D
F8DC
FCF3
0024
0189
00CF
FE4D
FAE3
F7AE
F5B0
F578
F6FA
F996
FC4C
FE1A
FE57
FCF8
FAA5
F88B
F807
FA32
FF7A
0765
1096
1919
1EDE
2048
1CA9
147C
095B
FDA0
F3D1
EDFD
ED3C
F165
F922
024D
0A87
0FD7
1127
0E86
0911
0294
FD07
F9F7
FA26
FD5C
0289
0820
0C91
0EB9
0E2F
0B49
06F7
0260
FE85
FBED
FA89
F9C7
F8DC
F715
F432
F084
ECE9
EA89
EA74
ED42
F2CD
FA21
01AB
079A
0A55
08EC
035C
FA95
F040
E659
DEB2
DA84
DA33
DD4B
E2AD
E8F1
EEC7
F34C
F630
F7B2
F86B
F902
F9EC
FB38
FC87
FD2E
FC6D
F9B2
F4D1
EE1A
E651
DE84
D7D6
D345
D180
D2D6
D73B
DE58
E7A9
F287
FE38
09E5
149D
1D58
2311
24E9
225E
1B78
10E4
03F1
F65F
EA16
E0C6
DB90
DACB
DDFD
E401
EB57
F286
F875
FCA8
FF40
00D8
0235
03F8
0654
08FB
0B31
0C12
0ADF
0755
01D5
FB5E
F556
F127
EFDA
F1CA
F67C
FCC3
030A
07C7
09E6
0919
05ED
0197
FDA2
FB6D
FBCF
FECD
039D
08DE
0CFF
0EB2
0D4A
08E9
0275
FB56
F50B
F0CC
EF3A
F049
F354
F769
FB97
FF3D
022A
0497
06F6
09AB
0CC7
0FE7
123E
12CE
10C1
0BC2
043A
FB58
F2DE
ECBB
EA84
ED08
F400
FE15
0921
12B7
18B6
19D4
15EC
0E08
0410
FA51
F2DF
EF17
EF51
F2DD
F84B
FDDB
0206
03E0
034E
00F5
FDF4
FB7C
FA69
FAFF
FCE0
FF36
0105
018C
008B
FE5F
FBE0
FA15
F9D6
FB6D
FE76
01EA
0473
04DC
028A
FDC5
F7C5
F26F
EFD0
F17C
F7FD
0288
0F0C
1AA0
2240
239C
1DC9
119A
0181
F0FD
E3BE
DCA7
DD07
E43A
EFCB
FC20
0572
08DD
0536
FB64
1923
1880
17F6
16E7
149B
108C
0AA9
0371
FBE2
F53C
F0B2
EF14
F09F
F4E7
FAFD
01A8
07BC
0C54
0EFF
0FBF
0EEC
0CFF
0A66
0762
040C
0067
FC8D
F8D2
F5CB
F43C
F4E7
F844
FE44
0631
0EB4
161A
1AB3
1B41
175B
0F97
057E
FB3A
F314
EEED
EFBF
F563
FE8D
0923
12B7
191F
1AF4
17E4
10BE
0735
FD78
F5AC
F170
F18A
F5C7
FD17
05D9
0E36
148B
17B4
173C
135C
0CE4
0503
FD08
F627
F146
EEE3
EF0C
F164
F544
F9DA
FE52
0201
047B
05A6
05B8
051D
0458
03DC
03E7
0475
053A
05C3
0598
046B
023A
FF5D
FC79
FA56
F9AC
FAEA
FE11
02A9
07D9
0C9A
0FF9
114F
106E
0D9D
0986
04FB
00C3
FD62
FB0A
F99B
F8C8
F843
F7E1
F7AD
F7E5
F8D2
FAA1
FD3A
0031
02D4
0458
0416
01C8
FDA9
F872
F32F
EEF8
EC9F
EC75
EE31
F10F
F40D
F649
F74A
F733
F6B4
F6D8
F89F
FC9F
02BF
0A28
1170
1702
1996
189A
146B
0E44
07EA
0328
0145
029F
068E
0B96
0FE1
11D9
10B3
0CBD
0753
027E
0052
023E
0887
1215
1CAA
2573
29D0
2816
2018
133E
0432
F634
EC38
E825
EA57
F197
FB7A
051E
0BFC
0E95
0CD5
0806
025A
FE3D
FD96
013A
08B0
1258
1BE4
22FB
25D9
23B7
1CEE
12C5
070B
FB98
F1E0
EABA
E659
E47A
E4A6
E673
E9A0
EE10
F39F
F9F2
0050
05A8
08BD
087D
045F
FCAD
F29C
E81F
DF82
DADB
DB7E
E19C
EC26
F906
059E
0F6C
14A4
14A1
1003
087D
0059
F9E7
F6E3
F817
FD39
050F
0DCE
1590
1AC0
1C69
1A50
14E0
0CF8
03A6
F9EF
F0AC
E879
E1C0
DCC4
D9B1
D89F
D98D
DC5B
E0BE
E64B
EC85
F2EE
F91E
FECA
03BD
07C0
0A87
0B9A
0A61
0645
FEE7
F469
E79B
DA0C
CDE1
C578
C2E4
C765
D2FB
E440
F898
0CA9
1D18
2746
29ED
2566
1B8D
0F43
03AB
FB5C
F7C1
F8C5
FCF5
01F9
0551
0517
0092
F86C
EE87
E572
DFAF
DEF6
E3BA
ED01
F89F
03CE
0BE1
0EFA
0C7F
053C
FB26
F0D8
E8E7
E546
E6D7
ED44
F730
0292
0D44
1577
1A14
1AE0
1867
13C3
0E45
0923
053A
02ED
022B
0282
0353
03F7
03E8
02DA
00C1
FDD2
FA73
F727
F476
F2CE
F26D
F350
F52B
F76F
F968
FA5F
F9C6
F761
F362
EE62
E94F
E536
E303
E34E
E62A
EB21
F14C
F786
FCB8
0016
0157
00C3
FF1E
FD74
FCD4
FE0A
016C
06C0
0D4D
1401
19B0
1D51
1E36
1C2C
177F
10E8
0966
0211
FBE8
F7AB
F5C1
F629
F880
FC16
000C
037B
05A2
060A
04A4
01CD
FE44
FB01
F8FE
F902
FB67
0002
0628
0CCC
12C2
1705
18F5
187F
161E
12B8
0F58
0CE7
0BEC
0C63
0DCC
0F4D
0FFC
0F29
0C93
0880
03A5
FEF3
FB46
F928
F8A0
F939
FA21
FA78
F99C
F764
F43A
F105
EEE6
EEDD
F17A
F69C
FD6E
048F
0A6F
0DB3
0D9C
0A3D
0482
FDF5
F85B
F53D
F580
F921
FF31
060C
0BC0
0E86
0D36
078E
FE49
F2F4
E793
DE31
D868
D712
DA1D
E09F
E916
F1C2
F911
FDF3
000C
FFB6
FDDF
FBBA
FA6A
FAB2
FCC3
0028
03EE
06DE
07D6
0619
0188
FAB4
F2C0
EB1D
E530
E1F7
E1C5
E437
E848
ECA5
F010
F1BC
F196
F046
EF09
EF4D
F23D
F852
011C
0B44
14D8
1BCB
1E8A
1C75
1623
0D4A
045A
FDDB
FBBD
FEC6
064F
1064
1A3D
20F7
225E
1D87
1319
0528
F6B0
EAD4
E40F
E399
E923
F2FA
FE8F
0924
1091
13BC
12D6
0F22
0A81
06D0
0559
0679
0994
0D5D
1048
1116
0F31
0ADB
0507
FEFE
F9EC
F678
F48E
F372
F207
EF49
EABD
E4B5
DE57
D956
D774
D9F6
E129
EC36
F93A
05BA
0F3F
13FC
1346
0DC6
0542
FC2A
F4E8
F142
F1E9
F651
FCED
03A9
0886
0A28
0838
036A
FD42
F799
F40E
F393
F621
FAC5
FFE4
03B0
04AA
0207
FBE5
F33F
E9A3
E0D0
DA44
D6E5
D6D8
D98E
DDF5
E2D2
E70F
EA03
EB8C
EC0B
EC3A
ECEA
EEC9
F22E
F702
FCC7
02B3
07E1
0B81
0D01
0C2A
091F
0456
FE77
F840
F261
ED63
E99F
E73B
E631
E660
E798
E9A6
EC55
EF6D
F2AC
F5BF
F845
F9D5
FA14
F8CE
F610
F237
EDEF
EA1F
E7BA
E78F
EA09
EF10
F5F8
FD9B
048F
0979
0B5E
09E5
0571
FF17
F85D
F2DB
EFDF
F010
F349
F89D
FE90
0378
05E5
04FD
00AA
F9A5
F13C
E902
E26C
DE7D
DD94
DF66
E320
E7AE
EC04
EF61
F176
F269
F2B9
F310
F40F
F61B
F94E
FD6B
01F3
0645
09B9
0BC2
0C05
0A61
06FD
0245
FCE4
F7B9
F3C2
F1F1
F30B
F774
FF0B
091C
1469
1F5E
2851
2DDD
2F2D
2C2E
2593
1CB2
132F
0A9B
041C
002C
FE91
FE85
FF03
FF28
FE7E
FD2D
FBE9
FBB7
FD8D
01F0
08AD
10C7
189B
1E46
2017
1D0B
1518
0940
FB63
EDD2
E2CD
DC04
DA3E
DD3F
E3E7
EC89
F55C
FCE4
023E
053F
0658
0664
0651
06DE
0866
0AD3
0DAE
1049
11F2
121F
108D
0D4D
08BA
0366
FDFF
F937
F5A9
F3C3
F3BC
F581
F8B9
FCC9
00EA
044E
064D
068B
051E
028F
FFC8
FDDF
FDCE
002F
0504
0BAB
12F8
1979
1DCF
1F09
1CE4
17DB
1108
09D3
0395
FF3E
FD1B
FCD7
FDA1
FE84
FEC0
FE0F
FCC0
FB9A
FB97
FD85
01B7
07D4
0EE6
1598
1A99
1D05
1CAA
1A1D
1685
1344
117B
11AC
1384
15F1
1775
16A3
129A
0B63
01FF
F831
F004
EB32
EAA9
EE3A
F4A3
FBE7
01DE
04D2
03F5
FF99
F90D
F231
ECE4
EA75
EB48
EEC9
F3A8
F857
FB8E
FCBA
FC29
FAE6
FA54
FBA6
FF65
0529
0BA8
1110
138F
11F2
0C12
02F6
F89D
EF7D
E9D2
E903
ED3E
F56B
FF7C
0908
0FF3
1303
122A
0E7B
09C0
05EF
0487
0625
0A5B
0FE3
150C
1843
1897
15F6
112A
0B8E
0697
0359
022E
02A7
03B8
041E
02DA
FF8C
FAA5
F544
F0E2
EED6
EFDC
F3CE
F9A0
FFA9
041A
058B
036F
FE46
F786
F135
ED5A
ED6E
F1E9
FA20
0469
0E8F
165F
1A37
196B
1461
0C6F
0370
FB4A
F57A
F2C3
F319
F5C7
F9B7
FDCE
013B
039C
0500
05C6
065C
070C
07D3
0861
082D
06A9
0373
FE7E
F825
F11B
EA4D
E4AD
E10C
DFF0
E18B
E5BC
EC21
F428
FD21
064D
0EDE
1604
1AF8
1D14
1BF0
1789
1051
073B
FD9F
F504
EEDC
EC31
ED63
F20D
F909
00AC
071B
0ABA
0A84
064B
FEC7
F56B
EC15
E4A1
E084
E078
E45B
EB3D
F3A0
FBCF
0241
05EF
0684
0468
00A0
FC8B
F99A
F8FF
FB73
0118
0973
138A
1E0F
279E
2EF3
331D
33A9
30AC
2ACA
231C
1B09
140E
0F7C
0E40
10A7
164E
1E1D
2679
2D88
318D
3147
2C3B
22DC
1679
0904
FCAA
F35E
EE68
EE21
F1E1
F829
FF08
0497
0770
070B
03D8
FF1B
FA8E
F7DE
F830
FBC4
01DF
08ED
0EF6
121F
1133
0C03
037B
F96E
F026
E9CC
E7D6
EAAC
F186
FAA5
03CA
0AC6
0E0F
0D20
088F
01DE
FB0D
F610
F44F
F652
FBB0
033B
0B64
12A9
17F9
1AED
1BC6
1B38
1A1F
1923
1880
17F6
16E7
149B
108C
0AA9
0371
FBE2
F53C
F0B2
EF14
F09F
F4E7
FAFD
01A8
07BC
0C54
0EFF
0FBF
0EEC
0CFF
0A66
0762
040C
0067
FC8D
F8D2
F5CB
F43C
F4E7
F844
FE44
0631
0EB4
161A
1AB3
1B41
175B
0F97
057E
FB3A
F314
EEED
EFBF
F563
FE8D
0923
12B7
191F
1AF4
17E4
10BE
0735
FD78
F5AC
F170
F18A
F5C7
FD17
05D9
0E36
148B
17B4
173C
135C
0CE4
0503
FD08
F627
F146
EEE3
EF0C
F164
F544
F9DA
FE52
0201
047B
05A6
05B8
051D
0458
03DC
03E7
0475
053A
05C3
0598
046B
023A
FF5D
FC79
FA56
F9AC
FAEA
FE11
02A9
07D9
0C9A
0FF9
114F
106E
0D9D
0986
04FB
00C3
FD62
FB0A
F99B
F8C8
F843
F7E1
F7AD
F7E5
F8D2
FAA1
FD3A
0031
02D4
0458
0416
01C8
FDA9
F872
F32F
EEF8
EC9F
1311
1054
0B0B
039B
FAAC
F121
E804
E066
DB43
D95A
DB10
E05A
E8B5
F32B
FE6E
08FF
1165
166B
1752
13FE
0D05
03A2
F97C
F060
E9E1
E704
E807
EC4E
F28A
F909
FE24
00AE
0049
FD82
F9B4
F6A9
F61F
F947
0061
0AA0
164F
213F
2955
2D17
2C16
2704
1F84
17B0
1182
0E46
0E3D
1096
13B6
15BA
1514
110C
0A03
0158
F90A
F31D
F0FC
F308
F873
FF72
05C6
095B
08E9
045A
FCCF
F456
ED55
E9DB
EB0C
F0D2
F9E2
041B
0D1E
12F1
1480
11D5
0C05
04D0
FE18
F95D
F765
F81F
FACB
FE57
01C3
0479
0670
0814
0A06
0CC0
1048
1411
170F
1806
15F2
106D
07F1
FDD2
F400
EC88
E90F
EA58
F005
F8A0
01FA
09AE
0DBD
0D0F
07B1
FECE
F45A
EA8C
E34A
DFB9
DFF7
E329
E7C3
EBFB
EE4D
EDE0
EABF
E5D2
E0A2
DCF5
DC5C
DFD4
E788
F2C9
0030
0DEB
1A14
2312
27DE
282B
246A
1DAD
1568
0D2E
0667
0211
009E
01DF
0520
094B
0D23
0F87
0FA5
0D25
0830
0166
F9BA
F23F
EBF5
E79F
E5A8
E621
E8C5
ED1B
F287
F863
FE10
02FE
06AC
08B1
08C2
06C4
02DB
FD77
F750
F155
EC85
E9C0
E98F
EC02
F0A1
F67E
FC68
012B
03DA
0401
01BC
FDA8
F8B0
F3CF
EFC7
ECFE
EB6A
EAB1
EA5E
EA1C
E9E5
EA18
EB5C
EE69
F3C0
FB60
04A7
0E5C
16E4
1CAA
1E86
1C14
15E1
0D53
045C
FD00
F8D2
F890
FBEE
01AB
07E8
0CA5
0E4D
0C1D
065C
FE45
F5B4
EEAC
EAD1
EB00
EF1B
F619
FE4F
05DB
0B1B
0D0E
0B7D
06FB
00AA
F9EA
F401
EFCF
EDB0
ED7D
EEB5
F0B6
F2F1
F51C
F737
F982
FC57
0004
049E
09F2
0F86
14B3
18C6
1B2A
1B8A
19DD
1666
119C
0C0E
0644
00A6
FB71
F6B9
F27C
EEB4
EB6A
E8C2
E6FB
E661
E736
E99D
ED7F
F28C
F83D
FDEE
0300
06FC
09AF
0B39
0C00
0C99
0D97
0F5D
11FE
152A
183D
1A67
1AE5
193B
1568
0FEC
09BA
03F8
FFBD
FDB8
FE02
000E
02C8
04E8
0551
0373
FF88
FA9D
F654
F47F
F695
FD34
07DD
14E4
21C9
2BBE
305D
2E46
258D
17C8
07C0
F8D3
EE21
E9D5
EC96
F563
01DC
0ED5
192E
1E98
1E27
1880
0FA7
0667
FF8F
FD30
0015
078E
11A4
1BA5
22D6
252F
21D4
194F
0D5E
007F
F54E
EDE6
EB6E
EDE9
F457
FD0B
062F
0E35
142F
17ED
19E2
1ADF
1BBA
1D00
1ECC
20C3
223D
2280
2107
1DB4
18DA
1331
0D9E
08FC
05DF
0476
0483
0575
0690
0726
06B5
0505
0223
FE50
F9EA
F553
F0E3
ECE7
E9AB
E77F
E6BE
E7BC
EAB2
EFA0
F632
FDB3
0525
0B64
0F6A
108A
0EAE
0A5F
04B7
FF23
FB05
F962
FA96
FE3C
0345
0842
0BC8
0CD9
0B29
0739
0230
FD87
FA96
FA30
FC5A
004C
04A2
07CB
0884
063B
0148
FAD9
F49F
F04C
EF0E
F12D
F5EB
FBB4
0097
02DB
0195
FCFF
F678
F037
ECA0
ED96
F3D3
FE9A
0BCA
1858
2116
238E
1EB3
1337
036E
F2C0
E4D0
DC91
DB90
E19A
ECDD
FA72
072E
1078
14E8
148D
10BF
0B97
073D
0535
05F3
08C7
0C2B
0E4C
0DB4
09CB
0310
FAFC
F394
EEC9
EDE9
F138
F7E3
003C
083E
0E21
10D2
1032
0D06
08A1
0467
015E
FFDD
FF89
FF8D
FEFD
FD45
FA72
F740
F4E2
F49C
F74D
FD0D
050B
0DBA
1535
19CD
1A8E
1789
11D6
0B46
05D4
0310
03A5
0728
0C38
10F0
1383
12CA
0EA7
0813
00D4
FAF4
F826
F943
FE0A
0537
0CE2
1314
1652
1608
12A0
0D53
07B8
0343
00D3
0079
0188
02E0
0360
0250
FFA6
FC0B
F8A4
F6AD
F70F
FA09
FF19
051F
0AAB
0E71
0F9F
0E15
0A61
0582
0095
FC7C
F9A4
F7F6
F702
F636
F530
F3E7
F2B3
F22A
F2DA
F507
F879
FC7B
000A
0222
0217
FFD5
FBF0
F77E
F3BC
F1AB
F1B6
F38F
F643
F88E
F94F
F7F1
F4AC
F081
ECF0
EB7A
ED20
F1FB
F925
00ED
074D
0A8D
09C4
0523
FDEC
F609
EF74
EB95
EACF
EC67
EEC7
F00D
EEBC
EA4B
E367
DBCD
D5C1
D34E
D58F
DC3C
E59F
EF0D
F5AE
F766
F391
EB50
E14C
D900
D5AB
D94C
E3F1
F390
0483
1281
19D5
1872
0E9D
FEE8
ED8A
DF3A
D7E8
D9A2
E409
F46D
068E
15CC
1E64
1E6F
164E
0878
F8B3
EAFA
E26C
E081
E4CC
ED47
F710
FF59
0436
0523
0302
FFB3
FD5C
FDAD
014A
0799
0EF2
152E
1850
172C
11BD
0935
FFA0
F754
F24E
F1B1
F57B
FC9C
053E
0D4B
12EC
14EE
12F5
0D79
058D
FC96
F3FB
ECE7
E820
E5FD
E668
E8EE
ECCD
F110
F4A2
F67D
F5D3
F245
EC09
E3FF
DB9C
D4A5
D0D4
D16B
D6D2
E06A
EC9F
F934
03CC
0A7C
0C49
096D
0348
FC03
F5FA
F31C
F45F
F980
0114
08EF
0EBE
10A7
0DCC
0684
FC42
F12D
E791
E14D
DF60
E1B9
E752
EE83
F576
FA9D
FD05
FC7D
F983
F514
F062
EC8F
EA7A
EAA8
ED42
F21E
F8D1
00B8
0903
10C2
16F8
1ABE
1B75
18F4
13AA
0CA5
056C
FFBB
FD19
FE78
03EC
0C92
16B7
203B
270D
29B3
27A9
217E
18B7
0F64
079A
02F3
0229
04F4
0A35
104A
158A
18B1
192B
1724
1364
0EFB
0AE9
07D5
05E7
04CD
03F0
02B1
00AA
FDD4
FA88
F75E
F4FF
F3E9
F44C
F5FE
F88B
FB5D
FDE1
FFAB
0080
0052
FF2C
FD1B
FA23
F649
F1A3
EC78
E74C
E2E2
E01A
DFC0
E248
E7A0
EF18
F776
FF37
04E5
0776
0694
02B3
FCFB
F6F7
F233
EFD4
F055
F36D
F837
FD75
01FA
04F4
0625
05E9
0503
0462
04CB
06A6
09E2
0E07
1263
1640
1912
1A93
1ABA
199F
175F
1400
0F74
09AD
02CA
FB3C
F3D2
EDAB
E9F9
E9B2
ED3D
F439
FD75
0726
0F4E
1437
14EA
1173
0AE5
0310
FC09
F797
F6B8
F966
FEA4
04D0
0A2E
0D6D
0E0C
0C7C
09ED
07DF
079B
09B4
0DC3
1276
15EA
163B
1220
095C
FCF4
EEFB
E219
D8E8
D543
D7D4
DFE7
EB98
F84D
0359
0A9C
0CF7
0A78
0444
FC31
F456
EE85
EBF6
ED16
F18F
F879
0097
08A6
0F8E
1484
171D
1743
152F
115B
0C6B
071C
0226
FE1C
FB4C
F9A8
F8C0
F7D6
F614
F2C5
ED9B
E6DD
DF71
D8B7
D43F
D364
D6EC
DEC7
EA00
F6EC
0382
0DD3
1475
16CA
150C
1022
094F
01CF
FA8C
F3FE
EE36
E920
E4C4
E180
E018
E187
E6A9
EFD4
FC7D
0B1C
1958
2484
2A3F
2928
2155
146E
0566
F7CF
EEEF
ECEE
F237
FD4E
0B2F
1806
2038
214A
1A92
0D5F
FCA9
EC49
E005
DA9E
DD2E
E6F1
F592
05CF
1450
1E77
22E3
219D
1BE6
13B1
0B0D
0398
FE2C
FAD0
F8F0
F7B7
F675
F4E1
F335
F20E
F229
F41A
F804
FD87
03CC
09BF
0E55
10D8
110B
0F36
0C0D
0877
0556
0358
02DF
0400
0698
0A64
0F18
1468
19FF
1F71
2432
2794
28E2
277F
2320
1BE8
1283
0818
FE16
F5F1
F0D0
EF4D
F14E
F609
FC30
023A
06B8
08A2
0787
03A0
FDB4
F6E9
F07F
EB98
E901
E91C
EBDD
F0D8
F762
FEA9
05D3
0C11
10B0
1324
1311
1054
0B0B
039B
FAAC
F121
E804
E066
DB43
D95A
DB10
E05A
E8B5
F32B
FE6E
08FF
1165
166B
1752
13FE
0D05
03A2
F97C
F060
E9E1
E704
E807
EC4E
F28A
F909
FE24
00AE
0049
FD82
F9B4
F6A9
F61F
F947
0061
0AA0
164F
213F
2955
2D17
2C16
2704
1F84
17B0
1182
0E46
0E3D
1096
13B6
15BA
1514
110C
0A03
0158
F90A
F31D
F0FC
F308
F873
FF72
05C6
095B
08E9
045A
FCCF
F456
ED55
E9DB
EB0C
F0D2
F9E2
041B
0D1E
12F1
1480
11D5
0C05
04D0
FE18
F95D
F765
F81F
FACB
FE57
01C3
0479
0670
0814
0A06
0CC0
1048
1411
170F
1806
15F2
106D
07F1
FDD2
F400
EC88
E90F
EA58
F005
F8A0
01FA
09AE
0DBD
0D0F
07B1
FECE
F45A
EA8C
E34A
DFB9
DFF7
E329
E7C3
EBFB
EE4D
EDE0
EABF
E5D2
E0A2
DCF5
F926
F779
F3DA
EE1F
E71C
E078
DC2C
DBE7
E06A
E938
F496
FFFF
08D2
0D1A
0C29
06D4
FF3C
F836
F46E
F59E
FBFB
061B
1156
1A80
1ED3
1CBB
1449
0737
F86D
EB36
E263
DF96
E2E5
EAF1
F563
FF9F
077A
0BC3
0C6D
0A62
0713
03ED
01DC
011A
0132
0150
00AD
FEED
FC4F
F9A6
F808
F86C
FB45
0048
0671
0C53
1083
1211
10DF
0DB5
0A08
078F
07B8
0B36
11C0
1A24
2298
293E
2CA9
2C41
2861
222A
1B22
14B6
0FC9
0C7C
0A37
07F0
049C
FF9B
F905
F1B4
EB0F
E6A5
E5AF
E8AF
EF39
F808
014D
091D
0DEF
0EEF
0C28
0665
FEEC
F719
F00A
EA62
E63C
E34F
E125
DF60
DDEA
DD04
DD34
DF18
E32D
E9A1
F235
FC46
06E0
10F4
197D
1FAA
22F4
231F
203C
1A96
12AC
0926
FEC8
F466
EAD1
E2BF
DCB1
D8E3
D749
D79E
D97D
DC85
E077
E535
EABD
F0FD
F7AC
FE2B
0380
0681
0623
01D4
F9D9
EF75
E4CE
DC93
D955
DCD9
E781
F7FE
0B76
1E0B
2BBF
3170
2DA7
210F
0E53
F98A
E733
DB19
D769
DC35
E786
F5FA
03B9
0D81
1173
0F71
08F5
006C
F85F
F2A0
EFC2
EF10
EEF2
EDA5
EA03
E415
DD33
D7B1
D61D
DA57
E4D4
F439
058D
14F3
1EB0
2042
1929
0B23
F9C6
E993
DEBC
DC07
E20C
EF1B
FFBF
0FC6
1B6D
206C
1E7E
175A
0E08
05E0
0177
01DD
064F
0C8B
119B
12D5
0EC3
05AB
F987
ED75
E4CB
E216
E652
F09A
FE68
0C43
16BF
1B67
1961
1199
0663
FAC9
F1A4
ECDE
ECFF
F129
F781
FDD1
0238
03AE
0233
FEB1
FA8A
F716
F52A
F4E1
F59F
F65C
F611
F41E
F084
EBED
E76F
E430
E300
E41B
E711
EAF6
EEB1
F158
F282
F262
F1AD
F156
F231
F4A5
F87A
FCE9
00D3
0321
031D
00B2
FC82
F7BB
F3C7
F1E7
F2DA
F6A8
FC9D
037C
09C6
0E1E
0F90
0DBD
08E6
01CA
F977
F110
E9A2
E407
E0D5
E065
E2D2
E7FA
EF7A
F8AB
02A7
0C5A
14A4
1A8D
1D6F
1D24
1A0D
1507
0F35
09C4
05A6
035A
02DD
03AF
0509
0611
0619
04CC
0239
FEC8
FB15
F7C5
F55F
F437
F465
F5D6
F856
FBA4
FF75
0373
0739
0A50
0C3E
0C9B
0B38
0835
0418
FFB7
FC11
FA0B
FA2E
FC71
002F
0447
0766
0873
06E4
02F7
FDB7
F8B5
F598
F5A2
F93E
FFDB
07FC
0FAB
14FE
16B4
1497
0F97
0988
0494
0293
046F
09D0
112B
1830
1C7C
1C5A
1752
0E60
03BA
FA2F
F455
F3C4
F898
015D
0B85
1425
18DE
189D
13F3
0CF5
069A
03D2
069B
0F4C
1C6B
2AFC
3752
3E10
3D20
344B
254E
1362
025C
F5A7
EF62
EFDB
F59D
FDED
05A2
0A0E
09B7
04A3
FC3C
F2C6
EAA4
E5A6
E493
E70B
EBCB
F12E
F5C3
F8C0
FA32
FADD
FBE3
FE48
028F
0882
0F49
15B2
1A9D
1D64
1E0A
1D39
1BF8
1B42
1BA1
1CEC
1E4A
1E73
1C21
1688
0DAF
0288
F6BD
EC43
E4CE
E15F
E1FE
E5CB
EB4D
F0F0
F588
F8A2
FA96
FC4E
FED6
02E0
0862
0E82
13C3
1682
1585
107E
0844
FEBD
F660
F18F
F1E5
F7B6
01E9
0E42
19F7
227B
2629
24B4
1F2C
1797
104D
0B3D
095D
0A75
0D4A
101F
1167
1054
0D30
0943
0662
0641
09C5
1090
18F9
2078
2460
22C6
1B32
0EF1
00DF
F4AF
EDE2
EEBA
F77D
0634
171D
2592
2D50
2B9D
2016
0CDE
F61C
E0EE
D21B
CCDA
D20A
E009
F33B
0709
1722
208D
2259
1DAC
1543
0C84
0670
04CB
07A5
0D78
13BA
17B6
1775
1259
0957
FEAA
F52F
EF8A
EF61
F4E2
FEB6
0A62
14F8
1BE3
1D92
19D8
11E9
07F3
FE87
F7E2
F56A
F763
FCFE
04AF
0CA8
1359
17D1
19E2
1A0A
192F
1844
17F5
1876
197D
1A68
1A73
1903
15D4
110E
0B3C
0526
FFA0
FB57
F8B5
F7D1
F87E
FA5B
FCF1
FFC6
026F
0491
05EA
0649
059C
03F1
0183
FEB6
FC0E
FA1B
F958
FA0B
FC2C
FF59
02EB
0612
080B
084A
06A5
0361
FF1D
FAB5
F705
F4BA
F428
F53D
F78D
FA75
FD47
FF78
00BC
0112
00B7
0008
FF68
FF1A
FF37
FFA7
0030
0083
0058
FF75
FDBD
FB31
F7ED
F429
F037
EC83
E98F
E7E8
E80F
EA60
EEF0
F574
FD3F
054F
0C7D
11B3
1433
13C5
10CE
0C3C
074E
033F
00F3
00B7
0227
044D
05E5
05C4
033A
FE4A
F7BF
F0F8
EB8A
E8CC
E971
ED4C
F357
F9FC
FF88
02AB
02E0
0093
FD02
F9DC
F8B0
FA6E
FF05
055A
0B87
0F69
0F40
0A41
00EA
F4F8
E8FD
DFBD
DB6B
DD11
E43F
EF26
FB0E
050F
0ADB
0B53
06D2
FF0A
F682
EFE0
ED30
EF57
F5DF
FF25
08D7
109F
14C4
1498
1092
0A16
0301
FD0F
F96A
F85A
F94F
FB28
FC9D
FCBD
FB38
F880
F59E
F3DE
F460
F7B9
FDBD
0582
0D9B
1473
18B3
198F
16ED
1155
09C5
0166
F94B
F23F
ECBA
E8E8
E6CC
E655
E778
EA21
EE29
F33A
F8C3
FE00
021F
046F
0499
02C5
FF9A
FC1C
F967
F859
F948
FBDE
FF24
01BF
0252
FFEB
FA52
F22E
E8EB
E068
DA7E
D88E
DB2A
E1EB
EB99
F673
00A5
08AD
0DA8
0F6F
0E75
0B92
07AC
0381
FF81
FBD2
F876
F571
F2F1
F14C
F0EB
F210
F4A4
F811
FB4D
FD0E
FC25
F7EB
F08F
E737
DDDE
D6E1
D46E
D7E4
E160
EF95
0003
0F83
1B08
2066
1EE1
175F
0C39
009C
F7C2
F415
F6A0
FEC7
0A80
16E4
20F5
266A
263F
20F0
1841
0EBC
06F7
02E3
034D
07BA
0E96
15B7
1AF9
1CD5
1AC1
1546
0DC4
0600
FF9B
FB9E
FA35
FAB9
FBF3
FC8A
FB7C
F878
F400
EF48
EBE3
EB40
EE3D
F4D0
FDF2
07D4
1045
153F
1568
1078
074F
FBD4
F083
E7E0
E3E6
E58B
EC93
F798
0463
1073
198C
1E37
1E0A
19B7
12CD
0B4A
051F
01B1
018F
0459
08EC
0DB3
111B
11F9
0FCE
0AE2
0421
FCD8
F65D
F1BB
EF83
EFBB
F1FD
F5AC
FA2E
FF1F
0459
09E8
0FDE
1623
1C4B
219A
251C
25E6
2369
1DAB
156C
0C13
0366
FD22
FA89
FC07
010C
0826
0F59
149C
1666
1413
0E10
05C0
FD1C
F627
F266
F274
F5D8
FB2B
007A
03D0
03C0
FFCA
F880
EF5A
E658
DF79
DC3A
DD3A
E21C
E9A5
F21A
F9B0
FF00
0150
00AF
FDD9
F9F1
F623
F357
F1F7
F1E0
F288
F331
F334
F239
F05D
EE27
EC69
EC01
ED97
F163
F710
FDC1
0435
090A
0B05
0964
0408
FB93
F14F
E6FA
DE71
D952
D8A1
DC91
E46C
EEB4
F96D
0285
0845
09AF
06B3
0031
F7B7
EF26
E836
E410
E30E
E4B6
E7ED
EB5A
EDD7
EED0
EE75
EDAD
EDCF
F02E
F5A7
FE4C
093F
14E2
1F36
2660
292D
275E
21C0
19EC
11D9
0B52
077A
068A
07D6
0A0D
0BB8
0BAC
096C
0549
003B
FB89
F852
F728
F7D9
F980
FAD0
FA87
F7E5
F2F8
ECAB
E68C
E25B
E186
E4BB
EBAC
F524
FF5F
0882
0F23
129D
1327
11A8
0F4D
0D1B
0B8B
0A68
08EA
0612
0122
F9FC
F15C
E8C0
E20A
DEF7
E097
E6EA
F0CE
FC43
06EE
0EB6
1257
11A9
0D96
07C0
01EF
FD7C
FAEE
F9DB
F926
F779
F3DA
EE1F
E71C
E078
DC2C
DBE7
E06A
E938
F496
FFFF
08D2
0D1A
0C29
06D4
FF3C
F836
F46E
F59E
FBFB
061B
1156
1A80
1ED3
1CBB
1449
0737
F86D
EB36
E263
DF96
E2E5
EAF1
F563
FF9F
077A
0BC3
0C6D
0A62
0713
03ED
01DC
011A
0132
0150
00AD
FEED
FC4F
F9A6
F808
F86C
FB45
0048
0671
0C53
1083
1211
10DF
0DB5
0A08
078F
07B8
0B36
11C0
1A24
2298
293E
2CA9
2C41
2861
222A
1B22
14B6
0FC9
0C7C
0A37
07F0
049C
FF9B
F905
F1B4
EB0F
E6A5
E5AF
E8AF
EF39
F808
014D
091D
0DEF
0EEF
0C28
0665
FEEC
F719
F00A
EA62
E63C
E34F
E125
DF60
DDEA
DD04
DD34
DF18
E32D
E9A1
F235
FC46
06E0
10F4
197D
1FAA
22F4
231F
203C
1A96
12AC
0926
FEC8
F466
EAD1
E2BF
DCB1
D8E3
D749
D79E
F97F
0000
0488
06CC
06FD
05B3
03C2
01EF
00BB
0039
000B
FF8A
FE02
FAF7
F661
F0BE
EB00
E657
E3DC
E444
E7A8
ED77
F493
FB9C
0147
04B4
05A1
047B
0233
FFF7
FED8
FF7C
01EC
0595
0972
0C56
0D45
0BBC
07D3
023E
FC16
F691
F2AE
F0EF
F13F
F2F6
F50E
F66F
F63D
F418
F03A
EB71
E6EB
E3F1
E397
E678
EC93
F543
FF67
0996
126F
18D9
1C37
1C7C
1A21
1603
1125
0C79
08A6
05EB
0417
029C
00C2
FDDD
F98C
F3DE
ED6C
E742
E2B0
E101
E327
E973
F368
FFBE
0C8D
17A5
1F04
213E
1DD4
155A
095D
FC12
EFE3
E6E7
E277
E2EC
E79E
EF1E
F7A2
FF7B
0581
094F
0B45
0C50
0D87
0FC6
1353
17C2
1C06
1EC6
1EC8
1B5D
14AD
0BC3
025B
FA75
F5CF
F56D
F94A
004F
0897
0FE3
1430
143B
0FD7
07F3
FE69
F57C
EF55
ED79
F079
F7D8
0236
0DAB
183C
2043
24B8
2550
2265
1CC9
1581
0D8F
05CA
FED0
F910
F4D5
F255
F1B1
F2E9
F5CE
F9F2
FEA7
0317
0665
07DF
0726
0449
FFC2
FA55
F4E9
F04B
ED09
EB5C
EB2E
EC37
EE23
F0AB
F3A7
F702
FAA0
FE43
0177
03A0
041C
027D
FEC6
F98D
F3FD
EF9E
EDF2
F00D
F627
FF6F
0A1D
13CC
1A14
1B2E
167C
0CCC
003A
F3B1
EA2A
E5E6
E7C7
EF0E
F980
0401
0B6A
0D64
0917
FF67
F2BE
E663
DD9E
DAD5
DEED
E916
F70A
05B2
11FB
199E
1B9F
186F
11A6
096D
01D8
FC52
F953
F86A
F88F
F8A3
F7E5
F63A
F435
F2D5
F31B
F59C
FA3B
0019
05D7
09FA
0B66
09B6
055E
FF86
F9A6
F512
F291
F22D
F341
F4CC
F5E3
F61A
F5B6
F5A3
F712
FB00
01AF
0A5C
134A
1A23
1CA3
1954
101D
027D
F342
E5E5
DD97
DC5E
E278
EE3B
FC7F
097A
11CE
137E
0E79
049D
F927
EFBE
EB5B
ED75
F58E
0166
0DAD
1701
1AEE
18A2
1119
06C2
FCAE
F598
F30B
F4F5
F9BD
FED7
01AB
007B
FB06
F2AE
EA14
E44B
E3DE
E9FD
F60B
05B5
1591
220D
2871
2796
2035
14A1
0814
FDBB
F7D8
F72B
FADC
00D7
0687
09A2
08DE
043C
FCF8
F511
EE9D
EB28
EB49
EE8C
F3B4
F93B
FDD8
00E4
027D
035C
046E
0662
094D
0C8F
0EFE
0F53
0CA3
06D0
FEB2
F5F4
EEA6
EAA6
EB14
EFEF
F814
0189
0A0B
0FB7
1187
0F9B
0B1A
05D0
019E
FFE8
0139
0533
0AC2
108C
1566
18B3
1A77
1B38
1B9E
1C0E
1C61
1BDC
1968
140C
0B6F
003B
F433
E9E7
E417
E4E5
ED1D
FBC8
0E3A
2099
2ECD
358C
333C
2870
17CA
054C
F54D
EB4C
E903
EDF9
F7B0
0265
0A2C
0C12
06FA
FBEA
EDC5
E070
D7BB
D649
DCD3
E9F5
FA8F
0AA3
1663
1B33
1846
0EC6
0166
F39F
E8C3
E326
E3A1
E988
F302
FDA9
0745
0E59
126C
13FE
142E
143D
1514
16F6
1971
1B92
1C42
1AB0
16A4
1099
09A5
0326
FE60
FC1D
FC6F
FEB1
01B2
040F
049A
02B2
FE6F
F8A7
F2B2
EE1C
EC42
EDF8
F359
FBBD
05D4
0FEF
1850
1D7E
1E8C
1B40
1417
0A31
FF18
F47F
EBF7
E6AE
E53D
E794
ECFF
F44B
FC04
02B6
073F
08FA
07E5
0499
0023
FBC7
F8B8
F7CE
F95C
FD1B
023F
07A3
0C11
0E85
0E66
0BA6
06C3
00A7
FA77
F555
F221
F150
F2DB
F63F
FAA1
FEF8
0241
03B5
02E7
FFDC
FB03
F522
EF2E
EA1F
E6C0
E596
E6C3
EA13
EF05
F4F2
FB2F
012D
068B
0B1D
0EDE
11DF
142F
15CC
169F
1687
156E
1358
1074
0D15
09A5
0681
03DC
01AA
FF9C
FD3C
FA17
F5F2
F0F5
EBB8
E72E
E46A
E44C
E731
ECBD
F3D0
FAC3
FFCA
0174
FF27
F961
F1BA
EA8F
E669
E74D
EE20
FA43
09A2
191D
2545
2B39
296C
200F
1113
FFAE
EF8D
E3E5
DE9F
DFE9
E637
EEC0
F64F
FA2B
F8D7
F274
E8AC
DE2B
D5D4
D1EB
D375
D9F5
E3A0
EDE8
F642
FADC
FB18
F7A7
F23A
ECF2
E9AF
E983
EC63
F13D
F65B
F9F8
FAD8
F8A7
F417
EEA7
EA26
E829
E991
EE51
F57D
FDA0
0537
0B28
0F0C
1141
12A9
1446
16C7
1A31
1DCC
204D
2040
1C8D
14E4
0A01
FD90
F1DD
E93B
E570
E737
EE0E
F84F
039B
0D69
13A1
1516
11B3
0A6B
00EA
F71A
EEB0
E8D6
E602
E602
E82E
EBAA
EFA1
F36E
F6A5
F906
FA6B
FAB6
F9D4
F7C9
F4CB
F14D
EE04
EBC8
EB62
ED56
F1AB
F7D6
FED0
054A
0A00
0C12
0B3E
07F5
033D
FE65
FAA1
F8B3
F8B2
FA05
FB9D
FC4D
FB38
F820
F390
EEC3
EB53
EACB
EE2D
F5A2
0060
0CCA
18D8
228C
2872
29F5
2778
2237
1BEB
1655
12D5
1211
13DF
175A
1B25
1DC9
1E0F
1B46
1566
0D0D
035B
F9BB
F1A0
EC47
EA89
ECB5
F284
FB1B
0527
0F03
16FC
1B9A
1BE8
17B4
0FAB
054C
FAA8
F1FF
ED3D
ED89
F2EF
FC51
0799
122F
199A
1C20
1935
11AD
078C
FD7D
F62B
F380
F61D
FD2B
0686
0F4A
149F
1478
0E31
02C7
F4A6
E715
DD64
DA1C
DE55
E977
F95F
0AEC
1AC0
2614
2B51
2A63
249A
1C3D
13E3
0DC7
0B42
0C8A
10C9
1677
1BD4
1F6A
2067
1EBC
1AFF
1623
1114
0C6F
0850
0466
001E
FAF9
F4CF
EE04
E780
E27B
E031
E179
E67C
EE95
F860
0209
09AB
0DC6
0D92
092C
0188
F836
EEFF
E785
E2F0
E1BB
E3BB
E83F
EE50
F4F4
FB5F
0110
05CA
097F
0C2F
0DCC
0E31
0D30
0AA8
06A8
0182
FBCF
F65B
F1F8
EF4E
EEAD
EFF6
F2A1
F5E0
F8D7
FAD8
FB94
FB2E
FA30
F95B
F970
FAED
FDE9
0208
0695
0AB7
0DB6
0F2A
0F23
0E1A
0CCB
0BF6
0C1B
0D47
0F0D
109D
1107
0F84
0BC7
0620
FF7F
F943
F4E0
F381
F5AC
FB1A
02B6
0AD9
11AC
1596
159E
11A0
0A54
0119
F79C
EF74
E9C6
E710
E723
E949
EC86
EFE9
F2C7
F4DD
F648
F763
F891
FA06
FBAD
FD24
FDDC
FD46
FB10
F74D
F280
ED8E
E98D
E780
E81E
EB9E
F1A4
F94F
0167
0895
0DA3
0FB6
0E6A
09E0
02B1
F9CF
F063
E79B
E08E
DC12
DAAA
DC76
E12D
E828
F076
F8FF
00AB
0691
0A1A
0B19
09C9
06BC
02B0
FE63
FA67
F70D
F459
F21E
F01F
EE37
EC74
EB24
EABB
EBB1
EE4B
F274
F7AA
FD0B
0186
0421
0441
01E2
FDA9
F8CC
F4CA
F314
F4AD
F9E8
024E
0CB8
1798
2153
28A7
2CEB
2E2C
2D17
2ABF
284C
26AC
2665
2781
29A4
2C36
2EA0
3071
3175
31AC
3138
3033
2EA2
2C69
2962
2578
20CB
1BBD
16EA
1301
108E
0FC1
1046
114F
11BB
106B
0CA0
0649
FE29
F5BC
EEE3
EB69
EC7A
F23D
FBB0
06D3
1120
182E
1A5B
1747
0FFA
06AF
FE3E
F960
F9EB
004A
0B4F
1874
2479
2C34
2D62
2736
1A91
09C5
F800
E87F
DDCD
D92E
DA72
E01B
E7E2
EF61
F4B1
F6E1
F612
F34C
F014
EDE6
EDBF
EFDB
F3B4
F838
FC32
FEAB
FF3C
FE2B
FC49
FAB0
FA61
FBF1
FF5B
03F8
08B3
0C54
0DD3
0C9B
08A9
0280
FAFC
F312
EB96
E510
DFBB
DB91
D878
D668
D57C
D5F8
D82D
DC4C
E245
E9AC
F1BC
F97F
0000
0488
06CC
06FD
05B3
03C2
01EF
00BB
0039
000B
FF8A
FE02
FAF7
F661
F0BE
EB00
E657
E3DC
E444
E7A8
ED77
F493
FB9C
0147
04B4
05A1
047B
0233
FFF7
FED8
FF7C
01EC
0595
0972
0C56
0D45
0BBC
07D3
023E
FC16
F691
F2AE
F0EF
F13F
F2F6
F50E
F66F
F63D
F418
F03A
EB71
E6EB
E3F1
E397
E678
EC93
F543
FF67
0996
126F
18D9
1C37
1C7C
1A21
1603
1125
0C79
08A6
05EB
0417
029C
00C2
FDDD
F98C
F3DE
ED6C
E742
E2B0
E101
E327
E973
F368
FFBE
0C8D
17A5
1F04
213E
1DD4
155A
095D
FC12
EFE3
E6E7
E277
E2EC
E79E
EF1E
F7A2
FF7B
0581
094F
0B45
0C50
0D87
0FC6
1353
17C2
1C06
1EC6
1EC8
1B5D
14AD
0BC3
025B
FA75
F5CF
F56D
F94A
004F
0897
0FE3
1430
143B
0FD7
07F3
FE69
F57C
EC44
EEB4
EFD8
EF1F
EC97
E8EB
E539
E2C0
E28C
E528
EA86
F204
FA9B
0325
0A9B
1046
13CD
152A
1492
1255
0ECC
0A55
0562
0080
FC5E
F9BA
F93B
FB40
FFAB
05CF
0C7A
122D
1573
1546
1160
0A62
01C1
F975
F381
F170
F3E8
FA79
03B1
0D70
1571
19D3
198C
14A6
0C2B
01DE
F7BF
EF98
EA95
E91D
EAD6
EEE1
F42B
F9BF
FEEF
036D
0728
0A2C
0C6F
0DBE
0DC7
0C3C
0901
045E
FF06
F9FF
F66A
F52E
F6AE
FAA0
0012
05A7
09F8
0BFC
0B62
08A9
0500
01E5
00AD
0208
05B3
0A80
0E98
100D
0D75
0673
FBF7
F020
E5C0
DFA0
DFB9
E695
F30D
027B
1158
1C20
203C
1CBD
12A4
04AB
F69D
EC5A
E8D8
ED59
F910
0956
1A4C
27D1
2E8A
2CAE
2267
11BD
FE06
EB0C
DC27
D37E
D1A6
D5AC
DD7C
E68A
EE82
F3D6
F5FF
F575
F35B
F105
EF89
EF6B
F088
F23A
F3A7
F41A
F346
F169
EF30
ED78
ED04
EE2C
F0BC
F3F9
F6DA
F856
F7BC
F4EE
F076
EB66
E713
E4B9
E525
E881
EE45
F55E
FC74
023F
05D3
06D2
056E
0254
FE6E
FAA5
F7A8
F5CD
F50C
F512
F566
F591
F53E
F44A
F2CB
F0FE
EF3D
EDEC
ED66
EDF9
EFD7
F30C
F77B
FCD2
0287
07E6
0C26
0E8B
0E8C
0BFD
0721
00A4
F97F
F2C8
ED6D
EA05
E8AB
E905
EA64
EC01
ED3A
EDCA
EDD7
EDE5
EE9F
F094
F3F4
F86E
FD33
0128
0335
029D
FF46
F9D3
F38C
EE0F
EAEB
EB38
EF42
F678
FF85
08A5
1013
146A
14F5
11C3
0B90
0382
FADF
F2C6
EC09
E727
E464
E3E4
E5C7
EA1F
F0DA
F992
036B
0D06
14AF
18AB
17B4
1165
068E
F936
EC49
E303
E025
E53E
F22B
0500
1A62
2E48
3CE8
43A0
4192
37D1
290C
18D5
0AB8
0154
FDCD
FFA4
0503
0B62
1052
1224
1056
0B8D
0546
FF3E
FAE1
F8E0
F90B
FA82
FC19
FCD2
FC37
FA7D
F860
F6C9
F667
F756
F90F
FA92
FAD0
F924
F5B4
F18D
EE6C
EE33
F243
FAE6
0703
143E
1F8B
2600
25BC
1E93
1237
03E3
F781
F08C
F106
F8D4
05A4
138A
1E09
2165
1BB1
0D77
F99A
E4A0
D375
CA15
CA80
D432
E458
F6A7
068E
1078
12AD
0DAC
03D1
F884
EF21
EA03
E9E6
EDE6
F3F4
F9AA
FD2A
FDBC
FBFA
F984
F853
F9EA
FEB9
05DA
0D50
12AD
13EC
1030
082F
FE11
F4DC
EF85
EFF9
F673
014D
0D63
16F9
1AD2
172A
0C4C
FC8B
EBA4
DDBC
D635
D6CA
DF1F
ECEE
FCBD
0AE6
149A
189A
1767
12F2
0DD7
0A7A
0A3C
0D19
11B9
15FB
17BB
1590
0F55
0635
FC56
F420
EF81
EF45
F2DD
F886
FDDA
0093
FF3C
F9A2
F0E2
E706
DE67
D8EF
D792
DA13
DF2B
E509
E9F7
ECE7
EDCC
ED90
EDB1
EFAE
F46C
FBCE
049E
0CD9
1240
130B
0E7A
0528
F8F1
EC8A
E2CE
DE08
DF64
E6AE
F26F
0058
0DE3
18E9
2017
2319
227B
1F56
1ADF
160D
115A
0CC8
080D
02D6
FD13
F71A
F1A7
EDB2
EC23
ED8B
F1E8
F895
0062
07D5
0D77
1029
0F5A
0B26
044B
FC02
F3C4
ED10
E92B
E8F7
ECD5
F492
FF6F
0C2F
1939
24CC
2D3F
3141
3019
29CC
1F26
119D
0311
F575
EA72
E321
DFE2
E05F
E3BA
E8D5
EE9F
F44D
F97D
FE30
02A2
071B
0BBE
1074
14E6
18A2
1B3F
1C84
1C7E
1B74
19CE
17E5
15E3
13AD
10F8
0D6E
08E4
038E
FE0A
F954
F683
F67D
F9A2
FF9A
0754
0F3E
15A5
192D
192D
15E6
106F
0A63
056A
02B9
02B2
04CD
07C0
09F0
09F5
0717
0195
FA9A
F3EC
EF61
EE4A
F103
F6CD
FDF3
044B
07D2
0744
0285
FAAA
F1B0
E9F1
E579
E57A
E9F9
F1D9
FB36
03F0
0A46
0D46
0CFA
0A47
068E
032C
0108
0057
009B
00EA
0055
FE50
FAFC
F72C
F42A
F352
F596
FB23
033C
0C56
1481
19E1
1B33
1826
1167
0879
FF42
F78F
F29D
F0D4
F1BC
F435
F6D7
F85B
F7F7
F58C
F19E
ED2B
E956
E720
E728
E992
EE0D
F3F2
FA71
00B7
0613
09FB
0C16
0C38
0A5F
06BC
01B0
FBCC
F5C6
F05C
EC29
E985
E865
E85B
E8B1
E8A2
E79D
E57F
E2B5
E030
DF2A
E0CE
E5D2
EE33
F90F
04CC
0F6D
170E
1A64
1917
13DC
0C4C
0478
FE5B
FB56
FBD3
FF34
040C
088F
0B22
0AD6
07B0
02A6
FD54
F97C
F87D
FAE2
0032
0709
0D75
1180
11B9
0D9A
05B6
FB8F
F13E
E8E9
E440
E41E
E85B
EFE8
F912
01F4
08E2
0CB9
0D0E
0A29
04E0
FE4F
F79A
F1B1
ED2F
EA58
E91D
E944
EA7C
EC82
EF28
F261
F633
FAAE
FFD7
0592
0B9D
1188
16C0
1AA4
1CA4
1C68
19EB
1591
1020
0AA3
0635
03C0
03C1
061E
0A24
0EA5
1241
13C0
1266
0E2B
07C6
0084
F9F3
F578
F3EC
F565
F92C
FDFB
025C
051B
05A9
0447
01F5
0025
0041
032F
08FA
10B4
18A2
1EA7
20D1
1DDF
15A1
090B
FA05
EAFA
DE4D
D5D5
D282
D446
DA36
E2D7
EC83
F5BE
FD68
02D0
059C
05AD
0305
FDC4
F640
ED22
E385
DAED
D51D
D3B9
D7DC
E1AE
F026
0117
1187
1E4C
24C4
237D
1A9D
0BEA
FA6E
E9C2
DD3A
D723
D844
DFC5
EB83
F8AA
0480
0D0A
117B
1243
10BF
0EB7
0DC1
0ECA
11D8
1622
1A5E
1D3D
1DD8
1BF5
1812
132E
0E6D
0AB5
086A
0757
06D6
0617
0482
01F8
FEEE
FC50
FB30
FC66
0039
062A
0D0B
133D
171D
177C
13F0
0CF9
03E0
FA64
F248
ECE8
EAE5
EC12
EF96
F432
F8A0
FBE8
FD92
FDB4
FCD3
FBAD
FB00
FB5B
FD05
0001
041A
0901
0E5A
13C1
18CE
1D09
1FF3
2119
2031
1D41
18BC
1385
0ED4
0BEE
0BD9
0F07
151C
1CF1
24C0
2A91
2CB9
2A50
237C
197F
0E6E
04B8
FE8A
FD42
0117
090B
1331
1D2E
24D0
2899
2810
23C2
1D06
1580
0EA5
094D
0589
02B9
FFE0
FC18
F6FA
F0E5
EAFB
E6DD
E637
EA39
F32B
0037
0F81
1E8B
2ABE
320E
336E
2F16
266F
1BB8
1176
09D8
0635
06C1
0A8E
0FD6
147A
1691
14EB
0F62
06E6
FD46
F4C1
EF72
EED0
F347
FC10
0753
1288
1B05
1E95
1C00
1359
0607
F684
E7D8
DCF6
D814
DA32
E2DC
F040
FF95
0DB7
17D7
1C14
19DE
120B
0697
FA29
EF6F
E889
E69B
E9A1
F08E
F9A1
02E6
0AA6
0FC5
11EB
116B
0F0F
0BC4
0851
0524
0249
FF84
FC7A
F8E8
F4C5
F04A
EBE1
E806
E522
E369
E2DF
E35E
E4B6
E6C9
E997
ED38
F1C4
F72B
FD1C
02F5
07DE
0AF6
0B95
0987
052F
FF7C
F9B9
F535
F2E9
F32C
F59C
F938
FCB2
FED8
FF00
FD46
FA8F
F847
F7F3
FAA5
0094
08ED
11F1
1963
1D24
1BD4
1548
0AAD
FE53
F31C
EBC6
EA35
EEF7
F91F
068B
146D
2007
2754
2976
26D6
20DF
1986
12B4
0DC5
0B47
0AFC
0C1A
0DB6
0F20
1027
1114
127B
14E0
1864
1C88
203C
2219
20D3
1BAF
12D4
0768
FB59
F0E9
EA17
E814
EAE9
F170
F99D
010A
059A
0605
0227
FAFB
F249
EA1F
E43B
E19A
E23D
E547
E94D
ECD3
EEBE
EEA3
ECD4
EA36
E7E7
E6D5
E76D
E97E
EC44
EEB4
EFD8
EF1F
EC97
E8EB
E539
E2C0
E28C
E528
EA86
F204
FA9B
0325
0A9B
1046
13CD
152A
1492
1255
0ECC
0A55
0562
0080
FC5E
F9BA
F93B
FB40
FFAB
05CF
0C7A
122D
1573
1546
1160
0A62
01C1
F975
F381
F170
F3E8
FA79
03B1
0D70
1571
19D3
198C
14A6
0C2B
01DE
F7BF
EF98
EA95
E91D
EAD6
EEE1
F42B
F9BF
FEEF
036D
0728
0A2C
0C6F
0DBE
0DC7
0C3C
0901
045E
FF06
F9FF
F66A
F52E
F6AE
FAA0
0012
05A7
09F8
0BFC
0B62
08A9
0500
01E5
00AD
0208
05B3
0A80
0E98
100D
0D75
0673
FBF7
F020
E5C0
DFA0
DFB9
E695
F30D
027B
1158
1C20
203C
1CBD
12A4
04AB
F69D
EC5A
E8D8
ED59
F910
0956
1A4C
27D1
2E8A
2CAE
2267
11BD
FE06
EB0C
DC27
D37E
D1A6
D5AC
DD7C
E68A
EE82
F3D6
F5FF
F575
EE1F
EB73
EA8D
EC3C
F0D4
F806
00DD
09DB
1147
158C
1597
1121
08D1
FE1E
F306
E99F
E39F
E1FC
E4B8
EAED
F30E
FB56
023D
06D4
08FE
095D
090E
0947
0AEC
0E3D
12C3
1772
1AFB
1C3F
1AAD
1682
10C1
0AF6
06C5
056F
076E
0C46
129D
1890
1C3F
1C4C
184A
10E3
07B5
FEE7
F89E
F665
F8C7
FF1C
07B8
104A
1673
1855
150C
0CDA
011B
F3EC
E7B5
DEA2
DA38
DB13
E0DE
EA80
F664
02D5
0E4C
17A5
1E3B
21DB
22B2
2123
1DAC
18CE
1303
0CBA
065D
0052
FAFD
F6BA
F3D6
F289
F2EF
F507
F8AE
FDA6
0395
0A08
107C
1667
1B3F
1E90
200A
1F8C
1D34
1951
1463
0EF8
099F
04CC
00CB
FDC2
FBB9
FAAD
FAA1
FBA7
FDDF
0168
064B
0C60
1341
1A49
20AC
2592
284C
286F
25F4
2135
1AD9
13AE
0C7B
05DC
002F
FB91
F7F4
F53B
F358
F259
F264
F3A8
F63A
F9FB
FE86
033E
0767
0A54
0B98
0B28
0962
06F9
04C5
0387
03B1
0545
07CD
0A80
0C79
0CF6
0B8F
0858
03DA
FEF2
FA98
F7A2
F69D
F7AE
FA9C
FEEA
03FD
093C
0E21
1242
1540
16C0
1666
13E1
0F0A
0807
FF67
F62B
EDA7
E743
E42B
E4F2
E961
F064
F83F
FEEF
02AE
0271
FE37
F71E
EF24
E8A6
E5C1
E7BC
EEA5
F943
0560
105A
17D4
1A5A
17C0
112C
08C1
0101
FC1C
FB53
FEA7
04E1
0BF6
11A2
141A
128E
0D63
060F
FEA5
F937
F733
F8FC
FDD1
040B
09A3
0CD5
0CA4
0930
03A6
FDE5
F9EF
F946
FC77
02E8
0B01
129A
179B
1890
1512
0DE2
04A9
FB85
F468
F098
F05A
F2EE
F6DB
FA69
FC2C
FB74
F885
F47F
F106
EFC4
F1E7
F7BD
0098
0AEF
14BE
1C0B
1F66
1E3F
1911
113C
08B4
018B
FD75
FD70
018D
08F7
1225
1B2B
2224
2585
246C
1EBD
152D
091C
FC61
F0FA
E8B8
E4F6
E653
EC97
F6B2
02E5
0F13
1924
1F6E
2113
1E2D
17CB
0FB5
0802
0296
00AD
0288
0760
0D96
131C
1606
1506
0FCD
0724
FCB5
F2A5
EAFD
E72B
E7A4
EBCE
F235
F8F9
FE57
011E
00FE
FE8D
FB03
F7D2
F62A
F699
F8E1
FC11
FED9
0000
FECF
FB56
F670
F184
EE16
ED46
EF70
F3FA
F979
FE0D
FFEE
FDF8
F805
EF0D
E4F0
DBFB
D651
D55F
D980
E1E7
ECE0
F846
020C
08C0
0BCD
0B85
08E4
0534
01A0
FEF0
FD66
FCDE
FD08
FDB3
FEFB
0151
054F
0B6C
13A2
1D36
26B5
2E30
31BA
2FEE
2875
1C3E
0D6B
FEDF
F38D
EDB4
EE42
F48B
FE6A
08D2
109A
135F
1024
07A3
FC13
F08E
E82F
E538
E868
F0CC
FC02
06E4
0E6C
1086
0CA5
03DE
F892
EDBD
E61B
E36C
E5FC
EC9F
F517
FCBE
014F
0184
FD69
F645
EE31
E772
E3D2
E424
E816
EE56
F505
FA44
FCBC
FBF3
F861
F33C
EE14
EA5E
E916
EA86
EE4A
F37B
F903
FDE1
016C
0366
03F6
0389
02A7
01D5
017D
01F0
035F
05E4
0973
0DCF
1275
169C
1946
1972
165C
0FCF
0653
FB3C
F079
E82C
E424
E557
EB85
F529
FFC2
0866
0C8A
0AB1
02EA
F6E0
E978
DE19
D7BF
D828
DF51
EB6D
F958
0575
0CAA
0D3F
0757
FCE8
F12B
E7B2
E361
E59B
EDDE
F9ED
0670
0FEC
13C0
10DA
07FD
FB7E
EE8A
E438
DEAC
DE8A
E2DB
E977
EFC7
F39E
F3ED
F116
ECC6
E963
E93F
EDCA
F70D
0394
10C9
1BB4
21D8
21F5
1C69
1323
0917
0168
FE87
017E
09A4
14CC
1FDF
27B7
29F3
259B
1B55
0D28
FDEA
F07B
E706
E28C
E2BE
E63D
EB1E
EF86
F232
F2C5
F1C2
F046
EF92
F097
F397
F812
FCE8
00AE
0223
008E
FBFA
F531
ED90
E6A3
E1CA
DFE2
E11C
E507
EAB6
F108
F6EE
FBA0
FEB3
0015
FFF1
FE89
FC20
F8E9
F50B
F0B9
EC41
E817
E4CB
E2F2
E2FE
E518
E908
EE30
F3A8
F870
FBA8
FCCC
FBD8
F949
F60B
F339
F1DE
F2B3
F5EC
FB31
01AB
083D
0DC5
1163
12AE
11CC
0F68
0C89
0A4E
09A8
0B21
0EB9
13E7
19BD
1F24
2320
2510
24D2
22C6
1FAC
1C69
19BF
180E
1735
1693
153A
1238
0CEB
054E
FC11
F28B
EA78
E587
E4EE
E906
F119
FB7D
05DF
0DCC
1144
0F37
07D4
FC7F
EF8B
E3AC
DB5B
D840
DAD7
E25F
ED11
F89D
02B3
0996
0C6E
0B68
078D
0262
FD78
FA07
F8A3
F935
FB1A
FD6B
FF4E
0034
FFFC
FEED
FD8E
FC6C
FBEA
FC21
FCDD
FDB3
FE32
FE01
FD01
FB4D
F927
F6DA
F49D
F27E
F06B
EE44
EC00
E9C4
E7ED
E700
E77D
E9AC
ED72
F239
F708
FAB8
FC4C
FB44
F7D7
F2FF
EE4D
EB81
EC13
F0BD
F92D
0402
0F0F
17DA
1C40
1B02
1424
08F5
FBC3
EF4C
E60D
E1A6
E27A
E79F
EF31
F6DD
FC90
FF07
FE26
FAF3
F741
F51C
F62C
FB2E
03B7
0E4B
18C5
20EA
250D
247B
1FB0
182B
1004
0950
0592
0555
080F
0C55
1050
1245
111F
0CB6
05DB
FE11
F71C
F275
F0DF
F230
F562
F8E6
FB26
FAFD
F81B
F321
ED72
E8D0
E6D6
E874
EDA6
F564
FDE7
0521
094E
0972
05A4
FF0A
F787
F13D
EDF5
EEA3
F32D
FA72
02A6
09D6
0E72
0FBD
0DF7
0A3F
0630
0361
02E7
04FE
0901
0D9B
1138
1287
10E6
0C94
06A2
009B
FC08
F9F6
FA9F
FD58
00CB
0369
03F0
01DD
FD9D
F872
F40D
F1FD
F31F
F740
FD15
028F
0572
040F
FDDD
F3C5
E7FD
DD80
D73C
D735
DDE6
E9FD
F8A7
0645
0F66
11BC
0CC0
01E3
F425
E745
DEB2
DC9B
E152
EB43
F770
0258
0900
09CE
04FD
FC7D
F353
ECAD
EAE5
EED0
F785
02B1
0D52
14AC
1724
14B7
0EF5
0870
03E4
0347
071E
0E46
1645
1C18
1D22
1819
0D79
FF7C
F17D
E702
E2A7
E55C
EE0E
F9FA
057E
0D34
0EFA
0AA2
01FC
F854
F165
F035
F612
021D
1173
1FF8
2983
2B21
23F3
158A
0381
F284
E709
E409
EA30
F7A6
088F
181B
21D5
22D7
1A8B
0ACA
F74F
E4B3
D730
D191
D48D
DEB7
ED01
FBA8
0738
0D73
0DC7
0955
0274
FBFA
F867
F940
FEBE
07D6
1299
1CC7
2463
281F
2793
2330
1BFC
133A
0A16
0167
F99D
F2D2
ECED
E7D0
E37B
E016
DDEF
DD60
DEB7
E21C
E77F
EE96
F6DD
FF9F
0803
0F1D
1403
15ED
145B
0F36
06EE
FC82
F167
E754
DFF2
DC86
DDA2
E301
EB8D
F598
FF43
06E9
0B88
0CF2
0BD1
0966
0724
0640
0754
0A34
0E03
1178
1351
12B7
0F89
0A69
0491
FF73
FC4C
FBC2
FDBC
016E
05A3
092A
0B3B
0BC4
0B69
0B51
0CBC
1087
16CE
1EBC
26B0
2CA1
2EA8
2B96
2351
16F8
08A5
FAF0
F04C
EA6A
E9D2
EDC7
F488
FBCA
015A
03B1
024B
FDBA
F771
F148
ECF9
EBA9
EDA7
F264
F8B1
FF26
0485
0815
09C0
0A05
09B8
09AC
0A63
0BDF
0D99
0EB0
0E29
0B4B
05D7
FE33
F558
ECA3
E588
E141
E08B
E382
E9A7
F200
FB53
0466
0C36
121C
15D4
1770
1740
15A9
1310
0FC3
0BF9
07D5
037A
FF12
FADE
F72D
F454
F296
F213
F2B4
F425
F5E1
F746
F7BE
F6E9
F4B9
F18C
EE1F
EB73
EA8D
EC3C
F0D4
F806
00DD
09DB
1147
158C
1597
1121
08D1
FE1E
F306
E99F
E39F
E1FC
E4B8
EAED
F30E
FB56
023D
06D4
08FE
095D
090E
0947
0AEC
0E3D
12C3
1772
1AFB
1C3F
1AAD
1682
10C1
0AF6
06C5
056F
076E
0C46
129D
1890
1C3F
1C4C
184A
10E3
07B5
FEE7
F89E
F665
F8C7
FF1C
07B8
104A
1673
1855
150C
0CDA
011B
F3EC
E7B5
DEA2
DA38
DB13
E0DE
EA80
F664
02D5
0E4C
17A5
1E3B
21DB
22B2
2123
1DAC
18CE
1303
0CBA
065D
0052
FAFD
F6BA
F3D6
F289
F2EF
F507
F8AE
FDA6
0395
0A08
107C
1667
1B3F
1E90
200A
1F8C
1D34
1951
1463
0EF8
099F
04CC
00CB
FDC2
FBB9
FAAD
FAA1
FBA7
FDDF
0168
064B
0C60
1341
1A49
20AC
2592
284C
286F
25F4
2135
1AD9
13AE
0C7B
05DC
002F
FB91
0E46
1973
20E9
2392
21B5
1CD1
1719
12C4
1159
133D
1796
1C9C
2029
206C
1C7C
14A0
0A39
FF5A
F625
F02F
EE0C
EF35
F242
F568
F712
F666
F382
EF72
EBD3
EA4B
EBFC
F127
F912
023A
0AC1
10F7
13CD
1318
0F8A
0A6E
0542
0142
FF1D
FED2
FFD2
0140
024C
0272
019E
001E
FE6F
FCFD
FBEE
FB0F
F9EC
F806
F51D
F167
EDA0
EAEA
EA7F
ED4B
F38D
FCA5
071C
10EE
1807
1ACE
1895
11D9
0829
FDCC
F530
F053
F044
F4E9
FD11
06CC
0FF4
16B9
1A0A
19CC
16BA
121C
0D50
0960
06BC
0524
03D8
01E9
FEA0
F9CD
F3EC
EE16
E9B8
E82F
EA5E
F062
F973
0405
0E16
15A1
190F
1795
1162
0796
FC08
F0E9
E852
E3E8
E487
EA2C
F3F3
0048
0D2D
188F
209B
2405
2238
1B6C
10A0
036D
F5CC
E9C1
E107
DCC8
DD67
E274
EABB
F48C
FE08
0586
09E5
0AC4
088C
044C
FF72
FB71
F961
F9C3
FC6A
0090
0518
08E4
0B2A
0BB1
0AE4
09AF
093C
0A93
0E41
141C
1B38
220F
26DB
2807
2498
1C7D
10A5
02D7
F55B
EA7C
E40A
E2FC
E73A
EFAE
FA86
05A0
0EFA
151F
175A
15CE
1148
0B06
045B
FE71
FA14
F7A4
F724
F85A
FAF1
FE99
030A
0801
0D2E
1223
1653
191B
19E3
1845
142B
0DE2
0616
FDAE
F59D
EEAF
E95F
E5CB
E3C1
E2E2
E2D4
E36E
E4C6
E72C
EAFB
F069
F74B
FEFD
0667
0C32
0F1A
0E46
0998
01CA
F85E
EF4E
E8A2
E5F0
E7FF
EE96
F886
03F9
0EE2
1776
1C95
1DF8
1C2A
184C
13B5
0F91
0C98
0AED
0A33
09C4
08F3
0753
04D5
01C9
FEBB
FC42
FAC5
FA63
FAEB
FBF8
FD1B
FE04
FE9A
FEF7
FF4D
FFBC
002F
0052
FFA1
FD9F
FA12
F53E
EFF6
EB86
E964
EACE
F059
F9AC
0571
1196
1BC3
21F7
2319
1F4B
17F3
0F62
0835
049C
05B9
0B41
138C
1BFD
21BF
228B
1D55
1298
0443
F537
E88B
E0C0
DF24
E390
EC89
F7BC
02AA
0B52
10A1
1299
1218
106A
0EC3
0DD1
0D92
0D6C
0C89
0A41
0680
01E8
FDB2
FB4A
FBCA
FF84
05BC
0CC4
1263
1479
11B0
0A00
FED0
F2B6
E8D3
E3F2
E5C2
EE44
FBB5
0AF5
184D
2064
2123
1A3F
0D4F
FD5A
EE0E
E2CD
DDD2
DFB5
E759
F253
FD9E
066C
0AD4
0A33
0530
FD61
F4C1
ED18
E78C
E472
E361
E388
E40C
E467
E48E
E4ED
E62F
E8F2
ED83
F3B9
FAFA
026E
0948
0F03
1387
1723
1A5A
1D9F
210A
2438
264F
2638
22F9
1C17
11D5
054E
F842
ECBC
E499
E111
E271
E80B
F069
F9B0
0218
0856
0BDC
0CD9
0C14
0A8E
0931
0886
089F
0925
098C
095C
0860
06C7
0511
03E3
03CB
0509
0776
0A8D
0D98
0FED
112A
1150
10C6
1023
0FF2
1069
1144
11BF
10CC
0D64
06ED
FD88
F234
E6B5
DD3B
D7E5
D83D
DEC6
EACC
FA7C
0B3B
1A34
24EC
29C8
2853
214B
1662
09D4
FDE8
F47A
EEAB
ECC6
EE4C
F230
F723
FBE2
FF69
0120
00D9
FECF
FB88
F7BC
F436
F1B7
F0E0
F212
F55A
FA62
0071
0680
0B5F
0DF6
0D80
09C8
0342
FB09
F2AD
EBE2
E821
E847
EC59
F37C
FC17
0433
09E9
0BDE
0992
0388
FB29
F26D
EB6A
E7CF
E883
ED69
F56C
FEC3
075C
0D5A
0F81
0D7D
07EE
0038
F82D
F19C
EDE8
EDBC
F0EE
F699
FD5F
03C6
0898
0B2E
0B92
0A72
08ED
083D
095E
0CC1
1220
1888
1E89
228B
2336
1FCB
1866
0E05
025F
F78C
EF8D
EBD9
ECFE
F278
FAC8
03C1
0B05
0E95
0D45
070F
FD16
F16C
E69C
DF14
DC91
DFBD
E801
F3AB
0054
0B6C
12D8
1562
12FF
0CC1
0487
FC82
F6A6
F435
F577
F9BB
FF96
054E
0953
0AAF
093F
05B5
015F
FDC6
FC3C
FD82
0192
079F
0E52
141E
17A9
1822
156C
1021
095E
027D
FCBA
F8F4
F784
F83B
FA8C
FDB9
0110
0414
068B
0875
09F5
0B2C
0C25
0CD2
0D19
0CF2
0C84
0C31
0C8E
0E39
11A0
16C9
1D28
2399
288D
2A5F
27B9
2005
13B1
043A
F3FB
E5B2
DBED
D869
DBA3
E4AC
F150
FE91
0954
0F19
0E95
07F9
FCE9
F00E
E475
DCCC
DAC6
DEB6
E78E
F32D
FEF1
0862
0DC9
0E90
0B50
0594
FF61
FAAA
F8D0
FA57
FED8
0538
0C03
11DC
15D4
1799
1772
160B
1427
1252
10B5
0F06
0CB2
091A
03E3
FD2D
F5A3
EE69
E8D1
E603
E6AB
EABB
F162
F93A
0093
05E3
081D
06F6
02EE
FD2C
F72E
F26B
EFF8
F04E
F33C
F803
FD94
02DA
06FE
098F
0A8B
0A45
093B
07E8
069C
0575
0467
0354
022C
00FF
FFFF
FF6A
FF69
FFF0
00A9
0100
0042
FDDE
F9A0
F3E0
ED8F
E814
E4FE
E5A0
EAA9
F3DC
FFFC
0CFE
186E
2002
2224
1E5C
1576
095A
FC99
F1CF
EB00
E920
EBDD
F1BE
F899
FE25
00A1
FF47
FA78
F397
EC9A
E76F
E573
E709
EB86
F16D
F6E7
FA54
FAD1
F878
F460
F040
EDED
EEC7
F349
FADF
040A
0CD1
1350
1643
1560
1160
0BC0
0640
0252
00A9
00FC
022B
02A0
00DF
FC12
F460
EAF7
E1C1
DAD9
D7ED
D9B6
DFC3
E895
F20D
FA17
FF42
0132
00AD
FF54
FF09
0143
0679
0DE4
15A4
1B42
1C7C
17F8
0DD3
FFB2
F06C
E34E
DB32
D9BA
DED1
E8BA
F489
FEFB
0567
0677
0280
FB58
F3B8
EE5A
ED22
F084
F768
FF88
0632
0929
0768
017D
F971
F226
EE79
F05A
F827
047E
1296
1F04
26B5
27CF
223C
17AD
0B1F
0002
F940
F878
FD8F
06D3
117F
1A8C
1F88
1F30
19A8
104B
0527
FA52
F15D
EAFF
E71A
E502
E3F6
E384
E3BF
E535
E898
EE52
F61C
FED9
06B7
0BA5
0BF0
06E3
FD24
F0B3
E47B
DB97
D876
DC25
E5F9
F3AD
0201
0D97
13E9
13F2
0E76
05B8
FCCD
F6A6
F538
F8E9
007A
0972
10DF
1446
1259
0B5E
0118
F63E
EDB0
E9AA
EB2C
F1C7
FBD3
06FB
10F2
180C
1B9C
1BEF
1A08
1716
1406
112A
0E3B
0A94
059E
FF3D
F80E
F15D
ECD5
EBF8
EF92
F75A
01DD
0CC8
1581
19DC
18BF
1273
089F
FDCF
F4C2
EF9F
EF64
F3A0
FAA1
01FC
0748
08D1
0615
FFDD
F7F4
F094
EBBC
EA98
ED37
F290
F8E4
FE47
0132
00F2
FDC2
F8AE
F333
EEC5
EC70
EC9C
EF08
F303
F7AB
FC39
0029
033E
0565
0689
0679
04E3
0171
FC08
F4FD
ED36
E618
E145
E02F
E3A4
EB7B
F67A
0289
0D34
143C
163A
12F7
0B79
01B9
F80D
F07A
EC2B
EB22
EC56
EE17
EEB7
ED24
E956
E45E
E01A
DE99
E171
E92D
F50B
0323
10E9
1BE0
2251
23BC
20F0
1BB3
162C
1222
106F
10B9
119B
112B
0DB1
064C
FB63
EE9D
E280
D9B2
D637
D8CF
E0BC
EBED
F79F
0122
069E
0792
04DE
0069
FC6E
FAB7
FC00
FFB4
041E
06FA
0638
00B5
F6AC
E9B8
DC6E
D19D
CB86
CB32
D02F
D8B7
E23E
EA3A
EEDE
EF99
ED32
E975
E69A
E68A
EA4F
F1C8
FBC1
0664
0FCD
16A3
1A6E
1BA1
1B56
1AC8
1AD7
1BA5
1C8B
1C55
19C0
1408
0B53
00D3
F692
EEE6
EBCD
EE4D
F618
0195
0E46
1973
20E9
2392
21B5
1CD1
1719
12C4
1159
133D
1796
1C9C
2029
206C
1C7C
14A0
0A39
FF5A
F625
F02F
EE0C
EF35
F242
F568
F712
F666
F382
EF72
EBD3
EA4B
EBFC
F127
F912
023A
0AC1
10F7
13CD
1318
0F8A
0A6E
0542
0142
FF1D
FED2
FFD2
0140
024C
0272
019E
001E
FE6F
FCFD
FBEE
FB0F
F9EC
F806
F51D
F167
EDA0
EAEA
EA7F
ED4B
F38D
FCA5
071C
10EE
1807
1ACE
1895
11D9
0829
FDCC
F530
F053
F044
F4E9
FD11
06CC
0FF4
16B9
1A0A
19CC
16BA
121C
0D50
0960
06BC
0524
03D8
01E9
FEA0
F9CD
F3EC
EE16
E9B8
E82F
EA5E
F062
F973
0405
0E16
15A1
190F
1795
1162
0796
FC08
F0E9
E852
E3E8
E487
EA2C
F3F3
0048
0D2D
188F
209B
2405
2238
1B6C
10A0
036D
F5CC
E9C1
E107
DCC8
DD67
E274
F063
ED51
F1B3
FC47
09FF
16E7
1F4C
20D2
1B22
0FFF
02BE
F743
F0D9
F139
F80A
02FF
0E88
16E9
1953
14BD
0A36
FC91
EF9A
E6FB
E530
EADA
F698
0575
13CA
1E44
22D0
211C
1A96
11E9
0A24
05CF
0635
0B12
12BE
1ABA
207D
2231
1F39
184D
0F33
0629
FF34
FB94
FB6E
FDE5
0171
0475
05C7
0516
02F9
00B9
FFD8
0186
062D
0D3C
153D
1C30
201B
1F98
1A39
10B6
04C4
F8AC
EEC3
E8DA
E7D8
EB90
F2DB
FBE8
04B3
0B79
0F18
0F40
0C70
07C6
02B2
FEA0
FCA7
FD5A
00B1
0614
0C84
12D4
17DF
1AC6
1B12
18C7
145D
0EA1
0883
02E4
FE5E
FB2A
F914
F792
F5F7
F3AA
F066
EC5A
E82D
E4DC
E378
E4CE
E920
EFF9
F82C
000B
05C6
07DC
0580
FED9
F508
E9EC
DFBB
D881
D5A7
D7A3
DDE8
E70D
F12C
FA54
00F8
043A
0406
00F6
FC16
F698
F18A
EDAC
EB65
EAD0
EBDA
EE61
F23B
F735
FCF6
02F4
0864
0C54
0DD5
0C41
0779
000D
F738
EEAF
E841
E56B
E6ED
EC92
F52F
FEE6
0799
0D75
0F63
0D50
0828
0190
FB6F
F768
F66E
F88A
FCF0
0247
071B
0A51
0B74
0ACC
0937
07CF
0785
08C5
0B57
0E6A
10E2
11BA
1067
0D0A
0874
03E2
009A
FF73
0088
031F
05D4
0703
054E
0017
F7C5
EDBE
E418
DD06
DA41
DC83
E34D
ECFF
F746
FFB8
047A
04BA
00E0
FA62
F34F
EDB0
EAEF
EB7C
EEB4
F327
F719
F91B
F88A
F5CA
F232
EFA4
EFF6
F45C
FCF9
08BF
15A7
2135
2920
2BED
2952
2248
18BC
0F08
074F
02E9
0216
0409
0733
09D6
0A95
08E4
0536
00CF
FD5D
FC65
FEBC
0432
0B8D
12DB
17F4
1924
15AA
0DFD
03B9
F938
F0ED
ECBB
ED6C
F27E
FA3F
0250
0849
0A6F
0831
0255
FAC1
F3F0
F039
F11C
F6CB
0003
0A5D
12EC
1703
14FB
0CAF
FF9A
F089
E2E8
D9ED
D7C6
DD06
E881
F790
06BC
1298
189D
17C2
10BA
05B7
F9D4
F046
EB89
ECC4
F385
FDED
092F
1255
16FE
15F7
0F7C
051F
F952
EEC0
E7A1
E52D
E761
ED0F
F44A
FAEB
FF34
0039
FE1E
F9F7
F575
F268
F238
F586
FC05
0495
0D8B
152C
1A13
1B8A
19A6
1535
0F78
09CD
0555
02B7
020B
02EC
04AB
068F
080F
08EF
0944
095A
098C
0A12
0AEE
0BE3
0C90
0C92
0BB5
0A0F
080D
0658
05AF
06AD
0998
0E43
140D
1A00
1F08
2230
22D9
20D9
1C7E
1671
0F86
0886
0205
FC4A
F750
F2E9
EEDD
EB16
E7B8
E522
E3DA
E466
E721
EC13
F2E4
FADE
030B
0A68
100D
135C
1418
1260
0EA4
0983
03AA
FDB6
F828
F35B
EF8A
ECDC
EB63
EB25
EC13
EE0A
F0CB
F409
F76B
FAA8
FD92
0027
0288
04ED
0786
0A62
0D51
0FEA
1197
11C6
1017
0C91
07BA
028E
FE4F
FC3B
FD2C
0150
07FE
0FC4
16AC
1AB2
1A43
14B5
0A86
FD55
EF94
E3FC
DCEB
DBD0
E0D2
EAC5
F779
0447
0EC1
1549
1774
1612
12E1
0FFD
0F30
1167
165E
1CAB
2224
2481
2210
1A46
0E01
FF65
F15F
E6E8
E23A
E43A
EC2D
F7E6
044E
0E29
12F2
1179
0A32
FF13
F30E
E94D
E460
E598
ECB2
F7F5
049D
0F97
163F
1703
11B9
079B
FAF5
EE8C
E501
E03A
E10E
E72C
F14A
FD7B
09A5
13E8
1AEB
1DFE
1D1E
18D2
1203
09CB
014F
F9A5
F3B8
F03E
EF9F
F1EA
F6C9
FD7D
04F8
0BFE
115B
1423
13E5
10C8
0B8D
056C
FFD1
FC0D
FB0E
FD27
01F8
0887
0F73
153C
1895
18A2
1523
0E77
0588
FB9B
F214
EA3B
E50C
E312
E456
E85D
EE3D
F4B8
FA6C
FE05
FE7A
FB41
F478
EAF4
E02E
D60F
CE98
CB83
CDDB
D5BA
E22B
F14C
00A7
0DAA
1638
191E
1659
0F1F
0594
FC56
F5DA
F3E1
F709
FEAA
08FC
1382
1B9D
1F27
1CF0
1502
089B
F9E4
EB79
DFDA
D8ED
D7A8
DBF2
E4C4
F06E
FD01
08B1
1223
189D
1C01
1CB6
1B6F
18F8
1602
130A
1053
0DF2
0BE1
0A1E
08B3
07BD
0763
07C3
08E1
0A94
0C84
0E30
0F0A
0E8A
0C58
085A
02C5
FC14
F4F6
EE2A
E85C
E400
E144
E007
DFEE
E086
E164
E24E
E34A
E49B
E6AB
E9DC
EE5D
F3FE
FA23
FFD2
03EB
0566
03A9
FEC8
F79B
EFAD
E8F6
E56D
E690
ECFB
F827
0674
156D
2248
2A86
2C84
27E1
1D9E
0FEA
01A3
F5B4
EE68
ECE5
F0F3
F912
02E4
0BC7
117C
12B8
0F64
089F
0060
F8EB
F437
F36A
F68C
FC8E
0399
098A
0C8E
0B96
06A2
FEBE
F5B7
EDA2
E84D
E6C9
E924
EE66
F4DD
FA8B
FDB6
FD5C
F97E
F322
EC12
E66A
E405
E602
EC6C
F62C
013A
0B19
1169
1279
0DBF
0400
F734
EA26
DFD3
DACA
DC92
E552
F3BC
0552
16E3
253B
2DC7
2F21
2951
1DC2
0EED
FFC7
F31F
EB08
E874
EB12
F175
F982
00ED
05CD
06FD
0456
FE9E
F744
EFF6
EA32
E6E5
E641
E7BF
EA57
ECD5
EE3A
EE03
EC50
E9DA
E7B9
E714
E8CB
ED31
F3EC
FC04
041B
0ABF
0EC1
0F7F
0D08
0816
01E1
FBD1
F72C
F4C8
F4E2
F713
FA77
FDE4
0041
00C2
FF28
FBC5
F773
F35A
F0AC
F05B
F2DF
F812
FF37
0718
0E4A
1373
1592
1436
0F8E
0863
FFE7
F774
F043
EB28
E86D
E7C5
E86C
E95B
E993
E862
E59A
E1A0
DD5F
DA0F
D8EB
DADA
E032
E88D
F2D8
FD82
06D1
0D43
0FE3
0E8B
09E7
0358
FCA2
F786
F55E
F6CF
FBA4
02DD
0AED
1215
16CA
1807
1584
0FBA
07BB
FEED
F6B7
F032
EBFD
EA26
EA46
EBB0
EDA8
EF9C
F13F
F294
F3D7
F55A
F75C
F9EA
FCDA
FFCD
0256
0412
04D3
04A5
03D0
02BB
01CB
013F
0115
010B
00AE
FF7D
FD16
F958
F477
EEF9
E99B
E528
E24C
E16E
E2A1
E5A8
EA0C
EF43
F4D2
FA61
FFC5
04F2
09E4
0E86
12A2
15DE
17D1
181C
168F
1344
0EA0
094B
040C
FF9F
FC88
FAFE
FAE3
FBD8
FD61
FF11
00A6
0219
0395
0559
0795
0A47
0D2E
0FD4
11AC
1240
115C
0F26
0C15
08D8
0619
0445
0364
030F
028A
0106
FDF0
F934
F363
EDAC
E996
E8A0
EBCE
F34E
FE49
0AFE
1718
2036
2479
22FF
1C1F
1156
04ED
F96E
F105
ED05
ED9B
F1DF
F81E
FE5A
02D5
0481
0336
FFA8
FB1B
F6FB
F469
F3EF
F561
F7FB
FAA9
FC62
FC80
FAED
F823
F505
F28F
F18C
F258
F4CF
F85F
FC3D
FFAD
023B
03DF
04F8
0628
0815
0B30
0F84
14A6
19CB
1DF6
2031
1FCA
1C79
1671
0E57
0520
FBEC
F3DE
EDF7
EAFA
EB56
EF19
F5E2
FEE2
08E2
1269
19E8
1E06
1DE8
196E
1154
0722
FCEA
F4DD
F0CB
F1B7
F789
010E
0C34
168B
1DD5
2094
1E5E
17F1
0EF3
0577
FD6C
F822
F5FD
F678
F86F
FA94
FBE8
FC14
FB7E
FB1D
FC0A
FF0B
0428
0A85
108C
145B
1458
0FC7
071F
FC0B
F10B
E8D5
E591
E83E
F064
FC31
08FB
13FD
1B1F
1D84
1BBC
177E
130C
106B
10B3
13AB
17DC
1B09
1AF9
1645
0CEE
0088
F3DB
EA26
E627
E93C
F2E7
00D0
0F63
1AC6
1FF2
1D94
1478
0752
F9FE
F063
ED51
F1B3
FC47
09FF
16E7
1F4C
20D2
1B22
0FFF
02BE
F743
F0D9
F139
F80A
02FF
0E88
16E9
1953
14BD
0A36
FC91
EF9A
E6FB
E530
EADA
F698
0575
13CA
1E44
22D0
211C
1A96
11E9
0A24
05CF
0635
0B12
12BE
1ABA
207D
2231
1F39
184D
0F33
0629
FF34
FB94
FB6E
FDE5
0171
0475
05C7
0516
02F9
00B9
FFD8
0186
062D
0D3C
153D
1C30
201B
1F98
1A39
10B6
04C4
F8AC
EEC3
E8DA
E7D8
EB90
F2DB
FBE8
04B3
0B79
0F18
0F40
0C70
07C6
02B2
FEA0
FCA7
FD5A
00B1
0614
0C84
12D4
17DF
1AC6
1B12
18C7
145D
0EA1
0883
02E4
FE5E
FB2A
F914
F792
F5F7
F3AA
F066
EC5A
E82D
E4DC
E378
E4CE
E920
EFF9
F82C
000B
05C6
07DC
0580
FED9
F508
E9EC
DFBB
D881
D5A7
D7A3
DDE8
E70D
F12C
FA54
00F8
043A
14A9
110B
0ED6
0F0B
119E
1570
18A0
1925
1578
0D28
0117
F35A
E6B9
DDF4
DB07
DE96
E7C2
F45F
0189
0C68
12ED
1454
1142
0B83
0574
014D
007E
0354
08F2
0FAC
1595
191C
1987
171E
130B
0EE9
0C3B
0BEA
0DFA
118E
153A
1780
1759
1496
0FFB
0B04
076F
06A6
093B
0EAD
1576
1B78
1E9D
1D7B
17D1
0EA7
0418
FAB8
F4D6
F3C8
F779
FE5A
05C5
0AB4
0A97
041C
F79B
E717
D5CB
C75F
BEFE
BE8C
C632
D457
E615
F7F2
06C1
1057
13FD
1270
0D84
0781
0272
FF96
FF1B
0031
016B
014C
FED9
F9F1
F36D
ECE2
E82A
E6DA
E9BE
F090
F9FF
0400
0C4B
10FB
1105
0C80
049D
FB57
F2F3
ED6D
EBFE
EED6
F518
FD19
04CC
0A41
0C16
09C3
03AB
FAFA
F15C
E898
E237
DF3B
DFFC
E42B
EAF0
F325
FB8F
0314
08E0
0C7B
0DCC
0D08
0AA5
073D
037A
FFF9
FD3F
FBA2
FB46
FC12
FDBB
FFCB
01B9
02FF
0337
022F
FFF8
FCE5
F983
F67A
F471
F3E8
F520
F807
FC36
0103
05A1
0945
0B51
0B78
09CF
06D1
034B
0035
FE86
FEFE
01FF
0774
0ECF
1719
1F20
25A9
29A6
2A66
27B3
21D8
1994
0FF7
0636
FD77
F6A9
F266
F0E2
F1F5
F525
F9C6
FF16
045B
08FA
0C86
0EC3
0FA4
0F40
0DC8
0B72
086F
04E6
00EC
FC91
F7E1
F2F7
EE02
E94A
E530
E21A
E064
E046
E1C3
E4A4
E879
ECB5
F0C9
F44C
F715
F948
FB4C
FDAE
00F0
055B
0ADB
10EF
16BF
1B45
1D96
1D1F
19DC
146B
0DF2
07E7
03B8
0270
0472
0958
1000
16CF
1C0D
1E50
1CCF
1799
0F91
0639
FD57
F695
F318
F34E
F6D7
FCAB
035D
0978
0DD3
0FD1
0F7D
0D7D
0AE2
08E0
0881
0A66
0E9D
149A
1B4D
2157
2551
2616
2304
1C27
1240
06B3
FB49
F1D9
EBF3
EA88
EDB6
F4BD
FE25
0810
10A5
1682
190B
188D
1620
1356
11BB
125F
1571
1A28
1EE9
21BA
20DD
1B62
1190
04F9
F831
EE31
E98F
EBC4
F4AB
0272
11F7
1F8B
27DD
28E0
2257
15F3
06E3
F906
EFE3
EDBD
F2F9
FE04
0BC9
1882
20C7
226E
1D20
1264
052C
F8FB
F0F6
EF0B
F379
FCCF
0867
1324
1A4D
1C41
18D1
1134
079C
FE92
F84F
F636
F89A
FED0
0783
111E
1A36
21C7
274A
2A96
2BB4
2AAF
2786
2236
1ADF
11F0
0838
FEDE
F724
F217
F03D
F15D
F484
F83E
FB08
FBC3
FA21
F6C1
F30C
F0C4
F169
F5AB
FD0E
05EF
0DE3
126C
11B7
0B42
0023
F2D4
E695
DE84
DCB5
E187
EB7A
F78F
021D
07E3
070D
FFC5
F447
E848
DFEF
DEA1
E5F7
F531
0955
1DE4
2E0F
35F9
33C6
2814
15CE
015D
EF77
E3E3
E08A
E510
EF1B
FB1B
0564
0B36
0B77
06E3
FFA8
F89F
F455
F43E
F845
FEE1
059A
09DE
09D4
04FA
FC4D
F201
E8D8
E34E
E2D9
E783
EFE6
F9A1
020C
0701
0777
03C8
FD85
F6F2
F253
F13A
F40E
F9F3
010E
0716
09FF
0894
02CD
F9CD
EF8C
E650
E00B
DDE1
DFEC
E54C
EC78
F3BE
F9BA
FDAE
FFA7
0059
00CF
0204
048C
085A
0CC4
10B3
12FD
12BB
0F9F
0A09
0303
FBF7
F65E
F35D
F37D
F689
FB9D
015E
064F
092A
092D
0644
0107
FA8F
F433
EF35
EC77
EC50
EE7C
F238
F67C
FA3C
FCAC
FD6E
FCA1
FACD
F8B9
F72A
F6B0
F77B
F958
FBC2
FE13
FFB9
0065
0024
FF5B
FEA1
FE8F
FF85
0186
042D
06C4
0878
0898
06CB
0332
FE5D
F92A
F480
F10C
EF12
EE5E
EE59
EE4C
EDA4
EC30
EA46
E8AD
E864
EA4F
EEDA
F5BD
FDF4
05EE
0BF1
0E90
0D1D
07E9
0043
F833
F1F9
EF7D
F1CB
F8CB
0341
0F16
19E1
2178
2479
2290
1C7A
13CB
0A74
024B
FCA0
FA06
FA50
FCC6
0076
047B
083D
0B78
0E2D
1072
1246
1375
139B
124E
0F4F
0ABB
0528
FF94
FB30
F90C
F9CA
FD5C
0302
0969
0F04
1275
12EA
1055
0B6E
057A
FFEA
FBF5
FA40
FAB7
FCA5
FEF6
0098
00D8
FF99
FD5E
FB0F
F9AE
F9EA
FBE0
FEFD
0222
03F6
0353
FFAF
F955
F168
E9A4
E3F0
E1DE
E43B
EAD3
F479
FF46
0915
0FFF
12CC
1136
0BE8
044A
FC21
F520
F08D
EEFF
F058
F3DD
F879
FD00
0075
0230
01F3
FFDA
FC4A
F7C9
F2E7
EE28
E9FC
E6C1
E4BF
E42F
E535
E7DA
EC02
F163
F787
FDD0
0385
07E9
0A56
0A5B
07D4
02FF
FC81
F559
EEC1
EA04
E83E
EA21
EFCC
F8AB
038D
0ED0
18B2
1FB0
22DD
2214
1E07
180C
11C6
0CB7
09D1
093E
0A4E
0BB9
0C05
0A08
0554
FE75
F6D9
F080
ED64
EEE3
F547
FF8F
0B9D
16B2
1E22
2007
1BC9
124E
05BD
F8F4
EEC2
E92D
E8F2
ED61
F4A4
FC53
022C
04B7
03AB
FFE8
FB26
F754
F5F9
F7B3
FC08
0190
0669
08D5
07C3
0328
FBFE
F3F4
ECE7
E850
E6D3
E81D
EB05
EDFE
EF94
EEF0
EC10
E7C4
E365
E05B
DFAC
E1A8
E5E1
EB56
F0DC
F586
F8F4
FB69
FDA2
0078
0478
0994
0F0E
13AA
1617
1574
11B5
0BCF
0586
00F8
FFF4
035B
0AC1
1473
1DDD
2447
25A3
2135
17DF
0BEC
006D
F857
F5A2
F8A6
0003
0901
1061
135B
107B
081A
FC4B
F03F
E74E
E3F6
E711
EF8D
FABB
0515
0B4D
0B48
04C5
F96C
EC56
E121
DAE6
DB51
E233
ED97
FA61
053B
0B87
0C10
0746
FEF8
F5AB
EDC4
E8CD
E714
E7B2
E901
E94A
E775
E377
DE67
DA22
D8AD
DB87
E31D
EE9C
FC27
0960
141D
1AFC
1DC5
1D50
1B2A
18F0
17B5
17A3
17EF
1731
1402
0D9B
044D
F99A
EFDD
E9A7
E8EC
EE58
F8FF
067F
139F
1D36
210F
1E8F
16E9
0CB8
033E
FD61
FCCD
0172
0990
1248
1883
19F7
15E2
0D4D
02C6
F991
F4A5
F5B8
FCB0
0795
132A
1BDB
1ED8
1AF5
110B
03C6
F6E7
EE28
EC2B
F1B4
FD6B
0C3E
1A42
23CA
266C
21A2
16E6
0930
FC18
F2CF
EF43
F1AC
F896
0169
0938
0D9E
0D5D
089E
00C1
F7D3
EFDD
EA47
E778
E6DC
E735
E726
E5C9
E30A
DFC2
DD76
DDD7
E22C
EAD9
F720
053D
12D0
1D76
2367
23EB
1F80
17AD
0E96
0660
00A2
FE05
FE29
FFD7
016A
0152
FE8A
F8E3
F10E
E86B
E0A9
DB5C
D995
DBAE
E13C
E937
F23D
FAEA
021B
0723
09D0
0A60
094E
072A
0466
0141
FDBF
F9BE
F515
EFB7
E9D4
E3E5
DEA6
DAFB
D9C3
DB9F
E0C1
E8CF
F2D7
FD73
06FF
0DEE
1120
1027
0B6D
0426
FC15
F527
F101
F096
F3E8
FA04
0138
0788
0B2D
0B16
0735
008B
F8E9
F274
EF15
EFEB
F4FD
FD2F
0689
0EBF
13CB
1476
10AC
097A
00BB
F893
F2D3
F079
F172
F4AB
F869
FADB
FA9E
F732
F11B
E9BA
E2E7
DE67
DD6D
E046
E649
EE0F
F5DE
FC23
FFD9
00C1
FF53
FC86
F96B
F6D5
F51B
F410
F32F
F1E3
EFD8
ED30
EA89
E8D2
E8F5
EB7B
F04E
F69D
FD11
0222
0493
03DC
0060
FB63
F6B5
F42D
F51B
F9D6
0199
0AA8
12C9
17E1
1895
14B0
0D3B
043A
FC19
F708
F65A
FA2A
0164
0A14
1205
1768
1953
1801
14A9
110B
0ED6
0F0B
119E
1570
18A0
1925
1578
0D28
0117
F35A
E6B9
DDF4
DB07
DE96
E7C2
F45F
0189
0C68
12ED
1454
1142
0B83
0574
014D
007E
0354
08F2
0FAC
1595
191C
1987
171E
130B
0EE9
0C3B
0BEA
0DFA
118E
153A
1780
1759
1496
0FFB
0B04
076F
06A6
093B
0EAD
1576
1B78
1E9D
1D7B
17D1
0EA7
0418
FAB8
F4D6
F3C8
F779
FE5A
05C5
0AB4
0A97
041C
F79B
E717
D5CB
C75F
BEFE
BE8C
C632
D457
E615
F7F2
06C1
1057
13FD
1270
0D84
0781
0272
FF96
FF1B
0031
016B
014C
FED9
F9F1
F36D
ECE2
E82A
E6DA
E9BE
F090
F9FF
0400
0C4B
10FB
1105
0C80
049D
FB57
F2F3
ED6D
EBFE
EED6
F518
FD19
04CC
0A41
0C16
09C3
03AB
FAFA
F15C
E898
E237
DF3B
DFFC
E42B
EAF0
F325
FB8F
0314
08E0
0C7B
FD45
0404
0CDD
15D5
1D06
2104
2126
1D98
1738
0F59
0772
00D0
FC61
FA99
FB72
FE84
0328
089E
0E29
1320
16F5
1938
1993
17CA
13C7
0DA8
05CD
FCE6
F3F0
EC1F
E6B5
E4C5
E6EF
ED27
F692
0196
0C0A
13A1
1667
133B
0A31
FCAE
ED3E
DF18
D577
D2D2
D841
E51E
F712
0A83
1B59
25E8
27C9
206D
1141
FD5F
E8D5
D7BB
CD47
CB1B
D102
DD13
EC46
FB33
06EA
0D8D
0EA2
0AFF
046F
FD1E
F705
F380
F311
F56F
F9C5
FF01
0427
0880
0BA7
0D7C
0DFD
0D2E
0B0E
07A3
0317
FDD4
F88E
F42D
F1A1
F199
F449
F942
FF7F
0597
0A17
0BE7
0A95
067B
00A3
FA7C
F571
F286
F20F
F3AA
F66A
F930
FB13
FBAB
FB2F
FA56
FA09
FAFC
FD5B
00A4
03C7
057B
04BA
0134
FB91
F565
F0D3
EFF3
F42C
FDA6
0B1F
1A12
274F
2FCC
316F
2BB5
1FDC
10A8
01B1
F680
F1A8
F422
FD16
0A1B
17E1
230D
290E
28B3
2260
17D4
0B9F
0063
F832
F411
F3DB
F66A
FA0C
FD05
FE07
FC82
F8B5
F386
EE38
EA11
E80F
E8B4
EBFA
F15E
F80A
FEF6
051E
099D
0BD2
0B71
0899
03D7
FE17
F884
F456
F28F
F3B7
F7B5
FDC7
04A2
0AC7
0EE5
103A
0ED4
0B96
07FE
05B8
061C
09BA
1022
17F2
1F32
23E9
24B2
2132
1A3E
11A6
09AE
0460
02EC
053E
0A03
0F0E
1201
1117
0BB9
02C1
F843
EEF2
E94E
E8D7
ED89
F5CF
FEF7
05FE
0882
0588
FDD5
F3C4
EA8E
E557
E628
ED43
F8F9
061B
10E5
1622
1428
0B68
FE63
F0F7
E747
E47E
E9DD
F64B
0692
1644
20EC
234E
1C4E
0D38
F96A
E55F
D57D
CCF4
CCF5
D489
E0F9
EEAD
FA32
0125
02B5
FFA9
F9F0
F3E4
EF84
EDE6
EEFD
F1CC
F4DF
F6DF
F715
F59C
F34F
F16C
F114
F2E1
F6AC
FBA2
0096
0477
06BA
0792
07E0
08D4
0B70
1007
15F6
1BAB
1F0C
1E16
178E
0B8E
FBAF
EACE
DC66
D3B2
D2D1
DA2B
E843
FA0B
0B9F
1935
2009
1EF9
16BC
0996
FAAF
ED3E
E3BE
DF68
E007
E43B
E9FB
EF36
F268
F2ED
F112
EDD9
EA97
E885
E86B
EA78
EE4F
F33A
F86A
FD32
012B
0432
064B
0782
07CE
070A
050E
01CF
FD89
F8D5
F4A0
F202
F1F5
F50E
FB40
03C7
0D3E
15E8
1C0D
1E62
1C56
1634
0D17
02A6
F8BA
F0F9
EC85
EBCD
EE8D
F3F2
FAD6
0206
087E
0D90
10ED
1299
12D5
11FC
106D
0E79
0C60
0A50
086C
06CB
057D
0483
03D3
0352
02DE
024F
0186
0074
FF17
FD80
FBC3
F9F5
F823
F64E
F471
F28A
F0A2
EED3
ED49
EC38
EBD4
EC40
ED83
EF87
F220
F514
F831
FB57
FE7D
01AF
04FA
0861
0BC5
0EE8
1169
12E3
12FF
1195
0EC0
0ADC
067A
0241
FEC3
FC5B
FB16
FAB0
FAA8
FA66
F96A
F772
F49A
F159
EE73
ECC7
ED25
F014
F5B4
FDAB
0731
112B
1A5E
219C
25FA
26ED
2463
1EBE
16C5
0D85
042A
FBD3
F56C
F18F
F06C
F1C8
F50A
F951
FDA3
0113
02F2
02EB
0116
FDF0
FA46
F702
F500
F4DB
F6C8
FA8B
FF7F
04B4
0924
0BE5
0C5D
0A5F
0635
0091
FA63
F4AA
F03B
ED9A
ECDF
EDBC
EF98
F1BD
F38E
F4B4
F538
F585
F646
F835
FBD8
014D
0829
0F7A
15F4
1A37
1B2A
1844
11C2
08A9
FE93
F557
EE9C
EB6E
EBFD
EF92
F4C0
F9CA
FD20
FDD7
FBEF
F85E
F4CC
F31E
F4E2
FACC
0468
101F
1B84
23F0
272B
240C
1AD4
0D31
FDE3
F01C
E6BC
E3A1
E739
F06E
FCEC
09BF
140C
19B9
19E8
1515
0CE1
0399
FB94
F6A1
F5A1
F85C
FDAD
03D7
08FE
0BA1
0AE7
06CA
0004
F7DB
EFD1
E958
E58C
E510
E800
EDFB
F63B
FFB7
0948
11C7
1838
1BE1
1C69
19E4
14D8
0E26
06E8
003B
FB13
F80B
F74E
F8A1
FB7A
FF2E
031F
06DC
0A2C
0D00
0F58
111C
120B
11BE
0FC1
0BC6
05D9
FE85
F6D2
F01F
EBD7
EB13
EE44
F505
FE21
07CD
1016
1555
169B
13E3
0E0B
068A
FEFF
F8BE
F46C
F1E6
F059
EE9E
EBAA
E6F7
E0C2
DA07
D43E
D0E9
D11F
D531
DC83
E5BA
EF11
F6DC
FBF9
FE16
FDBA
FC07
FA57
F9C9
FAEA
FD92
0108
0448
066E
0708
063F
04C6
0393
037D
04E6
0788
0A86
0CB0
0CF4
0AC2
0656
00B2
FB5D
F7E7
F762
F9FC
FEE1
046F
08B6
0A1E
07FC
02E1
FC8A
F767
F5DC
F972
023B
0E9B
1B8E
2566
28C7
23A4
15E9
01A9
EAAF
D59D
C6BF
C0FA
C512
D181
E2EC
F50B
03D0
0C70
0E0C
09C7
0252
FB10
F707
F808
FE29
07D1
1239
1A3F
1D52
1A29
111D
0409
F5C7
E96B
E17B
DF56
E2F3
EB01
F551
FF73
0751
0B9E
0C08
0923
0424
FE7E
F986
F62F
F4ED
F5BA
F835
FBCA
FFD2
03AE
06D1
08C6
093C
0808
053A
0122
FC53
F792
F3BA
F18C
F188
F3D1
F828
FDFA
0491
0B36
1163
16CD
1B5C
1F10
21D6
236E
2367
2135
1C66
14E5
0B21
0024
F56E
ECA8
E739
E5E3
E87D
EDEC
F45D
F9BE
FC4F
FB25
F67A
EFAA
E8E3
E488
E489
E9CD
F3E6
011B
0EDB
1A69
219C
2377
2072
1A56
13BD
0F52
0F06
1381
1BE0
25F1
2EC2
3378
3213
2A0A
1C7A
0BE8
FBA1
EEE6
E81D
E839
EE87
F8E8
0463
0DEE
1332
131B
0E0F
05BC
FC9B
F53C
F19B
F29C
F7DB
FFCE
0836
0EB9
117C
0F9D
0966
0034
F621
ED7B
E842
E7AD
EBF5
F44D
FF23
0A79
145D
1B42
1E4A
1D54
18E9
1209
09E2
0193
F9FE
F3B7
EF03
EBF2
EA75
EA73
EBCE
EE62
F1F3
F623
FA72
FE48
0115
026F
0238
00A7
FE46
FBCF
F9FC
F94F
F9E9
FB7B
FD57
FEA3
FE9E
FCE0
F986
F53A
F109
EE1E
ED6B
EF59
F3A1
F950
FF02
0344
04F3
0397
FF83
F9C0
F3C4
EF05
EC91
ECC0
EF24
F2B6
F630
F885
F93E
F8B1
F7ED
F869
FB89
021E
0C07
1816
2447
2E31
33A3
3338
2CB9
212E
12A1
039C
F68C
ED35
E852
E78D
E9B8
ED3B
F090
F2AC
F32A
F248
F0A4
EEEC
ED94
ECAD
EBF6
EB0B
E9AF
E80A
E6B7
E6A9
E8DD
EDF5
F5E4
FFCD
0A17
12D6
1849
1969
1640
0FFD
08AD
02A7
FFE5
0164
06D2
0E95
1640
1B39
1B89
166B
0C95
000A
F394
E9F8
E536
E5FF
EB8D
F3E7
FC80
02F1
05AC
045C
FFE7
FA0E
F4CE
F1B7
F170
F385
F6A0
F904
F92D
F65E
F0EA
EA29
E40E
E094
E11A
E5F4
EE4B
F857
01E0
08DD
0C07
0B2A
071F
0180
FC1D
F876
F74D
F881
FB35
FE2F
004F
00F5
0038
FED7
FDF3
FEA4
0198
06CB
0D8A
149E
1AAC
1E94
1FBE
1E32
1A7F
157A
0FEF
0A60
04F1
FF78
F9BA
F3AD
EDAB
E878
E51A
E487
E74B
ED3E
F571
FE59
0633
0B85
0D8D
0C87
099C
068D
0520
068B
0AFF
1181
182A
1CAD
1D10
1858
0EF0
02B2
F678
ED66
EA0C
EDAE
F7DE
068D
168E
246A
2D46
2F98
2B85
22BD
17F3
0E0B
074A
04BC
05F5
094F
0C7B
0D43
0A44
035D
F9C7
EFB8
E7C9
E42F
E622
ED7A
F8B6
0564
10BF
1867
1AF8
1857
11AF
0916
00FB
FB8E
FA34
FD45
0404
0CDD
15D5
1D06
2104
2126
1D98
1738
0F59
0772
00D0
FC61
FA99
FB72
FE84
0328
089E
0E29
1320
16F5
1938
1993
17CA
13C7
0DA8
05CD
FCE6
F3F0
EC1F
E6B5
E4C5
E6EF
ED27
F692
0196
0C0A
13A1
1667
133B
0A31
FCAE
ED3E
DF18
D577
D2D2
D841
E51E
F712
0A83
1B59
25E8
27C9
206D
1141
FD5F
E8D5
D7BB
CD47
CB1B
D102
DD13
EC46
FB33
06EA
0D8D
0EA2
0AFF
046F
FD1E
F705
F380
F311
F56F
F9C5
FF01
0427
0880
0BA7
0D7C
0DFD
0D2E
0B0E
07A3
0317
FDD4
F88E
F42D
F1A1
F199
F449
F942
FF7F
0597
0A17
0BE7
0A95
067B
00A3
FA7C
F571
F286
F20F
F3AA
F66A
F930
FB13
FBAB
FB2F
FA56
FA09
FAFC
FD5B
00A4
03C7
057B
04BA
0134
FB91
F565
F0D3
EFF3
F42C
FDA6
0B1F
1A12
274F
2FCC
E516
DD12
D969
DACA
E0FA
EAE5
F6D9
02EF
0D69
150E
1954
1A63
18ED
15E9
124E
0ED6
0BEC
09AA
07F7
06B5
05DB
0588
05F3
074A
098E
0C70
0F4B
113A
114C
0EC9
096D
0196
F843
EEE8
E726
E26A
E198
E4CE
EB5C
F3EC
FCCF
0467
0984
0BA2
0B02
0880
0552
02A4
014A
0181
02EB
04B4
05DB
0586
034F
FF68
FA96
F5F6
F2B1
F19C
F2FB
F662
FAD0
FEF6
0199
01EC
FFD7
FC04
F7B6
F477
F3A5
F60F
FBB1
03B1
0C8B
147D
19F4
1BFA
1A74
161E
104F
0A90
0623
03A8
02EB
02FA
0278
0013
FAFB
F33A
E9CC
E06F
D936
D5FE
D7E7
DEFA
EA1C
F745
0400
0DFD
13A4
1468
10E1
0A8F
036A
FD5A
F9B8
F908
FAEB
FE58
01F5
048E
0561
0450
01D2
FEBE
FBF5
FA1B
F961
F988
F9F9
FA0D
F946
F77E
F4F5
F236
EFE3
EE7B
EE2E
EED4
EFFF
F12C
F1FC
F260
F2A0
F34A
F4F5
F802
FC68
019D
06B4
0A93
0C4C
0B69
0817
0322
FDBE
F931
F66E
F5CB
F6EE
F8E6
FA86
FAC5
F923
F5DB
F1DA
EE77
ED0B
EE79
F2DD
F974
00D0
0738
0B32
0BF2
0999
052B
003B
FC6C
FAE2
FBE5
FEC3
0202
03DF
02E3
FE6E
F700
EE30
E64B
E1B2
E230
E86B
F3A5
01E3
1062
1C45
234F
2463
1FC0
16D7
0BE1
013D
F8DB
F3D6
F248
F373
F617
F8DF
FAC9
FB57
FA9D
F918
F774
F64D
F600
F6A9
F82A
FA47
FCC6
FF73
021B
0476
061B
0681
051F
019F
FC18
F53D
EE55
E90C
E709
E973
F082
FB3F
07A1
12F0
1A77
1C42
17BF
0DFF
018D
F5D4
EE38
ED25
F35D
FFB2
0F4D
1E6F
297E
2DFD
2B48
22B3
172D
0C56
0572
0472
0968
1285
1CB3
2488
2753
23EC
1B0A
0F02
0309
FA33
F67C
F833
FDEA
04F7
0A58
0BB6
0829
008C
F739
EF4B
EB9A
EDCD
F5C6
019D
0E31
181C
1CBF
1B15
1407
0A23
00C9
FB1D
FAF9
0052
092C
122E
17AB
16CE
0E85
FFEE
EE1C
DD40
D179
CDA4
D28C
DEA9
EE97
FE0B
090E
0D16
09AC
0076
F4A4
E9ED
E36E
E2C8
E7B7
F046
F983
007E
033C
0157
FC13
F5E9
F1B0
F19D
F679
FF47
0975
1195
145F
0FB7
0365
F14F
DD18
CB45
C022
BEAB
C7CF
DA35
F290
0C68
232A
3326
3A50
3891
2F9C
225E
1435
0825
0037
FD29
FE74
02A2
07C8
0C13
0E38
0DB3
0AD1
0686
021C
FEE4
FDDC
FF7E
03AC
09BA
1097
170C
1BF6
1E7E
1E3C
1B42
160C
0F5C
0809
00D3
FA3F
F484
EF9B
EB5C
E7A4
E47D
E22E
E136
E22C
E582
EB55
F33C
FC46
0512
0C1B
100F
1029
0C6E
05BF
FDAF
F62D
F10E
EFA0
F257
F8AF
0152
0A68
120F
16C5
17C2
1514
0F85
085D
0102
FA9E
F5E6
F304
F1A8
F13D
F121
F0DB
F035
EF3B
EE25
ED34
EC94
EC53
EC60
ECA1
ED08
EDA5
EEA0
F029
F25B
F51D
F812
FAA7
FC2F
FC17
FA1A
F663
F194
ECAA
E8C5
E6DE
E785
EABF
EFF9
F633
FC3B
00F1
038D
03BD
01AC
FDE9
F939
F470
F048
ED54
EC00
EC94
EF3C
F400
FAAE
02C8
0B76
138C
19B4
1CB6
1BC6
16D7
0EBC
051D
FC2A
F61F
F4B4
F8A2
015D
0D20
194E
2307
27E4
2689
1EFF
12AF
03FE
F5B6
EA4C
E357
E13A
E336
E7BE
ED04
F181
F459
F57B
F578
F52A
F542
F5F6
F6E7
F740
F617
F2D6
ED96
E742
E16C
DDE6
DE35
E30E
EC0A
F7A9
03AC
0DAA
13B6
14E7
1194
0B2F
03D4
FDA7
FA3A
FA1E
FCD7
011B
0556
0845
0966
0928
08BE
09AB
0D2B
13A9
1C7A
25F4
2DD9
31FE
30FA
2A9D
200C
1382
07AD
FEF3
FAC5
FB42
FF3B
049E
0926
0B0F
099C
054B
FF96
FA67
F76C
F776
FA2E
FE28
015B
01D2
FE5E
F715
ED66
E3C4
DCF8
DB52
DFF0
EA61
F8AF
07E5
14D4
1CF1
1EF7
1B39
1372
0A39
0240
FD93
FD13
0054
05D7
0B9A
0FBA
1101
0F34
0B0A
05D4
0102
FDA8
FC26
FC25
FCC7
FD13
FC61
FAA8
F893
F746
F801
FBA0
023E
0B06
145C
1C3B
20BF
20B0
1BDC
132D
0874
FDF0
F5BF
F159
F139
F4D4
FACA
0150
06AA
0992
097A
068E
0192
FB93
F5A0
F088
ECC8
EA88
E9BD
EA4B
EC22
EF42
F3AE
F94D
FFD0
06A4
0CFA
11E6
1497
1482
118B
0C0F
04D6
FCE4
F547
EEDF
EA3A
E785
E693
E6FB
E837
E9C9
EB50
EC91
ED79
EE15
EE85
EEF5
EF99
F0A1
F23A
F47A
F761
FAC6
FE5F
01C5
048E
0663
071D
06D3
05D6
049C
0396
030D
02FD
030F
02AE
013B
FE41
F9B6
F40F
EE3E
E979
E6E6
E744
EAA0
F037
F696
FBEB
FE78
FD13
F77A
EE76
E3B8
D972
D1D0
CE71
D004
D622
DF75
EA16
F40F
FBD7
00A4
0286
0240
00F4
FFBF
FF62
0013
0183
0312
0414
0420
0335
01C1
0079
0013
0108
0361
06B3
0A3C
0D25
0EC6
0EDE
0DA5
0BB9
09E6
08E4
091A
0A80
0CAD
0EFD
10D2
11CD
11EC
117F
1105
10E8
1147
11DC
1206
1107
0E4E
09C8
040C
FE4D
FA1E
F8FE
FBDF
02C9
0CB4
17AF
2153
2760
2852
23D5
1AE0
0F7C
043A
FB85
F701
F71C
FB05
00F1
06B0
0A54
0AC4
0806
032D
FDFA
FA40
F946
FB5D
FFB9
04AD
082E
087A
04A7
FCFC
F2EB
E8B8
E0D9
DD4C
DF0E
E5D0
F015
FB99
05ED
0D1C
1026
0F2F
0B61
067E
0259
004A
00CF
0377
070F
0A06
0AEB
08DC
03CC
FC8B
F495
EDB2
E988
E93F
ED37
F500
FF73
0AEE
15AB
1E0E
22E7
239D
2041
1982
1097
070B
FE89
F898
F65E
F865
FE7B
07AA
1257
1C85
2435
27C6
2655
1FEF
1598
0915
FC90
F219
EB3B
E8A2
EA06
EE48
F3C8
F8D3
FC19
FCF8
FBA2
F8F9
F64F
F4FA
F5F8
F9A8
FFB3
0726
0EB5
150B
191F
1A66
18E6
1528
1005
0A71
0544
011C
FE4F
FCF2
FCEC
FE05
FFF6
0263
04DD
06DB
07C7
0710
044D
FF68
F8B7
F109
E990
E3A7
E08F
E11B
E574
ECFE
F66B
FFFC
07DF
0C98
0D5C
0A3E
042B
FCAE
F593
F078
EE68
EFA2
F38E
F8EF
FE39
01F5
0326
0184
FD8C
F85C
F367
F019
EF74
F1DA
F6ED
FDB1
04C1
0AAB
0E41
0EDD
0C7F
07CB
01D8
FBED
F73D
F4A4
F481
F6AF
FA9B
FF6D
043E
084A
0B0C
0C4E
0C22
0ACA
089C
05F0
030B
0025
FD6E
FB1F
F987
F904
F9FB
FCBD
0167
07C9
0F59
1739
1E5C
23B0
265C
25EF
227E
1CA6
1570
0E15
07BD
033E
00EC
008D
016D
0292
0302
0205
FF5B
FB51
F6B0
F28D
F003
EFEA
F29D
F7D8
FEC2
0616
0C67
1074
116E
0F2B
0A36
03B6
FD35
F84C
F64F
F7FE
FD55
0585
0F13
181F
1EC3
2177
1F65
18A2
0E33
01E1
F5E2
EC6A
E736
E728
EC1A
F4DC
FF7C
09AA
1143
14C1
139B
0E5A
0673
FDF0
F6ED
F313
F339
F731
FDDB
0573
0C02
0FE1
101A
0CA1
064B
FE92
F730
F1AF
EF10
EF99
F2D8
F7CE
FD42
0211
0576
0722
0740
064C
04DE
0378
0269
01C6
017F
017E
01C4
027B
03E6
0645
09A9
0DCD
1207
1559
16A1
14E8
0FA8
070B
FBFA
F005
E516
DD12
D969
DACA
E0FA
EAE5
F6D9
02EF
0D69
150E
1954
1A63
18ED
15E9
124E
0ED6
0BEC
09AA
07F7
06B5
05DB
0588
05F3
074A
098E
0C70
0F4B
113A
114C
0EC9
096D
0196
F843
EEE8
E726
E26A
E198
E4CE
EB5C
F3EC
FCCF
0467
0984
0BA2
0B02
0880
0552
02A4
014A
0181
02EB
04B4
05DB
0586
034F
FF68
FA96
F5F6
F2B1
F19C
F2FB
F662
FAD0
FEF6
0199
01EC
FFD7
FC04
F7B6
F477
F3A5
F60F
FBB1
03B1
0C8B
147D
19F4
1BFA
1A74
161E
104F
0A90
0623
03A8
02EB
02FA
0278
0013
FAFB
F33A
E9CC
E06F
D936
D5FE
D7E7
DEFA
EA1C
F745
0400
0DFD
13A4
1468
10E1
0A8F
036A
FD5A
F9B8
F908
FAEB
FE58
01F5
048E
0561
0450
01D2
FEBE
FBF5
FA1B
F961
F988
F9F9
FA0D
F946
F77E
F4F5
F236
EFE3
EE7B
1A0C
1B8E
15E0
0A62
FBA1
ECB5
E082
D916
D747
DAA0
E1A8
EA51
F287
F8A3
FBBB
FBB5
F92C
F52D
F0F1
ED97
EBFC
ECA5
EFC5
F540
FCBF
05B0
0F4E
18A6
20AC
2654
28C7
278B
22AC
1ACB
1107
06D2
FDA4
F6B3
F2B0
F1AF
F32F
F64D
FA08
FD8A
005E
027F
0445
0636
08C2
0C11
0FE7
13AD
169B
17F4
1747
148E
103D
0B1C
0611
01E1
FEF6
FD4F
FC87
FC06
FB3B
F9D7
F7E7
F5DB
F457
F402
F543
F815
FC02
0038
03C9
05EA
0636
04C4
0226
FF38
FCD9
FBAC
FBE1
FD2C
FEDD
0024
0054
FF21
FCC9
F9FF
F7C3
F710
F88B
FC4D
01C5
07D9
0D1D
1032
101D
0C86
05D7
FD29
F408
EC1E
E6E3
E54C
E7A6
ED8C
F603
FFB0
091A
10EA
1621
183D
1741
13B0
0E6E
0894
033C
FF55
FD71
FDB3
FFCB
030E
069B
0995
0B56
0B90
0A59
0814
054B
0275
FFC7
FD1E
FA09
F5FC
F08E
E9C2
E232
DB11
D5F0
D461
D781
DF8C
EBA8
F9F5
07E3
12CC
189D
1865
12A2
092E
FECD
F679
F292
F43F
FB19
054C
1017
189A
1CAB
1B6F
15A3
0D5A
0560
0063
001C
04C4
0CFD
1630
1D4C
1FB1
1BFE
127B
0510
F6BF
EAC5
E3AB
E290
E6D8
EE65
F63A
FB6D
FC09
F7A7
EF8E
E653
DF0E
DC64
DFB6
E8A9
F538
0239
0C48
10B9
0E59
05C6
F937
EBE1
E108
DB1C
DB19
E052
E8C3
F1B6
F8A1
FBE2
FB34
F7AD
F35B
F090
F122
F5D0
FE0B
0816
118E
181E
1A27
1735
101C
06B2
FD42
F5ED
F212
F205
F506
F997
FDF8
00AE
00EF
FECC
FB1A
F71F
F428
F31E
F44B
F74A
FB36
FEF2
0188
026A
019D
FFA6
FD64
FBCF
FBB1
FD80
014A
06BF
0D4F
144B
1B05
20DA
253A
27A5
27AB
24F4
1F5C
170C
0C8F
00D9
F537
EB1E
E3EB
E09C
E19D
E6A6
EECA
F8A9
02B3
0B7D
11FE
15B9
16BD
1584
12C3
0F31
0B5D
079B
040A
00B0
FD92
FACF
F8A8
F76D
F763
F8A6
FB0B
FE1F
013C
03AF
04ED
04BA
0346
0123
FF2C
FE45
FF20
0208
06C1
0C90
125C
16EF
1939
189A
1503
0F09
07C8
00B1
FB3B
F89D
F987
FDFD
0551
0E3E
1724
1E57
2277
22B2
1EF9
1800
0F20
060D
FE7A
F9B3
F856
FA2B
FE31
02DE
0683
07BD
05D5
00F6
FA2B
F31A
ED9A
EB32
ECA4
F1B7
F92F
0120
0761
0A1F
0856
021D
F89B
EDC8
E3E5
DCF0
DA27
DBC6
E107
E86A
F02A
F6B6
FB1A
FD2A
FD71
FCEB
FC9D
FD37
FED9
010A
02E9
0382
0227
FEBB
F9C2
F447
EF8B
ECA7
EC34
EE1B
F19D
F58D
F8AA
FA04
F942
F6BB
F352
F035
EE73
EEAC
F0E4
F481
F886
FBE3
FDD3
FE16
FD09
FB83
FA94
FB28
FDC0
0248
0821
0E4C
13BF
17AC
19B9
1A0F
193C
17FD
16FA
168C
16AF
1707
1716
166D
14DF
1292
0FF6
0D90
0BC9
0ABA
0A1A
0951
07AA
049C
0006
FA50
F463
EF6B
EC86
EC69
EF28
F420
FA28
FFDE
0417
0632
064C
052B
03FE
03EC
05A9
0926
0D82
1145
12C5
10B2
0A8B
00DA
F52D
E9BA
E0D1
DC46
DCF3
E27D
EB73
F5AD
FEE4
0545
07DD
06C8
0306
FE1E
F999
F68D
F55B
F5A1
F67A
F6DE
F607
F3C1
F07B
ED20
EAC6
EA43
EBE2
EF42
F36B
F723
F959
F981
F7CF
F52F
F2F6
F277
F487
F924
FF5F
0593
09D6
0A92
070D
FFB9
F634
ECE7
E671
E4E7
E93C
F2EF
000F
0DB5
18B2
1E60
1D55
15BD
095C
FB1C
EE58
E60C
E416
E8CE
F2F7
0019
0D22
172D
1C32
1B7E
15CC
0D0A
03D4
FCC4
F9CF
FBCF
0256
0BCE
15E6
1E23
2276
21BA
1BF2
1247
06BE
FBC4
F3A2
F000
F194
F7FF
01F5
0D8D
18B2
219B
2722
28F5
278F
2402
1F9D
1B8F
1891
16C2
15A5
1458
11E0
0D85
0716
FF0C
F67B
EED5
E98D
E7B9
E9C5
EF49
F723
FFAB
071E
0BFD
0D67
0B40
062F
FF64
F84A
F22E
EDF0
EBE9
EBEB
ED6F
EFD2
F297
F589
F8C7
FCA0
0162
071A
0D68
1379
1820
1A1B
186C
12A9
0936
FD49
F0C3
E5D5
DE8C
DC61
DFE5
E89E
F51D
0351
10F2
1BFB
2315
25CA
2490
2095
1B65
1686
1313
1182
1196
127B
1316
125B
0FA3
0AE5
04C2
FE5B
F90D
F60A
F602
F8E8
FDE3
037F
0803
09E5
083C
030C
FB59
F2FC
EC36
E926
EB39
F2B9
FEA8
0CE3
1A90
24C5
2934
26BF
1DC7
1018
008D
F267
E88B
E4E0
E7DF
F081
FC8D
0925
137B
1975
1A22
15D9
0E0B
04CD
FC47
F626
F33A
F35C
F590
F865
FA64
FA80
F858
F445
EF32
EA55
E6CC
E558
E62B
E8E6
ECBF
F0BB
F3ED
F5AC
F5B0
F40A
F119
ED5D
E961
E5A3
E285
E059
DF5B
DFBB
E193
E4DC
E966
EED3
F49B
FA2A
FEFE
02CB
0591
07A0
0985
0BD7
0F09
1339
181A
1CFB
20EF
230E
22B8
1FC5
1A9D
1421
0D73
07AA
038E
0165
00EA
0171
0222
0245
017F
FFEC
FE11
FCAA
FC60
FD87
FFF6
0305
05BA
0717
0668
0386
FEE8
F98F
F4BA
F191
F0C9
F275
F5FD
FA51
FE3E
00CC
018C
00BA
FF27
FDF7
FE40
00AE
0545
0B57
11B1
16ED
19D8
19C4
16B5
115A
0AD1
0455
FEE5
FB09
F8C3
F7A7
F71D
F6A9
F61D
F5B2
F5E9
F753
FA48
FEAF
03E8
08EC
0C97
0E01
0CD5
097E
0518
012C
FF3A
0043
046F
0AEE
1220
1806
1AD4
1976
13F1
0B70
01F9
F9E7
F53D
F517
F94A
0072
0844
0E39
103A
0D3F
059A
FAE8
EFA7
E689
E1C1
E26A
E846
F1D4
FCBB
0672
0CE8
0F0C
0D01
0809
0218
FD42
FB2A
FC91
0133
07E2
0EE6
1480
1757
16D9
134C
0DAF
076E
01F9
FE6B
FD4B
FE7A
014F
04D5
080D
0A30
0AD9
0A0D
0828
05BB
035F
018D
008E
006F
0108
0211
0336
0427
04A8
049A
0402
0304
01E5
00FD
00A7
0132
02C7
0554
088C
0BE4
0EB1
104C
103C
0E5A
0AEA
0693
023E
FEE4
FD4B
FDD4
0057
042C
084C
0B95
0D15
0C4D
0950
04C7
FFC3
FB73
F8D5
F870
FA2C
FD58
00D8
0373
0425
026D
FE70
F900
F367
EF24
ED8D
EF83
F53B
FE2F
092F
149E
1EB7
25DE
28E4
2732
20E0
16AE
09DE
FC0B
EEE3
E3F3
DC67
D8E4
D973
DD83
E407
EBAC
F318
F930
FD4A
FF4A
FF9D
FF0C
FE82
FEBD
001A
026C
050F
0711
0783
05C6
01CC
FC31
F624
F11D
EE7D
EF29
F33E
F9FD
01E9
0922
0DD7
0EBB
0B5D
043E
FAB6
F097
E7BC
E198
DEE8
DF9C
E2F6
E7DD
ED37
F23E
F6A9
FAAA
FEB5
0333
083C
0D65
11CC
1451
13F0
1024
0932
0038
F700
EF9A
EBD0
ECAD
F220
FAF1
0501
0DC8
12F1
12F4
0D76
0362
F6B1
E9EF
DFA6
D9C7
D94B
DE0D
E6ED
F229
FDCD
0821
0FF1
14AB
1654
1553
1243
0DC5
086A
02B5
FD2A
F859
F4DC
F33D
F3CF
F686
FAD6
FFC0
03FB
0645
05BB
0228
FC27
F50C
EE9D
EA92
EA1E
ED8F
F426
FC41
03C5
08B6
09C2
06AE
006A
F8D6
F239
EE98
EF17
F39B
FAC6
024B
079D
08A2
0462
FB5D
EF7A
E39B
DADA
D7B7
DB6D
E58E
F418
03ED
1192
1A0C
1B8E
15E0
0A62
FBA1
ECB5
E082
D916
D747
DAA0
E1A8
EA51
F287
F8A3
FBBB
FBB5
F92C
F52D
F0F1
ED97
EBFC
ECA5
EFC5
F540
FCBF
05B0
0F4E
18A6
20AC
2654
28C7
278B
22AC
1ACB
1107
06D2
FDA4
F6B3
F2B0
F1AF
F32F
F64D
FA08
FD8A
005E
027F
0445
0636
08C2
0C11
0FE7
13AD
169B
17F4
1747
148E
103D
0B1C
0611
01E1
FEF6
FD4F
FC87
FC06
FB3B
F9D7
F7E7
F5DB
F457
F402
F543
F815
FC02
0038
03C9
05EA
0636
04C4
0226
FF38
FCD9
FBAC
FBE1
FD2C
FEDD
0024
0054
FF21
FCC9
F9FF
F7C3
F710
F88B
FC4D
01C5
07D9
0D1D
1032
101D
0C86
05D7
FD29
F408
EC1E
E6E3
E54C
E7A6
ED8C
F603
FFB0
091A
10EA
1621
183D
1741
13B0
0E6E
0894
033C
FF55
FD71
FDB3
FFCB
030E
069B
0995
0B56
0B90
EDD2
EA5B
E837
E7BC
E8DC
EB22
EDC1
EFC9
F066
EF1E
EC01
E7B5
E35C
E04F
DFC6
E280
E87E
F0F4
FA70
0328
0972
0C33
0B2F
071F
018A
FC5E
F970
F9FC
FE4D
05A3
0E61
1674
1BDD
1D2D
19E4
1288
0876
FD88
F395
EC05
E782
E5ED
E681
E825
E9CB
EABA
EAB9
EA0C
E946
E90B
E9D0
EBB4
EE7F
F1BC
F4EA
F7B2
F9FF
FC06
FE25
00B1
03C5
071F
0A22
0BF6
0BC7
0908
03A9
FC2F
F3A3
EB55
E491
E055
DF12
E0A2
E459
E940
EE5A
F2E3
F67D
F92E
FB4F
FD56
FFA7
026B
0582
0890
0B1A
0CB0
0D0F
0C30
0A46
07A8
04B5
01B7
FED5
FC0F
F953
F687
F3A4
F0B9
EDEF
EB7B
E994
E864
E80B
E89D
EA2D
ECC7
F071
F512
FA62
FFD3
0491
07A1
080C
052C
FEEA
F5F0
EBA3
E1F5
DAFA
D86F
DB3B
E327
EED3
FBF9
07FB
1082
141E
12A3
0D2F
05D4
FEFD
FAB1
F9FC
FC9E
0120
0552
0700
04BA
FE57
F528
EBA4
E4BA
E2F2
E798
F245
00D9
1001
1C18
222A
20CF
1893
0BD5
FE19
F306
ED57
EE12
F43E
FD3A
058A
09F8
0893
015D
F657
EAF5
E31C
E1EC
E8C3
F6B7
08B8
1A58
26FC
2B23
2568
16F6
0340
EF20
DF8E
D856
DB16
E6E0
F882
0B6E
1AF3
2375
234E
1B25
0D9E
FE87
F1C7
EA53
E975
EE96
F78B
014E
08E2
0C2A
0A6A
0466
FC11
F3F3
EE6C
ED16
F067
F7A3
0128
0AE6
12EC
17D8
191F
1712
12AD
0D45
0835
048D
02E5
0355
0581
08BB
0C29
0EEC
103C
0F83
0C6D
0700
FFA3
F71F
EE95
E751
E29B
E16F
E441
EAD4
F431
FEC7
08BB
1042
140C
138B
0F1B
07ED
FFC6
F895
F407
F326
F623
FC52
045C
0C90
1346
1738
17B8
14C4
0EEB
071A
FE5B
F59F
ED93
E69E
E0EF
DC96
D9AB
D859
D8E5
DB96
E099
E7D9
F0ED
FB13
0544
0E60
1564
199A
1AC0
190F
152E
1002
0A7D
0561
011B
FDB2
FAD8
F80A
F4C7
F0C2
EC03
E6EF
E233
DE97
DCC2
DD06
DF40
E2D3
E6CD
EA22
EBF9
EBEA
EA2A
E785
E539
E4A6
E6EE
ECA6
F59B
00D3
0CB3
175F
1F1E
22C0
21E5
1D0C
156F
0CB6
048E
FE48
FA9A
F986
FA78
FC84
FEB7
005F
012F
0143
00FC
00C7
00DF
012F
014F
00A6
FEA7
FB15
F630
F0BB
EBDD
E8D3
E897
EB90
F165
F901
00D4
0734
0AC9
0AF2
07EA
02BE
FD06
F874
F669
F78F
FBB9
01F3
08CB
0EBC
1294
13C5
127B
0F84
0C09
0934
07DC
0851
0A57
0D46
104D
12B1
1404
1435
137D
1231
108B
0E83
0BC4
07C5
0200
FA38
F0AF
E63B
DC35
D430
CFA3
CF83
D400
DC68
E748
F2BE
FCE1
0437
0805
086D
065A
0334
0079
FF59
006A
0389
07EE
0C72
0FE2
115A
107B
0D86
0940
04B8
00F9
FEC4
FE61
FF8E
019C
03A5
04CE
0489
02B9
FFBC
FC50
F960
F7C0
F7F4
FA03
FD70
0151
047F
05E4
04B6
00B8
FA4D
F271
EA89
E41F
E088
E09F
E488
EBA7
F4B6
FE06
05D8
0ABA
0BD5
0921
0363
FC05
F4CC
EF72
ED4E
EF0B
F483
FCD0
067A
0FC8
1716
1B2B
1B67
17E1
1152
08ED
001F
F84E
F298
EFAF
EFBF
F274
F710
FC94
01EB
061E
087E
08C2
0716
040F
008E
FD8E
FBEC
FC2F
FE61
0204
0623
098B
0B13
09E7
05CA
FF35
F748
EF90
E9B1
E704
E841
ED4E
F546
FEAA
07BB
0EE6
131B
1407
121B
0E5B
0A11
0674
0454
03F4
050B
06E9
08C1
09E8
0A0B
0942
07F4
06B0
05EF
05E9
067F
074F
07DF
07D5
072A
063C
05C5
06A2
0989
0EC7
160B
1E61
265E
2C6E
2F3D
2E0B
28E6
20B3
16F5
0D79
05E6
015B
0034
01FE
059D
09A1
0CA5
0DA9
0C4B
08D9
0430
FF81
FC02
FA9E
FBC9
FF61
04B9
0AC3
1042
1407
1529
132A
0E0F
0661
FD1B
F382
EAF9
E4C2
E1CA
E278
E69A
ED64
F599
FDC5
0487
08E1
0A63
0944
0646
027C
FEFC
FC8F
FB81
FB8F
FC11
FC37
FB66
F97F
F702
F504
F4E5
F7F1
FEEE
09CC
1788
264A
33CC
3DDB
42DD
4234
3C68
3300
281C
1DF6
1655
122E
117A
135C
166D
1932
1A83
19D5
174A
138C
0F8D
0C30
0A08
093A
0984
0A6B
0B6F
0C3D
0CC2
0D22
0D91
0E28
0EBD
0EE0
0DF4
0B6F
0714
012B
FA91
F492
F09D
EFDC
F2D6
F92D
019D
0A35
10CB
1382
1140
0A01
FED8
F1B2
E4E5
DAA1
D47D
D324
D64F
DCF0
E58D
EEAD
F72A
FE64
043E
08F6
0CEA
1058
133E
1556
1639
158A
132C
0F5D
0AB3
0601
021E
FFB8
FF26
0061
0311
06B3
0AC0
0EC7
127A
159C
17E9
18FC
1849
1531
0F37
0637
FAA4
ED9C
E0D9
D667
D03B
CFBD
D569
E09B
EFA7
0029
0F8E
1BA1
2301
2563
2384
1EE0
193B
141F
107D
0E7E
0D9D
0CEA
0B73
08A1
0470
FF6F
FA92
F6D9
F4F9
F51C
F6CF
F92A
FB1E
FBD5
FAFE
F8F3
F6A2
F547
F604
F97B
FF8A
0740
0F09
1517
17D7
165B
109F
078E
FCC7
F23E
E9C0
E493
E336
E555
E9FA
EFCF
F57B
F9E4
FC61
FCB9
FB15
F7D5
F375
EE6C
E92D
E428
DFD3
DCAC
DB27
DB93
DDFB
E206
E6FC
EBDF
EFA2
F178
F114
EED4
EBBE
E94E
E918
EC56
F387
FE32
0AE6
1783
21AD
2759
2754
2191
173A
0A6D
FDC4
F3C3
EE44
EE19
F2EA
FB5C
057A
0F2B
16BC
1B2C
1C5A
1AE2
17DC
1479
11AC
0FEC
0F27
0EDE
0E63
0D1C
0ABF
076A
0398
FFF4
FD1A
FB61
FAB3
FA90
FA34
F8D4
F5EB
F171
EBF0
E67A
E264
E0FA
E31D
E905
F222
FD2D
0870
1220
18C8
1B95
1A82
164C
103B
09C6
043C
0074
FEAD
FE92
FF72
0087
0144
0182
018D
0208
03A6
06E0
0BB3
1183
172D
1B45
1C77
19E3
136C
09CF
FE85
F36F
EA6B
E4DF
E368
E5BE
EAD2
F11C
F70D
FB77
FDD1
FE54
FDD2
FD6D
FE33
00CF
0553
0B3C
119B
1763
1BB4
1E17
1E93
1D90
1BA7
1963
1707
1485
118C
0DBF
08F7
0372
FDE5
F95B
F6EF
F76B
FAF7
00EC
07DD
0DE8
1129
1045
0ACF
017E
F613
EAEC
E279
DE95
E00F
E674
F02B
FAE1
0421
09EE
0B3B
0819
019D
F97D
F194
EB60
E7B4
E69C
E787
E995
EBF4
EE2B
F031
F25B
F51B
F8B5
FD01
015C
04C7
0634
04E8
00C8
FA86
F387
ED8F
EA4C
EAD6
EF5A
F6F8
FFFC
0847
0DE2
0F8D
0D11
0757
0029
F9B5
F5F6
F62F
FA98
0254
0BAF
149E
1B40
1E59
1D93
1985
1370
0CE3
0749
0391
0208
0259
03C0
0556
0657
0656
0549
037E
016D
FF89
FE1C
FD33
FCA5
FC2C
FB84
FA86
F934
F7BA
F65A
F55B
F4F9
F55C
F69C
F8C4
FBDF
FFED
04E0
0A83
106B
15F1
1A41
1C7B
1BEC
1844
11C5
094C
003D
F842
F2F2
F176
F43C
FAD4
0406
0E0E
1701
1D3D
1FBD
1E50
1997
12D0
0B85
0528
00C7
FED4
FF29
0122
03DD
067D
0864
094F
0957
08D6
083F
07EF
0812
0892
0928
0970
090B
07C0
058D
02A7
FF74
FC6E
FA0A
F89C
F845
F8E9
FA36
FBAF
FCC7
FCFE
FBFB
F9A3
F627
F1FE
EDD2
EA5B
E837
E7BC
E8DC
EB22
EDC1
EFC9
F066
EF1E
EC01
E7B5
E35C
E04F
DFC6
E280
E87E
F0F4
FA70
0328
0972
0C33
0B2F
071F
018A
FC5E
F970
F9FC
FE4D
05A3
0E61
1674
1BDD
1D2D
19E4
1288
0876
FD88
F395
EC05
E782
E5ED
E681
E825
E9CB
EABA
EAB9
EA0C
E946
E90B
E9D0
EBB4
EE7F
F1BC
F4EA
F7B2
F9FF
FC06
FE25
00B1
03C5
071F
0A22
0BF6
0BC7
0908
03A9
FC2F
F3A3
EB55
E491
E055
DF12
E0A2
E459
E940
EE5A
F2E3
F67D
F92E
FB4F
FD56
FFA7
026B
0582
0890
0B1A
0CB0
0D0F
0C30
0A46
07A8
04B5
01B7
FED5
FC0F
F953
F687
F3A4
F0B9
EDEF
EB7B
E994
E864
E80B
E89D
EA2D
ECC7
F071
F512
FA62
FFD3
0491
07A1
080C
052C
FEEA
F5F0
EBA3
E1F5
DAFA
D86F
DB3B
E327
EED3
FBF9
07FB
1082
